row,headword,sense_index,pos,etymology,definition,refs,other_refs
1,אֲבַדּוֹן,1,,,"n.f.? abstr. nearly = n.pr. (place of) Destruction, Ruin, ʾAbaddôn (cf. ܐܰܒܕܳܢܳܐ [אבדנא] 𝔊 etc.)—אֲבַדּוֹן (+ 4 times); abbrev. אבדה Kt אֲבַדּוֹ(ן) Qr †.—Place of ruin in Sheʾôl for lost or ruined dead, as development of earlier distinction of condition in Sheʾôl (v. ). Only in WisdLt; ‖ שׁאול; ‖ מות; ‖ קבר.",Proverbs 27:20; Job 28:22; Job 26:6; Proverbs 27:20; Job 31:12; Job 26:6; Proverbs 15:11; Proverbs 27:20; Job 28:22; Psalms 88:12,"BDB, שְׁאוֹל"
2,אֲבִי־עַלְבוֹן,1,masculine,,"a hero of David read אֲבִיאֵל so 𝔊, cf. DrS (WeS אבי־בעל (v. sub ); otherwise KloS.",II Samuel 23:31; I Chronicles 11:32,"BDB, אֲבִיאֵל"
3,אֲבִיאֵל,1,masculine,"Ēl is (my) father, cf. אביהו & Ph. אבבעל (fem.), also אביבעל; & אבנבעל our father etc.; Abi-ba’al KAT2 355; v. RSSem 45. NöZMG 1888, 480 makes אבי here, & in אביהו etc., cstr. but this seems unlikely; cf. also אליאב etc.; views differ much as to these n.pr. and uniform interpr. is impossible. Cf. in gen. Ol§ 277 f",,,
4,אֲבִיגַ֫יִל,1,feminine,"my father is joy (?) orig. אבגל? (אֲבִגֵל?) cf. MT infr. & NöZMG 1883, 537 Anm2",,,
5,אֲבִידָן,1,masculine,my father is judge,a prince of Benj..,Numbers 1:11; Numbers 2:22; Numbers 7:60; Numbers 7:65; Numbers 10:24,
6,אֲבִיָּ֫הוּ,1,masculine,,"& f. (Yah(u) is (my) father)—so †, = אֲבִיָּם †, (×2), (𝔊 Ἀβιου, Ἀβια [Abiou, Abia]); = אֲבִי † (𝔊 Ἀβου, Ἀβουθ [Abou, Abouth]); = אֲבִיָּה + 22 times—",II Chronicles 13:20; II Chronicles 13:21; I Kings 14:31; I Kings 15:1; I Kings 15:7; I Kings 15:8; II Kings 18:2; I Samuel 8:2,
7,אֲבִיהוּא,1,masculine,he is father,a son of Aaron; + 7 times.,Exodus 6:24; Exodus 24:1; Exodus 24:9; Exodus 28:1; Leviticus 10:1,
8,אֲבִיחַ֫יִל,1,masculine,,"& f. (my father is might, Sab. אבחיל HalMA 234)—prob. = אֲבִיהַיִל, אֲבִיהָ֑יִל —",II Chronicles 11:18; I Chronicles 2:29,
9,אֲבִיטוּב,1,masculine,my father is goodness,"son of Shaharaim, a Benjamite.",I Chronicles 8:11,
10,אֲבִיטָ֑ל,1,feminine,my father is (the) dew,a wife of David —אֲבִיָּם v..,II Chronicles 3:4; I Chronicles 3:3,"BDB, אֲבִיָּ֫הוּ"
11,אֲבִימָאֵל,1,masculine,a father is Ēl; South-Arabic name,"son of Joktan. Cf. Sab. אבמעתֿתר, Abmi ʿAṯtar a father is ʿAṯtar ([עשׁתר] v. ) HalM 86, DHMZMG 1883, 18.",Genesis 10:28; I Chronicles 1:22,"BDB, עַשְׁתֹּ֫רֶת"
12,אֲבִימֶ֫לֶךְ,1,masculine,"Melek (= Malik, Molech) is father",—אֲבִימֶ֑לֶךְ +—,Genesis 20:18,
13,אֲבִימֶ֫לֶךְ,9,feminine,,"priest, son of Abiathar error for אֲחִימֶלֶךְ q.v. (Sab. also n.pr.f. OsianderZMG 1865, 209).",I Chronicles 18:16,
14,אֲבִינָדָב,1,masculine,my father is noble,,,
15,אֲבִינֹ֫עַם,1,masculine,my father is delight,father of Barak.,Judges 4:6; Judges 4:12; Judges 5:1; Judges 5:12,
16,אֲבִינֵר,1,masculine,"my father is Nêr, or is a lamp cf.; according to LagBN 75 = אֲבֶן (= בֶּן) + נֵר = son of Ner; cf. 𝔊 Ἀβεννηρ [Abennēr]","—so only, elsewhere אַבְנֵר—cousin of Saul, and captain of his host; (×3) + 52 times 1 & 2 S +.",II Samuel 21:17; I Samuel 14:50; I Samuel 14:50; I Samuel 14:51; I Samuel 17:55; I Kings 2:5; I Kings 2:32; I Chronicles 26:28; I Chronicles 27:21,
17,אֲבִיעֶ֫זֶר,1,masculine,my father is help,—= אִיעֶזֶר —,Numbers 26:30,
18,אֲבִירָם,1,masculine,"(the) Exalted One is (my) father (v. BaeRel 156) cf. Assyrian Aburamu (?) KAT2 479 cf. DlL2, p. 91, 1. 225",,,
19,אֲבִישַׁג,1,feminine,my father is a wanderer (שׁגג)?,a handmaid of David.,I Kings 1:3; I Kings 1:15; I Kings 2:17; I Kings 2:21; I Kings 2:22,
20,אֲבִישׁוּעַ,1,masculine,"my father is rescue, or is opulence (cf. rich; also ? but v. ); LagBN 75 thinks from אֲבֶן (= בֶּן) + שׁוע cf. 𝔊 Ἀβεσσουε [Abessoue]",,Job 34:19; Job 36:19; I Chronicles 8:4,"BDB, שׁוֹעַ²; BDB, שׁוּעַ³; BDB, שָׁוַע"
21,אֲבִישׁוּר,1,masculine,"my father is a wall, Sab. אבשור HalMA 148, cf. Assyrian Abudûru DlPr 202",son of Shammai.,I Chronicles 2:28; I Chronicles 2:29,
22,אֲבִישַׁי,1,masculine,my father is Jesse; LagBN 75 thinks from אֲבֶן (= בֶּן) + ישׁי cf. 𝔊 Ἀβεσσα[ι [i]],"—א׳ (×2) + 17 times 1 & 2 S = אַבְשַׁי + 5 times 1 Ch.—grandson of Jesse; son of Zeruiah & brother of Joab (×2), + (where read יואב 𝔖 Th We Dr) + 12 times 2 S + (where insert אבישׁי 𝔊 We Dr) + 5 times 1 Ch.",I Samuel 26:6; I Samuel 26:6; II Samuel 10:10; I Samuel 26:6; I Samuel 26:7; I Samuel 26:8; I Samuel 26:9; II Samuel 2:18; II Samuel 2:24; II Samuel 20:6; II Samuel 20:7,
23,אֲבִישָׁלוֹם,1,masculine,"my father is peace; according to LagBN 75 = (בֶּן)אֲבֶן + שָׁלֹם, cf. 𝔊 Ἀβεσσαλωμ [Abessalōm]","—א׳ †, = אַבְשָׁלוֹם +, אַבְשָׁלֹם +—",I Kings 15:2; I Kings 15:10; II Samuel 3:3; II Chronicles 11:20; II Chronicles 11:21; II Samuel 13:4,
24,אֶבְיָתָר,1,masculine,"the Great One is father (?) so BäRel. 156, cf. Sab. ותר","a priest, son of Ahimelech; (×2) (read אב׳ בן־אחמלך so 𝔖 We Dr) + 22 times K 1 Ch.",I Samuel 22:20; I Samuel 22:21; I Samuel 22:22; I Samuel 23:6; I Samuel 23:9; I Samuel 30:7; II Samuel 8:17; II Samuel 1,
25,אָבֵל²,5,locative (place name),,"city in N. Isr., near Beth Maacah v = אָבֵל בֵּית מַעֲכָה v (so also v Ew Th We Klo Dr); = א׳ מַיִם (= Abil el Ḳamḥ. wheat-meadow NW. of Dan & S. of Mutulleh RobBR III, 372).",I Samuel 20:18; I Samuel 20:14; I Samuel 20:15; I Samuel 20:14; I Kings 15:20; II Kings 15:29; II Chronicles 16:4,
26,אָבֵל²,7,locative (place name),,"אָבֵל הַשִּׁטִּים n.pr.loc. (= acacia-meadow) in lowlands of Moab; = שִׁטִּים (= Tel Kefrein (?) Tristr & MerrillPESoc. 4th Statement, 89).",Numbers 33:49; Numbers 25:1; Micah 6:5,
27,אָבֵל²,9,locative (place name),,אָבֵל כְּרָמִים n.pr.loc. (= vineyard-meadow) in Ammon (v. Euseb. Ἀβελαμπελων [Abelampelōn]).,Judges 11:33,
28,אָבֵל²,11,locative (place name),,אָבֵל מְחוֹלָה n.pr.loc. (= dance-meadow); Elisha’s birthplace (v. Euseb. Ἀβελμαελαι [Abelmaelai]).,Judges 7:22; I Kings 4:12; I Kings 19:16,
29,אָבֵל²,13,locative (place name),,"אָבֵל מִצְרַיִם n.pr.loc. (= meadow of Egypt, i.e. fertile as Egypt?) E. of Jordan (where interpr. as if אֵבֶל מ׳, so 𝔊 𝔙; v. Di).",Genesis 50:11,
30,אִבְצָן,1,masculine,,"judge of Isr., (LagGN 1891, 19 (אֲ)בֶן צָן, 𝔊 Ἀβεσσαν [Abessan], 𝔖 ܐܰܒܝܨܳܢ [אביצן] ).",Judges 12:8; Judges 12:10,
31,אַבְרָם,1,masculine,"id., Thes al. exalted father","Abram, + 57 times Gn (to ) +; = אַבְרָהָם Abraham, + 172 times OT. (אברהם connected by word-play with הם of המון; really = אברם—רום = רהם which however is not found in Heb.—cf. Di > Hal RÉJ 1887, 177 f who proposes אֲבִר הַם גּוֹיִם cf. with; so that אֲבִר הָם chief of multitude is the new name of (הָם) √המה). SpiegelbergRandglossen 14 cp. Pal. n.pr. geogr. ḥḳrʾ ʾbrru = חקל אברם (c. Egyptian art. masc.), in Sheshonk list. As regards etym., Nöl.c. al. expl. as ‘the father [a divine title] is exalted’ (cf. יְהוֹרָם, מַלְכִּירָם, [אֲ]חִירָם).",Genesis 11:26; Genesis 11:27; Genesis 17:5; I Chronicles 1:27; Nehemiah 9:7; Genesis 17:5; Genesis 17:9; Genesis 17:15; Genesis 17:5; Genesis 49:24; Isaiah 41:21; Genesis 17:5,
32,אָגֵא,1,masculine,fugitive?,father of a hero of David (ins. also DrSm).,II Samuel 23:11; I Chronicles 11:13,
33,אָגוּר,1,masculine,"perhaps hireling, Ar. أَجِيرٌ [ʾajīrun] Aramaic אֲגִירָא, ܐܰܓܺܝܪܳܐ [אגירא] v. PS, As. agîru, cf. HptBAS i. 124; others gatherer, fr. i. אגר","son of יָקֶה, an author of proverbs.",Proverbs 30:1,
34,אֶגְלַ֫יִם,1,locative (place name),,"town in Moab; (meaning?);? cf. Αἰγαλειμ [Aigaleim] (Euseb.) 9 m. S. of Areopolis; v. LagOnom.228, 98; ed. 2, p. 244.",Isaiah 15:8,
35,אֲדַד,1,masculine,,v..,,"BDB, הדד"
36,אִדּוֹ,1,masculine,,a chief Israelite (×2).,Ezra 8:17,
37,אֱדוֹם,1,masculine,†אֱדֹם,n.pr.m.,Ezekiel 25:14,
38,אָדוֹן,11,,,"Adonay n.pr. of God, parallel with Yahweh, substit. for it oft. by scrib. error, & eventually supplanting it. In earlier + (19 times seeming to belong here); (prob. אֲדֹנָי י׳ as in usual phrase), + (14 times); (? יהוה) (Dalman puts most of these sub (a);—many cases are doubtful), (Mass. אדני for יהוה cf. Dalm.; Dalm. rightly questions; he reads יהוה). The phrases אֲדֹנָי אֱלֹהַי, Adonay my God; אֲדֹנָי הָאֱלֹהִים, א׳ אֱלֹהֵינוּ, א׳ הָאֵל favour taking א׳, (יהוה?) v, (×3) as the divine name.",Isaiah 3:17; Amos 7:7; Amos 7:8; Amos 9:1; Ezekiel 18:25; Ezekiel 18:29; Ezekiel 33:17; Ezekiel 33:20; Ezekiel 21:12; Zechariah 9:4; Malachi 1:12; Malachi 1:14; Lamentations 1:14; Psalms 2:4; Psalms 37:13; Psalms 78:65; Psalms 90:17; Psalms 110:5; I Kings 3:10; I Kings 3:15; II Kings 7:6; Psalms 38:16; Psalms 86:12; Daniel 9:3; Daniel 9:9; Daniel 9:15; Daniel 9:4; Daniel 1:2; Daniel 9:7; Daniel 9:8; Daniel 9:16; Daniel 9:17; Daniel 9:19,
39,אָדוֹן,13,,,"אֲדֹנָי יהוה (a) my Lord Yahweh (v. ), (JE) (J, 𝔊 om. י׳); (6times); prob.; (יָדַע כִּי אֲני א׳ י׳); inappropriate in mouth of God; del. אֲדֹנָי (Co) or read י׳ אֱלֹהֵיכֶם (Dalm.); (b) appar. n.pr. Adonay Yahweh; exil. + (10 times, but, read יהוה, 𝔊); (c) uncertain whether (a) or (b) in proph. formula אָמַר א׳ י׳; Ez (131 times); נְאֻם א׳ י׳, Ez (80 times); דְּבַר־א׳ י׳; נִשְׁבַּע א׳ י׳; כֹּה הִרְאַנִי א׳ י׳.",Genesis 15:2; Genesis 15:8; Joshua 7:7; Deuteronomy 3:24; Deuteronomy 9:26; Judges 6:22; Judges 16:28; II Samuel 7; I Kings 2:26; I Kings 8:53; Amos 3:7; Amos 3:8; Amos 7:2; Amos 7:4; Amos 7:5; Amos 9:8; Jeremiah 1:6; Jeremiah 4:10; Jeremiah 14:13; Jeremiah 32:17; Jeremiah 32:25; Ezekiel 4:14; Ezekiel 8:1; Ezekiel 9:8; Ezekiel 11:13; Ezekiel 20:39; Ezekiel 37:3; Ezekiel 13:9; Ezekiel 23:49; Ezekiel 24:24; Ezekiel 28:24; Ezekiel 29:16; Micah 1:2; Zephaniah 1:7; Obadiah 1:1; Zechariah 9:14; Psalms 71:5; Psalms 71:16; Psalms 73:28; Isaiah 25:8; Jeremiah 44:26; Isaiah 40:10; Isaiah 61:1; Isaiah 61:11; Isaiah 7:7; Isaiah 28:16; Isaiah 30:15; Isaiah 49:22; Isaiah 52:4; Isaiah 65:13; Jeremiah 7:20; Amos 1:8; Amos 3:11; Amos 5:3; Amos 7:6; Obadiah 1:1; Isaiah 56:8; Jeremiah 2:22; Amos 3:13; Amos 4:5; Amos 8:3; Amos 8:9; Amos 8:11; Ezekiel 6:3; Ezekiel 25:3; Ezekiel 36:4; Amos 4:2; Amos 6:8; Amos 7:1; Amos 7:4; Amos 8:1,"BDB, יהוה"
40,אֲדוֹרַ֫יִם,1,locative (place name),two hills?,"city in Judah (cf. Ἀδωρα, Δωρα [Adōra, Dōra], JosAnt. viii, 10, 1, xiv, 5, 3); now Dûra, W. of Hebron, RobBR II, 215.",II Chronicles 11:9,
41,אֲדַלְיָא,1,masculine,,5th son of Haman (Pers.?).,Esther 9:8,
42,אָדָם,7,masculine,,"Adam, first man (without art. cf. over ag. הַשּׂ׳ etc.) (J), (P). (, rd. לָא׳ v. Di)",I Chronicles 21:1; Job 1:6; Genesis 4:25; Genesis 5:1; Genesis 5:3; Genesis 5:4; Genesis 5:5; I Chronicles 1:1; Genesis 2:20; Genesis 3:17; Genesis 3:21,"BDB, שָׂטָן"
43,אָדָם,9,locative (place name),,city in Jordan valley (as built?.,Joshua 3:16,
44,אֲדָמָה,15,locative (place name),,city in Naphtali (as built cf. 4? = ed-Dâme?) W. of L. Gennes. v. Di.,Joshua 19:36,"BDB, אָדָם"
45,אַדְמָה,1,locative (place name),,city in Vale of Siddim.,Genesis 10:19; Genesis 14:2; Genesis 14:8; Deuteronomy 29:22; Hosea 11:8,
46,אֲדָמִי הַנֶּ֫קֶב,1,locative (place name),,"pass in Naphtali, v..",Joshua 19:33,"BDB, נָקַב"
47,אֲדֻמִּים,1,locative (place name),,v. sub.,,"BDB, מַעֲלֶה; BDB, מַעֲלֶה"
48,אַדְמָתָא,1,masculine,,"a prince of Persia & Media (cf. Pers. admâta, unrestrained).",Esther 1:14,
49,אַדָּן,1,locative (place name),,in Babylonia (v. n.pr.),Ezra 2:59,"BDB, כְּרוּב"
50,אֲדֹנִי־צֶ֫דֶק,1,masculine,,"Canaan. king of Jerusalem, (Lord of righteousness; my Lord is righteous, or my Lord is Ṣidiq—divine name—cf. מַלְכִּי צֶדֶק, אֲדֹנִיָּהוּ, Ph. אדנבעל etc.)",Joshua 10:1; Joshua 10:3,
51,אֲדֹנִיָּ֫הוּ,1,masculine,אֲדֹנִיָּה,"n.pr.m. (my Lord is Yahweh, cf. Ph. אדנאשמן, אדנבעל, אדנשמש etc., in Assyrian Adunibaʾal SchrKB II, 172)",,
52,אֲדֹנִיקָם,1,masculine,my Lord has arisen,head of a family; (אֲדֹנִיָּהוּ ).,Ezra 2:13; Ezra 8:13; Nehemiah 7:18; Nehemiah 10:17,
53,אֲדָר,1,,,"[m.] 12th (Babylonian) month = Mar.–Apr. (late Heb. loan-word, = Bab. A(d)-daru v. DlW p. 188, cf. Al3 93, meaning dub. perhaps adâru, be darkened, eclipsed, but v. DlW p. 190); cf. Palm. Nab. אדר Vog8 EutNab 24.",Esther 3:7; Esther 3:13; Esther 8:12; Esther 9:1; Esther 9:15; Esther 9:17; Esther 9:19; Esther 9:21,
54,אַדָּר,1,masculine,noble?,,,
55,אֶדְרֶ֫עִי,1,locative (place name),,"a chief city of Bashan אֶדְרֶ֖עִי; אֶדְרֶ֑עִי =; בְּעַשְׁתָּרֹת בְּאֶדְרֶ֑עִי; בְּעַשְׁתָּרֹת וּבְאֶדְרֶ֑עִי; cf.;—on identity of all these cf. Di; modern Derʿât, 7 1/2 hours WNW. of Bosra; Euseb. Ἀδραά [Adraa] (LagOnom. 213, 86, 2nd ed. 235) cf. Di WetzstHauran 47, 77, 123 BdPal 201.",Joshua 19:37; Numbers 21:33; Deuteronomy 3:1; Deuteronomy 3:10; Deuteronomy 1:4; Joshua 12:4; Joshua 13:12; Joshua 13:31; Deuteronomy 3:10; Numbers 21:23,
56,אַהֲוָא,1,locative (place name),,"town or district in Babylonia, by which a stream is designated, also the stream v (הנהר א׳), v (נְהַר א׳).",Ezra 8:15; Ezra 8:21; Ezra 8:31,
57,אֵהוּד,1,masculine,,,,
58,אָהֳלָה,1,feminine,,"Ohŏla (for אָהֳלָהּ she who has a tent, tent-woman, i.e. worshipper at tent-shrine, v. Sm) of Samaria, adulteress with Assyria (×2).",Ezekiel 23:4; Ezekiel 23:5; Ezekiel 23:36; Ezekiel 23:44,
59,אָהֳלִיאָב,1,masculine,,"Ohŏliab (Father’s tent, cf. Ph. אהלבעל, אהלמלך; Sab. אהלעתֿתר, אהלאל) chief assistant of Bezalel in construction of tabernacle, etc..",Exodus 31:6; Exodus 35:34; Exodus 36:1; Exodus 36:2; Exodus 38:23,
60,אָהֳלִיבָה,1,feminine,,Ohŏliba (= אָהֳלִיבָהּ tent in her = (in meaning) אָהֳלָה cf. Sm) of Jerusalem as adulterous wife of י׳ (×2).,Ezekiel 23:4; Ezekiel 23:11; Ezekiel 23:22; Ezekiel 23:36; Ezekiel 23:44,
61,אָהֳלִיבָמָה,1,,,Ohŏlibama (tent of the high place),,
62,אוֹבִיל,1,masculine,? camel-driver,"GFM (privately) queries whether, if genuine, name may not be theophoric (x + īl), poss. error for אַדְבְּאֵל; or Aramaic Aph. from יבל (which in any case may have influenced pronunciation).), overseer of David’s camels.",I Chronicles 27:30,
63,אוּזַי,1,masculine,,a Judæan.,Nehemiah 3:25,
64,אוּזָל,1,masculine,"Sam. איזל, 𝔊 Αἰζηλ [Aizēl]","6th son of Joktan = n.pr.loc., read מֵאוּזָל 𝔊 𝔖 Hi Sm Co; old capital of Yemen, later San’â, cf. Di.",Genesis 10:27; I Chronicles 1:21; Ezekiel 27:19; Genesis 10:27,
65,אֱוִי,1,masculine,desire?,one of five chiefs of Midian.,Numbers 31:8; Joshua 13:21,
66,אֱוִיל מְרֹדַךְ,1,masculine,"Bab. Avêl (Amêl) Maruduk, man of Merodach","son & successor of Nebuchadnezzar, king of Babylon, b.c. 562–60, (v. COT) =.",II Kings 25:27; Jeremiah 52:31,
67,אוּלַי,1,river,,"Ulai, Eulaeus (Assyrian Ulâi, cf. DlPa 329 Gr. Εὐλαιος [Eulaios]) only אוּלָ֑י, river of Elam; = (at least in lower part) mod. Karûn (old Pasitigris) v. DlPa 177.189.329; in upper part perhaps also = mod. Kerkhah (= Choaspes), which was formerly connected with Karûn not far from Susa (LoftusTrav. & Researches, 423 ff Schaff-Herz.iii. 2178, art. Shushan).",Daniel 8:2; Daniel 8:16,
68,אוּלָם²,1,masculine,,only geneal.,,
69,אוּלָם³,1,masculine,,n.m. & n.pr.m. v. sub.,,"BDB, אול²"
70,אוֹמָר,1,masculine,,grandson of Esau (eloquent?).,Genesis 36:11; Genesis 36:15; I Chronicles 1:36,
71,אוֹן³,1,locative (place name),,v..,,"BDB, אֹן"
72,אוֹנוֹ,1,locative (place name),"vigorous, for אונון","city in Benjamin; valley of same name; prob. Kefr ʿAnâ, NW. of Lydda, SurveyII, 251.",Ezra 2:33; Nehemiah 7:36; Nehemiah 11:35; I Chronicles 8:12; Nehemiah 6:2,
73,אוֹנָם,1,masculine,vigorous,,,
74,אוֹנָן,1,masculine,vigorous,son of Judah; (×2); (×2).,Genesis 38:4; Genesis 38:8; Genesis 38:9; Genesis 46:12; Numbers 26:19; I Chronicles 2:3,
75,אוֹפִיר,1,,,Ophir—א׳ +; אוֹפִ֫ירָה + אוֹפִר †; אֹפִיר † —,I Kings 10:11; I Kings 9:28; Genesis 10:29; I Kings 10:11,
76,אוֹפִיר,3,masculine,,"11th son of Joktan (J) =; 𝔊 Οὐφειρ, Ὠφειρ [Oupheir, Ōpheir], name of an Arabian tribe, vid. & Di.",Genesis 10:29; I Chronicles 1:23; Genesis 10:30,
77,אוֹפִיר,5,locative (place name),"land or city S. or SE. from Palestine, exact position unknown, cf. infr.; 𝔊 Σωφηρα, Σωφειρα, Σουφειρ [Sōphēra, Sōpheira, Soupheir], etc.; Ὠφειρ [Ōpheir] AC, cf. A Ὠφειρδε [Ōpheirde], B om.","place whither Sol.’s ships went from Ezion Geber, bringing thence gold —cf. —; gold, almug-(sandal-?) wood & gems (×2), cf.; prob. ref. to same ships; they came once in 3 years with gold, silver, ivory, apes & peacocks (all from Ophir?); makes these ships go to Tarshish (but on Tarshish-ships, i.e. large, sea-going vessels, merchantmen, v. & sub תַּרְשִׁישׁ).",Job 28:16; I Kings 22:49; I Kings 9:28; I Kings 22:49; II Chronicles 8:18; I Kings 10:11; II Chronicles 9:10; I Kings 10:22; II Chronicles 9:21; I Kings 22:49,
78,אוּר²,1,masculine,flame,father of one of David’s heroes (iii. אוּר n.pr.loc. v. infr.)—iii. אוּר in אוּר כַּשְׂדִּים. Ur of the Chaldees.,I Chronicles 11:35; Genesis 11:28; Genesis 11:31; Genesis 15:7; Nehemiah 9:7,
79,אוּר³,1,locative (place name),,"Ur (Bab. Uru; seat of moon-god worship; hence Eupolemos in EusebPraep. Ev. ix. 17 says Καμαρίνῃ ἥν τινας λέγειν πόλιν Οὐρίην [Kamarinē hēn tinas legein polin Ouriēn]), ancient city in Southern Babylonia; OT always אוּר כַּשְׂדִּים, i.e. Ur of the Kasdim (Chaldeans) v. sub; home of Terah, Abram’s father, & A.’s point of departure for Mesopotamia & Canaan; (both J), & hence; also (P);—mod. Muqayyar, south of Euphrates, c. 150 miles SE. of Babylon; v. KG94 f DlPa 226 f COT on.",Genesis 11:28; Genesis 15:7; Nehemiah 9:7; Genesis 11:31; Genesis 11:28,"BDB, כַּשְׂדִּים; BDB, כֶּ֫שֶׂד"
80,אוּרִי,1,masculine,"fiery, or contr. for אוּרִיָּה",,,
81,אוּרִיאֵל,1,masculine,"flame of Ēl or my light is Ēl, v. sub; cf. Ph. ארמלך in Assyrian Urumilki (SenTaylor Cylind. ii. 50, cf. COT )",,II Kings 18:13,"BDB, אֵל⁴; BDB, אֵל⁴"
82,אוּרִיָּה,1,masculine,flame of Yah or my light is Yah v.,,,"BDB, יָהּ"
83,אוּרִיָּ֫הוּ,1,masculine,flame of Yahweh or my light is Yahweh v.,a prophet slain by Jehoiakim.,Jeremiah 26:20,"BDB, יהוה"
84,אֶזְבָּ֑י,1,masculine,,father of one of David’s men (where בֶּן־אֶזְבָּ֑י = הָאַרְבִּי ).,I Chronicles 11:37; II Samuel 23:35,
85,אֻזֵּן שֶׁאֱרָה,1,locative (place name),"portion—weighed & measured—of Sheʾĕra, BlauZMG 1873, 296","place built by שׁ׳, daughter of Ephraim.",I Chronicles 7:24,
86,אַזְנוֹת תָּבוֹר,1,locative (place name),peaks of Tabor? pl.,place in Naphtali cf. Di.,Joshua 19:34,
87,אַחְאָב,1,masculine,,"Ahab (father’s brother; = אחיאב NöZMG 1886, 172, Ἀχίαβος [Achiabos] was a nephew of Herod.; cf. like name in Syriac, given ob maximum cum patre suo similitudinem, Bar HebræusChron. Ecclesiast. ii. 23 cf. LCB 1879, 1339. In many cases, however, the meaning of n.pr. comp. with אח is dub., & perfect consistency, especially in comparison with cpds. of אָב, seems impossible; cf. rem. sub אביאל, and further WeSkizzen, iii. 1 f, DlPr. cap. vi)—אַחְאָב +; וּכְאֶחָב —",I Kings 16:28; Jeremiah 29:22,
88,אַחְבָּן,1,masculine,brother of an intelligent one,"son of Abishur, of Judah.",I Chronicles 2:29,
89,אֵחוּד,1,masculine,union from אֱחוּד?,a Benjamite = אֵחִי.,I Chronicles 8:6; Genesis 46:21,
90,אֲחוּמַי,1,masculine,,descendant of Judah.,I Chronicles 4:2,
91,אָחָז,1,masculine,"he hath grasped, abbrev. for יהואחז (q.v.) cf. Assyrian Ia-u-ḫa-zi (i.e. Ahaz) COT on",,II Kings 16:8,
92,אֲחַזְיָ֫הוּ,1,masculine,"Yah(u) hath grasped; 𝔊 Ὀχοζ [Ochoz](ε [e])ιας [ias] etc., cf. LagBN 53",,I Kings 22:52,
93,אֲחֻזָּם,1,masculine,possessor,a man of Judah.,I Chronicles 4:6,
94,אֵחִי,1,masculine,,a son of Benjamin (P) (perhaps corruption of אֲהִירָם (P); so also אַחֲרַח cf. & comm.),Genesis 46:21; Numbers 26:38; I Chronicles 8:1; I Chronicles 7:12,"BDB, אַחֵר²"
95,אֲחִיאָם,1,masculine,,one of David’s heroes.,II Samuel 23:33; I Chronicles 11:35,
96,אֲחִיָּ֫הוּ,1,masculine,,"† אֲחִיָּ֫הוּ, אֲחִיָּה (always, except where other form noted), אֲחִי n.pr.m. (brother of Yah(u), cf. Ph. חמלך brother of Milk, & especially אחתמלך sister of Milk, where אחת must be cstr. since מלך is a male deity; cf. Carth. חתמלקרת Euting 213).",,
97,אֲחִיָּ֫הוּ,11,feminine,,"grandson of Hezron, or perhaps n.pr.f., mother of preceding four, cf. Be.",I Chronicles 2:25,
98,אֲחִיהוּד,1,masculine,,"prince of Asher; (brother of majesty, cf.; v. also ).",Numbers 34:27,"BDB, הוֹד²; BDB, אֲבִיהוּד; BDB, אֲחִיחֻד"
99,אֲחִיחֻד,1,masculine,prob. = אחיהוד q.v.,"son of Ehud, a Benjamite.",I Chronicles 8:7,
100,אֲחִיטוּב,1,masculine,my brother is goodness,,,
101,אֲחִילוּד,1,masculine,according to Thes = אֲחִי יְלוּד child’s brother (?),,,
102,אֲחִימֶ֫לֶךְ,1,masculine,"brother of Melek, Ph. חמלך, חמלכת; v. also supr.",,,"BDB, אֲחִיָּ֫הוּ"
103,אֲחִימַן,1,masculine,my brother is a gift? so Thes; cf. Arabic مَنٌّ [mannun],,,
104,אֲחִימַ֫עַץ,1,masculine,my brother is wrath,,,
105,אַחְיָן,1,masculine,"fraternal, Aramaic ܐܚܝܳܢܳܐ [אחינא]",a Manassite.,I Chronicles 7:19,
106,אֲחִינָדָב,1,masculine,my brother is noble,an officer of Solomon.,I Kings 4:14,
107,אֲחִינֹ֫עַם,1,feminine,my brother is delight,,,
108,אֲחִיסָמָךְ,1,masculine,my brother has supported,"father of Oholiab, a workman on tabern..",Exodus 31:6; Exodus 35:34; Exodus 38:23,
109,אֲחִיעֶ֫זֶר,1,masculine,"my brother is help, cf. Assyrian Aḫulêʾte, my brother is strength, DlPr 202",,,
110,אֲחִיקָם,1,masculine,my brother has arisen,"son of Shaphan, Josiah’s time; protector of Jerem.; father of Gedaliah.",II Kings 22:12; II Kings 22:14; II Chronicles 34:20; Jeremiah 26:24; II Kings 25:22; Jeremiah 39:14; Jeremiah 40:5; Jeremiah 40:6; Jeremiah 40:7; Jeremiah 40:9; Jeremiah 40:11; Jeremiah 40:14; Jeremiah 40:16; Jeremiah 41:1; Jeremiah 41:2; Jeremiah 41:6; Jeremiah 41:10; Jeremiah 41:16; Jeremiah 41:18; Jeremiah 43:6,
111,אֲחִירַע,1,masculine,my brother is evil,a chief of Naphtali.,Numbers 1:15; Numbers 2:29; Numbers 7:78; Numbers 7:83; Numbers 10:27,
112,אֲחִיתֹ֫פֶל,1,masculine,my brother is folly?,"David’s trusted & traitorous counsellor, (×2), (×2), (×2).",II Samuel 15:12; II Samuel 15:31; II Samuel 15:34; II Samuel 16:15; II Samuel 16:20; II Samuel 16:21; II Samuel 16:23; II Samuel 17:1; II Samuel 17:6; II Samuel 17:7; II Samuel 17:14; II Samuel 17:15; II Samuel 17:21; II Samuel 17:23; II Samuel 23:34; I Chronicles 27:33; I Chronicles 27:34,
113,אַחְלָב²,1,locative (place name),,"town assigned to Asher, site unknown, 𝔊 Δαλαφ [Dalaph] (= Ααλαφ [Aalaph]) (WMaxMüllerAsien u. Europa 194 thinks corrupt. for מחלב, Assyrian Maḫalliba (which SchrCOT DlPa 283 comp. with אחלב and חֶלְבָּה); he reads n.pr.loc. מחלב for מֵחֶבֶל, 𝔊 καὶ ἀπὸ Λεβ [kai apo Leb] = וּמֵחֹלֶב; this would be on coast, N. of Achzib).",Judges 1:31; Judges 1:31; Joshua 19:29,
114,אַחְלָ֑י,1,,"DlPr 210 trans. O! would that! (cf. sub iii. supr. p. 25) § comp. interjectional Bab. name Aḫulapia, O! that I at last! ZimBP 116; cf. Ol§ 277; otherwise HalJAS 7, x. 360",,,"BDB, אַחֲלַי; BDB, אָח³"
115,אֲחַסְבַּי,1,masculine,,"father of Eliphelet, one of David’s heroes. (Meaning dub.; has אוּר׃, sq. חֵפֶר; text prob. corrupt.)",II Samuel 23:34; I Chronicles 11:35,
116,אַחֵר²,1,masculine,,"(ident. & meaning quite dub.; Be thinks = אַחֵר adj. another, to avoid naming Dan (cf. ) on account of the narrative Öt identifies with שַׁחֲרַיִם ).",I Chronicles 7:12; Genesis 46:23; Numbers 26:42; Judges 17; Judges 8:8,
117,אֲחַרְחֵל,1,masculine,,app. a descendant of Judah (deriv. & meaning dub.),I Chronicles 4:8,
118,אֲחַשְׁוֵרוֹשׁ,1,masculine,,"Ahasuerus = Xerxes (Pers. Khshayârshâ = mighty + eye or man, vid. Spiegel l.c. 216; in Aramaic חשיארש, CISII. i. 122 [b.c. 481]) king of Pers. (×2), + 18 textual Est + Qr (Kt אחשׁרשׁ); אֲחַשְׁוֵרֹשׁ; also where made father of ‘Darius the Mede,’ cf. Meinh.",Ezra 4:6; Esther 1:1; Esther 1:2; Esther 1:9; Esther 1:10; Esther 10:1; Esther 1:16; Esther 2:21; Esther 3:12; Esther 8:7; Esther 8:10; Daniel 9:1,
119,אָטֵר,1,masculine,binder?,a chief of Jews.,Ezra 2:16; Ezra 2:42; Nehemiah 7:20; Nehemiah 7:44; Nehemiah 10:18,
120,אַיָּה²,1,masculine,falcon,,,
121,אִיּוֹב,1,masculine,,"Job (meaning unknown; Thes √ איב; obj. of enmity, cf. for pass. sense יִלּוֹד; Ew comp. Ara. أَوَّابٌ [ʾawwābun] he who turns (to God); but cf. Di on; all dub. cf. LagBN 90), (×3), + 48 textual Jb.",Job 1:1; Job 1:1; Job 1:5; Job 1:8; Job 1:9; Job 1:14; Ezekiel 14:14; Ezekiel 14:20,
122,אִיזֶבֶל,1,feminine,"sense uncertain, CIS i. 158 there occurs the n.pr.f. בעלאזבל Baal exalts? or is husband to? [v. ], of which אִיזֶבֶל is conjectured by DHM to be an intentional alteration, made for the purpose of avoiding the name Baal. If so, א׳ perhaps suggested to the Hebrew ear the idea of un-exalted or un-husbanded","queen of Ahab, daughter of Ethbaal, king of Tyre; +; +.",I Kings 16:31; I Kings 18:4; I Kings 18:13; I Kings 18:19; I Kings 19:1; I Kings 19:2; I Kings 21:5; II Kings 9:7,"BDB, זָבַל"
123,אֵיל פָּארָן,1,locative (place name),terebinth (or palm? v. Di) of Paran,town & harbour at head of Ælanitic Gulf (v. Di); = אֵלָה; אֵילַת; אֵילוֹת; close to Ezion Geber (v. ).,Genesis 14:6; Genesis 36:41; Deuteronomy 2:8; II Kings 14:22; II Kings 16:6; I Kings 9:26; II Kings 16:6,"BDB, עֶצְיוֹן גֶּ֫בֶר"
124,אַיָּלוֹן,1,locative (place name),Deer-field,Aijalon—א׳ + 8 times; אַיָּלֹ֫נָה —,Joshua 10:12; I Samuel 14:31,
125,אֵילוֹת,1,locative (place name),,"id. (grove of lofty trees (palms?)); (cf., ).",I Kings 9:26; II Kings 16:6; II Chronicles 8:17; II Chronicles 26:2,"BDB, אֵיל פָּארָן; BDB, אֵילַת"
126,אֵילַת,1,locative (place name),lofty tree(s coll.?) i.e. palms? cf. Di,"town & harbour, N.E. arm of Red Sea, hence called Ælanitic Gulf (= Gulf of Akaba, from neighbouring fortress); (×2) (perhaps later designat. for fuller איל פארן q.v.) = 𝔊 Αἰλων, Αἰλαθ [Ailōn, Ailath], Gr. Αἰλανα [Ailana], etc.; = אֵלָה (? v. Di), אֵילוֹת infr.",Genesis 14:6; Deuteronomy 2:8; II Kings 14:22; II Kings 16:6; Genesis 36:41,
127,אִישׁ־בֹ֫שֶׁת,1,masculine,,"Ishbosheth (for אִישׁ בַּעַל man of Baal v., & Diἡ βααλ [hē baal] MBAk, June 1881)",,"BDB, בֹּשֶׁת; BDB, בַּ֫עַל"
128,אִיתִיאֵל,2,masculine,,"(×2) נְאֻם הַגֶּבֶר לְאִיתִיאֵל לְאִיתִיאֵל וְאֻכָֽל׃, in MT n.pr.m. (prob. with me is God: v. Ol§ 82 c) usually taken as name of a son or pupil of Agur; but most moderns read לָאִיתִי אֵל לָאִיתִי אֵל וָאֵֽכֶל׃ I have wearied myself (v. ), O God, I have wearied myself, O God, and am consumed.",Proverbs 30:1,"BDB, לָאָה"
129,אִיתָמָר,1,masculine,(is) land of palms? Thes,"youngest (4th) son of Aaron; (all P), (×2).",Exodus 6:23; Exodus 28:1; Exodus 38:21; Leviticus 10:6; Leviticus 10:12; Leviticus 10:16; Numbers 3:2; Numbers 3:4; Numbers 4:28; Numbers 4:33; Numbers 7:8; Numbers 26:60; I Chronicles 5:29; I Chronicles 24:1; I Chronicles 24:2; I Chronicles 24:3; I Chronicles 24:4; I Chronicles 24:5; I Chronicles 24:6; Ezra 8:2,
130,אֵיתָן³,1,masculine,,"a wise man (where called הָאֶזְרָחִי) named with הֵימָן, כַּלְכֹּל, דַּרְדַּע; cf. (where these 4 with זִמְרִי are בְּנֵי זֶרַח); also; called בֶּן־קִישִׁי = בֶּן־קוּשָׁיָ֫הוּ, where, and v, named as Levit. singer with הֵימָן and אָסָף (q.v.; יְדוּתוּן for אֵיתָן in this group, v. ); לְאֵיתָן הָאֶזְרָחִי (title).",I Kings 5:11; I Chronicles 2:6; I Chronicles 2:8; I Chronicles 6:27; I Chronicles 6:29; I Chronicles 15:17; I Chronicles 2:19; I Chronicles 25:1; I Chronicles 25:6; II Chronicles 5:12; II Chronicles 35:15; Psalms 89:1,"BDB, יְדוּתוּן"
131,אַכְזִיב,1,locative (place name),,,,
132,אָכִישׁ,1,masculine,,"king of Gath, + 15 textual +, (perh. cf. ܐܰܟܬܳܐ [אכתא] anger).",I Samuel 21:11; I Samuel 21:12; I Samuel 21:13; I Samuel 21:15; I Samuel 27-29; I Kings 2:39; I Kings 2:40,
133,אַכְשָׁף²,1,locative (place name),,"in (Northern) Canaan, with a king; situated on the border of Asher, Egyptian ʾA-k-sap WMMAs. u. Eur. 181; 𝔊B Αζειφ [Azeiph], A Ἀχσαφ [Achsaph], 𝔊L (Ἀ [A])χασαφ [chasaph], etc.; site dub.; mod. Iksâf or Kesâf, RobBR iii. 55, c. 17 m. E. of Tyre, and nearly 3 m. SW. of the great bend of the Liṭâny, is phonetically suitable, but much too far NE. for; poss. there were two Akšaphs; cf. Di BuhlGeogr.237. Vid. further Krall Tyrus u. Sidon 10, LagOnom. 218. 91, 3; 2d ed. 239.",Joshua 11:1; Joshua 12:20; Joshua 19:25; Joshua 19:25; Joshua 11:1,
134,אֵל⁴,9,,,Ēl n.pr. אל ברית Ēl Berith (= בעל ברית; ); בְּאֵר אֵלִים s. p. 91 b,Judges 9:46; Judges 8:33; Judges 9:4,
135,אֵלָא,1,masculine,,father of an officer of Solomon (= ii. אֵלָה terebinth?).,I Kings 4:18,
136,אֶלְדָּד,1,masculine,"God has loved, cf. Sab. ודדאל DHMZMG 1883, 15; v. also","one of the elders; prob. = אֱלִידָד where called a prince of Benjamin.—On n.pr. with אֵל cf. those with אָב & אָח, & especially Nöl.c., v. p. 42, & (Sab.) DHMEpigr. Denkm.88.",Numbers 11:26; Numbers 11:27; Numbers 34:21,"BDB, יְדָיָה"
137,אֵלָה²,1,masculine,"terebinth, cf. sub i.",,Genesis 49:21,"BDB, אֵלָה"
138,אֵלָה²,3,locative (place name),,a chief of Edom = (= אֵילַת n.pr.loc.? v. Di),Genesis 36:41; I Chronicles 1:52,
139,אֵלוֹן²,1,masculine,'= id. cf. n.pr.,,,"BDB, אֵלָה²"
140,אֵלוֹן²,9,locative (place name),,אֵילוֹן a town of Dan; so (where read א׳ וּבֵית ח׳ Th Klo).,Joshua 19:43; I Kings 4:9,
141,אַלּוֹן²,1,masculine,oak,a Simeonite (on v. p. 18).,I Chronicles 4:37; Joshua 19:33,"BDB, אֵלוֹן"
142,אֶלְזָבָד,1,masculine,"God has given, cf. Θεόδωρος [Theodōros], זַבְדִּיאֵל, זְבַדְיָה",,,
143,אֶלְחָנָן,1,masculine,"God has been gracious, cf. Ph. אלחנן, בעלחנן, in Assyrian Baʾalḫanunu COT",two of David’s chiefs =; =.,Genesis 10:18; II Samuel 21:19; I Chronicles 20:5; II Samuel 23:24; I Chronicles 11:26,
144,אֱלִיאָב,1,masculine,"God is father, cf.",,,"BDB, אֲבִיאֵל"
145,אֱלִיאֵל,1,masculine,"Ēl is God, or my God is God",only Ch.,,
146,אֱלִיאָ֫תָה,1,masculine,God has come,a Hemanite = אֱלִיָּתָה.,I Chronicles 25:4; I Chronicles 25:27,
147,אֶלְיָדָע,1,masculine,"God knows, cf., Sab. אלידע Hal 209",,,"BDB, דְּעוּאֵל"
148,אֵלִיָּה,1,masculine,,"+ 4 times; אֵלִיָּ֫הוּ + 62 times; n.pr.m. (Yah(u) is God, cf. )",II Kings 1:3; I Kings 17:1,"BDB, יוֹאֵל"
149,אֱלִיהוּ,1,masculine,,+ 3 times; אֱלִיהוּא + 6 times; n.pr.m. (He is (my) God),Job 32:4; Job 32:2,
150,אֶלְיְהוֹעֵינַי,1,masculine,unto י׳ are mine eyes,,,
151,אֶלְיוֹעֵינַי,1,masculine,id.,,,
152,אֶלְיַחְבָּא,1,masculine,God hides,one of David’s chiefs.,II Samuel 23:32; I Chronicles 11:33,
153,אֱלִיחֹ֫רֶף,1,masculine,Autumn God? cf.,one of Solomon’s scribes.,Job 29:4; I Kings 4:3,
154,אֱלִימֶ֫לֶךְ,1,masculine,& ־מֶ֑לֶךְ,"n.pr.m. (God is king, cf. ) husband of Naomi.",Ruth 2:1; Ruth 1:2; Ruth 1:3; Ruth 2:3; Ruth 4:3; Ruth 4:9,"BDB, מַלְכִּיאֵל"
155,אֶלְיָסָף,1,masculine,God has added,,,
156,אֱלִיעֶ֫זֶר,1,masculine,־עֶ֑זרֶ +,"n.pr.m. (God is help, cf.; v. also infr., עֲזַרְאֵל, Ph. אשמנעזר, בעלעזר, עזרבעל)",Genesis 15:2; Exodus 18:4,"BDB, אֶלְעָזָר"
157,אֱלִיעָם,1,masculine,God is kinsman; Ph. אלעם,,,
158,אֱלִיפַז,1,masculine,God is fine gold?,,,
159,אֱלִיפָל,1,masculine,God has judged,one of David’s heroes (but v. ).,I Chronicles 11:35; II Samuel 23:34,"BDB, אלה"
160,אֱלִיפֶ֫לֶט,1,masculine,־פָ֑לֶט +,"n.pr.m. (God is deliverance, cf. )",II Samuel 5:16,"BDB, פַּלְטִיאֵל"
161,אֱלִיצוּר,1,masculine,"צור Rock is God, cf.; v. also",chief of Reuben.,Deuteronomy 32:4; Numbers 1:5; Numbers 2:10; Numbers 7:30; Numbers 7:35; Numbers 10:18,"BDB, צוּרִיאֵל"
162,אֱלִיצָפָן,1,masculine,"God has protected, cf. Ph. צפנבעל",,,
163,אֱלִיקָא,1,masculine,"? not in 𝔊, Dr",one of David’s heroes.,I Chronicles 11:27; II Samuel 23:25,
164,אֶלְיָקִים,1,masculine,"God sets up, cf. Sab. הקמאל, יקמאל Hal615",,,
165,אֱלִישֶׁ֫בַע,1,feminine,"God is an oath, by which one swears, cf.","wife of Aaron; = Ἐλεισαβεθ [Eleisabeth] 𝔊, cf. Lu.",Isaiah 19:18; Amos 8:14; Zephaniah 1:5; Exodus 6:23; Exodus 1:5,
166,אֱלִישָׁה,1,locative (place name),,"as son of Javan; אִיֵּי א׳ (Aeolis Josephus Jer Kn; H. DerenbourgMélanges Graux, 235 f (Eng. trans. Hbr. Oct. 1887, 7); Hellas 𝔗 Jon etc., LenOrig. ii. 2. 34 f; Italy, with Sicily, cf. מְדִינַת אִיטַלְיָא 𝔗 Ezek, Di; Carthage = Elissa, StaDe Populo Javan, 8 f; E. MeyerGesch. i. § 282; decision difficult; last view very attractive).",Genesis 10:4; I Chronicles 1:7; Ezekiel 27:7; Genesis 10:4,
167,אֶלְיָשִׁיב,1,masculine,"God restores, cf. NesEg194 & Sab. תֿובאל DHMZMG 1883, 16",,,
168,אֱלִישָׁע,1,masculine,"God is salvation, cf., Sab. יתֿעאל DHMZMG 1883, 15","the prophet Elisha, the successor of Elijah + 57 times all K; Ἐλισα, Ἐλισαιε [Elisa, Elisaie] 𝔊; Ἐλισαιος [Elisaios] Lu 4:27.",I Kings 19:16,"BDB, אֱלִישׁוּעַ"
169,אֱלִישָׁפָט,1,masculine,"God has judged, Ph. בעלשפט, שפטבעל",a captain in the time of Jehoiada.,II Chronicles 23:1,
170,אַלְמוֹדָד,1,,,"of South-Ara. people (but prob. rd. אֵל (Sab., god) for אַל, cf. Di, & GlSK ii. 280. 425. 435 God is loved).",Genesis 10:26; Genesis 10:26; I Chronicles 1:20,
171,אֶלְנָ֑עַם,1,masculine,God is pleasantness,father of two of David’s heroes (not in S).,I Chronicles 11:46,
172,אֶלָּסָר,1,locative (place name),,"Ellasar, (= Bab. Larsa, mod. Senkereh, c. 28 miles NE. from Ur; cf. LoftCS 240 f DlPa 223 f TieleGesch. i. 86, COTad loc.).",Genesis 14:1; Genesis 14:9,
173,אֶלְעוּזַי,1,masculine,"God is my strength = אֶלְעֻזּי, cf., Sab. אלעת֡ (אלעז) DHMZMG 1883, 15",one of the heroes of David.,I Chronicles 12:5,"BDB, עֻזִּיאֵל"
174,אֶלְעָזָר,1,masculine,"God has helped, cf. supr.",,,"BDB, אֱלִיעֶ֫זֶר"
175,אֶלְעָלֵא,1,locative (place name),,"‖ אֶלְעָלֵה n.pr.loc. (God doth ascend?) of a village in the tribe of Reuben, near Heshbon, in ruins, el Âl (vid. RbBR ii, 278).",Numbers 32:3; Numbers 32:37; Isaiah 15:4; Isaiah 16:9; Jeremiah 48:34,
176,אֶלְעָשָׂה,1,masculine,"God has made, cf., etc.",,,"BDB, עֲשָׂהאֵל; BDB, יַעֲשִׂיאֵל"
177,אֶ֫לֶף³,1,locative (place name),,"city in Benj., הָא׳; perhaps Lifta NW. from Jerus. Surveyiii. 18.",Joshua 18:28,
178,אֶלְפַּ֫עַל,1,masculine,God of doing? cf. Ph. פעלאבסת,a Benjamite.,I Chronicles 8:11; I Chronicles 8:12; I Chronicles 8:18,
179,אֶלְקָנָה,1,masculine,"God has created, or taken possession",,,
180,אֶלְתְּקֵא,1,locative (place name),,"Levitical city in the tribe of Dan, between Ekron & Timna, Assyrian Altaku (COT).",Joshua 19:44; Joshua 21:23,
181,אַמָּה⁵,1,locative (place name),,"hill near Gibeon, גִּבְעַת־אַמָּה.",II Samuel 2:24,
182,אָמוֹן,1,,,"Amon, an Egyptian god, comp. by Greeks with Zeus (Herod. ii, 42; Diod i. 13), Ἀμμῶν [Ammōn]. He was originally the local deity of Thebes (= נֹא, called נֹא אָמוֹן, cf. א׳ מִנֹּא ), but subsequently became the supreme god of the Egyptian Pantheon, the successor of the sun-god Ra and so-called Amon Ra. He was the secret god, who hid himself and was difficult to find (Amon = concealment, hidden); v. Rawl. Hist. Anc. Egypt, i, 322 Ebers. RiHWB. Spiegelberg Randglossen, 43 ff. reads נֹא אָמוֹן (as ) for אָמוֹן נֹא, and finds in both a Thebes in the Delta. (ii. iii. אָמוֹן v. p. 54.)",Nahum 3:8; Jeremiah 46:25; Nahum 3:8; Jeremiah 46:25; Jeremiah 46:25; Nahum 3:8,
183,אָמוֹן³,1,masculine,master-workman,(a) king of Judah; (b) captain of a city; (c) one of the line of Solomon’s servants = אָמִי.,II Kings 21:18; II Kings 21:19; II Kings 21:23; II Kings 21:24; II Kings 21:25; I Chronicles 3:14; II Chronicles 33:20; II Chronicles 33:21; II Chronicles 33:22; II Chronicles 33:23; II Chronicles 33:25; Jeremiah 1:2; Jeremiah 25:3; I Kings 22:26; II Chronicles 18:25; Nehemiah 7:58; Ezra 2:57,
184,אָמוֹץ,1,masculine,,father of Isaiah ( = following); =.,Isaiah 1:1; Isaiah 2:1; Isaiah 13:1; Isaiah 20:2; Isaiah 37:2; Isaiah 37:21; Isaiah 38:1; II Kings 19:2; II Kings 19:20; II Kings 20:1; II Chronicles 26:22; II Chronicles 32:20; II Chronicles 32:32,
185,אָמִי,1,masculine,,'= iii. אָמוֹן.,Ezra 2:57; Nehemiah 7:58,
186,אֲמָם,1,locative (place name),,"in southern Judah (𝔊L Ἀμαμ [Amam], so A, but B Σην [Sēn]).",Joshua 15:26,
187,אֲמָנָה²,1,river,,,,
188,אַמְנוֹן,1,masculine,faithful,,,
189,אַמְצִי,1,masculine,,,,
190,אֲמַצְיָ֫הוּ,1,masculine,י׳ is mighty,,,
191,אִמֵּר,1,masculine,,,,
192,אִמֵּר,11,locative (place name),?,'=.,Ezra 2:59; Nehemiah 7:60,
193,אֱמֹרִי,1,masculine (coll),construed as pl. + 5 times,"Amorites (perhaps = mountain-dwellers, cf., etc. & Di al.)—always c. art., except. Meaning mountain-dwellers very dub.; on א׳ = Egyptian ʾA-ma-ra v. WMMAs. u. Eur. 229 ff., = TelAm. and Assyrian Amurru, v. WklTelAm. 36 JastrEB Canaan, § 10 SayHastDB Amorites al.; cf. also GFM, Dr Gray.",Deuteronomy 3:9; Numbers 13:29; Deuteronomy 1:7; Deuteronomy 1:19; Genesis 10:16; Numbers 21:29; Ezekiel 16:45; Judges 4; Judges 5; Deuteronomy 1:7; Numbers 13:29,
194,אִמְרִי,1,masculine,,,,
195,אֲמַרְיָ֫הוּ,1,masculine,"Yah(u) hath promised, cf. Palm. אמרשמשא, Sab. יתעאמר",long form only.,I Chronicles 24:23; II Chronicles 19:11; II Chronicles 31:15,
196,אַמְרָפֶל,1,masculine,,"king of Shinar, (prob. = חמרבי, Ḫammurabi of Babylon, who reigned c. 2100 b.c., cf. SchrSBA 1887, xxxi (June 23) COTii. 296 f. Dl in DeGen 1887, Excursus).",Genesis 14:1; Genesis 14:9,
197,אֲמִתַּי,1,masculine,"true, from אֱמֶת by adj. affix -י",father of the prophet Jonah.,II Kings 14:25; Jonah 1:1,
198,אֹן,1,locative (place name),,"אוֹן ( ) n.pr.loc. On (Egypt. Ȧn cf. EbGS 75 WiedSamml 46; perhaps = Assyrian Unu, SteindorffBAS i. 610, contr. DlPa 318) city in lower Egypt, prob. on border of land of Goshen, residence of ‘Potiphera, priest of On,’ father-in-law of Joseph; also (where MT אָוֶן); it was celebrated for worship of sun-god Ra, & hence called also sun-city, בֵּית שֶׁמֶשׁ, 𝔊 Ἡλίου πόλις [Hēliou polis]; mod. Matariye, on E. bank of Nile, c. 7 miles E. of N. from Cairo & 18 from Memphis;—cf. EbGS 75, 507 f. & map Wiedl.c.",Genesis 41:45; Genesis 46:20; Genesis 41:50; Ezekiel 30:17; Genesis 41:45; Genesis 41:50; Genesis 46:20; Ezekiel 30:17; Jeremiah 43:13,
199,אֱנוֹשׁ²,1,masculine,,son of Seth.,Genesis 4:26; Genesis 5:6; Genesis 5:7; Genesis 5:9; Genesis 5:10; Genesis 5:11; I Chronicles 1:1,
200,אָסָא,1,masculine,perhaps healer,"I king of Judah, son of Abijam and father of Jehoshaphat, + 24 times; + 28 times. Perhaps apoc. theophoric name, cf.. Also son of Elkanah and father of Berechiah.",I Kings 15:8; I Kings 15:9; I Kings 15:11; I Kings 15; I Kings 16; I Kings 22; I Chronicles 3:10; II Chronicles 13:23; II Chronicles 14-21; Jeremiah 41:9; I Chronicles 9:16,"BDB, רְפָאֵל"
201,אַסִּיר²,1,masculine,,son of Korah; called son of Ebiasaph v.,Exodus 6:24; I Chronicles 6:7; I Chronicles 6:8; I Chronicles 6:22,
202,אַסְנָה,1,masculine,Aramaic אֲסָנָא thorn-bush?,head of a family of Nethinim (om. ).,Ezra 2:50; Nehemiah 7:51,
203,אָֽסְנַת,1,feminine,,"wife of Joseph (𝔊 Ἀσεννεθ [Asenneth], 𝔊L Ἀσσενεθ [Asseneth]; Egyptian, = belonging to (goddess) Neith (Thes); CookSpeaker’s Comm. i.479 proposes either As-Neit, favourite of Neith, or Isis-Neit).",Genesis 41:45; Genesis 41:50; Genesis 46:20,
204,אָסָף,1,masculine,"gatherer, cf. Ph. n.pr.f. אספת",,,
205,אַסְפָּ֑תָא,1,masculine,,"3rd son of Haman (Pers. aspadâta, ab equo sacre datus according to Thes Add71, after Pott & Benefy).",Esther 9:7,
206,אֶסְתֵּר,1,feminine,,"Esther (Pers. stâra, star)—daughter of Abihail, cousin and adopted daughter of Mordecai, of tribe of Benjamin; made queen in Vashti’s place by Ahasuerus; her Jewish name הֲדַסָּה q.v., (×2), + 47 times Est.",Esther 2:7; Esther 2:8; Esther 2:10; Esther 2:11; Esther 2:15; Esther 2:16; Esther 2:17,
207,אֵפֹד,1,masculine,,father of a chief of Manasseh.,Numbers 34:23,
208,אֲפִיחַ,1,masculine,,an ancestor of Saul (etymology & meaning dubious).,I Samuel 9:1,
209,אַפַּיִם,1,masculine,,a son of Nadab.,I Chronicles 2:30; I Chronicles 2:31,
210,אֶפְלָל²,1,masculine,,"in Judah (×2), Αφαμηλ [Aphamēl], etc., 𝔊L Ελφαελ [Elphael].",I Chronicles 2:37,
211,אֲפֵק,1,locative (place name),,"n.pr.loc. Aphek (perhaps enclosure, or fortress).",Judges 1:31,
212,אֶפְרַ֫יִם,1,masculine,,"Ephraim ( connected with הִפְרָה, Hiph. of פרה, cf. Hiph. ).",Genesis 41:52; Hosea 13:15,"BDB, פרא"
213,אֶפְרָ֫תָה,1,,v. Sta§ 308 d. 1; 342 d. 2; Morgenl. Forsch. 215,"—might in several cases, e.g., be אֶפְרָת + ה loc., but v.;—",Genesis 35:16; Ruth 4:11,
214,אֶפְרָ֫תָה,3,locative (place name),,"place near Bethel, where Rachel died & was buried; (אֶפְרָת only where ה perhaps dropped on acc. of ה following (Ol); in last two passages הוא בית לחם is a gloss, v. Di; cf. ).",Genesis 35:16; Genesis 35:19; Genesis 48:7; Genesis 48:7; I Samuel 10:2,
215,אֶפְרָ֫תָה,9,feminine,,אֶפְרָת name given to wife of Caleb = אֶפְרָ֑תָה v.,I Chronicles 2:19; I Chronicles 2:50; I Chronicles 4:4,
216,אֶצְבּוֹן,1,masculine,,,,
217,אָצֵל,1,masculine,,"in pause אָצַ֑ל (Ges§ 29. 4 c) n.pr.m. (perhaps noble, cf. אָצִיל 2) a descendant of Jonathan, (×2) =, (×2).",I Chronicles 8:37; I Chronicles 8:38; I Chronicles 9:43; I Chronicles 9:44,
218,אֵ֫צֶל²,1,,,"in n.pr.[m.] בֵּית־הָאֵ֫צֶל, according to Hi Ew Ca Ke = אָצַ֒ל, but dub.; cf. ii. infr.",Micah 1:11; Zechariah 14:5,"BDB, אָצֵל²"
219,אָצֵל²,1,locative (place name),,"in pause אָצַל, according to 𝔊 𝔗 Thes Ew al., n.pr.loc. near Jerusalem; but no site found, & identification with בֵּית־הָאֵצֶל uncertain; hence Symm 𝔙 Köh WR make subst., אֶל־אָצַ֒ל = very near, hard by (אָצֵל being the supposed abs. form of i. אֵצֶל; cf. Ol§ 167 b).",Zechariah 14:5,
220,אֲצַלְיָ֫הוּ,1,masculine,"Yahweh hath reserved, or set apart",father of Shaphan the scribe.,II Kings 22:3; II Chronicles 34:8,
221,אֹ֫צֶם,1,masculine,,,,
222,אֵ֫צֶר,1,masculine,treasure; or covenant Arabic إِصْرٌ [ʾiṣrun],a chief of the Horites.,Genesis 36:21; Genesis 36:27; Genesis 36:30; I Chronicles 1:38; I Chronicles 1:42,
223,אֲרָב,1,locative (place name),,"city near Hebron (𝔊 Ἐρεμ [Erem], 𝔊L Ἐρεβ [Ereb]; according to Onomast. Ἐρεμινθα [Eremintha] LagOn. 254, 2nd ed. 260 Ereb Id.119, 2nd ed. 152, a village Heromith in Daroma; cf. Di Surveyiii.311).",Joshua 15:52,
224,אַרְבַּע³,1,masculine,"called הָאָדָם הַגָּדוֹל בָּעֲנָקִים, אֲבִי הָעֲנָק cf.",inferred (erron.) from n.pr.loc. קִרְיַת א׳ (q.v.).,Joshua 14:15; Joshua 15:13; Joshua 21:11,
225,אַרְגֹּב²,1,,,,,
226,אַרְדְּ,1,masculine,,"son of Benjamin, but grandson of Benjamin = אַדָּר.",Genesis 46:21; Numbers 26:40; I Chronicles 8:3,
227,אַרְוָד,1,locative (place name),,"city of Phenicia (Assyrian Aruada, etc. v. COT DlPa 281; 𝔊 Ἀραδιοι [Aradioi]; mod. Ruâd) on an island near main land, northward from Tripolis, mentioned with Sidon, cf..",Genesis 10:18; Ezekiel 27:8; Ezekiel 27:11,
228,אֲרַוְנָה,1,masculine,,"Araunah, a Jebusite—א׳ (×2), (×2) (but read עֶבֶד אֲדֹוֹנִי cf. We Dr) v; Kt גֹּרֶן האורנה v (Qr הָאֲרַוְנָה) c.art. but cf. Dr; Kt ג׳ ארניה v (Qr אֲרַוְנָה); = אָרְנָן (q.v.); 𝔊 in S & Ch Ὀρνα [Orna].",II Samuel 24:20; II Samuel 24:21; II Samuel 24:22; II Samuel 24:23; II Samuel 24:23; II Samuel 24:24; II Samuel 24:16; II Samuel 24:18; I Chronicles 21:15,
229,אָרַח²,1,masculine,traveller?,,,
230,אֲרִיאֵל,4,masculine,,a chief man among returning exiles.,Ezra 8:16,
231,אֲרִיאֵל,6,masculine,,"אֲרִאֵל מוֹאָב = אֲרִיאֵל מ׳ taken by 𝔊 RV DrSm al. as n.pr.m., read two sons of Ariel of Moab; RSSem i. 469 comp. אראל MI 12, altar-hearth (so Sm & So, and DrSm xci, v. sub ) and transl. א׳ מוֹאָב altar-hearths of Moab.",II Samuel 23:20; I Chronicles 11:22,"BDB, אֲרִיאֵל²"
232,אֲרִידַי,1,masculine,,"a son of Haman (Pers., perhaps = haridayas, delight of Hari, v. Add Thes72; but text very uncertain; cf. diff. tradition as to the names in 𝔊).",Esther 9:9,
233,אֲרִידָ֑תָא,1,masculine,,"a son of Haman (Pers., perhaps = Hari-dâta, given by Hari, v. ib., but 𝔊 Φαραδαθα [Pharadatha]).",Esther 9:8,
234,אַרְיוֹךְ,1,masculine,,"king of Ellasar, ally of Chedorlaomer in his western foray (prob. = Rim-Aku, Elamite king of Larsa = Ellasar; cf. COT ii. 297 f.). On Rim-Aku (= Eri-Aku?), v. now also DrComm. Gn. 156 ff.; ZimKAT3 367 thinks identification very dubious.",Genesis 14:1; Genesis 14:9,
235,אֲרִיסַי,1,masculine,,son of Haman; Αρσαιος [Arsaios].,Esther 9:9,
236,אֲרָם,1,masculine,,"Aram (Assyrian Aramu, etc., v. DlPa 257; Thes al. proposes √ארם = רום but cf. Nö as below)—",,
237,אַרְמֹנִי,1,masculine,,a son of Saul (palatinus).,II Samuel 21:8,
238,אֹ֫רֶן²,1,masculine,fir-tree,a descendant of Judah.,I Chronicles 2:25,
239,ארנבן,1,locative (place name),,"whence wine, so Co for MT וְדָן וְיָוָן; cf. Assyrian wine of Aranabanim.",Ezekiel 27:19,
240,אַרְנוֹן,1,river,,"Arnon, wady & stream in Moab (MI ארנן, Thes Add Rob Ges MV der. from רנן, i.e. the rushing, roaring stream)—אַרְנוֹן (×2), + 12 times, אַרְנֹן + 10 times—called boundary between Moab & Amorites, cf.; often נַחַל אַרְנֹן; נ׳ אַרְנוֹן; הַנְּחָלִים אַרְנוֹן; i.e. the stream-ravines that unite to form Arnon, cf. Di: also בַּמוֹת אַרְנֹן heights of Arnon; מעברות אַרְנוֹן fords of Arnon; elsewhere; syn. of Moab; (cf. TristrMoab 125 f.; mod. Môjib)",Numbers 21:13; Numbers 21:14; Numbers 21:28; Numbers 21:13; Judges 11:18; Judges 11:22; Numbers 22:36; Deuteronomy 2:24; Deuteronomy 2:36; Deuteronomy 3:8; Deuteronomy 3:12; Deuteronomy 3:16; Deuteronomy 4:48; II Kings 10:33; Joshua 12:1; Joshua 12:2; Joshua 13:9; Joshua 13:16; Numbers 21:14; Numbers 21:28; Isaiah 16:2; Numbers 21:13; Numbers 21:24; Numbers 21:26; Judges 11:13; Judges 11:18; Judges 11:26; Jeremiah 48:20,"BDB, גְּבוּל"
241,אַרְנָן,1,masculine,,a descendant of David.,I Chronicles 3:21,
242,אָרְנָן,1,masculine,,"a Jebusite, whose threshing-floor was bought by David to erect an altar, (×2), (×2), & according to became site of temple; called אֲרַוְנָה q.v.",I Chronicles 21:15; I Chronicles 21:18; I Chronicles 21:20; I Chronicles 21:21; I Chronicles 21:22; I Chronicles 21:23; I Chronicles 21:24; I Chronicles 21:25; I Chronicles 21:28; II Chronicles 3:1; II Samuel 24:16,
243,אַרְפַּכְשַׁד,1,masculine,,"3rd son of Shem א׳; אַרְפַּכְשָׁ֑ד; doubtless a geogr. name (deriv. & meaning dub., Thes der. from أُرْفَةٌ [ʾurfahun] boundary (stem أَرَفَ [ʾarafa] define, limit), cf. also Ethiopic አረፍት wall, + כשׁד = כֶּשֶׂד, i.e. Chaldean; so SchrCOT who identifies with Babylonia (cf. & אוּר כַּשְׂדִּים v, ); v. another interpr. DlPa 255, according to most = Arrapachitis on Upper Zab, NE. from Nineveh, Assyrian Arbaḫa, Armen. Albak LagArmen. Stud. 55 & reff. so Bö MV, Di LagSy i. 54 NöZMG 1882, 182; but Assyrian Arbaḫa is unfavourable to this).",Genesis 10:22; Genesis 10:24; Genesis 11:12; Genesis 11:13; I Chronicles 1:17; I Chronicles 1:18; I Chronicles 1:24; Genesis 11:10; Genesis 11:11; Genesis 10:22; Genesis 11:12; Genesis 11:28; Genesis 11:31; Genesis 10:22,
244,אַרְצָא,1,masculine,,chamberlain of Zimri.,I Kings 16:9,
245,אֲרָרַט,1,territorial (land/region),,"Ararat (Assyrian Urarṭu COTGloss, cf. LagArmen. Stud. § 100)—א׳; אֲרָרָ֑ט + 3 times—a district in Eastern Armenia between the river Araxes & lakes Van & Oroomiah, cf. KGF; to this prob. ref. in = אֶרֶץ א׳; also הָרֵי א׳, where the ark rested; used perhaps with wider ref. מַמְלְכוֹת א׳ (‖ מִנִּי, אַשְׁכְּנַז).",Jeremiah 51:27; Genesis 8:4; II Kings 19:37; Isaiah 37:38; Genesis 8:4; Jeremiah 51:27,
246,אַרְתַּחְשַׁשְׂתָּא,1,masculine,,"Artaxerxes (Pers. Artakhshatrâ, SpiegAPK 68, 207 𝔊 Ἀρταξερξης [Artaxerxēs], cf. BeRy on; ) א׳ v. BD 102; אַרְתַּחְשַׁשְׂתְּא, אַרְתַּחְשַׁסְתְּא; Artaxerxes I, or Longimanus, son & successor of Xerxes, regined b.c. 465–424.",Ezra 4:23; Ezra 7:1; Nehemiah 1:1; Ezra 4:7; Ezra 4:7; Ezra 4:23; Ezra 7:1; Ezra 7:11; Ezra 8:1; Nehemiah 2:1; Nehemiah 5:14; Nehemiah 13:6,
247,אַשְׁבֵּל,1,masculine,'= אַשְׁבְּאֵל? so Thes; more likely אֶשְׁבַּעַל,"2nd son of Benjamin (𝔊 Ἀσβηλ [Asbēl]) (𝔊 Ἀσυβηρ [Asybēr]) (𝔊 B Σαβα [Saba], A & 𝔊L Ἀσβηλ [Asbēl]).",Genesis 46:21; Numbers 26:38; I Chronicles 8:1,
248,אַשְׁבֵּעַ²,1,masculine,,,I Chronicles 4:21,
249,אַשְׁדּוֹד,1,locative (place name),,"Ashdod (Assyrian Asdudu, COTGloss DlPa 289; Thes MV der. from √ שׁדד q.v.) a powerful city of the Philistines on Mediterr. Sea, W. from Jerusalem, modern Esdûd, (where assigned to Judah), (but del. Dr cf. 𝔊; Is; c. ה—ָ loc.; אַנְשֵׁי א׳; appar. = territory of Ashdod וַיִּבְנֶה עָרִים בְּאַשְׁדּוֹד. (Cf. SurveyJ, 442.)",Joshua 11:22; Joshua 15:46; Joshua 15:47; I Samuel 5:5; I Samuel 5:6; I Samuel 6:17; Amos 1:8; Amos 3:9; Zephaniah 2:4; Zechariah 9:6; Isaiah 20:1; Jeremiah 25:20; II Chronicles 26:6; I Samuel 5:1; Isaiah 20:1; I Samuel 5:7; II Chronicles 26:6,
250,אַשּׁוּר,1,gentilic (people group),,"& terr. Asshur, Assyria (Assyrian Aššur, land & cityDlPa 252 COT on; Pers. Athura Syriac ܐܳܬܘܽܪ [אתור] on the connection with name of god Ašur, & with √ אשׁר = ישׁר good, gracious, cf. COTl.c.; v. also JenZA. 1886, 1 f. Schr ib. 209 f. Nöib. 268 f.)",Genesis 2:14,
251,אַשּׁוּרִם,1,gentilic (people group) (pl),,an Arab tribe traced back to Abraham & Keturah cf. Di.,Genesis 25:3,
252,אַשְׁחוּר²,1,masculine,,"in Judah, called א׳ אֲבִי תְקוֹעַ; Ασχω, Σαρα [Aschō, Sara]; A Ασδωδ, Ασχουρ [Asdōd, Aschour]; 𝔊L Ασσωρ, Ασοωρ [Assōr, Asoōr].",I Chronicles 2:24; I Chronicles 4:5,
253,אֲשִׁימָא,1,,,"[m.] a god of Hamath, otherwise wholly unknown.",II Kings 17:30,
254,אֶשְׁכֹּל,1,,,,,
255,אַשְׁקְלוֹן,1,locative (place name),,"a city of the Philistines (Assyrian Isqaluna COTGloss DlPa 290; Ph. adj. gent. cf. infr.), (×2); on the Medit. Sea, S. of W. from Jerusalem, mod. ʿAsqalân, Surveyiii. 237 f. (with plan); cf. also ZPV ii. 164 f.",Judges 1:18; Judges 14:19; I Samuel 6:17; II Samuel 1:20; Jeremiah 25:20; Jeremiah 47:5; Jeremiah 47:7; Amos 1:8; Zephaniah 2:4; Zephaniah 2:7; Zechariah 9:5,
256,אָשֵׁר,1,masculine,,"Asher (happy one, Felix, cf. Ph. אשרשלח, which however may contain (god) Asshur or Osiris, cf. BaeRel 161).",,
257,אָשֵׁר,7,locative (place name),,city E. of Shechem.,Joshua 17:7,
258,אֲשֵׁרָה,1,feminine,,"n.pr.f. Ashera (Assyrian n.pr.f. Aš-ra-tu, c. sign for deity, in Canaanitish n.pr. Abad-Ašratum, servant of A. SchrZA 1888, 363, cf. Wkl & AbelThontafelfund v. El Amarna ii. No. 77, 1. 9, & SayceRP2. ii. 67, iii. 71; on deriv. cf. Assyrian aširat, adj. fem. gracious, COTGloss) see now also GFMEB Asherah Dr AllenDB Asherah, all doubtful as to Can. goddess Asherah; question left open by ZimKAT3. 436 ff. (on Sem. goddess Aširtu-Ašratu Id. ib. 432 ff.); but v. JeremAT1 im Licht d. Alten Orients 207 (name of goddess Aširat in letter found at Taanach by Sellin (1902–3) and Id. ib. 37. 237) (Oppenheim’s find at Ras el-’Ain in Mesop., stone shaft with veiled head as top, supposed to identify post with goddess; if refers to draped Asherim [v. on text Benz Bur], this even more plausible), Id. ib. 23, 208 f., 286. On pictorial representations of Asherah-symbol v. WHWardAJSL xix. 1 (Oct. 1902).:—usually with the art.: prob.",II Kings 17:16; Deuteronomy 16:21; II Kings 23:7,
259,אַשְׂרִיאֵל,1,masculine,,"a Manassite (Thes votum Dei, cf. supr.).",Numbers 26:31; Joshua 17:2; I Chronicles 7:14,
260,אֶשְׁתָּאוֹל,1,locative (place name),,"+ 2 times, אֶשְׁתָּאֹל + 3 times n.pr.loc. (in form like the inf. of the Arabic viii. conj. from שָׁאַל: so אֶשְׁתְּמֹעַ from שָׁמַע. Perhaps Arabic-speaking tribes may have settled in parts of S. of Judah) city of Danites in the שְׁפֵלָה of Judah, named with צָרְעָה; perhaps mod. ’Eshûʿa Surveyiii. 25 GuerinPal. ii. 13 f. 382.",Joshua 15:33; Judges 13:25; Joshua 15:33; Joshua 19:41; Judges 13:25; Judges 16:31; Judges 18:2; Judges 18:8; Judges 18:11,
261,אֶשְׁתּוֹן,1,masculine,,a man of Judah (perhaps from אֵשֶׁת = effeminate or uxorious).,I Chronicles 4:11; I Chronicles 4:12,
262,אֶתְבַּ֫עַל,1,masculine,,"Ethbaal (with Baal, i.e. living under B.’s favour; Ἰθόβαλος, Εἰθώβαλος [Ithobalos, Eithōbalos] JosAnt. viii, 13, 1, viii, 13, 2, c. Ap. 1, 18; on later king of like name, in Assyrian Tubaʾlu, v. COT ) king of Sidon, father of Jezebel.",Genesis 10:15; I Kings 16:31,
263,אִתַּי,1,masculine,perhaps from אֵת with = companionable,—,,
264,אֵתָם,1,locative (place name),"perhaps = Egyptian Chetem, cf. EbersGS 521 f. but 𝔊 Ὀθομ, Ὀθωμ [Othom, Othōm], cf. LagBN 54","in Egypt, place on edge of desert, so; מִדְבַּר אֵתָם.",Exodus 13:20; Numbers 33:6; Numbers 33:7; Numbers 33:8,
265,אֶתְנִי,1,masculine,,an ancestor of Asaph apparently identical with יְאָֽתְרַי v.,I Chronicles 6:26; I Chronicles 6:6,
266,אֶתְנָֽן,1,masculine,,,I Chronicles 4:7,
267,בְּ²,1,,,"perhaps abbrev. in n.pr. for בֶּן־, בֵּית q.v.",,
268,בְּאֵר,7,locative (place name),,as n.pr.loc.,,
269,בְּאֵר לַחַי רֹאִי,1,locative (place name),lit. well of the living One that seeth me,"(where explan., from story of Hagar); (all J); perhaps name of ancient shrine or holy place, לַחַי perhaps orig. i. לְחִי Jaw(-bone); on n.pr.loc. cpd. with לחי, γνάθος [gnathos], v. 𝔊 WeProl. 344 NesAm. J. Sem. Lang. xiii (1897), 176. cf. StaZAW ii, 347 & Di; W. of Kadesh, cf. Jer sub Barad, LagOnom. 101, 2nd ed. 135, v. Rowlands in Williams Holy City, 489 Trumbull Kadesh-Barnea 64.",Genesis 16:14; Genesis 24:62; Genesis 25:11; Judges 15:9; Genesis 16:14,
270,בְּאֵר שֶׁ֫בַע,1,locative (place name),,"Beersheba (well of seven, explained, as place of swearing by seven lambs, or, well of oath, v.; cf. same meaning otherwise derived )—בְּאֵר שֶׁבַע + 13 times, בְּאֵר־שֶׁבַע; בְּאֵר שָׁ֑בַע + 18 times; בְּאֵ֫רָה שֶׁבַע (ָה loc.) —south from Hebron, according to Onom. c. 20 miles LagOnom. 103, 234, 2nd ed. 138, 248; mod. Bîr-es-Seba, 12 h. from Hebron RobBR i. 204 f. Surveyiii. 394; (×2); in phrase מִדָּן וְעַד־בּ׳ from Dan to Beersheba (i.e. all the territory of Israel, v. ), & (only Ch) מִבְּאֵר שֶׁבַע וְעַד־דָּן from Beersheba to Dan.",Genesis 21:30; Genesis 21:31; Genesis 26:33; Genesis 26:33; Joshua 19:2; Genesis 21:14; Genesis 46:1; Genesis 21:14; Genesis 21:31; Genesis 21:32; Genesis 21:33; Genesis 22:19; Genesis 26:23; Genesis 26:33; Genesis 28:10; Genesis 46:1; Genesis 46:5; Joshua 15:28; Joshua 19:2; Judges 20:1; I Samuel 3:20; I Samuel 8:2; II Samuel 17:11; II Samuel 24:7; I Kings 19:3; II Kings 12:2; II Kings 23:8; Amos 5:5; I Chronicles 4:28; II Chronicles 19:4; II Chronicles 24:1; Nehemiah 11:27; Nehemiah 11:30; Amos 8:14; Judges 20:1; I Samuel 3:20; II Samuel 3:10; II Samuel 17:11; II Samuel 24:2; II Samuel 24:15; I Kings 5:5; I Chronicles 21:2; II Chronicles 30:5,"BDB, שְׁבוּעָה; BDB, דָּן"
271,בְּאֵרָה,1,masculine,,a Reubenite.,I Chronicles 5:6,
272,בְּאֵרִי,1,masculine,my well,the man from Beer? Nesl.c..,,
273,בְּאֵרֹת בְּנֵי־יַעֲקָן,1,locative (place name),,"(cf., where בני יעקן), a station of Isr. in desert, prob. in country of Horites, cf. Di.",Deuteronomy 10:6; Numbers 33:31; Numbers 33:32,
274,בָּבֶ֫ל,1,locative (place name),,"Babel, Babylon (in Assyrian written Bâb-ili, gate of god DlPa 212, cf. on other hand JenKosmol. 498)—c. ָהloc. בָּבֶ֫לָה +, בָּבֶ֑לָה + once מִכָּבֶ֫לָה;—the ancient capital of Babylonia, mod. Hillah, situated on Euphrates, in long. c. 44° 30’ E., and lat. c. 32° 50’ N.; (where name connected with בלל confuse, confound), both J, not elsewhere in Hex; + 31 times 2 K; 18 times Chr; late, viz.; (but here prob. not orig., cf. RSProph. vii. n. 5 & reff.); + 19 times Ez; (×2), + 165 times Je;—note especially אֶרֶץ בּ׳; also of land & people = realm, partic. in מֶלֶךְ בּ׳ of Merodach Baladan; v, (×2) + often of Nebuchadrezzar; = cf. v of Evil-Merodach; of Artaxerxes; the city personif. as בַּת בָּבֶל. (See DlPa 212 COT; KG 95.)",Ezekiel 12:13; II Kings 20:17; Jeremiah 27:16; Genesis 10:10; Genesis 11:9; II Kings 17:24; Esther 2:6; Psalms 87:4; Psalms 137:1; Psalms 137:8; Isaiah 2; Isaiah 3; Isaiah 13:1; Isaiah 13:9; Isaiah 14:4; Isaiah 14:22; Isaiah 21:9; Isaiah 39:1; Isaiah 39:3; Isaiah 39:6; Isaiah 39:7; Isaiah 43:14; Isaiah 47:1; Isaiah 48:14; Isaiah 48:20; Micah 4:10; Zechariah 2:11; Zechariah 6:10; Daniel 1:1; Ezekiel 12:13; Jeremiah 20:4; Jeremiah 20:5; Jeremiah 20:6; Jeremiah 50:28; II Kings 20:12; II Kings 20:18; II Kings 24:1; II Kings 24:7; II Kings 24:11; II Kings 24:12; II Kings 25:27; Jeremiah 52:31; Jeremiah 52:34; Nehemiah 13:6; Isaiah 47:1; Jeremiah 50:42; Genesis 11:9,
275,בִּגְוַי,1,masculine,"cf. Skr. bhagavân, happy?",,,
276,בִּגְתָא,1,masculine,Pers. cf.,a eunuch of Ahasuerus.,Esther 1:10,"BDB, אֲבַגְתָא"
277,בִּגְתָן,1,masculine,"Pers. bagadâna, gift of God?",a eunuch of Ahasuerus = בִּגְתָנָא.,Esther 2:21; Esther 6:2,
278,בְּדַד,1,masculine,,father of an Edom. ruler (הֲדַד) =.,Genesis 36:35; I Chronicles 1:46,
279,בֵּֽדְיָה,1,masculine,"'= עֲבֵדְיָה servant of י׳? 𝔊 Βαραια [Baraia], 𝔊L Βαδαια [Badaia]",an Israelite.,Ezra 10:35,
280,בְּדָן,1,masculine,'= עַבְדָּן?,,,
281,בִּדְקַר,1,masculine,,Isr. officer (v. ).,II Kings 9:25,"BDB, בֵּן²"
282,בֹּ֫הַן,1,masculine,"closing, covering?","אֶבֶן בּ׳ בֶּן־רְאוּבֵן, a mark of division between Judah & Benjamin.",Joshua 15:6; Joshua 18:17,
283,בּוּז³,1,masculine,"cf. Assyrian n.pr.loc. Bâzu DlPa 307; ZK 1885, 93 f.",,,
284,בּוּזִי²,1,masculine,,father of Ezekiel.,Ezekiel 1:3,
285,בַּוַּי,1,masculine,,"a Jew of Nehem.’s time = בִּנּוּי v which prob. read also v (𝔊 Βεδει, Βενει, Βεζερ [Bedei, Benei, Bezer]); cf. further SmListen 12.",Nehemiah 3:18; Nehemiah 3:24; Nehemiah 3:18,
286,בּוֹצֵץ,1,locative (place name),,"a rock by Michmash;—Βωσης [Bōsēs] LagOnom. 238, 2nd ed. 250.",I Samuel 14:4,
287,בּוֹר הַסִּרָה,1,locative (place name),,"(cistern of Sirah, Thes cist.declinationis, MV of the pot, v. )",II Samuel 3:26,"BDB, סִיר"
288,בִּזְּתָא,1,masculine,,"a eunuch of Ahasuerus, (Thes comp. Pers. beste, ligatus sc. membro, e.g. spado, cf. VullersDict. Pers. sub بَستَه [bastah] ).",Esther 1:10,
289,בֶּ֫טַח²,1,locative (place name),,"city of Hadadezer king of Zobah (but read rather טִבְחַת so; 𝔊 Sm Μασβακ [Masbak], 𝔊L Ματεβακ [Matebak]; 𝔊 Ch Μεταβηχας [Metabēchas], 𝔊L ταβααθ [tabaath]; cf. also We Dr).",II Samuel 8:8; I Chronicles 18:8,
290,בֶּ֫טֶן²,1,locative (place name),,"city in Asher (= depression, basin, valley? cf. Arabic بَطْنٌ [baṭnun], Lane220 col. 3) = Βατναί [Batnai], called Βεθβετεν [Bethbeten] cf. LagOnom. 236, 2nd ed. 249; 𝔊 Βαιθοκ [Baithok], 𝔊L Βετελ [Betel].",Joshua 19:25,
291,בֵּית אָ֫וֶן,1,locative (place name),"house of iniquity or idolatry? hardly likely unless as alteration of orig. בֵּית אוֹן, house of wealth or strength",eastward from Bethel; בֵּית־א׳ (on; v. infr.); site unknown.,Joshua 7:2; Joshua 18:12; I Samuel 14:23; I Samuel 13:5; Hosea 4:15; Hosea 5:8; Hosea 10:5,"BDB, בֵּֽיתְאֵל"
292,בֵּית אַֽרְבֵֿאל,1,locative (place name),,"perhaps Arbel near Pella (E. of Jordan) Jer Euseb. in LagOnom. 88, 2nd ed. 123; 214, 2nd ed. 236, cf. Now ad loc.; but in Galilee RobBR ii. 399, mod. Irbid, cf. FurrerZPV ii. 1879, 57 f.; BdPal. 257.",Hosea 10:14,
293,בֵּית בַּ֫עַל מְעוֹן,1,locative (place name),,"'= בַּעַל מְעוֹן; (MI בעל מען & בת בעל מען) = בֵּית מְעוֹן = בְּעֹן (read prob. מען; cf. DrSm lxviii.); city assigned to Reuben; possessed by Moab;—mod. Maʿîn TristrMoab 303 f. SchickZPV ii. 1879, 5 SurveyEP i. 176 BdPal. 192.",Joshua 13:17; Numbers 32:38; Ezekiel 25:9; I Chronicles 5:8; Jeremiah 48:23; Numbers 32:3; Joshua 13:17; Numbers 32:3; Numbers 32:38; I Chronicles 5:8; Jeremiah 48:23; Ezekiel 25:9,
294,בֵּית בָּרָה,1,locative (place name),,in combin. עַד בּ׳ בּ׳ וְאֶת־הַיַּרְדֵּן (×2) (? = בֵּית עֲבָרָה place of ford).,Judges 7:24,
295,בֵּית גָּמוּל,1,locative (place name),,"in Moab (place of recompense)—mod. Umm ej-Jemâl? BdPal. 203, 5 hours S. from Boṣra.",Jeremiah 48:23,
296,בֵּית הָאֵ֫צֶל,1,locative (place name),,"in Judah; dub., cf. sub, p. 69.",Micah 1:11,"BDB, אצל"
297,בֵּית הַגָּן,1,locative (place name),,"? 𝔊 Βαιθαν [Baithan] (Βαιατγαν [Baiatgan]), 𝔊L Βαιθωρων [Baithōrōn]; mod. Jenîn? v., sub, and; cf. StaGesch. i. 542.",II Kings 9:27,"BDB, גַּן²; BDB, גָּנַן; BDB, עֵין גַּנִּים"
298,בֵּית הַמֶּרְחָק,1,locative (place name),,"possibly n.pr.loc. house or settlement on bank of Kidron (RV Beth-merhak, cf. MV RVm Far House; Ew The Ke Sta the last house of the city).",II Samuel 15:17,
299,בֵּית הָעֵ֫מֶק,1,locative (place name),,"on border of Asher (valley-house). Surveyi. 145 comp. ʿAmka, 7 m. NE. of Akko (but v. RobBR iii. 103, 108).",Joshua 19:27,
300,בֵּית הָֽעֲרָבָה,1,locative (place name),place of the depression,"reckoned to Judah, to Benjamin = הָֽעֲרָבָה, הָֽעֲרָבָ֑תָה v; cf. also adj.gent. הָֽעַרְבָתִי (perhaps read בֵּית־הָֽע׳ Klo cf. Dr) =;—site unknown.",Joshua 15:6; Joshua 15:61; Joshua 18:22; Joshua 18:18; Joshua 18:18; II Samuel 23:31; I Chronicles 11:32,
301,בֵּית הַשִּׁטָּה,1,locative (place name),place of the acacia,(on site cf. RobBR ii. 356).,Judges 7:22,
302,בֵּית חָנָן,1,locative (place name),,in Dan. (Judah? Philistine territory) (where read וּב׳ ח׳ v. sub p. 19);—mod. Beit Ḥanûn cf. RobBR ii. 35.,I Kings 4:9,"BDB, אֵלוֹן²"
303,בֵּית לֶ֫חֶם,1,locative (place name),,,,
304,בֵּית נִמְרָה,1,locative (place name),,"E. of Jordan, in Gad (place of leopard) =; 𝔊 Ναμραμ, Βαιθαναβρα [Namram, Baithanabra], etc., v. also LagOnom. Sacr. 232, 2nd ed. 246;—mod. Tel Nimrîn SurveyEP i. 337 BdPal. 179, cf. also, & RobBR i. 551.",Numbers 32:36; Joshua 13:27; Isaiah 15:6,"BDB, נִמְרִים"
305,בֵּית פְּעוֹר,1,locative (place name),"'= בּ׳ בַּעַל פ׳, cf. sub","E. of Jordan, in land of Amorites cf. (where assigned to Reuben); in land of Moab. On site cf. Di LagOnom. 232. 2nd ed. 246 CondHeth & Moab 142 f. PEF1882, 85 f. TristrMoab 305.",Deuteronomy 3:29; Deuteronomy 4:46; Joshua 13:20; Deuteronomy 34:6; Numbers 23:28,"BDB, בַּעַל"
306,בֵּית רָפָא,1,locative (place name),,? in Judah; as n.pr.m..,I Chronicles 4:12,
307,בֵּית שֶׁ֫מֶשׁ,1,locative (place name),sun-temple,—בּ׳ שׁ׳ + 8 times; בּ׳־שׁ׳ + 6 times; בּ׳ שׁ֑מֶשׁ + 4 times;—,Joshua 19:22; Joshua 15:10; Joshua 19:38,
308,בֵּית־דָּגוֹן,1,locative (place name),,בֵּית דָּגֹן n.pr.loc.,Joshua 15:41; Joshua 19:27,
309,בֵּית־עַזְמָ֫וֶת,1,locative (place name),,near Jerusalem = עַזְמָ֫וֶת & עַזְמָ֑וֶת; cf. (where n.pr.m.);—mod. El-Ḥizmeh c. 5 m. NNE. of Jerus. according to RitterGeogr. xvi. 519 Surveyiii. 9.,Nehemiah 7:27; Ezra 2:24; Nehemiah 12:29; I Chronicles 12:13,
310,בֵּית־עֲנָת,1,locative (place name),,"in Naphtali (temple of ʿAnât NesEg 114 BaeRel 53 MeyZMG 1877, 718); בֵּית ע׳ v;—perhaps mod. Ain-Ata vdVeldeNarr. i. 170, 6 m. W. of Kedesh (name ʿAnata GuérinGal ii. 374; ʿAinîtha, Survey i. 200).",Joshua 19:38; Judges 1:33; Judges 1:33,
311,בֵּית־צוּר,1,locative (place name),,"in Judah (house of rock); as n.pr.m.;—mod. Beit Ṣûr, c. 12 m. S. from Jerusalem RobBR iii. 276 f. Surveyiii. 311 BdPal. 138.",Joshua 15:58; II Chronicles 11:7; Nehemiah 3:16; I Chronicles 2:45,
312,בֵּית־רְחוֹב,1,locative (place name),"place of street, or market?",near Dan on road to Hamath; (where אֲרַם בֵּית־רְחוֹב) = רְחֹב; cf. אֲרַם צוֹבָא וּרְחוֹב;—loc. dub. (cf. Robiii. 371 f.).,Judges 18:28; II Samuel 10:6; Numbers 13:21; II Samuel 10:8,
313,בַּ֫יִת²,1,locative (place name),,"c. art. הַבַּיִת according to Ew Brd Di al. n.pr.loc. but abbrev.; perhaps for בֵּית דִּבְלָתַיִם (so Ew al.) or בֵּית בָּמוֹת cf. MI27 (cf. De Di); others (Ges De Che Or) take הַבּ׳ here = the house, i.e. temple or shrine.",Isaiah 15:2; Jeremiah 48:22,
314,בְּכוֹרַת,1,masculine,first-born,Benjamite.,I Samuel 9:1,
315,בֹּכִים,1,locative (place name),,"near Pethel, אל־הַבֹּכִים, בֹּכִים v (cf. v ); 𝔊 τὸν Κλαυθμῶνα καὶ ἐμὶ Βαιθηλ [ton Klauthmōna kai emi Baithēl]; v Κλαυθμῶνες [Klauthmōnes] i.e. בְּכָיִם (𝔊L Κλαυθμών [Klauthmōn]);—on poss. connex. with אַלּוֹן בָּכוּת cf. Stu & WeBleek’s Einl. ed. 4, 183, Comp. Hex. 1889, 215; but perhaps read ביתאל instead of בכים in v, cf. We BuRS 20.",Judges 2:1; Judges 2:5; Judges 2:4; Judges 2:1; Judges 2:5; Genesis 35:8; Judges 2:1,
316,בֶּ֫כֶר,1,masculine,"young camel, Arabic بَكْرٌ [bakrun], Assyrian bakru Asrb.Annals ix. 65",—,,
317,בֹּֽכְרוּ,1,masculine,,"a Benjamite (on form cf., מְלִיכוּ, & Ol§ 107 ad fin. on Nab. n.pr. in ו v. EutNab24, 25, etc. & Nöib. 73 ff.) =.",I Chronicles 8:38; I Chronicles 9:44,"BDB, גַּשְׁמוּ"
318,בִּכְרִי,1,masculine,youthful,—,,
319,בֵּל²,1,masculine,,"a chief Babylonian deity (Bab. Bêlu = בַּעַל, lord; Bêl regarded as older form than בַּעַל by HptHbr i. 178; BAS i. 17) = Merodach (cf. מרדך), tutelary god of Babylon (to be distinguished from older Bêlu, one of ancient Babylonian triad) (‖ מְרֹדַךְ); (‖ נְבֹו)—both writers of Babylonian period;—on Bel v. COT; SayRel.Bab. 103, 110 JenKosmologie 24, 134, 307, 391.",Jeremiah 50:2; Jeremiah 51:44; Isaiah 46:1; Genesis 11:4; Judges 2:11,
320,בַּלְאֲדָן,1,masculine,"'= Bab. abal-iddina, he hath given a son COT","father of מְרֹדַךְ בַּלְאֲדָן king of Babylon (v. sub ) =; name prob. abbreviated by omission of name of god (v. ib. Merodach-baladan = Marduk-abal-iddina, Marduk hath given a son; cf. Esarhaddon, v. p. 64).",II Kings 20:12; II Kings 20:12; Isaiah 39:1,"BDB, מְרֹדַךְ; BDB, אֵסַרְחַדֹּן"
321,בֵּֽלְאשַׁצַּר,1,masculine,"Bêl-šar-uṣur, Bel, protect the king COT","represented as king of Babylon, successor, and appar. son of Nebucharezzar (, etc.); in cuneif. inscr. known only as prince, son of Nabonidus (last Shemitic king of Babylon), v. COT l.c.",Daniel 5:1; Daniel 8:1; Daniel 5:1; Daniel 5:2; Daniel 5:11,
322,בִּלְגָּה,1,masculine,cheerfulness,—,,
323,בִּלְגַּי,1,masculine,id.,priest with Neh..,Nehemiah 10:9,
324,בִּלְדַּד,1,masculine,"𝔊 Βαλδαδ [Baldad]; NöZMG 1888, 479 Bel has loved, cf.; DlPa 298; ZK ii. 177 comp. cuneif. Bir-Dadda, cf. HptHbr 1885, 224",2nd friend of Job (הַשֻּׁחִי) בּ׳ הַשּׁוּחִי.,Job 2:11; Job 8:1; Job 18:1; Job 25:1; Job 42:9,"BDB, אֶלְדָּד"
325,בָּלָה,1,locative (place name),,in Simeon.,Joshua 19:3,
326,בִּלְהָה,1,feminine,etym. dub.,"handmaid of Rachel, concubine of Jacob, (sons Dan & Naphtali) (prob. gloss, Ol).",Genesis 29:29; Genesis 30:3; Genesis 30:4; Genesis 30:5; Genesis 30:7; Genesis 35:22; Genesis 35:25; Genesis 37:2; Genesis 46:25; I Chronicles 7:13,
327,בִּלְהָן,1,masculine,,,,
328,בֵּלְטְשַׁאצַּר,1,masculine,,"בֵּלְטְאשַׁצַּר֑ (prob. = Bab. balâṭsu-uṣur, protect his life! COT Dl in BD Dn. p. ix; HoffmZA 1887, 56 conj. אצר בלט שׁ[ר] Balaṭ (= god Saturn?) protect the king!— conn. with Bel, but name then inexplicable), name given to Daniel by Neb.",Daniel 1:7; Daniel 10:1; Daniel 1:7; Daniel 4:5,
329,בֶּ֫לַע²,1,masculine,,,,
330,בֶּ֫לַע³,1,locative (place name),,city = צֹעַר q.v..,Genesis 14:2; Genesis 14:8,
331,בִּלְעָם,1,masculine,,"Balaam (according to Sta§ 293 = בלע + ם; NbrStud. Bib. i, 226 proposes בל = בעל + (god) עם), son of בְּעוֹר, prophet from פְּתוֹר (q.v.):—, + 47 times (all JE), (P), (D) (cf. RD ), (E).",Numbers 22:5; Numbers 22:7; Numbers 22:8; Numbers 22:9; Numbers 22-24; Numbers 31:8; Numbers 31:16; Deuteronomy 23:5; Deuteronomy 23:6; Joshua 13:22; Joshua 24:9; Joshua 24:10; Micah 6:5; Nehemiah 13:2,
332,בִּלְעָם²,1,locative (place name),,"town in Manasseh; A Ιβλααμ [Iblaam], 𝔊L Ιεβλααμ [Ieblaam] = יִבְלְעָם (q.v.) + 2 times mod. Belʿame, 6 hours N. of Nâblus, BdPal. 228, so Surveyii. 47.",I Chronicles 6:55; Joshua 17:11,
333,בָּלָק,1,masculine,devastator,"king of Moab, בּ׳ בֶּן צִפּוֹר, + 37 times (all JE) + (E).",Numbers 22:2; Numbers 22:4; Numbers 22:7; Numbers 22-24; Joshua 24:9; Judges 11:25; Micah 6:5,
334,בִּלְשָׁן,1,masculine,'= inquirer? NH & Aramaic בלשׁ; cf. sub,an Israelite who returned with Zerubbabel =.,Ezra 2:2; Nehemiah 7:7,"BDB, בֵּן²"
335,בֶּן־אֲבִינָדָב,1,masculine,?,(son of Abinadab) an officer of Solomon; but cf. p. 4.,I Kings 4:11,"BDB, אֲבִינָדָב"
336,בֶּן־אוֹנִ֑י,1,masculine,son of my sorrow,Rachel’s name for Benjamin (cf. infr.).,Genesis 35:18,
337,בֶּן־גֶּ֫בֶר,1,masculine,"son of a man, or of Geber",an officer of Solomon.,I Kings 4:13,
338,בֶּן־דֶּ֫קֶר,1,masculine,?,(son of Deker) an officer of Solomon.,I Kings 4:9,
339,בֶּן־הֲדַד,1,masculine,"appar. son of (god) Hadad = Aramaic ܒܰܪ ܗܰܕܰܕ [בר הדד] 𝔖 ܒܰܪ ܗܳܕܳܕ [בר הדד] PS cf. BaeRel. 168; also Bab. Bin-addu-natan etc., PinchesPB Feb. 1883, 71; Assyrian Bir-Dadda COT HptHbr 1885, 224, but cf. 𝔊 νἱὸς Ἄδερ [nios Ader], & DlZK ii. 1885, 161 f.; v. also SchrKG 375 ff. 538 f.",name for king of Aram; in partic.;—,I Kings 20:1; Jeremiah 49:27,
340,בֶּן־חוּר,1,masculine,son of Chur,an officer of Solomon.,I Kings 4:8,
341,בֶּן־חָנָן,1,masculine,,one of tribe of Judah.,I Chronicles 4:20,
342,בֶּן־חֶ֫סֶד,1,masculine,son of mercy,an officer of Solomon.,I Kings 4:10,
343,בֶּן־עַמִּי,1,masculine,son of my people,"son of Lot by his younger daughter, and ancestor of the Ammonites (בְּנֵי־עַמּוֹן v. ).",Genesis 19:38,"BDB, עַמּוֹן"
344,בֵּן²,1,masculine,,"a Levite, but del. 𝔊 Be Öt cf. v.",I Chronicles 15:18; I Chronicles 15:20,
345,בְּנוֹ,1,masculine,,"as n.pr.m. in AV RV, but render: the sons of Jaaziah his son, & the sons of Merari by Jaaziah his son, cf. VB & Be Öt.",I Chronicles 24:26; I Chronicles 24:27,
346,בִּנּוּי,1,masculine,,,,
347,בָּנִי,1,masculine,,,,
348,בֻּנִּי,1,masculine,,,,
349,בְּנָיָ֫הוּ,1,masculine,"Yah hath built up, cf. יבנאל, Sab. בנאל DHMZMG 1883, 15",—,,
350,בִּנְיָמִין,1,masculine,,+; usually בִּנְיָמִן n.pr.m.166 (son of (the) right hand)—,Genesis 35:18,
351,בְּנִ֑ינוּ,1,masculine,our son? Ol§ 277 b. p. 613,a Levite.,Nehemiah 10:14,
352,בִּנְעָא,1,masculine,,a descendant of Jonathan.,I Chronicles 8:37; I Chronicles 9:43,
353,בְּסוֹדְיָ֑ה,1,masculine,? in the secret of Yah,Israelite in Nehemiah’s time.,Nehemiah 3:6,
354,בֵּסַי,1,masculine,,"head of a family of Nethinim, בְּנֵי־בֵסַי = ב׳־בֵסָ֑י.",Nehemiah 7:51; Ezra 2:49,
355,בְּעוֹר,1,masculine,a burning; 𝔗 torch,—,,
356,בֹּ֫עַז,1,masculine,quickness?,—,,
357,בַּ֫עַל,2,locative (place name),,city in the tribe of Simeon = בַּעֲלַת בְּאֵר.,I Chronicles 4:33,
358,בַּ֫עַל,4,masculine,,,,
359,בַּ֫עַל חָנָן,1,masculine,"Baal is gracious, cf. Ph. חנבעל&(in Assyrian) Baalḫanunu",,,
360,בַּ֫עַל חֶרְמוֹן,1,locative (place name),,"a city so named as seat of the worship of Baal. ‘The crest of Hermon is strewn with ruins and the foundations of a circular temple of large hewn stones,’ TristrTpg., cf. on sacredness, Euseb. LagOnom 217: possibly = בעל גד q.v.",Judges 3:3; I Chronicles 5:23,
361,בַּ֫עַל מְעוֹן,1,locative (place name),,'= בית בעל מעון (cf. MI30) = Maʿîn TristrMoab 316 BdPal. 192 SurveyEP 176.,Numbers 32:38; I Chronicles 5:8; Ezekiel 25:9; Joshua 13:17,
362,בַּ֫עַל פְּעוֹר,1,masculine,,"(×2), Baal of Peor (VB) i.e. worshipped at פְּעוֹר q.v.; or Baal-P. (whence Peor as n.pr.loc.); cf. Di BaudStud. ii. 233 BaeRel 14, 210.",Numbers 25:3; Numbers 25:5; Deuteronomy 4:3; Psalms 106:28; Hosea 9:10; Numbers 25:3,
363,בַּ֫עַל תָּמָר,1,locative (place name),possessor of palms; or Baal of Tamar?,near Gibeah.,Judges 20:33,
364,בַּעֲלָה²,1,locative (place name),,"'= קִרְיַת בַּעַל; (city of Baal, from a high place of Baal there) = בַּעֲלֵי יְהוּדָה (We Dr read בעל; י added by dittogr.; so-called as seat of Baal-worship in Judah, in distinct. from like places elsewhere) = קִרְיַת יְעָרִים v.; a city of Judah;? Kirjat elʿEnab RobBR ii. 11 TristrTpg..",Joshua 15:9; Joshua 15:10; Joshua 15:11; Joshua 15:29; I Chronicles 13:6; Joshua 15:60; Joshua 18:14; II Samuel 6:2; Joshua 9:17; Joshua 15:9; I Chronicles 13:6,
365,בַּעֲלִיס,1,masculine,"GrMonatsschrift, 1885, 471 reads בַּעְלִיס; = בֶּן־עֲלִיס son of delight? cf. sub","king of Ammonites (Codd. & JosAnt.. x, 9, 2 read בעלים).",Jeremiah 40:14,"BDB, בְּ"
366,בַּעֲלָת,1,locative (place name),,"a city of Dan, possibly Balʿaîn Surveyii. 296.",Joshua 19:44; I Kings 9:18; II Chronicles 8:6,
367,בַּעֲלַת בְּאֵר,1,locative (place name),mistress of a well,"'= Ramath Negeb, a city of Simeon = ii. בַּעַל; mod. Kurnub according to TristrTpg. but dub.",Joshua 19:8,
368,בַּעֲנָא,1,masculine,? בֶּן־עָנָה son of distress,—,,
369,בַּעֲנָה,1,masculine,? id.,—,,
370,בַּעֲרָא,1,feminine,,wife of a Benjamite.,I Chronicles 8:8,
371,בַּעְשָׁא,1,masculine,,"a king of Israel, + 18 times +.",I Kings 15:16; I Kings 15:17; I Kings 15:19; I Kings 15-16; I Kings 21:22; II Kings 9:9; II Chronicles 16:1; II Chronicles 16:3; II Chronicles 16:5; II Chronicles 16:6; Jeremiah 41:9,
372,בַּעֲשֵׂיָה,1,masculine,? = מַעֲשֵׂיָה; so Thes; cf. DrSm lxviii,a Levite;—cf. sub.,I Chronicles 6:25,"BDB, (ו)יעשׂו; BDB, עָשָׂה"
373,בְּעֶשְׁתְּרָה,1,locative (place name),"? = בֵּית עשׁתרה = house of Ashtoreth, cf. sub",a Levitical city in Manasseh; = עַשְׁתָּרוֹת,Joshua 21:27; I Chronicles 6:56,"BDB, בַּ֫יִת"
374,בְּצַלְאֵל,1,masculine,"in the shadow (protection) of Ēl; cf. cuneif. Sil-Bêl, a king of Gaza, COT",—,Joshua 11:22,
375,בַּצְלוּת,1,masculine,stripping,—head of Isr. fam. at return from exile; בני־ב׳ = Kt; בַּצְלִית Qr.,Ezra 2:52; Nehemiah 7:53; Nehemiah 7:53,
376,בְּצַעֲנַנִּים,1,locative (place name),,perhaps n.pr.loc. in Naphtali: אֵלוֹן ב׳. Cf. צענים.,Joshua 19:33; Judges 4:11,
377,בֶּ֫צֶר²,3,locative (place name),,city in Reuben (MI בצר).,Deuteronomy 4:43; Joshua 20:8; I Chronicles 6:63,
378,בֶּ֫צֶר²,5,masculine,,a descendant of Asher.,I Chronicles 7:37,
379,בָּצְרָה²,1,locative (place name),,,,
380,בֻּקִּי,1,masculine,id.,—,,
381,בֻּקִּיָּ֫הוּ,1,masculine,proved of י׳,"Levite, son of Heman; son of Asaph (?) v.",I Chronicles 25:4; I Chronicles 25:13,
382,בְּרֹאדַךְ בַּלְאֲדָן,1,masculine,,v. sub.,,"BDB, מְרֹדַךְ"
383,בֶּ֫רֶד,2,locative (place name),,בָּ֑רֶד near Kadesh.,Genesis 16:14,
384,בֶּ֫רֶד,4,masculine,,בֶּ֫רֶד an Ephraimite.,I Chronicles 7:20,
385,בָּרוּךְ,1,masculine,blessed,,,
386,בֵּרוֹ֫תָה,1,locative (place name),,"near Hamath (contr.from בְּאֵרוֹתָה?), cf. foll.;—hardly = Berytus (Beirût) with wh. form of name might agree v. Steph. Byzant. al. in MoversPhen. ii. i, 110 n.; perhaps Bereitān near Baalbek, v. Furrer ZPV viii, 34.",Ezekiel 47:16,
387,בַּרְזִלַּי,1,masculine,"man of iron no adj. from names of metals; perhaps Aramaic, and בַּר = son, NesZPV xv. 257; AJSL, Apr. 1897, 173",,,
388,בְּרִיחַ,1,masculine,,son of Shemaiah.,I Chronicles 3:22,
389,בְּרִיעָה,1,masculine,,,,
390,בָּרַכְאֵל,1,masculine,"̄El doth bless, cf. Ph. ברכבעל, Palm. בלברך Vog117, Bab. Bariki-ili OppJAs 1887 Nov.–Dec., 536 f.",father of Elihu.,Job 32:2; Job 32:6,
391,בְּרָכָה,2,locative (place name),,Valley in wilderness by Tekoa (×2) mod. Bereikût cf. Be & reff.,II Chronicles 20:26,
392,בְּרָכָה,4,masculine,,one of David’s band.,I Chronicles 12:3,
393,בֶּ֫רַע,1,masculine,,king of Sodom ( √ unknown; 𝔊 Βαλλα [Balla]).,Genesis 14:2,
394,בָּרָק²,1,masculine,"lightning-flash, cf. Pun. Barcas, surname of Hamilear, cf. NeposHamilcar 1, 1; Sab. ברקם DHMZMG, 1875, 592; Palm. ברק VogPalm. 76","son of Abinoam, & leader of Israel, (×2).",Judges 4:6; Judges 4:8; Judges 4:9; Judges 4:10; Judges 4:12; Judges 4:14; Judges 4:15; Judges 4:16; Judges 4:22; Judges 5:1; Judges 5:12; Judges 5:15,
395,בַּרְקוֹס,1,masculine,√ & meaning unknown; Bab. Barḳûsu DlPr 212,"head of a family of Nethinim, בני־־ב׳ =.",Ezra 2:53; Nehemiah 7:54,
396,בִּרְשַׁע,1,masculine,√ & meaning unknown,king of Gomorrah.,Genesis 14:2,
397,בֵּרֹתַי,1,locative (place name),,belonging to Hadabezer of Zoba; perhaps = foregoing.,II Samuel 8:8,
398,בִּשְׁלָם,1,masculine,'= בֶּן־שְׁלָם son of peace? cf. sub,a Persian officer in Canaan.,Ezra 4:7,"BDB, בֵּן"
399,בָּֽשְׂמַת,1,feminine,perfume?,—,,
400,בָּשָׁן,1,territorial (land/region) (m),,"Dt 3:3 (smooth (& fertile) land) Bashan, first mentioned as kingdom of Og, E. of Jordan, stretching from stream Jabboḳ (thus including northern Gilead) northward to Hermon, between Gennesaret (W) and mts of Hauran (E); cf. Di Wetzst Hauran 82; later a type of fertility;—usually c. art. הַבּ׳ (×2); + 30 times Dt Jos; (‖ הַכַּרְמֶל), (‖ id.), ) (‖ id.; personif., subj. of אֻמְלַל), (‖ id.; personif. subj. of נֹעֵר); הַר־בָּשָׁן (i.e. range of Hauran) (×2) (called הַר־אלהים,—from a sanctuary there?—& הַר־גַּבְנֻנִּים many-peaked mt.); of stately trees אַלּוֹנֵי הַבּ׳ (still seen on western slope of mts. of Hauran, Wetzst Hauran 88); אַלּוֹנֵי ב׳ (fig. of prominent men); אַלּוֹנִים מִבּ׳; of bulls אַבִּירֵי ב׳ (‖ פָּרִים, fig.); so בְּנֵי־ב׳ (+ כָּרִים וְאֵילִים also עַתּוּדִים, cf. & v a; vid. 1. j. (ν [n])); appar. more general is מְרִיאֵי ב׳ (ref. to אֵילִים כָּרִים וְעַתּוּדִים פָּרִים … כֻּלָּם); once of kine (fem., fig. of luxurious and haughty women of Samaria) פָּרוֹת הַבּ׳.",Numbers 21:33; Numbers 21:33; Numbers 32:33; Deuteronomy 1:4; I Kings 4:13; I Kings 4:19; II Kings 10:33; I Chronicles 5:11; I Chronicles 5:12; I Chronicles 5:16; I Chronicles 5:23; I Chronicles 6:47; I Chronicles 6:56; Nehemiah 9:22; Psalms 68:23; Psalms 135:11; Psalms 136:20; Jeremiah 22:20; Jeremiah 50:19; Micah 7:14; Nahum 1:4; Isaiah 33:9; Psalms 68:16; Isaiah 2:13; Zechariah 11:2; Ezekiel 27:6; Psalms 22:13; Deuteronomy 32:14; Ezekiel 39:18; Amos 4:1,"BDB, בָּקָר; BDB, צֹאן; BDB, בֵּן"
401,בַּת,19,feminine,,"רִבְקָה בַּת־בְּתוּאֵל (as more precise designation) cf., (×2) also (×2); +; note especially †בַּת־פַּרְעֹה (without personal name), cf.; בַּת־אִישׁ כְּנַעֲנִי וּשְׁמוֹ שׁוּעַ cf. v (but cf. sub בַּת־שׁוּעַ n.pr.f. infr.)",Genesis 25:20; Genesis 24:23; Genesis 24:24; Genesis 24:47; Genesis 26:34; Genesis 29:10; Exodus 2:5; Exodus 2:7; Exodus 2:8; Exodus 2:9; Exodus 2:10; I Kings 3:1; I Kings 7:8; I Kings 9:24; I Kings 11:1; II Chronicles 8:11; Genesis 38:2; Genesis 38:12; I Chronicles 2:3,
402,בַּת־רַבִּים,1,locative (place name),daughter of multitudes,"appellation of populous city of Heshbon, or of its gate, (‖ חֶשְׁבּוֹן).",Song of Songs 7:5,
403,בַּת־שֶׁ֫בַע,1,feminine,daughter of oath? cf. אֱלִישֶׁ֫בַע,"wife of Uriah; afterwords of David, & mother of Solomon; בַּת־שָׁ֑בַע; cf. also foll.",II Samuel 11:3; Psalms 50:2; II Samuel 12:24; I Kings 1:11; I Kings 1:15; I Kings 1:16; I Kings 1:31; I Kings 2:13; I Kings 2:18; I Kings 2:19; I Kings 1:28,
404,בְּתוּאֵל,1,masculine,? = מְתוּאֵל man of God,"(J) son of Nahor, neph. of Abr., living in Aramaic-Naharaim, in city of Nahor, (P) Aramaean of Paddan-Aramaic.",Genesis 22:22; Genesis 22:23; Genesis 24:15; Genesis 24:24; Genesis 24:47; Genesis 24:50; Genesis 25:20; Genesis 28:2; Genesis 28:5,
405,בְּתוּאֵל²,1,locative (place name),,in Simeon = בְּתוּל; כְּסִיל; בֵּיתְאֵל (v. p. 111 supr.); yet cf. LagBN 64; site unknown.,I Chronicles 4:30; Joshua 19:4; Joshua 15:30; I Samuel 30:27,
406,בִּתְיָה,1,feminine,'= בַּת יָהּ i.e. worshipper of Yah? cf. Ph. n.pr.f. בתבעל,"wife of Mered of Judah, called בַּת־פַּרְעֹה.",I Chronicles 4:18,
407,גְּאוּאֵל,1,masculine,majesty of Ēl,the spy of the tribe of Gad.,Numbers 13:15,
408,גֹּב,1,locative (place name),,v. sub.,,"BDB, גבב"
409,גֹּב²,1,locative (place name),,"גּוֹב v n.pr.loc. (cf. Aramaic גֻּבָּא den, and ܓܘܽܒܳܐ [גובא], Arabic جُبٌّ [jubbun], Ethiopic ግብ Assyrian gubbu, well, cistern, v. )—field of battle with Philistines = גֶּזֶר in ‖ (so here Th Ew; cf. ), but = גַּת 𝔊 𝔖 (𝔊L Γαζεθ [Gazeth]); (om. ‖ ), 𝔊 Ρομ, Ροβ [Rom, Rob]; Klo Gath; in v We Dr (q.v.) read בְּגֹב for בְּנֹב; site of Gob (si vera l.) unknown.",II Samuel 21:18; II Samuel 21:19; II Samuel 21:18; I Chronicles 20:4; Joshua 10:33; II Samuel 21:18; II Samuel 21:9; I Chronicles 20:5; II Samuel 21:16,"BDB, גבב"
410,גְּבַל,1,locative (place name),,maritime city on the Pheuician coast; (Ph. גבל = Byblus (Sm Di ); in Assyrian Gubli COTGloss.); mod. Jebeil BdPal 358; v. also FurrerZPV viii. 20.,Ezekiel 27:9; Joshua 13:5,
411,גְּבָל,1,locative (place name),"'= Arabic جِبَال [jibāl], Γεβαληνη [Gebalēnē]","mountainous region S. of Dead Sea, 𝔗 Seir, cf. JosAnt. ii, 1, 2; ix, 9, 1; גבָל ועמון ועמלק;—mod. Jibâl; Seetzen ii. 357 BurckhTravels 401 RobBR ii, 154.",Psalms 83:8,
412,גֶּ֫בַע,1,locative (place name),,"—ג׳ abs. +; cstr. +; גָּ֑בַע +;—Levitical city, in Benjamin = cf.; also &, MT, in all three read (גִּבְעַת) גִּבְעָה, cf. context;—northernmost city in kingdom of Judah from Geba to Beersheba, cf.; situated S. of pass of Michmash cf.; mentioned also; in 𝔊 We Dr read הַגֶּבַע for MT גְּבוּל q.v.; ( read גבעון with 𝔊 and ).—Mod. Jebaʿ RobBR i. 440 f. BdPal 120.",Joshua 21:17; Judges 20:10; Joshua 18:24; Joshua 21:17; I Chronicles 6:45; Joshua 18:24; I Chronicles 8:6; I Kings 15:22; Nehemiah 11:31; I Samuel 13:16; Judges 20:10; Judges 20:33; II Kings 23:8; Zechariah 14:10; Isaiah 10:29; I Samuel 14:5; I Samuel 13:3; II Chronicles 16:6; Ezra 2:26; Nehemiah 7:29; Nehemiah 12:29; I Samuel 13:18; II Samuel 5:25; I Chronicles 14:16,
413,גִּבְעָא,1,masculine,,a son of Caleb.,I Chronicles 2:49,
414,גִּבְעָה²,1,locative (place name),hill,—ג׳ +; (הַ)גִּבְעָ֫תָה + 5 times; גִּבְעַת; cstr. גִּבְעַת + 9 times; abs. always c. art. except;—,Joshua 15:57; Judges 20:4; Joshua 18:28; I Samuel 11:4; Joshua 15:57; Joshua 18:28; Judges 19:12; Judges 20:31; I Samuel 10:26; II Chronicles 13:2,
415,גִּבְעוֹן,1,locative (place name),,"—ג׳ +; c. ָה loc., גִּבְע֫וֹנָה cf.;—Levitical city in tribe of Benjamin; formerly inhabited by Hivites, (pool of Gibeon) v; (great waters which are in Gibeon) v; vid. especially יוֹשְׁבֵי ג׳, אַנְשֵׁי ג׳ (called Hivites ), so בְּנֵי ג׳ (= בְּנֵי גִבָּר, v. ); cf. also as n.pr.m. וּבְגִבְעוֹן יָֽשְׁבוּ אֲבִי גִבְעוֹן =; cf. מִדְבַּר ג׳, עֵמֶק בְּג׳; it was the site of a great Bamah, where was ‘the tabernacle of Yahweh in the high place’ according to, cf..",Joshua 9:17; II Samuel 12; I Kings 3:4; Joshua 9:17; Joshua 10:2; Joshua 10:4; Joshua 10:5; Joshua 10:10; Joshua 10:12; Joshua 10:41; Joshua 11:19; Joshua 18:25; Joshua 21:17; II Samuel 2:12; II Samuel 2:13; II Samuel 2:16; II Samuel 3:30; II Samuel 20:8; Jeremiah 28:1; Jeremiah 41:12; Jeremiah 41:16; I Chronicles 14:16; Joshua 9:3; Joshua 9:7; Joshua 10:1; Joshua 10:6; Joshua 11:19; Nehemiah 3:7; Nehemiah 7:24; Ezra 2:20; I Chronicles 8:29; I Chronicles 9:35; II Samuel 2:24; Isaiah 28:21; I Kings 3:4; I Kings 3:5; I Kings 9:2; I Chronicles 16:39; I Chronicles 21:29; II Chronicles 1:3; II Chronicles 1:13,"BDB, גִּבָּר"
416,גִּבְעַת,1,locative (place name),"Ges§ 80, R. 2","v. foregoing, 2.",,
417,גִּבָּר,1,,Aramaic id. = hero,prob. = גִּבְעוֹן.,Ezra 2:20; Nehemiah 7:24,
418,גֶּ֫בֶר²,1,masculine,,"an official of Solomon (cf. v, p. 122 supr.)",I Kings 4:19; I Kings 4:13,"BDB, בֶּן־גֶּ֫בֶר"
419,גַּבְרִיאֵל,1,masculine,man of Ēl,an archangel; (cf. Lu 1:19).,Daniel 8:16; Daniel 9:21,
420,גִּבְּתוֹן,1,locative (place name),"mound, height, cf. 𝔗 גִּבְבָא ridge","Philistine city (×2); assigned to Dan, and to Levites: site unknown; cf. LagOnom. 246, 2nd ed. 255.",I Kings 15:27; I Kings 16:15; I Kings 16:17; Joshua 19:44; Joshua 21:23,
421,גָּד,1,masculine,"fortunatus? perhaps der. from foreg. divine name SiegfJPTh 1875, 364 StaGesch. i. 148; but v. also BaeRel. 159 f.","—גָּ֥ד +, as well as גָּד֑ +;—",Genesis 35:26; Genesis 30:11,
422,גַּד³,4,masculine,,"god of fortune (Arabic جَدّ [jadd] WeSkizzen iii. 171; גד named often in Ph. & Aramaic inscript., & found in Ph. & Aramaic n.pr., BaeRel 76 f. NöZMG 1888, 479; v. especially SiegfJPTh 1875, 356 ff.)—c. לְ + art. לַגַּד cf. Che.",Isaiah 65:11,
423,גֻּדְגֹּ֫דָה,1,locative (place name),,c. art. הַגֻּדְגֹּ֫דָה n.pr.loc. (meaning dub.) station of Israel in wilderness (×2) (in ‖ חֹר הַגִּדְגָּ֑ד v. sub ).,Deuteronomy 10:7; Numbers 33:32,"BDB, חֹר³"
424,גַּדִּי,1,masculine,my fortune,a man of Manasseh.,Numbers 13:11,
425,גָּדִי²,1,masculine,,"father of Menahem, (cf. גדו (? גדי) n.pr.m. EutNab No. 25; Palm. גדיא n.pr.m. VogNo. 32).",II Kings 15:14; II Kings 15:17,
426,גַּדִּיאֵל,1,masculine,Ēl is my fortune,a man of Zebulun.,Numbers 13:10,
427,גִּדֵּל,1,masculine,very great,—,,
428,גְּדַלְיָה,1,masculine,Yah is great,—,,
429,גְּדַלְיָ֫הוּ,1,masculine,Yah(u) is great,—,,
430,גִּדְעוֹן,1,masculine,,"judge of Israel, + 36 times;—called also יְרֻבַּעַל (q.v.); etc., & יְרֻבֶּשֶׁת (q.v.).",Judges 6:11; Judges 6:13; Judges 6:19; Judges 6-8; Judges 6:32; Judges 7:1; II Samuel 11:21,
431,גִּדְעֹם,1,locative (place name),,marking limit of pursuit of Benjamites by rest of Israel.,Judges 20:45,
432,גִּדְעֹנִי,1,masculine,,a Benjamite; גִּדְעוֹנִי (always אֲבִידָן בֶּן־גּ׳).,Numbers 1:11; Numbers 2:22; Numbers 7:60; Numbers 7:65; Numbers 10:24,
433,גֶּ֫דֶר,1,locative (place name),,Canaanitish city. Γαδερ [Gader] A & 𝔊L also Euseb LagOnom.244 2nd ed. 254 = גָּדֵר? LagBN 76; cf. infr.; possibly = בֵּית גָּדֵר (v. p. 111).,Joshua 12:13; I Chronicles 2:51,"BDB, גְּדֵרִי"
434,גּוֹג,1,masculine,√ unknown,—,,
435,גּוֹזָן,1,locative (place name),Assyrian Guzana COT DlPa 184,"city and district of Mesopotamia, on or near the middle course of the Euphrates, through which the river Chabur (חָבוֹר) flowed; thither some of the exiled Israelites were brought [by Sargon, b.c. 722–21]: גּוֹזָן =; חָבוֹר נְהַר גּוֹזָן; וְחָבוֹר וְהָרָא וּנְהַר גּוֹזָן where Chabur is separated entirely from the river of Gozan (v. חבור).",II Kings 17:6; II Kings 19:12; Isaiah 37:12; II Kings 17:6; II Kings 18:11; I Chronicles 5:26,
436,גּוֹיִם,1,gentilic (people group),,"in phr. תִּדְעָל מֶלֶךְ גּוֹיִם Tidʿal king of Goim; prob. a Babylonian (Elamitic, etc.) name corrupted; H. Rawlinson proposes Gutî, a people NE. of Babylonia, COT on; also KGF 258 al.; cf. also DlPa 233 f.",Genesis 14:1; Genesis 14:9; Genesis 14:1,
437,גּוֹלָן,1,locative (place name),"? connected with √ גול, Arabic جَالَ [jāla] go about, around; جَوْلٌ [jawlun] circuit; cf. Ph. גול n.pr. insul.; also גָּלִיל, גְּלִילָה","city of Manasseh in Bashan, named as a city of refuge cf.; both Qr (Kt גלון); given to sons of Gershom son of Levi according to; Euseb. knew it as a very large village Γαυλὼν ἢ Γωλάν [Gaulōn ē Gōlan] LagOnom. 242, 2nd ed. 253; district of same name ib., JosephusAnt. viii, 2, 3 etc. Gaulanitis, mod. Jaulân RobBR ii, 432 BdPal. 270 SchumacherZPV 1886 = Jaulân 1888, according to most, name applied first to city, thence to district, but perhaps otherwise if above deriv. be correct.",Deuteronomy 4:43; Joshua 20:8; Joshua 21:27; I Chronicles 6:56,
438,גּוּנִי,1,masculine,,,,
439,גּוּר²,1,locative (place name),"sojourning, dwelling","מַעֲלֵה־ג׳ אשׁר את־יִבְלְעָם, otherwise unknown.",II Kings 9:27,
440,גָּזֵז,1,masculine,,"son of עֵיפָה, concub. of Caleb (×2); v b says that חָרָן son of עיפה (and Caleb?) begat Gazez.",I Chronicles 2:46,
441,גַּזָּם,1,masculine,,head of a family of returned exiles בְּנֵי ג׳ =.,Ezra 2:48; Nehemiah 7:50,
442,גֶּ֫זֶר²,1,locative (place name),portion,"Levitical city on border of Ephraim; גָּ֑זֶר; (×2) cf.; c. ה—ָ loc. גָּ֑זְרָה;—cuneiform Gazri, BezTell el-Amarna Tabl. BM. 148; mod. Tell-Jezer, c. 18 m. N. of W. from Jerus., S. of the Jaffa road; Gann in PEF 1873, 78 f.; 1875, 74 f. cf. BdPal. 17.",Joshua 10:33; Joshua 12:12; Joshua 21:21; I Kings 9:16; I Chronicles 6:52; I Chronicles 7:28; I Chronicles 20:4; Joshua 16:3; Joshua 16:10; Judges 1:29; II Samuel 5:25; I Kings 9:15; I Kings 9:17; I Chronicles 14:16,
443,גַּ֫חַם,1,masculine,flame?,"a son of Nahor, brother of Abraham, by רְאוּמָה his concubine.",Genesis 22:24,
444,גַּ֫חַר,1,masculine,,head of a family of returned exiles בְּנֵי־ג׳ = בְּנֵי־גָחַ֑ר.,Ezra 2:47; Nehemiah 7:48,
445,גִּיחַ²,1,locative (place name),from a spring?,near Gibeon in Benjamin.,II Samuel 2:24,
446,גִּיחוֹן,1,river,a bursting forth,—,,
447,גֵּיחֲזִי,1,masculine,valley of vision?,"servant of Elisha, גֵיחֲזִי; גֵּחֲזִי.",II Kings 4:12; II Kings 4:14; II Kings 4:25; II Kings 4:27; II Kings 4:29; II Kings 4:36; II Kings 5:20; II Kings 5:21; II Kings 4:31; II Kings 5:25; II Kings 8:4; II Kings 8:5,
448,גִּינַ֑ת,1,masculine,,father of Tibni.,I Kings 16:21; I Kings 16:22,
449,גַּל²,9,,,"heap or pile made (עשׂה) for use in ratifying compact of Jacob with Laban (×2), (×3) cf. also n.pr.",Genesis 31:46; Genesis 31:48; Genesis 31:51; Genesis 31:52,"BDB, גַּלְעֵד"
450,גִּלְבֹּעַ,1,locative (place name),,"Gilboaʿ (derivation unknown), mountain-ridge at S.E. end of plain of Jezreel, where Saul & Jonathan were killed; usually c. art. הַר הַגּ׳; הָרֵי בַּגִּלְבֹּעַ (David’s lament); בַּגּ׳ alone; without art. הַר גִּלְבֹּעַ, (‖, supr.);—mod. Jebel Fuḳûʿa BdPal. 244.",I Samuel 31:1; I Samuel 31:8; II Samuel 1:6; II Samuel 1:21; I Samuel 28:4; II Samuel 21:12; I Chronicles 10:1; I Chronicles 10:8; I Samuel 31:1; I Samuel 31:8,
451,גִּלְגָּל²,1,locative (place name),"'= (sacred) circle of stones; cf. Di on, where word-play on roll away, off",—c.art.except;—,Joshua 5:9; Joshua 5:9; Joshua 12:23,
452,גְּלִילָה,1,locative (place name),,"n.f. circuit, boundary, territory —ג׳; elsewhere pl. cstr. גְּלִילוֹת;—belonging to a people כָּל־גְּלִילוֹת הַפְּלִשְׁתִּים cf. (כֹּל ג׳ פְּלָ֑שֶׁת); so ג׳ הַיַּרְדֵּן, according to some, but v. foll.; abs. הַגּ׳ הַקַּדְמוֹנָה; as n.pr.loc. Galilee, 𝔊 Γαλιλαια [Galilaia] (‖ כֹּל אֶרֶץ נַפְתָּלִי) cf. ii..",Ezekiel 47:8; Joshua 13:2; Joshua 22:10; Joshua 22:11; Joel 4:4; Joshua 13:2; Joel 4:4; Joshua 22:10; Joshua 22:11; Ezekiel 47:8; II Kings 15:29,"BDB, גָּלִיל²"
453,גְּלִילוֹת,1,locative (place name),"strictly pl. of foreg.; prob. = circles of stones, 𝔙 tumuli, cf. Di",,,
454,גַּלִּים,1,locative (place name),heaps,—place N. of Jerus.; personified as בַּת־גִ׳.,I Samuel 25:44; Isaiah 10:30,
455,גָּלָל²,1,masculine,,of two Levites;—,,
456,גִּלְעָד,1,locative (place name),,"of mountain-range or hill-country, land & city, E. of Jordan (cf. Arabic جَلْعَدٌ [jalʿadun] durus, fortis Frey, so Thes; HiGesch. Isr. 26 comp. same √ used of camel (جَلْعَادٌ [jalʿādun] camelus robustus ac firmus, cf. HomNS 144), whence camel hump, orig. name of mt)—ג׳ + 79 times (mostly as n.pr.m. and in combin. with other n.pr.loc. cf. infr.); הַגּ׳ + 50 times (so usually as name of mt. and land); גִּלְעָ֫דָה; הִגְּלְעָ֫דָה;—Gilead, used of territory between the Arnon and the Jabboḳ, mod. Belḳa; also of that between the Jabboḳ and the Jarmuk, mod. Jebel Ajlûn; also of the entire E.-Jordan land occupied by Israel, including both the parts just named (cf. Di Stu; BdPal. 178; also L. OliphantLand of Gilead, 1880);—",Genesis 37:25; Genesis 31:21; Numbers 32:39; I Chronicles 27:21; II Samuel 24:6; Genesis 31:54; Judges 10:4,
457,גִּלְעָד,21,masculine,,"in combination יָבֵשׁ ג׳ (city), (‖ יָבֵשׁ alone) (‖ id.) =; perhaps also (מִ)תִּשְׁבֵּה ג׳ (emend., after 𝔊, Ew Th al. see VB);—cf. further sub 6. n.pr.m. infr.— וְיִצְפֹּר מֵהַר הַגּ׳ and let him depart from Mt. Gilead, appar. belongs here, but מֵהַר הַגִּלְבֹּעַ is read by Cler Hi Gr Ke Be; against this cf. Stu BuRS 112.",Judges 21:8; Judges 21:9; Judges 21:10; Judges 21:12; Judges 21:14; I Samuel 11:1; I Samuel 11:9; I Samuel 31:11; I Chronicles 10:11; II Samuel 2:4; II Samuel 2:5; II Samuel 21:12; I Kings 17:1; Judges 7:3,
458,גִּלְעָד,35,masculine,,treated as n.pr.m.,,
459,גַּלְעֵד,1,locative (place name),witness-pile,"name of pile of stones erected by Jacob and his company (KitGesch. 129; by Laban We Di), (v. גַּל 1 c) appar. intended to explain גִּלְעָד q.v.; Di conj. also (as name of altar) (cf. 𝔖).",Genesis 31:47; Genesis 31:48; Joshua 22:34,
460,גִּמְזוֹ,1,locative (place name),"cf. Syriac ܓܽܘܡܺܝܙ [גומיז] (Lexx.) sycamore; Arabic جُمَّيزٌ [jummayzun] is loan-wd. Frä140; cf. Assyrian n.pr.loc. Gamuzanu PinchesHbr July, 1886, 222","city of Judah toward Philistines; mod. Jimzu, E. from Lydda RobBR ii. 249 BdPal 21.",II Chronicles 28:18,
461,גְּמַלִּי,1,masculine,,a Danite.,Numbers 13:12,
462,גַּמְלִיאֵל,1,masculine,reward of God,"a prince of Manasseh, cf. Mishn. גמליאל, Palm. Vog.No. 124, 𝔊 Γαμαλιήλ [Gamaliēl] Acts 5:34.",Numbers 1:10; Numbers 2:20; Numbers 7:54; Numbers 7:59; Numbers 10:23,
463,גֹּ֫מֶר,1,,,,,
464,גְּמַרְיָ֫הוּ,1,masculine,י׳ hath accomplished,—,,
465,גַּן²,1,locative (place name),,"n.m. & ( ) f. enclosure, garden (NH id., גַּנָּה, Arabic جَنَّةٌ [jannahun], Ethiopic ገnነት Assyrian gannu or gannatu word of unc. meaning; Aramaic גִּנָּא, גִּנְתָּא, ܓܰܢܬܳܐ [גנתא]; Ph. פר אגנן אם צץ[צ] CISi, 165, 11 & p. 232 f. birds of enclosure (domestic fowls) or of wing)—abs. גַּן + 3 times; cstr. id. + 19 times; c. art. הַגָּן + 9 times, but כַּגַּן; sf. גַּנִּי, גַּנּוֹ; Pl. גַּנִּים + 2 times—garden as enclosure (simile); הַיּוֹשֶׁבֶת בַּגַּנִּים; cf. (fig. of bride גַּן נָעוּל); g. of herbs (יָרָק); fig. of bride, g. of plants, fruits, and spices (×2); (×2) cf. מַעְיַן גנים; g. of (king’s) house = גַּן־עֻזָּא; גַּן הַמֶּלֶךְ, cf. (at Jezreel? but this perhaps n.pr.loc. v. sub p. 111); most often of garden (orchard?) in Eden (Hex only Gn & only J), (×2), called גַּן־עֵדֶן, cf. גן־י׳ (both in simile); גן־אלהים (עֵדֶן גן־אל׳), (×2), (‖ עֵדֶן); in last three the trees of the garden are comp. with Assyrian under fig. of cedar of Lebanon.",Song of Songs 4:12; Genesis 2:15; Genesis 2:8; Genesis 2:15; Genesis 2:9; Lamentations 2:6; Song of Songs 4:16; Song of Songs 5:1; Song of Songs 4:16; Song of Songs 6:2; Song of Songs 4:15; Lamentations 2:6; Song of Songs 8:13; Song of Songs 4:12; Deuteronomy 11:10; I Kings 21:2; Song of Songs 4:16; Song of Songs 5:1; Song of Songs 6:2; Song of Songs 4:15; II Kings 21:18; II Kings 21:18; II Kings 21:26; II Kings 25:4; Jeremiah 39:4; Jeremiah 52:7; Nehemiah 3:15; II Kings 9:27; Genesis 2:8; Genesis 2:9; Genesis 2:10; Genesis 2:16; Genesis 3:1; Genesis 3:2; Genesis 3:3; Genesis 3:8; Genesis 3:10; Genesis 2:15; Genesis 3:23; Genesis 3:24; Ezekiel 36:35; Joel 2:3; Genesis 13:10; Isaiah 51:3; Ezekiel 28:13; Ezekiel 31:8; Ezekiel 31:9,"BDB, בֵּית הַגָּן; BDB, בַּ֫יִת"
466,גְּנֻבַת,1,masculine,cf. Palm. גנבא VogNo. 137,"son of Hadad the Edomite (×2) (on the ת, cf. Dr§ 181 N).",I Kings 11:20,
467,גִּנְּתוֹן,1,masculine,,a priest among the returned exiles; cf. foregoing.,Nehemiah 10:7; Nehemiah 12:16,
468,גַּ֫עַל,1,masculine,,"appar. a Canaanite, son of עֶבֶד (but cf. VB).",Judges 9:26; Judges 9:28; Judges 9:30; Judges 9:31; Judges 9:35; Judges 9:36; Judges 9:37; Judges 9:39; Judges 9:41,
469,גַּ֫עַשׁ,1,locative (place name),,"הַר־גָּ֑עַשׁ mt. in Ephraim, S. of (חֶרֶס) תִּמְנַת־סֶרַח q.v.; נַחֲלֵי גָּ֑עַשׁ = of ravines thereon, or near by.",Joshua 24:30; Judges 2:9; II Samuel 23:30; I Chronicles 11:32,
470,גַּעְתָּם,1,masculine,,"a chief of Edom, son of Eliphaz.",Genesis 36:11; Genesis 36:16; I Chronicles 1:36,
471,גֵּרָא,1,masculine,Ph. גרא,"son of Benjamin (lacking ); son of Belaʿ, & grandson of Benj., according to, cf. v; designation of a Benjamite family or clan; hence Ehud called בֶּן־גֵּרָא, & so Shimei.",Genesis 46:21; Numbers 26:38-40; I Chronicles 8:3; I Chronicles 8:5; I Chronicles 8:7; Judges 3:15; II Samuel 16:5; II Samuel 19:17; II Samuel 19:19; I Kings 2:8,
472,גָּרֵב,2,masculine,cf. Palm. n.pr.m. גריבא Vog 141,one of David’s heroes =.,II Samuel 23:38; I Chronicles 11:40,
473,גָּרֵב,4,locative (place name),"cf. Sab. n.pr.loc. גרבם HalNo. 379, 382","only in גִּבְעַת גָּרֵב hill of Gareb, appar. close to Jerusalem on the SW. cf. Gf; v. also Hi Che.",Jeremiah 31:39,
474,גְּרָר,1,locative (place name),,"south of Gaza, usually identif. with mod. Umm Jerâr BdPal. 159 GuérinJudée ii. 257 ff.; but Wady Jerūr W. of ʿAin Ḳadīs according to Trumbull Kadesh Barnea 61 ff. cf. Guthe ZPV viii. 1885, 215; גְּרָ֫רָה; נַ֫חַל גְּרָר; וַיָּגָר בִּגְרָר.",Genesis 20:2; Genesis 26:6; Genesis 26:20; Genesis 26:26; II Chronicles 14:12; II Chronicles 14:13; Genesis 10:19; Genesis 26:1; Genesis 26:17; Genesis 20:1,
475,גֵּרְשׁוֹן,1,masculine,,"son of Levi (= גרשׁם; גרשׁום, ); (particularly in expression sons of Gershon, i.e. family, descendants of Gershon; cf. sons of Gershom; ).",I Chronicles 6:1; I Chronicles 6:28; I Chronicles 15:7; I Chronicles 6:2; I Chronicles 6:5; I Chronicles 6:47; I Chronicles 6:56; Genesis 46:11; Exodus 6:16; Exodus 6:17; Numbers 3:17; Numbers 3:18; Numbers 3:21; Numbers 3:25; Numbers 4:22; Numbers 4:38; Numbers 4:41; Numbers 7:7; Numbers 10:17; Numbers 26:57; Joshua 21:6; Joshua 21:27; I Chronicles 5:27; I Chronicles 23:6; Numbers 3:25; Numbers 4:22; Numbers 4:38; Numbers 4:41; Numbers 7:7; Numbers 10:17; Joshua 21:6; Joshua 21:27; I Chronicles 6:47; I Chronicles 6:56; I Chronicles 15:7,
476,גֵּרְשֹׁם,1,masculine,,,,
477,גְּשׁוּר,1,masculine,"bridge? or land of bridges? cf. Wetzst Haurgran, 82",,,
478,גֶּ֫שֶׁם,1,masculine,,an opponent of Nehemiah; (in both called הָעַרְבִּי); v; also גַּשְׁמוּ; וּ as in Nab. n.pr. cf. Nö in Eut Nab 73.,Nehemiah 2:19; Nehemiah 6:1; Nehemiah 6:2; Nehemiah 6:6,
479,גַּשְׁמוּ,1,,,v. i..,,"BDB, גֶּ֫שֶׁם"
480,גֹּ֫שֶׁן,1,locative (place name),on etym. cf. Di,—,Genesis 45:10,
481,גַּת־רִמּוֹן,1,locative (place name),,"in Dan; Levitical city =; site unknown.—גַּת רִמּוֹן in Manasseh is scribal error; read יִבְלְעָם, q.v.",Joshua 19:45; Joshua 21:24; I Chronicles 6:54; Joshua 21:25,
482,גַּת²,1,,,,,
483,גַּת⁴,1,locative (place name),wine-press,"—Philistine city 𝔊 Γεθ [Geth], 𝔙 Geth, JosAnt. vi. 12, 2 etc., Γιττα [Gitta] (ed. Niese), exact site unknown (v. GASmGeog. 194 ff.), named with Gaza and Ashdod as home of remaining ʿAnaḳim; named with Ashdod, Gaza, Ashḳelon and ʿEḳron; with Ashḳelon; with Ashḳelon, Yabne and Ashdod; מֵעֶקְרוֹן וְעַד־גַּת, cf. and also v (read גַּת for גַּיְא 𝔊 We Dr); called גַּת פְּלִשְׁתִּים; built up by Rehoboam, according to; taken by Hazael; also, (of Goliath), cf., =, (×2), also (but ‖ מֶתֶג אַמָּה; on change of this into reading in Ch v. We); c. ה loc., גַּ֫תָּה.",Joshua 11:22; I Samuel 6:17; I Samuel 1:20; II Chronicles 26:6; I Samuel 7:14; I Samuel 17:52; I Samuel 17:52; Amos 6:2; II Chronicles 11:8; II Kings 12:18; I Samuel 5:8; I Samuel 17:4; I Samuel 17:23; II Samuel 21:20; II Samuel 21:22; I Chronicles 20:6; I Chronicles 20:8; I Samuel 21:11; I Samuel 21:13; I Samuel 27:2; I Samuel 27:3; I Samuel 27:4; I Samuel 27:11; II Samuel 15:18; I Kings 2:39; I Kings 2:40; I Kings 2:41; Psalms 56:1; Micah 1:10; Micah 1:14; I Chronicles 7:21; I Chronicles 8:13; I Chronicles 18:1; II Samuel 8:1; I Kings 2:40,
484,גִּתַּיִם,1,locative (place name),,,,
485,דֹּאֵג,1,masculine,,"an Edomite, servant of Saul, (×2), (v (×2), Kt דויג cf. Dr) דּוֹאֵג (title).",I Samuel 21:8; I Samuel 22:9; I Samuel 22:18; I Samuel 22:22; I Samuel 22:18; I Samuel 22:22; Psalms 52:2,
486,דֹּאר,1,,,v. sub.,,"BDB, דֹּאר²"
487,דֹּאר²,1,locative (place name),Ph. דאר; cuneif. Du’ru KG121 COT on,"city in Manasseh, on Mediterr., S. of Carmel (9 Roman miles N. of Caesarea, cf. LagOnom. 115, 2nd ed. 149), דּוֹר; דּוֹר וּבְנוֹתֶיהָ = דֹּאר וּב׳; נָפַת דּוֹר = נָפַת דֹּאר; נָפוֹת דּוֹר (cf. נפה); mod. Ṭanṭura WilsonLands of Bible ii. 249 vandeVelde Narrat. i. 333 BdPal 233 cf. Di. On עֵין־דֹּר(דּוֹר) v. sub.",Joshua 17:11; Joshua 12:23; Judges 1:27; I Chronicles 7:29; Joshua 17:11; Joshua 12:23; I Kings 4:11; Joshua 11:2; Joshua 11:2,"BDB, עַ֫יִן"
488,דְּבוֹרָה²,1,feminine,bee,—,,
489,דְּבִיר²,2,masculine,,king of Eglon.,Joshua 10:3,
490,דְּבִיר²,4,locative (place name),,,,
491,דִּבְלַ֫יִם,1,masculine,,father of Gomer wife of Hosea דִּבְלָ֑יִם.,Hosea 1:3,
492,דִּבְלָתַ֫יִם,1,locative (place name),,"in n.pr.loc. v. בית ד׳, עלמן ד׳ (possibly from √ דבל in sense of collect, assemble, Ethiopic ተዳበለ: iii. 3 se colligere, መድበል: coetus, chorus, conventus, concilium)—; דִּבְלָתָ֑יְמָה.",Jeremiah 48:22; Numbers 33:46; Numbers 33:47,
493,דִּבְרִי,1,masculine,,a Danite.,Leviticus 24:11,
494,דָּֽבְרַת,1,locative (place name),,"Levitical city in Issachar, the present Debûrije at the foot of Mt. Tabor (RobBR iii. 210 BdPal 249) (הַדָּֽבְרַת).",Joshua 19:12; Joshua 21:28; I Chronicles 6:57,
495,דַּבֶּ֫שֶׁת,4,locative (place name),,on border of Zebulun דַּבָּ֑שֶׁת.,Joshua 19:11,
496,דָּגוֹן,1,masculine,,"god & idol of Philistines (cf. Assyrian Dagan, Dakan, name perhaps non-Shemitic COT DlPa 139 SayceRel. Bab. 188 f. but v. Jen infr.)—god of Ashdod, except (Gaza) & (but cf. infr.);—דגון אֱלֹהֵיהֶם cf. דגון אֱלֹהֵינוּ, בֵּית ד׳, (here hardly orig. cf. ‖ & We Dr); כֹּהֲנֵי ד׳, מִפְתַּן ד׳ v; as name of image ד׳ (אֵצֶל) v, דגון נֹפֵל v, רַק ד׳ נִשְׁאַר עָלָיו v (but sense difficult; We proposes דָּגוֹ only his fish, i.e. fishy part, was left upon him, v. also Dr;—but was Dagon a fish-god? Cf. works cited above & Scholz Götzendienst 238 ff., Baud in PRE2 iii. 460 ff., especially JenKosmol. 449 ff.). Vid. p. 111.",I Samuel 5:4; Judges 16:23; Judges 16:23; I Chronicles 10:10; Judges 16:23; I Samuel 5:7; I Samuel 5:2; I Samuel 5:5; I Chronicles 10:10; I Samuel 31:10; I Samuel 5:5; I Samuel 5:5; I Samuel 5:2; I Samuel 5:3; I Samuel 5:4; I Samuel 5:3; I Samuel 5:4; I Samuel 5:4,"BDB, בֵּית־דָּגוֹן"
497,דְּדָן,1,locative (place name),,"& gent.;—ד׳ + 8 times + (but v. infr.) c. ה loc. דְּדָ֫נֶה cf. Ges§ 90, 2 ad fin.;—",Genesis 10:7; Ezekiel 27:20; Ezekiel 25:13,
498,דָּוִד,1,masculine,,"David, son of יִשַׂי, king of Israel, whose dynasty remained on the throne of Jerusalem till the Babylonian exile (cf. etc.) (beloved one? cf. BaNB 189; according to Sayce Mod. Rev. 1884, 158 ff. Rel.Bab. 53, 56 f. orig. Dodo, title of sun-god worshipped in Isr. cf. דודה n. divin. among E. Jordan Israelites MI12)—דָּוִד always Ru Sa Ki (except, ) ψ [ps] Pr Ec Is Je; also, (c. 790 times); דָּוִיד always Zc Ch (except ) Ezr Ne; also (where gloss according to Peters Hbr Apr. 1886, p. 175), (c. 276 times);—first named; cf. also, +, +, +, etc. (v. supra); in titles of, (73 in all); also in (= ); ד׳ עַבְדִּי (י׳ speaks), =, cf. v =, also, (×2) =; =; cf. further; (both titles cf. supr.); so also as represented in coming (Messianic) ruler, cf. (v. ). Phrases are:",II Samuel 7:11-15; I Kings 3:14; I Kings 11:4; I Kings 11:36; I Chronicles 13:6; Ezekiel 34:24; Ezekiel 37:24; Ezekiel 37:25; I Chronicles 13:6; Amos 6:5; Amos 9:11; Hosea 3:5; Ezekiel 34:23; I Kings 3:14; I Kings 11:4; I Kings 11:36; Song of Songs 4:4; I Samuel 16:13; Ruth 4:17; Ruth 4:22; II Samuel 1:1; I Kings 1:1; I Kings 2:1; Psalms 3-9; Psalms 11-32; Psalms 34-41; Psalms 51-65; Psalms 68-70; Psalms 86; Psalms 101; Psalms 103; Psalms 108-110; Psalms 122; Psalms 124; Psalms 131; Psalms 133; Psalms 138-145; Psalms 18:51; II Samuel 22:51; Psalms 72:20; Psalms 89:36; Psalms 89:50; Psalms 122:5; Psalms 132:1; Psalms 132:11; Psalms 132:17; II Samuel 3:18; II Samuel 7:5; II Samuel 7:8; I Chronicles 17:4; I Chronicles 17:7; I Chronicles 17:26; I Chronicles 17:24; I Kings 8:24; I Kings 8:25; I Kings 8:26; II Chronicles 6:15; II Chronicles 6:16; II Chronicles 6:17; II Chronicles 6:42; I Kings 11:13; I Kings 11:32; I Kings 11:34; I Kings 11:36; I Kings 11:38; I Kings 14:8; II Kings 8:19; II Kings 19:34; Isaiah 37:35; II Kings 20:6; Psalms 18:1; Psalms 36:1; Psalms 78:70; Psalms 89:4; Psalms 89:21; Psalms 132:10; Psalms 144:10; Jeremiah 33:21; Jeremiah 33:22; Jeremiah 33:26; Ezekiel 34:23; Ezekiel 34:24; Ezekiel 37:24; Ezekiel 37:25; Hosea 3:5; Jeremiah 30:9,"BDB, עֶ֫בֶד"
499,דּוֹדוֹ,1,masculine,"his beloved, cf. דודוהו; or comp. דודה n.pr.divin. MI 12, cf. infra",—,,"BDB, דָּוִד"
500,דּוֹדַי,1,masculine,,'= דּוֹדוֹ (q.v.) (cf. Kt).,I Chronicles 27:4; II Samuel 23:9,"BDB, דדי"
501,דּוּמָה²,1,,,,,
502,דִּי זָהָב,1,locative (place name),,appar. on border of Moab (𝔊 Καταχρύσεα [Katachrysea]).,Deuteronomy 1:1,
503,דִּיבֹן,1,locative (place name),,—,,
504,דִּימוֹן,1,locative (place name),,"'= דִּיבוֹן 1, q.v.",,
505,דִּינָה,1,feminine,,daughter of Jacob.,Genesis 30:21; Genesis 34:1; Genesis 34:3; Genesis 34:5; Genesis 34:13; Genesis 34:25; Genesis 34:26; Genesis 46:15,
506,דִּישָׁן,1,masculine,,"a son of Seir דִּישָׁ֑ן (𝔊 Ῥισών [Rhisōn]; so v, cf. Di); (v read דִּישׁוֹן q.v.) (read דִּישׁוֹן 𝔊 𝔖 𝔙 Ol Di) v דִּישָׁ֖ן.",Genesis 36:21; Genesis 36:28; Genesis 36:30; I Chronicles 1:38; I Chronicles 1:42; Genesis 36:26; Genesis 36:30; Genesis 36:28,
507,דְּלִילָה,1,feminine,,"Delila, Philistine woman, mistress of Samson.",Judges 16:4; Judges 16:6; Judges 16:10; Judges 16:12; Judges 16:13; Judges 16:18,
508,דַּלְפוֹן,1,masculine,,a son of Haman.,Esther 9:7,
509,דִּמְנָה,1,locative (place name),,"Levitical city in Zebulun (but read perhaps רִמֹּנָה +; cf., and v. Di).",Joshua 21:35; I Chronicles 6:62; Joshua 19:13,
510,דַּמֶּ֫שֶׂק,1,locative (place name),,"Damascus (Assyrian Dimašḳi, Dimasḳi, DlPa 280 SchrCOT Gn 15, 2 & ABK 323 Jäger BAS ii. 281 f.; Arabic دَمِشْقُ, دِمِشْقُ [damishqu, dimishqu]; Aramaic 𝔗 Onk, etc. דמשק, Ps-Jon דרמשק; ܕܰܪܡܣܘܽܩ [דרמסוק] )—דַּמֶּשֶׂק + 28 times; דַּמָּ֑שֶׂק + 8 times; דַּרְמֶשֶׂק + 3 times Ch; דַּרְמָ֑שֶׂק, דּוּמֶּשֶׂק; דְּמֶשֶׁק v. foll., Vrss. דַּמֶּשֶׂק;—ancient Aramaean city, situated lat. 33° 30ˊ N., long. 36° 15ˊ E., in plain E. of Hermon & SE. of Anti-Lebanon; on the Nahr Baradâ (Gk. Chrysorrhoas); mod. Dimishḳ & Esh-Sham, RobBR iii. 440 ff. BdPal 307; Damascus; (×2); so also prob. (perhaps gloss cf. Di), (& v. foll.); a trading-centre; as capital & residence of king of Aram =, cf., (×2), (×2); (×2); (cf. PetersHbr April 1885, 242) (×2), 3; including also surrounding territory, cf. v, v. מִדְבַּ֫רָה ד׳; נַהֲרוֹת ד׳; = kingdom, cf.; once (late) מֶלֶךְ ד׳; note, also אֲרַם ד׳, =; further אֱלֹהֵי ד׳ (‖ אֱלֹהֵי מַלְכֵי אֲרָם).",I Kings 11:24; Genesis 14:15; I Chronicles 18:5; II Chronicles 24:23; II Chronicles 28:5; II Kings 16:10; Amos 3:12; Genesis 14:15; Amos 5:27; I Kings 11:24; II Kings 14:28; Song of Songs 7:5; Genesis 15:2; Amos 3:12; Ezekiel 27:18; I Kings 15:18; II Chronicles 16:2; I Kings 20:34; II Kings 16:9; II Kings 16:10; II Kings 16:11; II Kings 16:12; II Chronicles 28:5; Isaiah 7:8; Isaiah 8:4; Isaiah 10:9; Isaiah 17:1; Jeremiah 49:23; Jeremiah 49:24; Jeremiah 49:27; Ezekiel 47:16; Ezekiel 47:17; Ezekiel 47:18; Ezekiel 48:1; I Kings 19:15; II Kings 5:12; Amos 1:3; Amos 1:5; Zechariah 9:1; II Chronicles 24:23; II Samuel 8:5; II Samuel 8:6; I Chronicles 18:5; I Chronicles 18:6; II Chronicles 28:23,
511,דָּן,1,masculine,judge,—,,
512,דָּנִאֵל,1,masculine,,"later דָּנִיֵּאל n.pr.m. (cf. Ew§ 45 d; Ēl is my judge; on a possible connexion with Zend dânu, wise, or wisdom cf. CheOP 107; v. Palm. דנאל Vog93)—",,
513,דִּנְהָ֑בָה,1,locative (place name),,"capital city of king Bela in Edom =; identif. with Tennib (perhaps = Thenib, near the edge of the Belka, ENE. from Heshbon, described by Tristr Moab 222) by NeubauerAcad. 1891, 260 cf. Tomkinsib. 284.",Genesis 36:32; I Chronicles 1:43,
514,דְּעוּאֵל²,1,masculine,,"a Gadite, but 𝔊 in all Ραγουηλ [Ragouēl], so Sam 𝔖; = רְעוּאֵל, where, however, 𝔙 and Heb. Codd. ד׳ (all P); v. further sub.",Numbers 1:14; Numbers 7:42; Numbers 7:47; Numbers 10:20; Numbers 2:14,"BDB, רעה"
515,דִּקְלָה,1,masculine,loc.,"a son of Joktan, i.e. an Arabian territory or people =; unknown, cf. Di.",Genesis 10:27; I Chronicles 1:21; Genesis 10:27,
516,דָּֽרְיָ֫וֶשׁ,1,masculine,,Darius (Old Pers. Dârayavaʾush cf. SpiegAPK 81)—,,
517,דַּרְקוֹן,1,masculine,,"head of a family of Nethinim, who went up with Zerubbabel, בְּנֵי־ד׳ =.",Ezra 2:56; Nehemiah 7:57,
518,דָּתָן,1,masculine,"cf. Assyrian Datana Shlm Obelisk, 1. 161","a Reubenite, son of Eliab, (×2); (×2).",Numbers 16:1; Numbers 16:12; Numbers 16:24; Numbers 16:25; Numbers 16:27; Numbers 26:9; Deuteronomy 11:6; Psalms 106:17,
519,הֶ֫בֶל²,1,masculine,"perhaps i.q. Assyrian ablu, son, COTGloss. cf. also WeSkizzen iii. 70: der. from not prob.","second son of Adam (×2), (×2), (×2).",Genesis 4:2; Genesis 4:4; Genesis 4:8; Genesis 4:9; Genesis 4:25,"BDB, הֶ֫בֶל"
520,הֵגֵא,1,masculine,,"eunuch of Ahasuerus (prob. Pers.; cf. Ἡγιας [Hēgias], courtier of Xerxes, CtesiasPers. 24; also Herodot. ix. 33; Roed. in Thes Add); = הֵגַי, הֵגָ֑י.",Esther 2:3; Esther 2:8; Esther 2:15; Esther 2:8,
521,הַגְּדוֹלִים,1,masculine,,father of Zabdiel (RV & so most; but 𝔊 RVm al. the great).,Nehemiah 11:14,
522,הֵגַי,1,masculine,,v..,,"BDB, הֵגֵא"
523,הָגָר,1,feminine,,"Hagar, Sarah’s Egyptian maid, mother of Ishmael, (all J), v, (×2); (all P), (×2) (all E).",Genesis 16:1; Genesis 16:4; Genesis 16:8; Genesis 16:3; Genesis 16:15; Genesis 16:16; Genesis 25:12; Genesis 21:9; Genesis 21:14; Genesis 21:17,
524,הַגְרִי,2,gentilic (people group),,"only pl. הַגְרִים; הַהַגְרִאִים, הַהַגְרִיאִים; a tribe (Aramaean? Arabian?) with which the E. Jordan Israelites waged successful war; v. dub. conj. as to identity in GlasSkizze ii, 407.",Psalms 83:7; I Chronicles 5:10; I Chronicles 5:19; I Chronicles 5:20,
525,הַגְרִי,6,masculine,,"father of one of David’s warriors בֶּן־הַגְרִי (but ‖ בָּנִי הַגָּדִי, so here Öt, cf. Be Th Sm Dr Sm).",I Chronicles 11:38; II Samuel 23:36,
526,הֲדַד,1,masculine,,"Hadad (𝔊 Ἀδερ [Ader] but v. Aramaic n.pr.div. DHMAltsem. Inschr. von Sendschirli 56, and n.pr. עבדהדד ScholzGötzendienst 245, הדדנדנאח EutSBAk 1887, 410 cf. BaeRel. 68 & sub. p. 122; also Adda, etc., in cpd. n.pr. BezTell el-Amarna BM 155; Hadad, Adad, Addu is known as an Aramaic deity, weather or storm-god, cf. BaeRel. 67.68; perhaps = thunderer DlZK 1885, 166 Bael.c., cf.; on Hadad in Arabia cf. WeSkizzen iii. 51; Sab. הדד Hal 27; as n.pr.div. Heb. only in cpd. n.pr.m., v. infr.)—",,"BDB, הדד; BDB, בֶּן־הֲדַד; BDB, רִמָּה"
527,הֲדַדְעֶ֫זֶר,1,masculine,,"Hadadezer (so Aramaic inscr. הדדעזר EutSBAk 1885, 679 cf. BaeRel. 67; 𝔊 throughout (erroneously) Ἁδρα [Hadra](α [a])ζαρ [zar];—Hadad is help(er), cf. COT & Ph. אשמנעזר); king of צוֹבָה (q.v.), son of רְחֹב defeated by David; הֲדַדְעָ֑זֶר v, (= הֲדַרְעֶזֶר q.v. (×2), (×2), all erron., v. inscr. supr., = cf. Bael.c. Dr on; ); also.",I Kings 20:1; II Samuel 8:3; II Samuel 8:5; II Samuel 8:10; II Samuel 8:12; II Samuel 8:7; II Samuel 8:8; II Samuel 8:9; II Samuel 8:10; II Samuel 10:16; II Samuel 10:19; I Chronicles 18:3; I Chronicles 18:5; I Chronicles 18:7; I Chronicles 18:8; I Chronicles 18:10; I Chronicles 19:16; I Chronicles 19:19; II Samuel 8:3; II Samuel 10:16; I Kings 11:23,
528,הֲדוֹרָם,1,masculine,,,,
529,הִדַּי,1,masculine,,one of David’s heroes = חוּרַי.,II Samuel 23:30; I Chronicles 11:32,
530,הֲדַסָּה,1,feminine,,"Jewish name of Esther (= myrtle, on form cf. Sta§ 199a) (cf. ).",Esther 2:7,"BDB, אֶסְתֵּר"
531,הֲדַר,1,masculine,,"a king in Edom (Aramaic form) = הֲדַד (q.v.) (so here Codd., 𝔖 Sam. no doubt rightly, cf. Di).",Genesis 36:39; I Chronicles 1:50,
532,הוֹד²,1,masculine,"splendour, vigour",—a man of Asher.,I Chronicles 7:37,
533,הוֹדַוְיָה,1,masculine,,v. sub.,,"BDB, יָדָה"
534,הוֹדַוְיָה;,1,masculine,,,,
535,הוֹדַוְיָה;,7,masculine,,"(replace by יְהוּדָה, ). הוֹדַוְיָהוּ Q., הודיוהו K n.pr.m..",Ezra 2:10; Ezra 3:9; I Chronicles 3:24,
536,הוֹדִיָּה,1,masculine,my splendour is Yah,—,,
537,הוֹהָם,1,masculine,,Canaanitish king of Hebron.,Joshua 10:3,
538,הוֹשָׁמָע,1,masculine,,'= יְהוֹ׳ v. sub.,,"BDB, יהוה; BDB, הַיָּה²"
539,הוֹשֵׁעַ²,1,masculine,"salvation; on form, cf. הַשְׁמֵד, הַמְשֵׁל; on pronunciation v. HptZA ii, 261 Anm. 2 JägerBAS i, 468",—,,
540,הוֹתִיר,1,masculine,,v. יתר.,,
541,הוֹתִיר²,1,masculine,"abundance, superabundance","—a son of Heman, according to, (but on the ostensible list of names v. Ew§ 274 b WeProl.229; Hist. Isr. 219 RSOTJC 224; 2nd ed. 143).",I Chronicles 25:4; I Chronicles 25:28,
542,הֵימָן,1,masculine,,"Heman (faithful, cf. Aramaic מְהֵימָן, ܡܗܰܝܡܰܢ [מהימן] ) a wise man with whom Solomon is compared, where app. son of Mahol (Klo sons of the dance); named with 3 others, one being Ethan the Ezrahite; a Heman is named with same 3 + 1 other, & all called sons of Zerah of Judah; Heman appears also as the Ezrahite (v. sub ), cf. Ethan supr.; in other passages Heman is a Levite; specif. Kohathite, son of Joel, called the singer (הַמְשׁוֹרֵר) (‖ Asaph v, Ethan v ); Heman, Asaph & Ethan named as the singers (הַמְשֹׁרְרִים); cf. Heman & Jeduthun, (‖ Asaph v ); Heman, Asaph & Jeduthun; elsewhere בְּנֵי אָסָף וְהֵימָן וִידוּתוּן cf. v (×2), (×2); בְּנֵי הֵימָן (‖ בְּנֵי ידוּתוּן); Heman is called חֹזֵה הַמֶּלָךְ בְּדִבְרֵי הָאֱלֹהִים (cf. Asaph, Jeduthun ).—On question of identity of Heman in these various connections, v. Thes Comm.",I Kings 5:11; I Chronicles 2:6; Psalms 88:1; I Chronicles 6:18; I Chronicles 6:24; I Chronicles 6:29; I Chronicles 15:17; I Chronicles 15:19; I Chronicles 16:41; I Chronicles 16:42; I Chronicles 16:37; I Chronicles 25:6; II Chronicles 5:12; II Chronicles 35:15; I Chronicles 25:1; I Chronicles 25:4; II Chronicles 25:5; II Chronicles 29:14; I Chronicles 25:5; II Chronicles 29:30; II Chronicles 35:15,"BDB, זָרַח"
543,הֵימָן²,1,,,v..,,"BDB, אָמַן"
544,הִלֵּל,1,masculine,"he hath praised; cf. NH n.pr. הִלֵּל, Hillel","father of a judge of Israel, called הַפִּרְעָתוֹנִי v..",Judges 12:13; Judges 12:15,"BDB, פִּרְעָתוֹן"
545,הָ֑ם,1,locative (place name),,only in הַזּוּזִים בְּהָ֑ם; not otherwise known; Vrss בָּהֶם; JerQuaest. in libr. Genes. בְּחֹם; Ol conj. בַּחֲמָת; Tu Di think perhaps old name of Rabbath Ammon.,Genesis 14:5,
546,הַמְּדָתָא,1,masculine,,"father of Haman (Pers. mâh, moon Öt; 𝔊 Ἁμαδαθου [Hamadathou] (always Genit.); in Gk. perhaps Μαδάτης [Μαδάτας, Μαδέτης [Madatas, Madetēs]], cf. XenophCyr, v. 3. 41 Diodxvii, 67 PottZMG 1859, 424);—הַמְּדָתָא הָֽאֲגָגִי; without האגגי.",Esther 3:1; Esther 3:10; Esther 8:5; Esther 9:24; Esther 9:10,
547,הֲמוֹנָהֿ,1,locative (place name),,"a city appar. to be founded to commemorate defeat of Gog, וְגַם שֶׁם־עִיר ה׳, but text dub. cf. Da; Co proposes וגמר המונו v. supr.",Ezekiel 39:16,"BDB, הָמוֹן"
548,הָמָן,1,masculine,,"Haman, favourite of Ahasuerus (etym. dub.; according to JenVOJ 1892, 58 ff. = Elamit. n.pr.div. Ḫumban, or Ḫumman)— + 53 times in Esther.",Esther 3:1,
549,הִנֹּם,1,masculine,"deriv. & meaning dub.; according to Sim Bö Gf al. = wailing, Arabic هَنَّ [hanna], from cries of children (v. infr.), but this improbable","—only in גֵּי(גֵּיא)בֶן־ה׳, & abbrev. ג׳ ה׳, n.pr.loc. of valley S. of Jerusalem, (𝔊 φάραγγα Ὀνομ [pharanga Onom] (×2) Σονναμ [Sonnam]; Γαιεννα [Gaienna] v; Γαιβενθομ [Gaibenthom], 𝔊L φάρ [phar]. Βενεννομ [Benennom]; γὲ βανὲ Ἑννομ [ge bane Hennom], 𝔊L γῇ Βενεννομ [gē Benennom]; elsewhere usually φάρ [phar]. (υἱοῦ [yiou]) Ἑννομ [Hennom])—cf. sub;—as mere topographical term גֵּי בֶן־הִנֹּם, boundary between Judah & Benjamin; also גֵּי ה׳; (all P) cf.; elsewhere always גּ׳ בֶן־ה׳ ( Kt has גי בני הנם, Qr & 𝔊 𝔙 sing.), & always with ref. to the sacrifice of children by fire; on account of this inhuman & idolatrous practice it was abhorred by priest & prophet, & defiled by Josiah; this conception afterward developed, through, into Jewish Gehinnom (cf. WeberSynagog. Theol. 326 ff. DiBuch Henoch. 131 f.) & NT γέεννα [geenna]. On locality cf. RobBR ii. 273 f. ToblerTopogr. ii 39 ff. BdPal. 103; mod. name (of lower half of valley, toward SE.) Wady er-Rabâbi.",Joshua 15:8; Joshua 18:16; Joshua 18:16; II Chronicles 28:3; II Chronicles 33:6; Joshua 15:8; Joshua 18:16; Joshua 15:8; Joshua 18:16; Nehemiah 11:30; II Kings 23:10; II Kings 23:10; II Chronicles 28:3; II Chronicles 33:6; Jeremiah 7:31; Jeremiah 7:32; Jeremiah 19:2; Jeremiah 19:6; Jeremiah 32:35; Isaiah 66:24,"BDB, גַּיְא"
550,הֵנַע,1,,,"loc. named betw. Sepharvaim and Iwwa; site unknown, yet cf. DlPa 279; =.",II Kings 18:34; II Kings 19:13; Isaiah 37:13,
551,הֹר,1,mountain,,,,
552,הֹרָם,1,masculine,,a Canaanitish king ruling in Gezer.,Joshua 10:33,
553,הָרָן,1,masculine,mountaineer; i.e. mountain-people (or land)? cf. Di,—,Genesis 11:27,
554,הָשֵׁם,1,masculine,,"father of one (or more?) of David’s heroes, but read prob. יָשֵׁן and del. בני; cf. DrSm and v. further sub.",I Chronicles 11:34; II Samuel 23:32,"BDB, יָשֵׁן"
555,הֲתָךְ,1,masculine,,a Persian official at court of Ahasuerus.,Esther 4:5; Esther 4:6; Esther 4:9; Esther 4:10,
556,וְדָן,1,locative (place name),,"appar. n.pr.loc., only in וְדָן וְיָוָן Wedān and Yāwān (cf. VB and reff.) but identif. wholly dub.; = Waddân near Medina according to GlasSkizze ii. 428: 𝔊 om.; text prob. corrupt, cf. Sta Javan. 11. ff. Da al.; Ew Hi read דְּדָן, but דְּדָן is in following v., and anticipation improb., cf. Stal.c.; Co reads (for ודן ויון) וְאַרְנָבָן, on the basis of Bab. & Assyrian Aranabanim, Arnabani, n.pr.loc., following Ḫilbunim (חֶלְבּוֹן) in lists of places whence wine was brought (cf. יֵין חֶלְבּוֹן v, & 𝔊 καὶ οἶνον [kai oinon] for ויון; also COT ).",Ezekiel 27:19; Ezekiel 27:18; Ezekiel 27:18,
557,וָהֵב,1,locative (place name),,"appar. n.pr.loc., אֶת־וָהֵב בְּסוּפָה, obj. of a vb. now lost out of the text (cf. RV & especially Di VB) situation unknown; 𝔊 Ζωοβ, Ζοοβ [Zōob, Zoob]; so LagBN 54 Say Ac. Oct. 22, 1892 (זָהָב).",Numbers 21:14,
558,וַיְזָתָא,1,masculine,"perhaps = Pers. n.pr.m. Vahyazdâta BenfeyPers. Keilinschr. (1847) 18, 93 cf. SpiegAPK 240, who conjectures meaning given-of-the-Best-One (vom Besten gegeben)",—a son of Haman.,Esther 9:9,
559,וַנְיָה,1,masculine,,"one of those with strange wives, (text dubious; 𝔊B οὐιεχωα [ouiechōa], א οὐιερεχω [ouierechō], A Οὐουνια [Ouounia], 𝔊L οὐανια [ouania]).",Ezra 10:36,
560,וָפְסִי,1,masculine,,a man of Naphtali; in נַחְבִּי בֶּן־וָפְסִי (text dubious; 𝔊 Ναβει υἱὸς Ἰαβει [Nabei yios Iabei]).,Numbers 13:14,
561,וַשְׁנִי,1,masculine,,"according to MT appar. n.pr.m. son of Samuel, only הַבְּכֹר וַשְׁנִי וַאֲבִיָּה, but read הַבְּכֹר יוֹאֵל וְהַשֵּׁנִי אביה cf. 𝔊L, and ‖; v. ThSm BeCh DrSm al.",I Chronicles 6:13; I Samuel 8:2,
562,וַשְׁתִּי,1,feminine,"'= Pers. (Zend) vahista, best, cf. JustiHdb. d. Zendsprache, 272",queen of Ahasuerus (Xerxes) king of Persia.,Esther 1:9; Esther 1:11; Esther 1:12; Esther 1:15; Esther 1:16; Esther 1:17; Esther 1:19; Esther 2:1; Esther 2:4; Esther 2:17,
563,זְאֵב²,1,masculine,wolf,"—a prince of Midian, (×3); also in n.pr.loc. יֶקֶב־זְאֵב wine-vat of Zeeb.",Judges 7:25; Judges 8:3; Psalms 83:12; Judges 7:25,
564,זָבָד,1,masculine,"he hath given, or a gift; cf. Sab. n.pr. זבדם Hal 168 DHMZMG 1883, 15, זביד DHMEpigr. Denkm. 50 = زُبَيْد [zubayd]; also NH n.pr. זביד",—,,
565,זַבְדִּי,1,masculine,"cf. Arabic زَبْدٌ [zabdun] gift;? gift of י׳, vid. DrStud. Bib. i. 5 & reff.; perhaps my gift, gift to me: cf.; in NH n.pr. זבדי (זַבְדִּי or זַבְדַּי?) NT Ζεβεδαῖος [Zebedaios], e.g. Mk 1:9, 𝔖 ܙܰܒܕܰܝ [זבדי], Zebedee",—,,"BDB, זַבְדִּיאֵל"
566,זַבְדִּיאֵל,1,masculine,my gift is God,—,,
567,זְבַדְיָהוּ,1,masculine,"י׳ hath bestowed, cf. יְהוֹזָבָד, & reff., also זַבְדִּיאֵל supr.",—זְבַדְיָהוּ,,
568,זֶ֫בַח²,1,masculine,,"a Midianite king, (×2), (×2), (×2), 𝔊 Ζεβεε [Zebee].",Judges 8:5; Judges 8:6; Judges 8:7; Judges 8:10; Judges 8:12; Judges 8:15; Judges 8:18; Judges 8:21; Psalms 83:12,
569,זַבַּי,1,masculine,"Palm. זבי VogNo. 28 (but this perhaps = loricatus, cf. ܙܰܒܳܐ [זבא] lorica);* on Palm. זבי (prob. abbrev. from זבד …), v. Lzb 265 Cooke 273, 291. connex. with above √ uncertain","—Jew in Ezra’s time; 𝔊 Ζαβου [Zabou](θ [th]); cf. also Kt (𝔊 Ζαβου [Zabou] etc., but Qr זַכַּי v. זַכָּ֑י = ).",Ezra 10:28; Nehemiah 3:20; Ezra 2:9; Nehemiah 7:14,
570,זְבִינָא,1,masculine,"bought; Aramaic, from √ זְבַן, buy, cf. Biblical Aramaic",—name of one who had taken a strange wife.,Daniel 2:8; Ezra 10:43,
571,זְבֻל²,1,masculine,,"an officer of Abimelech, (×2).",Judges 9:28; Judges 9:30; Judges 9:36; Judges 9:38; Judges 9:41,
572,זִו,1,,,"appar. n.pr. of 2nd month, = c. April–May, named as month of beginning the temple-building; בְּחֹדֶשׁ זִו הוּא הַחֹדֶשׁ הַשֵּׁנִי = בְּיֶרַח זִ֑ו v; 𝔊B v has simply ἐν μηνὶ τῷ δευτέρῳ [en mēni tō deuterō], v (in 𝔊 v ) ἐν μηνὶ Νεισῷ καὶ τῷ δευτέρῳ μηνί [en mēni Neisō kai tō deuterō mēni]; 𝔊 codd. ἐν μηνὶ Ζιου μηνὶ τῷ δευτέρῳ [en mēni Ziou mēni tō deuterō]; 𝔊L (only v ) ἐν δευτέρῳ μηνί, ἐν μηνὶ Ζιου [en deuterō mēni, en mēni Ziou];—(si vera l. comp. perhaps Aramaic זִיו ܙܝܺܘܳܐ [זיוא] brightness, freshness, so Biblical Aramaic +; cf. 𝔗 יֶרַח זִיו נִיצָנַיָּא month of brightness of flowers; Assyrian zîmu, DlPr 152 f. cf. NöZMG 1886, 732; Thes al. der. זִו, זִיו (= זְהִיו) from זהה in sense be bright, splendid, etc., cf. Arabic زَهَا [zahā] increase, thrive (of seed-produce), زَهْوٌ [zahwun] a beautiful and bright, or fresh, plant; Aramaic זְהָא, adj. זָהוֹהָא haughty, proud; ܙܗܳܐ [זהא] glory, boast, be magnificent; yet cf. Ol§ 174 ad fin.)",I Kings 6:1; I Kings 6:37; I Kings 6:1; I Kings 6:37; I Kings 6:4; I Kings 6:37; Daniel 2:31,
573,זוֹחֵת,1,masculine,,"a descendant of Judah (etym. and meaning unknown) (v. also ), 𝔊 Ζωαν, Ζωαβ [Zōan, Zōab], A Ζωχαθ [Zōchath], 𝔊L Ζαωθ [Zaōth].",I Chronicles 4:20,"BDB, בֶּן־זוֹחֵת"
574,זִיזָא,1,masculine,,—,,
575,זִינָא,1,masculine,,'= זִיזָה v q.v.,I Chronicles 23:10; I Chronicles 23:11,
576,זִיף,1,,,,,
577,זִיף,3,locative (place name),,,,
578,זִיף,9,masculine,,"a son of יְהַלֶּלְאֵל of Judah, whether related to n.pr.loc. supr. does not appear. 𝔊 Ζαφα, Ζιφ [Zapha, Ziph](αι [ai]). ( v. supr.)",I Chronicles 4:16; I Chronicles 2:42,
579,זַכּוּר,1,masculine,,"𝔊 Ζακχυρ, Ζακχουρ [Zakchyr, Zakchour], etc.:—",,
580,זַכַּי,1,masculine,,"head of a family of returned exiles, זַכָּ֔י (𝔊 Ζακχου [Zakchou], 𝔊L Ζακχαιου [Zakchaiou]) = (𝔊 Ζαθου [Zathou], A Ζακχουρ [Zakchour], 𝔊L Ζακχαιου [Zakchaiou]); perhaps = זַכַּי q.v.; 𝔊 Ζαβ [Zab](ρ [r])ου [ou], 𝔊L Ραββαι [Rabbai]. Nes (privately) suggests that this might be abbrev. from זכריה.",Ezra 2:9; Nehemiah 7:14; Nehemiah 3:20,
581,זִכְרִי,1,masculine,,"𝔊 Ζεχρει, Ζαχρι [Zechrei, Zachri], etc., except as below:—",,
582,זְכַרְיָהוּ,1,masculine,,"oftener זְכַרְיָה n.pr.m. (Sab. ידֿכראל DHMEpigr. Denkm. 43) 𝔊 Ζαχαρια [Zacharia](ς [s]), etc.:—",,
583,זִלְפָּה,1,feminine,,"Leah’s maid, one of Jacob’s wives, mother of Gad and Asher, (all J); (all P).",Genesis 29:24; Genesis 30:9; Genesis 30:10; Genesis 30:12; Genesis 35:26; Genesis 37:2; Genesis 46:18,
584,זִמָּה²,1,masculine,,of several Levites (Gershonites)—,,
585,זַמְזֻמִּים,1,gentilic (people group),,"said to be a name given to רְפָאִים by the Ammonites who dispossessed them (cf. Arabic زَمْزَمَ [zamzama] talk gibberish?), 𝔊 Ζοχομμιν, Ζομζομμειν [Zochommin, Zomzommein], and Ζομμειν [Zommein] (so 𝔊L); cf. זוּזִים q.v. (𝔊 ἔθνη ἰσχυρά [ethnē ischyra]).",Deuteronomy 2:20; Genesis 14:5,
586,זְמִירָה,1,masculine,,"a Benjamite, 𝔊 Ἀμαριας [Amarias]; 𝔊A, 𝔊L Ζαμαρια [Zamaria](ς [s]).",I Chronicles 7:8,
587,זִמְרִי,1,masculine,,𝔊 Ζαμβρ [Zambr](ε [e])ι [i]—,,
588,זִמְרִי²,1,gentilic (people group),,"vel patr., only מַלְכֵי ז׳ (+ מלכי עֵילָם and מלכי מָדָ֑י); = Σεμβρῖται [Sembritai] in Ethiopia (Straboxvii, i. 786)? cf. Gf; om. 𝔊; interpol. according to Kue Gie.",Jeremiah 25:25,
589,זִמְרָן,1,masculine,,"son of Abraham & Keturah, 𝔊 Ζε [Ze](μ [m])βραν [bran] and (𝔊L here Ζεμραμ [Zemram]). On locality referred to v. Di.",Genesis 25:2; I Chronicles 1:32,
590,זָנוֹחַ,1,locative (place name),,,,
591,זְרֻבָּבֶ֫ל,1,masculine,"according to MV perhaps = זְרוּעַ בָּבֶל begotten in Babylon, v. also Thes prob. = Bab. Zêr-Bâbili = off-spring of Babylon, often in Inscr. (MeyE. Jud. v);","—grandson of king Jehoiachin, and son of Pedaiah (×2) (but son of Shealtiel, etc., cf. brother(?) of פְּדָיָה ); leader of first returning exiles =; called פַּחַת יְהוּדָה, called עַבְדִּי (by י׳).—𝔊 Ζοροβαβελ [Zorobabel].",I Chronicles 3:19; Ezra 3:2; Ezra 3:8; I Chronicles 3:17; Ezra 2:2; Nehemiah 7:7; Ezra 3:2; Ezra 3:8; Ezra 4:2; Ezra 4:3; Nehemiah 12:1; Nehemiah 12:47; Haggai 1:12; Haggai 2:4; Zechariah 4:6; Zechariah 4:7; Zechariah 4:9; Zechariah 4:10; Haggai 1:1; Haggai 1:14; Haggai 2:2; Haggai 2:21; Haggai 2:23,"BDB, שְׁאַלְתִּיאֵל"
592,זֶ֫רֶד,1,river,√ dub.; on form cf. LgBN77,"—נַחַל זֶ֫רֶד; נַחַל זָ֑רֶד (JE); identification disputed; RobBR ii. 157 proposes Wadyel-Aḥsy (= נַחַל הָעֲרָבִים ), between Moab & Edom; Sail Saʿîde (Kn), chief source of Arnon from SE. (Burckh Syrien, 635), or W. Kerak (Ges Ke Di); so also GASmGeog.557.",Deuteronomy 2:13; Numbers 21:12; Deuteronomy 2:13; Deuteronomy 2:14; Isaiah 15:7,
593,זֶ֫רַח²,1,masculine,"on form cf. LgBN77, and Anm.",—,,
594,זְרַחְיָה,1,masculine,"י׳ hath risen, or shined; Sab. דֿרחאל Hal49",—𝔊 Ζαραια [Zaraia]:—,,
595,זֶ֫רֶשׁ,1,feminine,,"wife of Haman; (×2) (according to Opp Esth. 25 = Pers. zaris, Zend zairis, la dorée, cf. زررِشتَه [zrrishtah] aurum ductile, Vull ii. 128 b; JenVOJ, 1892, 64 comp. Elamit. goddess Kiriša).",Esther 5:10; Esther 5:14; Esther 6:13,
596,זַתּוּא,1,masculine,,head of a family of returned exiles =; cf. also.,Ezra 2:8; Nehemiah 7:13; Ezra 10:27; Nehemiah 10:15,
597,זֵתָם,1,masculine,"sub זית in Thes, = foregoing","—a Levite (Gershonite), appar. son of לַעְדָּן and brother of יְחִיאֵל and יוֹאֵל; appar. grandson of לַעְדָּן, and son of יְחִיאֵלִי (expressly called brother of יוֹאֵל); 𝔊 Ζεθομ, Ζοθομ [Zethom, Zothom], 𝔊L Ζηθαν [Zēthan].",I Chronicles 23:8; I Chronicles 26:22,
598,זֵתָם²,1,masculine,,a Levite.,I Chronicles 23:8; I Chronicles 26:22,
599,זֵתַר,1,masculine,,"an eunuch of Ahasuerus (Opp Esth. 25 comp. Pers. zaitar, conqueror).",Esther 1:10,
600,חֹבָב,1,masculine,"cf. Ph. n.pr. חב; WeSkizzen iii, 171. 217 suggests compar. with حُباب [ḥubāb] serpent","—son of Reuel, חֹתֵן of Moses (v. ), (JE); ins. ח׳ prob. also, v. GFM.",Numbers 10:29; Judges 4:11; Judges 1:16,"BDB, חתן"
601,חֻבָּה,1,masculine,,"a descendant of Asher, (read וְחֻבָּה, so Qr; > Kt יְחֻבָּה).",I Chronicles 7:34,
602,חֲבַצִּנְיָה,1,masculine,,"a Rechabite, 𝔊 Χαβασ [Chabas](ε [e])ιν [in].",Jeremiah 35:3,
603,חֲבַקּוּק,1,masculine,,"the prophet Habakkuk; 𝔊 Ἀμβακουμ [Ambakoum] (Assyrian ḫambaḳûḳu is name of a plant, DlHA 36, Pr 84, so حبقبق [ḥbqbq] in Yemen (Schweinfurth) v. HomAufsätze u. Abh. 1892, 27, 28).",Habakkuk 1:1; Habakkuk 3:1,
604,חֶ֫בֶר²,1,masculine,,,,
605,חֶבְרוֹן,1,locative (place name),,"Hebron (association, league)—ח׳ +; c. ה loc. חֶבְרוֹנָה + 6 times; חֶבְרֹ֫נָה;—𝔊 Χεβρων [Chebrōn]; mod. El-Ḫalîl (v. RobBR i. 213 f., ii. 73 ff. GuérinJudée iii. 214 ff.); ancient city in southern Judah, where (or near which) Abr. built an altar (J), and where was a sanctuary in Dvd.’s time, cf. לפני י׳ בְּח׳ =; built 7 yrs. bef. Ṣoan in Egypt according to b (JE); under a king, (JE) (D); assigned to Caleb, (JED) yet v. (cf. v ); older name קִרְיַת (הָ)אַרְבַּע according to (JED), cf.; (all P) b; v. also; (both P); called also מַמְרֵא (and, both P); a city of refuge (P) =; עֵמֶק ח׳ (J); named elsewhere a (JE); (all D) a; a resort of David, and for 7 yrs. his royal city, (×2), (van d. H. v, ); read also perhaps for תחתו, 𝔊L εἰς Χεβρων [eis Chebrōn], cf. Dr; seat of Absalom’s rebellion; עָרֵי ח׳ abode of David’s men.",Genesis 13:18; Joshua 10:36; II Samuel 2:1; Genesis 13:18; II Samuel 15:7; II Samuel 5:3; I Chronicles 11:3; Numbers 13:22; Joshua 10:3; Joshua 10:5; Joshua 10:23; Joshua 12:10; Joshua 14:13; Joshua 14:14; Judges 1:20; I Chronicles 6:40; I Chronicles 6:41; Joshua 14:15; Genesis 23:2; Genesis 35:27; Joshua 15:54; Joshua 20:7; Judges 1:10; Joshua 15:13; Joshua 21:11; Genesis 23:19; Genesis 35:27; Joshua 21:13; I Chronicles 6:42; Genesis 37:14; Numbers 13:22; Joshua 10:36; Joshua 10:39; Joshua 11:21; Judges 1:10; Judges 16:3; II Samuel 2:32; II Samuel 15:9; II Chronicles 11:10; I Samuel 30:31; II Samuel 2:1; II Samuel 2:11; II Samuel 3:2; II Samuel 3:5; II Samuel 3:19; II Samuel 3:20; II Samuel 3:22; II Samuel 3:27; II Samuel 3:32; II Samuel 4:1; II Samuel 4:8; II Samuel 4:12; II Samuel 5:1; II Samuel 5:3; II Samuel 5:13; I Kings 2:11; I Chronicles 3:1; I Chronicles 3:4; I Chronicles 11:1; I Chronicles 11:3; I Chronicles 12:24; I Chronicles 12:39; I Chronicles 12:23; I Chronicles 12:38; I Chronicles 29:27; II Samuel 3:12; II Samuel 15:10; II Samuel 2:3,
606,חֶבְרוֹן²,1,masculine,𝔊 Χεβρων [Chebrōn],,,
607,חָגָב²,1,masculine,,"head of a family of returning exiles 𝔊 Ἁγαβ [Hagab] (no ‖ in H; but 𝔊L has both Αγαβ [Agab] and Αγαβα [Agaba], cf. ).",Ezra 2:46; Nehemiah 7; Nehemiah 7:47,"BDB, חֲגָבָא"
608,חֲגָבָא,1,masculine,,"head of a family of returnng exiles, 𝔊 Ἁγαβα [Hagaba] (cf. also foregoing) prob. = following.",Nehemiah 7:47,
609,חֲגָבָה,1,masculine,,"head of a family of returning exiles, prob. = foregoing; 𝔊 Ἁγαβα [Hagaba].",Ezra 2:45,
610,חַגַּי,1,masculine,"festal; Ph. חגי, חגת; Palm. חגגו VogNo. 61",—the prophet Haggai; 𝔊 Ἀγγαῖος [Angaios].,Haggai 1:1; Haggai 1:3; Haggai 1:12; Haggai 1:13; Haggai 2:1; Haggai 2:10; Haggai 2:13; Haggai 2:14; Haggai 2:20; Ezra 5:1; Ezra 6:14,
611,חַגִּית,1,feminine,festal,wife of David and mother of Adonijah; 𝔊 Ἀγγιθ [Angith].,II Samuel 3:4; I Kings 1:5; I Kings 1:11; I Kings 2:13; I Chronicles 3:2,
612,חָגְלָה,1,feminine,"'= partridge, v. supr.","—a daughter of Ṣelophchad of Manasseh; (all P); 𝔊 Ἑγλα [Hegla], A Αιγλα [Aigla](μ [m]). On n.pr.loc. בֵּית ח׳ v. p. 111 b.",Numbers 26:33; Numbers 27:1; Numbers 36:11; Joshua 17:3,
613,חֲדַד,1,masculine,"on this and foll. cf. Palm. n.pr. חדודן VogNo. 96, Sab. חדד Hal27","—a son of Ishmael (cf. Baer’s n.; van d. H. חֲדַר) 𝔊 Χοδδαν [Choddan], 𝔊L Χοδδαδ [Choddad]; = 𝔊 Χονδαν [Chondan], A Χοδδαδ [Choddad], 𝔊L Αδαδ [Adad].",Genesis 25:15; I Chronicles 1:30,
614,חָדִיד,1,locative (place name),,"in Benj., mentioned with לֹד and אוֹנוֹ =; with these and other places; prob. = Ἀδιδά, Ἀδίδοις [Adida, Adidois]; mod. El-Ḥadite c. 3 1/4 miles N. of E. from Lydda, GuérinJudée i. 320 (cf. RobBR iii. 143).",Ezra 2:33; Nehemiah 7:36; Nehemiah 11:34,The Book of Maccabees I (Kahana Translation) 12:38; The Book of Maccabees I (Kahana Translation) 13:13
615,חַדְלָ֑י,1,masculine,,"an Ephraimite, 𝔊 Χοαδ [Choad], A Αδδι [Addi], 𝔊L Αδλι [Adli].",II Chronicles 28:12,
616,חִדֶּ֫קֶל,1,river,,"Tigris (Sum. Idigna, Assyrian Idiḳlat, Diḳlat, O.-Pers. Tigrâ SpiegAPK, Gloss., etc.), the famous Assyrian river; v. especially DlPa 110 f. 170 ff.; ח׳; חִדָּ֑קֶל.",Genesis 2:14; Daniel 10:4,
617,חַדְרָ֔ךְ,1,territorial (land/region),,"only אֶרֶץ ח׳ (‖ דַּמֶּשֶׂק); perch. = Assyrian Ḫatarakka, Ḫatari(k)ka, a district near Damascus and Hamath; v. SchrCOT ad loc., DlPa 279.",Zechariah 9:1,
618,חֹ֫דֶשׁ²,1,feminine,,"a wife of Shaharaim of Benj., 𝔊 Ἁδα [Hada], 𝔊L Βαδαα [Badaa] (so v = בַּעֲרָה).",I Chronicles 8:9; I Chronicles 8:8,
619,חָדְשִׁי,1,locative (place name),,"in n.pr.loc. אֶרֶץ תַּחְתִּים ח׳, read א׳ הַחִתִּים קֵדְשָׁה v. HiGesch. Isr. i. 29, 𝔊L εἰς γῆν Χεττιειμ Καδης [eis gēn Chettieim Kadēs]; cf. Drad loc. and (in part) Klo; v. also.",II Samuel 24:6,"BDB, קֶ֫דֶשׁ"
620,חוֹבָה,1,locative (place name),,"north of Damascus; mod. Ḫoba, 20 hours N. of Dam., according to Wetzst Del Gn. ed. 4, 561 ff. so Di.",Genesis 14:15,
621,חַוָּה,1,feminine,"life, vid. Di; > WeProl. 1886, 322; Skizzen iii. 217 after Nö who suggests serpent as poss. meaning, cf. Arabic حَيَّةٌ [ḥayyahun]; but RSK 177 ‘mother of every ḥayy,’ v. ii. sub","— and the man called his wife חַוָּ֑ה, because she was אֵם כָּל־חָֽי׃; cf. ח׳ אִשְׁתּוֹ (both J).—ii. חַוָּה village, v. infr. sub ii..",Genesis 3:20; Genesis 3:20; Genesis 4:1,"BDB, חַי³; BDB, חָיָה; BDB, חוה²"
622,חֲוִילָה,1,territorial (land/region),"√ dub. DlPa 12 suggests חוֹל sand-land, dunes, as Heb. popular etym., MV11 give it as actual etym.; StaThLZ Apr. 28, 1894, 235 compares this, as well as חוֹל sand, with Arabic وَحَلٌ [waḥalun] soft mud, [damp sand]","—אֶרֶץ הַחֲוִילָה (surrounded or bordered—סבב—by river Pishon; noted for excellent gold, bdellium and shoham-stone); elsewhere without art. חֲוִילָה = as a ‘son’ of Cush (between סְבָא and סַבְתָּה); but also as a ‘son’ of יָקְטָן, a descendant of Shem = (between אוֹפִיר and יוֹבָב); מֵח׳ עַד־שׁוּר said of limits of Ishmaelitish territory; cf. same limits of Amalek (but dub.; We reads טֵילָם, cf. v and vid. Dr; GlaserSkizze ii, 326 reads חֲכִילָה as, ).—Most have supposed several regions named ח׳ to be indicated in these passages:—e.g. Thes 1. Arabian shore of Pers. Gulf etc. 2. Ethiopian coast etc. 3. India (regarded as indef. extension of 1). Di distinguishes 1 and 2 either as quite distinct, or as different settlements of one great people, and (on ) thinks that כל ארץ ח׳ implies vague extension eastward. DlPa 12 ff. 57 ff. identif. ח׳ in all passages with NE. part of Syrian desert, so E. MeyerGesch. Alterth. i. 224; GlaserSkizze ii. 323 ff. with central and NE. Arabia. The question is still undecided.",Genesis 2:11; Genesis 10:7; I Chronicles 1:9; Genesis 10:29; I Chronicles 1:23; Genesis 25:18; I Samuel 15:7; I Samuel 15:4; I Samuel 23:19; I Samuel 26:1; I Samuel 26:3; Genesis 10:29; Genesis 10:7; Genesis 2:11; Genesis 10:7; Genesis 2:14; Genesis 2:11,
623,חוּל²,1,masculine,,"a ‘son’ of Aramaic =, named between עוּץ and גֶּתֶר 𝔊 Ουλ [Oul].",Genesis 10:23; I Chronicles 1:17,
624,חוּקֹק,1,locative (place name),,"city in Asher 𝔊 Ικακ [Ikak], 𝔊L Ακωκ [Akōk]; but read prob. חֶלְקַת (as ) q.v.—חֻקֹ֑קָה v. sub.",I Chronicles 6:60; Joshua 19:25; Joshua 19:34,"BDB, חָקַק"
625,חוּקֹק²,1,locative (place name),,"only, prob. error for חֶלְקַת (q.v.).",I Chronicles 6:60; Joshua 19:25; Joshua 21:31,
626,חוּר²,1,masculine,meaning dub.; cf. Nab. n.pr. חורו Nö in Eutp. 45,—,,
627,חוּרִי,1,masculine,,a Gileadite (of Gad) (𝔊 Ουρ [Our](ε [e])ι [i]).,I Chronicles 5:14,
628,חוּרַי,1,masculine,,"a hero of David ח׳ מִנַּחֲלֵי גָ֔עַשׁ 𝔊 Ουρ [Our](ε [e])ι [i], 𝔊L Ουρια [Ouria]; = הִדָּי (om. B; A Αθθαι [Aththai], 𝔊L Αδδαι [Addai]).",I Chronicles 11:32; II Samuel 23:30,
629,חַוְרָן,1,territorial (land/region),"meaning unknown; conjectures are:—black-land (as basaltic region), supported by حَوْر [ḥawr] black, dial. of Yemen, Maltzan ZMG 1874, 230, and tokens of immigration from Yemen into Ḥaurân, Wetzst in De Job 2, 598; ZKW 1884, 120; land of caves, Thes Hi-Sm, Porter Dict. Bib., and hollow, GASmGeogr. 552, who comp. Heb. חור hole; but this prob. from iii. חרר, and Arabic خَوْر [khawr], hollow, diff. from حَوْرَان [ḥawrān]","—district SE. from Mt. Hermon, extending between Jaulan and Lejah, toward Syriac desert; only גְּבוּל חַוְרָ֑ן cf. v; = Assyrian Ḫaurani DlPa 294; 𝔊 Αυρανιτις [Auranitis], and so JosAnt. xv. 10, 1 etc., Arabic حَوْرَان [ḥawrān]. On this district v. Wetzst Hauran, (1860) and in De Job 2, 597 ff. BdPal 195 ff. SchumacherAcross the Jordan, 1889; ZPV xii. 1889, 225 ff. (with map) GASmGeogr. 552 f. 609 ff.",Ezekiel 47:16; Ezekiel 47:18,"BDB, חַוְרָן"
630,חוּשָׁה,1,masculine,,a ‘son’ of חוּר = place in Judah.,I Chronicles 4:4,
631,חוּשַׁי,1,masculine,,,,
632,חוּשִׁים,1,feminine,,"wife of Shaharaim of Benjamin, חוּשִׁים, חֻשִׁים v.",I Chronicles 8:8; I Chronicles 8:11,
633,חוֹתָם²,1,masculine,,,,
634,חֹזֶה,11,masculine,,"It seems best to add 2. vision (cf. ) עִם שְׁאוֹל עָשִׂינוּ חֹזֶה with Sheʾôl we made a vision (had a vision, in connexion with Sheʾôl—i.e. by necromancy, v. Du—which makes us secure; ‖ כרת ברית אֶת־מָוֶת); Ew§ 156 e trans. oracle here and; HoffmZAW iii. 95 puts this under 1: ‘we have appointed a prophet with Sheʾôl (SS “Ein bei der Scheol bestellter Seher”), who is answerable to us for it;’ 𝔊 𝔙 𝔗 AV RV Che Di al., are at (or have made an) agreement (prophetic advice of seers being taken at time of making treaties; v. 1)—Vid. also n.pr.m. sub כל.",Isaiah 28:7; Isaiah 28:15; II Kings 17:13,"BDB, רֹאֶה²; BDB, חָזוּת; BDB, כָּל־חֹזֶה"
635,חֲזָהאֵל,1,masculine,Ēl sees; Assyrian Ḫazaʾilu COT Gloss,"king of Aramaic, v =; contr. חֲזָאֵל, v =; (×2); (×2); בֵּית חֲזָאֵל.",II Kings 8:8; II Kings 8:13; II Kings 8:15; II Kings 8:29; II Chronicles 22:6; I Kings 19:15; I Kings 19:17; II Kings 8:9; II Kings 8:12; II Kings 8:28; II Chronicles 22:5; II Kings 9:14; II Kings 9:15; II Kings 10:32; II Kings 12:18; II Kings 12:19; II Kings 13:3; II Kings 13:22; II Kings 13:24; II Kings 13:25; Amos 1:4,
636,חֲזוֹ,1,masculine,,"son of Nahor, 𝔊 Αζαυ [Azau] (cf. Assyrian n.pr.loc. Hazû, mentioned with Bazû (v. iii. ) by Esar. DlPa 307; ZK 1885, 93 f. COT on; also Di).",Genesis 22:22; Genesis 22:21,"BDB, בּוּז³"
637,חֲזָיָה,1,masculine,Yah hath seen,one of the chiefs of the בְּנֵי יְהוּדָה.,Nehemiah 11:5,
638,חֶזְיוֹן,1,masculine,vision,ancestor of Benhadad king of Aramaic (Klo proposes חֶזְרוֹן and comp. 𝔊 ).,I Kings 15:18; I Kings 11:23,
639,חֵזִיר,1,masculine,"cf. inscr. in RA 1867, pl. 7, DrSm xxiii; Nö ZMG 1886, 162 ‘pointing ֵto avoid offence;’ but Nbr Acad. 1887, Dec. 17 comp. Talm & 𝔗 (חַזּוּרָא, חֵיזוּר, חֲזוּרָא etc.) pomegranate (and apple; Syriac ܚܰܙܘܽܪ, ܚܰܙܘܽܪܳܐ [חזור, חזורא]), cf.,",—,II Samuel 4:2; II Samuel 4:5; II Samuel 4:9,"BDB, רִמּוֹן²"
640,חִזְקִיָּ֫הוּ,1,masculine,"י׳ hath strengthened, י׳ strengtheneth; = Assyrian Ḫazaḳi(i)au, Schr COT on, Jäger BAS i, 469; cf. n.pr. יחזק on seal Gann JAs 1883 Feb.–Mar., 134 No. 7;—on format. v. LagBN 134",—,II Kings 18:1,
641,חַטּוּשׁ,1,masculine,,,,
642,חֲטִיטָא,1,masculine,,"head of a Levit. family, returned exiles 𝔊 Ατητα [Atēta], = 𝔊 Ατειτα [Ateita], in both A Ατιτα [Atita], 𝔊L Αζιζα [Aziza].",Ezra 2:42; Nehemiah 7:44,
643,חַטִּיל,1,masculine,,"head of a family of ‘the children of Sol.’s servants’ 𝔊 Αττεια [Atteia], A Αττιλ [Attil] = 𝔊 Εγηλ [Egēl], A Εττηλ [Ettēl], 𝔊L Αττιλ [Attil] in both.",Ezra 2:57; Nehemiah 7:58,
644,חֲטִיפָא,1,masculine,,"head of a family of Nethinim, post-exil., 𝔊 Ατουφα [Atoupha], A Ατιφα [Atipha] = 𝔊 Ατειφα [Ateipha]; 𝔊L both Ατουφα [Atoupha].",Ezra 2:54; Nehemiah 7:55,
645,חִיאֵל,1,masculine,"prob. (אֲ)חִיאֵל brother of Ēl, 𝔊 Ἀχειηλ [Acheiēl]; cf. חירם & Ph. חמלך, etc.; v. BaeRel 156","a Bethelite, rebuilder of Jericho.",I Kings 16:34,
646,חִיאֵל²,1,masculine,"Ēl lives (or abbrev. for יחיאל); Sab. חיאל, name of coin, after n.pr. of king DHM ZMG 1875, 613, 1883, 15; cp. also foll., and Ph. מריחי, כמשיחי","—name of the rebuilder of Jericho; 𝔊 Αχ [Ach](ε [e])ιηλ [iēl], om. 𝔊L.",I Kings 16:34,
647,חֵילָם,1,locative (place name),,"E. of Jordan (Th their army, but 𝔊 𝔖 I EwGesch. iii. 211 Anm. 1 = H iii. 155 n.2 We Dr) = חֵלָ֑א‌֯מָה v (𝔊 Αιλαμ [Ailam]); + חילם (𝔊 Ηλιαμ [Ēliam]) Co; according to this it lay on the border between Damascus and Hamath.",II Samuel 10:16; II Samuel 10:17; Ezekiel 47:16,
648,חִירָם,1,masculine,,Hiram (Ph. חרם; abbr. from foregoing)—ח׳ + 18 times 1 K + Kt; (all Qr חוּרָם); חִירוֹם; also חוּרָם + 9 times Ch.—,II Samuel 5:11; I Chronicles 14:1; II Chronicles 4:11; II Chronicles 9:10; I Kings 5:24; I Kings 5:32; I Kings 7:40; I Chronicles 8:5,
649,חֲכַלְיָה,1,masculine,"meaning dub.; perhaps חַכֵּה לְיָהּ wait for Yahweh, √ חכה, so We?","—father of Nehemiah, 𝔊 Χελκ [Chelk](ε [e])ια [ia], 𝔊L Χελκιασ [Chelkias](ου [ou]), א A Αχαλια [Achalia]; 𝔊 Αχελια [Achelia], A 𝔊L Αχαλια [Achalia].",Nehemiah 1:1; Nehemiah 10:2,
650,חַכְמוֹנִי,1,masculine,wise,—,,
651,חֶלְאָה²,1,feminine,meaning dub.,"—wife of Ashḫur (of Judah) ‘father’ of Tekoah, 𝔊 Αωδα, Αοαδα, Αλαα, Ελαα, Ελεα [Aōda, Aoada, Alaa, Elaa, Elea].",I Chronicles 4:5; I Chronicles 4:7,
652,חֵ֫לֶב²,1,masculine,Sab. n.pr.m. חֿלבן = the crafty one Sab.Denkm. 27. 28,"—one of David’s heroes (but read חלד(י), v. Dr), 𝔊 Εσθαει [Esthaei], A Αλαφ [Alaph], 𝔊L Αλλαν [Allan] (= חֵלֶד = חֶלְדַּי ).",II Samuel 23:29; I Chronicles 11:30; I Chronicles 27:15,
653,חֶלְבָּה,1,locative (place name),,"town assigned to Asher, site unknown, 𝔊 Χεβδα [Chebda], 𝔊L Ελβα [Elba]; (comp. Assyrian Maḫalliba Schr Dl, but v. infr.)",Judges 1:31,"BDB, אַחְלָב²"
654,חֶלְבּוֹן,1,locative (place name),,"place whence wine came (to Tyre) יֵין ח׳; so also Assyrian n.pr.terr. Ḫibunim or Hilbunu, v. SchrCOT and Dl in Co Mod. Ḫalbûn, NW. from Damascus, Wetzst ZMG xi. 1857, 490 f. BdPal. 341.",Ezekiel 27:18,
655,חֵ֫לֶד,1,masculine,Sab. n.pr. חֿלד DHMEpigr. Denkm. 35,"one of David’s heroes, son of בַּעֲנָה A 𝔊L Αλαδ [Alad] (= חֶלְדַּי = חֵלֶב ).",I Chronicles 11:30; I Chronicles 27:15; II Samuel 23:29,
656,חֻלְדָּה,1,feminine,,"prophetess, Josiah’s time, =, 𝔊 Ολδα [Olda].",II Kings 22:14; II Chronicles 34:22,
657,חֶלְדַּי,1,masculine,,,,
658,חֹלוֹן,1,locative (place name),,,,
659,חַלְחוּל,1,locative (place name),,"town in Judah, LagOnom. 119. 7, 2nd ed. 152 Elul in tribu Iuda, cf. Alula juxta Chebron; mod. Ḥalḥûl, 1 1/2 hour (3 1/2 miles) N. from Hebron, v. Di (and reff.) Bla RobBR iii. 281 f. Guérin Judée iii. 284 ff.",Joshua 15:58,
660,חֲלִי²,1,locative (place name),,"in Asher, site unknown (v. conject. in Di).",Joshua 19:25,
661,חֵ֫לֶם,1,masculine,strength,—a returned exile = חֶלְדַּי v.,Zechariah 6:14; Zechariah 6:10,
662,חֵלֹן,1,masculine,,"a man of Zebulon; (𝔊 Χαιλων [Chailōn], 𝔊L Χελων [Chelōn]).",Numbers 1:9; Numbers 2:7; Numbers 7:24; Numbers 7:29; Numbers 10:16,
663,חֵ֫לֶף²,1,locative (place name),,"in Naphtali, site unknown.",Joshua 19:33,
664,חֶ֫לֶץ,1,masculine,vigour,,,
665,חֵ֫לֶק²,1,masculine,portion,"a Gileadite. 𝔊 Χελεγ [Cheleg], (κ [k]), Κελεζ [Kelez], etc.; 𝔊L Ελεκ [Elek].",Numbers 26:30; Joshua 17:2; Joshua 17:2,
666,חֶלְקָ֑י,1,masculine,,"priest, time of Joiakim son of Jeshua, (perhaps abbrev. for חלקיהו, (q.v.), 𝔊L Χελκιας [Chelkias] (B om.)",Nehemiah 12:15,
667,חִלְקִיָּהוּ,1,masculine,my portion is י׳,"𝔊 usually Χελκ [Chelk](ε [e])ιας, Χελχιας [ias, Chelchias];—",,
668,חֶלְקַת הַצֻּרִים,1,locative (place name),,"a place near pool of Gibeon where Ishbosheth’s men were killed by Dvd.’s men under Joab, 𝔊 Μέρις τῶν ἐπιβούλων [Meris tōn epiboulōn]; on meaning of name v. supr.",II Samuel 2:16,"BDB, חֶלְקָה"
669,חָם,1,personal name (m),,and loc. (cf. Sab. חם Hal243)—𝔊 Χαμ [Cham]:—,,
670,חֶמְדָּן,1,masculine,,"an Edomite 𝔊 Αμαδα [Amada] = חַמְרָן (𝔊 Εμερων [Emerōn], 𝔊L Αμαδαμ [Amadam]).",Genesis 36:26; I Chronicles 1:41,
671,חַמּוּאֵל,1,masculine,,v. sub.,,"BDB, חָמַם"
672,חַמּוּאֵל²,1,masculine,meaning? comp. Sab. חמא[ל] Hal215,—a Simeonite 𝔊L Αμουηλ [Amouēl].,I Chronicles 4:26,
673,חֲמוּטַל,1,feminine,,"Qr, חמיטל Kt, n.pr.f. (meaning dub.; perhaps, if Kt right, my husband’s father is the dew, cf. )—𝔊 Αμειται, Μιτατ [Ameitai, Mitat]; A Αμιταλ, Αμιταθ [Amital, Amitath]; 𝔊L Αμιταλ [Amital];—mother of the kings Jehoahaz and Zedekiah, sons of Josiah; Qr (Kt חמיטל) = Qr (Kt id.)",II Kings 23:31; II Kings 24:18; Jeremiah 52:1,"BDB, אֲבִיטָ֑ל"
674,חַמּוֹן,1,locative (place name),hot spring?,—,,
675,חֲמוֹר³,1,masculine,,"father of Shechem (he-ass; v. RSK 220; Sem i. 449)—, (×2).",Genesis 33:19; Genesis 34:2; Genesis 34:4; Genesis 34:6; Genesis 34:8; Genesis 34:13; Genesis 34:18; Genesis 34:20; Genesis 34:24; Genesis 34:26; Joshua 24:32; Judges 9:28,
676,חַמְרָן,1,masculine,,(= חֶמְדָּן q.v.),I Chronicles 1:41; Genesis 36:26,
677,חֲמָת,1,locative (place name),"√ dub.; Thes MV al. der. from חָמָה, חֲמָת = fortress, or (v. RSSem i, 140), sacred enclosure, temenos, ḥimā, cf. HalJAS 7 ème Sér. x, 392 LagBN 82, 156; but no certainty that name is Shemitic; Arabic حَمَاة [ḥamāh], Assyrian Amattu, DlPA 275 ff. Pr 174","—mod. Ḥamâ, on el-ʿÂṣi (Orontes), 38 h. (c. 115 m.) N. of Damascus, v. BdPal. 398 f. It had a king, תֹּעִי, in David’s time =, and in 8th cent. b.c. =; gods of its own; =; gave its name to land (limits unknown) רִבְלָה בְּאֶרֶץ ח׳, cf.; contained Isr. exiles; furnished colonists for Samaria (cf. v supr.) after being conquered by Sargon, (COT; cf. ). It is called great Hamath by (חֲמַת רַבָּה,—חֲמַת only here). ח׳ is mentioned with דַּמֶּשֶׂק, צֹר, צִידוֹן in prophecy against land Hadrach (חַדְרָךְ), cf.. Often in phr. לְבֹא ח׳ (עַד־) = the entrance to H., i.e. the approach to H., as territorial limit; usually as denoting (ideal) northern limit of Isr. territory; =; חֲמָ֑תָה; ח׳ צובָה, and הֵשִׁיב אֶת־דַּמֶּשֶׂק וְאֶת־ח׳ לִיחוּדָה; so also: גְּבוּל ח׳, cf. v + v (del. Co); לְבוֹא ח׳, cf.; אֶל־יַד ח׳.",II Samuel 8:9; I Chronicles 18:9; II Kings 19:13; Isaiah 37:13; II Kings 17:30; II Kings 18:34; Isaiah 36:19; II Kings 23:33; II Kings 25:21; Jeremiah 39:5; Jeremiah 52:9; Jeremiah 52:27; II Chronicles 8:4; Isaiah 11:11; II Kings 17:24; II Kings 17:30; II Kings 17:24; II Kings 18:34; Isaiah 10:9; Amos 6:2; Zechariah 9:2; Jeremiah 49:23; Judges 3:3; Joshua 13:5; Numbers 13:21; Numbers 24:8; Amos 6:14; I Kings 8:65; II Chronicles 7:8; II Kings 14:25; I Chronicles 13:5; I Chronicles 18:3; II Chronicles 8:3; II Kings 14:28; Ezekiel 47; Ezekiel 48; Ezekiel 47:17; Ezekiel 47:16; Ezekiel 47:16; Ezekiel 48:1; Ezekiel 47:20; Ezekiel 48:1,
678,חַמֹּת דֹּאר,1,locative (place name),,"in Naphtali, Levitical city (perhaps = 1. חַמַּת, חַמּוֹן 2 v. Di), 𝔊 Νεμμαθ [Nemmath], A Εμαθδωρ [Emathdōr], 𝔊L Αμαθδωρ [Amathdōr].",Joshua 21:32,
679,חֵן³,1,masculine,favour,"—contemp. of Zerubbabel, so RV SS We, but RVm Ew Hi Ke Or grace, favour, kindness.",Zechariah 6:14,
680,חֵנָדָד,1,masculine,חֵן + הָדָד favour of Hadad,—Levite chief.,Ezra 3:9; Nehemiah 3:18; Nehemiah 3:24; Nehemiah 10:10,
681,חַנָּה,1,feminine,,"𝔊 Ἄννα [Anna] (cf. Nab. חנה EutNo. 20), mother of Samuel (×2), (×2).",I Samuel 1:2; I Samuel 1:5; I Samuel 1:8; I Samuel 1:9; I Samuel 1:13; I Samuel 1:15; I Samuel 1:19; I Samuel 1:20; I Samuel 1:22; I Samuel 2:1; I Samuel 2:21,
682,חֲנוֹךְ,1,masculine,,,,
683,חָנוּן,1,masculine,"favoured; cf. Assyrian Ḫanunu, king of Gaza COT on",—,II Kings 15:29,
684,חַנִּיאֵל,1,,,and חֲנִינָה v. sub.,,"BDB, חָנָן"
685,חַנִּיאֵל²,1,masculine,"favour of Ēl; cf. Ph. חנבעל, חנמלקרת (Hamilcar) favour of Melqart; Nab. חנאל VogNo. 10",—,,
686,חֲנַמְאֵל,1,masculine,perhaps = חנן־אל,"—Jeremiah’s cousin, son of his uncle, cf. ח׳ דֹּדִי v; 𝔊 Αναμεηλ [Anameēl].",Jeremiah 32:7; Jeremiah 32:8; Jeremiah 32:9; Jeremiah 32:12,
687,חָנָן,1,masculine,"gracious; cf. Sab. חנן, Ph. חנא",—,,
688,חֲנַנְאֵל,1,masculine,"Ēl is gracious; cf. Ph. חננבעל, אלחנן, etc.",—name of a tower at Jerusalem.,Jeremiah 31:38; Zechariah 14:10; Nehemiah 3:1; Nehemiah 12:39,
689,חֲנָנִי,1,masculine,perhaps abbrev. from foll.,—,,
690,חֲנַנְיָ֫הוּ,1,masculine,י׳ hath been gracious,"—𝔊 Ἀνανίας [Ananias]; חֲנַנְיָהוּ: (cf. on Israel. seal, GanneauJAs Fev.-Mars 1883, 128, No. 1)—",,"BDB, חֲנַנְיָ֫הוּ"
691,חָנֵס,1,locative (place name),,"in Lower Egypt, on island in Nile, S. of Memphis (‖ צֹעַן) = Egyptian Ḥnnstn [Ḥnénsĕ], Assyrian Ḫininši; Herodot. ii. 137 Ἄνυσις [Anysis], afterward Heracleopolis magna, now Ahnâs; v. SteindorffBAS i, 602.",Isaiah 30:4,
692,חַנָּתֹן,1,locative (place name),,"place in the tribe of Zebulun; 𝔊 Αμωθ [Amōth], A Ενναθωθ [Ennathōth], 𝔊L Αναθωθ [Anathōth]; site unknown; according to Conder = Talm. Caphar Hanania (NbrGéogr. 176, 226) on the border of Upper and Lower Galilee, mod. Kefrʾ Anân, SurveyWP i, 205, 207.",Joshua 19:14,
693,חֹסָה,2,masculine,refuge,—name of one of the Levitical doorkeepers of the temple.,I Chronicles 16:38; I Chronicles 26:10; I Chronicles 26:11; I Chronicles 26:16,
694,חֹסָה,4,locative (place name),,"place in the tribe of Asher; site unknown; 𝔊 Ιασιφ [Iasiph], A Σουσα [Sousa], 𝔊L Ωσα [Ōsa].",Joshua 19:29,
695,חַסְרָה,1,masculine,,"grandfather of Shallum who was husband of Huldah the prophetess (𝔊 A Εσσερη [Esserē], 𝔊L Ασερ [Aser]) = חַרְחַס (𝔊 Αραας [Araas], 𝔊L Αδρα [Adra]).",II Kings 22:14; II Chronicles 34:22,
696,חֻפָּה³,1,masculine,,priest of 13th course 𝔊 Οφφα [Ophpha].,I Chronicles 24:13,
697,חָפְנִי,1,masculine,Sab. n.pr. חפן Hal No. 14,—one of Eli’s two sons.,I Samuel 1:3; I Samuel 2:34; I Samuel 4:4; I Samuel 4:11; I Samuel 4:17,
698,חֶפְצִי־בָהּ,1,feminine,my delight is in her; cf. Ph. חפצבעל,—,,
699,חֵ֫פֶר,1,masculine,,,,
700,חֵ֫פֶר²,1,locative (place name),,,,
701,חָצוֹר,1,locative (place name),LagBN 47 f.,"—𝔊 Ασωρ [Asōr], etc.;",,
702,חָצֵר הַתִּיכוֹן,1,locative (place name),,"𝔊 Sm Co חָצֵ֫רָה עינון (q.v.); it is described as אֲשֶׁר אֶל־גְּבוּל חַוְרָן; WetzstZKW, 1884, v. 114 identif. with Ḥaḍar (حَضَر [ḥaḍar]) ‘at the foot of the eastern corner of Hermon.’",Ezekiel 47:16,
703,חֲצַר־אַדָּר,1,locative (place name),,"place on southern border of Canaan (Judah) 𝔊 ἔπαυλις Αραδ [epaulis Arad]; = חֶצְרוֹן (q.v.) (+ אַדָּ֫רָה) 𝔊 Σαραδα [Sarada], A 𝔊L Αδδαρα [Addara].",Numbers 34:4; Joshua 15:3,
704,חֶצְרוֹן,1,locative (place name),,"et pers. (cf. Sab. חצֿרן n.pr.loc. vel. trib. HalNo. 651 DHMZMG 1883, 15)—",,
705,חֶצְרוֹן,3,locative (place name),,"𝔊 Ασωρων, Ασερων, Εσρωμ [Asōrōn, Aserōn, Esrōm]:",,
706,חֶצְרוֹן,9,masculine,,"𝔊 Ασρωμ [Asrōm](ν [n]), Εσρων [Esrōn], etc.:",,
707,חֲצֵרוֹת,1,locative (place name),,"𝔊 Ασηρωθ [Asērōth], a station of Isr. in wilderness: חֲצֵרוֹת (×2); = חֲצֵרֹת.",Numbers 11:35; Numbers 12:16; Numbers 33:17; Numbers 33:18; Deuteronomy 1:1,
708,חֲצַרְמָ֫וֶת,1,masculine,"Arabic حَضْرَمَوْت [ḥaḍramawt], Sab. חצֿרמות, חצֿרמת, Os ZMG 1865, 239 ff. DHM ZMG 1883, 18. 412","—a ‘son’ of יָקְטָן, 5th in order from Shem (שֵׁם, 1. אַרְפַּכְשַׁד; 2. שֶׁלַח; 3. עֵבֶר; 4. יָקְטָן; 5. ח׳) =, 𝔊 Ασαρ [Asar](α [a])μωθ [mōth]; = n.pr.terr. a district in southern Arabia, where dwelt the Χατραμωτῖται [Chatramōtitai] (Strabo xvi. 4. 2); mod. Ḥaḍramaut (or Ḥaḍramût, see Maltzan ZMG 1871, 493 MordtZMG 1876, 323, van d. Bergp. 9, v. infr.) is same land, but not quite co-extensive; v. Di, Ritter Erdkunde xii (Arabien i) 609 ff., de GoejeḤadhr. 1886, van den BergḤadhramout, 1886, GlaserSkizze ii. 20, 423 ff. etc.; on its precise limits see especially Ritter 611 ff., de Goejel.c. van d. Berg ch. 1.",Genesis 10:26; I Chronicles 1:20; Genesis 10:26,
709,חֲקוּפָא,1,masculine,,"head of a family of returning exiles =, 𝔊 Αφεικα, Αχειφα, Ακουφα [Apheika, Acheipha, Akoupha], etc.",Ezra 2:51; Nehemiah 7:52,
710,חֹרֵב,1,mountain,,"Horeb (waste, desert)—𝔊 Χωρηβ [Chōrēb] (v. LagBN 85); אֶל־הַר הָאֱלֹהִים חֹרֵ֑בָה (E), cf. עַד הַר הָאֱלֹהִים חֹרֵב; הַצּוּר בִּחֹרֵב, הַר חוֹרֵב (both E); מֵחֹרֵב, בְּחֹרֵב; the sacred mountain of the wilderness, no geograph. diff. from סִינַי discoverable, but synonym of it in E and (especially) D (except poem; vid. P).",Exodus 3:1; I Kings 19:8; Exodus 17:6; Exodus 33:6; Deuteronomy 1:2; Deuteronomy 1:6; Deuteronomy 1:19; Deuteronomy 4:10; Deuteronomy 4:15; Deuteronomy 5:2; Deuteronomy 9:8; Deuteronomy 18:16; Deuteronomy 28:69; I Kings 8:9; II Chronicles 5:10; Psalms 106:19; Malachi 3:22; Deuteronomy 33:2,"BDB, סִין²"
711,חַרְבוֹנָא,1,masculine,,"eunuch of Ahasuerus = חַרְבוֹנָה (Pers. خربان [khrbān] = donkey driver, Vullers i, 668 b).",Esther 1:10; Esther 7:9,
712,חֲרֹד,1,locative (place name),,"only עֵין ח׳ (v. sub ), a camping-place of Gideon and Israel..",Judges 7:1,"BDB, עַ֫יִן³"
713,חֲרָדָה²,1,locative (place name),,"a station of Isr. in wilderness, site unknown.",Numbers 33:24; Numbers 33:25,
714,חֲרוּמַף,1,masculine,,father of one of the builders of the wall.,Nehemiah 3:10,
715,חָרוּץ⁴,1,masculine,,"father of king Amon’s mother, 𝔊 Αρους [Arous].",II Kings 21:19,
716,חַרְחוּר²,1,masculine,,head of a family of returning exiles =; 𝔊 Αρου [Arou](α [a])ρ [r] (meaning as above? or from ii. חרר?).,Ezra 2:51; Nehemiah 7:52,
717,חַרְחֲיָה,1,masculine,van d. H. חרהיה,"n.pr.m. (√ and meaning. unknown)—father of one of the builders of the wall, Neh.’s time.",Nehemiah 3:8,
718,חַרְחַס,1,masculine,,"grandfather of Shallum, who was husband of Huldah the prophetess (v. ).",II Kings 22:14,"BDB, חַסְרָה"
719,חֹרִי³,1,gentilic (people group),,v. sub.,,"BDB, חרר²"
720,חֹרִי⁴,1,gentilic (people group),,"adj., usually n.pr.gent. et pers. (prob. = cave-dweller, so Thes Rob-Ges. MV VB; v. also W Max Müll Asien u. Europa 136, 155, 156)—",,
721,חֹרִי⁴,5,gentilic (people group),,"always c. art.; usually sg. coll. הַחֹרִי, ancient inhabitants of land of Edom (בְּהַרֲרָם שֵׂעִיר); in P called בְּנֵי שֵׂעִיר בְּאֶרֶץ אֱדוֹם (vid. v ); cf. v; according to (where alone הַחֹרִים), v they were driven out by sons of Esau (yet v. l. c. and Di); 𝔊 ὁ Χορραιος, οἱ Χορραιοι [ho Chorraios, oi Chorraioi], (, Χορρ [Chorr](ε [e])ι [i]).",Genesis 14:6; Genesis 36:21; Genesis 36:20; Genesis 36:29; Genesis 36:30; Deuteronomy 2:12; Deuteronomy 2:22; Genesis 36; Genesis 36:29; Genesis 36:30,
722,חֹרִי⁴,7,personal name (m),,,,
723,חֳרֵם,1,locative (place name),sacred; cf. Sab.. n.pr.loc. אחרם DHMEpigr. Denkm. 43,—a place in tribe of Naphtali (P); not identified.,Joshua 19:38,
724,חָרִם,1,masculine,"consecrated; cf. Sab. n.pr.m. חרם, יחרמאל Hal411. 504 DHMl.c.",—,,
725,חָרְמָה,1,locative (place name),"asylum, cf. Arabic id., WetzstZKW v. 1884, 115","—a royal city of Canaanites, in the South, in tribe of Simeon (JE; art. only here v. Di), (J) where name expl. from Israel’s devoting Canaanites of Arad to destruction; (P), (D); originally called צְפַת, where name is said to have been changed to Ḥormah because Judah and Simeon (after death of Joshua) devoted its inhabitants to destruction, v. Di.—On site v..",Numbers 14:45; Numbers 21:3; Joshua 15:30; Joshua 19:4; Deuteronomy 1:44; Joshua 12:14; I Samuel 30:30; I Chronicles 4:30; Judges 1:17; Numbers 21:3,"BDB, צְפַ֑ת"
726,חֶרְמוֹן,1,mountain,,"Hermon (sacred mountain, cf. Sab. מחרם, etc., temple, Arabic حَرَامٌ [ḥarāmun] interior of mosque, حُرْمَةٌ [ḥurmahun] asylum, WetzstZKW v. 1884, 115 RSSem i. 93; 2nd ed., 94)—the highest peak of Anti-Lebanon range, usually snow-capped, commanding southern Syria & northern Palestine; it is called שִׂיאֹן by the author of; by the Amorites שְׂנִיר, by the Sidonians שִׂרְיֹן. It has three peaks; and the names חרמון and שׂניר, distinguished in, may refer to two of these peaks; חֶרְמוֹנִים prob. refers to these different peaks (see RobBR iii, 357 BädPal. 301). It is a northern boundary עד הר ח׳; הר חרמוֹן mount Hermon is used also; but חרמון. Vid. (see Wetzstib. 115).",Deuteronomy 4:48; Deuteronomy 3:9; I Chronicles 5:23; Song of Songs 4:8; Psalms 42:7; Deuteronomy 3:8; Joshua 12:1; Joshua 11:17; Joshua 12:5; Joshua 13:5; Joshua 13:11; I Chronicles 5:23; Joshua 11:3; Psalms 89:13; Psalms 133:3; Song of Songs 4:8; Judges 3:3; I Chronicles 5:23,"BDB, בַּ֫עַל חֶרְמוֹן"
727,חָרָן,1,locative (place name),,"city in northern Mesopotamia (Assyrian ḫarrânu = road, path COTGloss.; cf. DlPa 185; JensenKosmologie 28 ‘junction of trading-routes’ = cross-roads)—mentioned as city of Abram’s sojourn, where his father Teraḥ died v, and whence he departed for Canaan; where Laban, Jacob’s uncle, lived, and whither Jacob fled; (both חָרָ֫נָה); as conquered by fathers of Sennacherib =; as place of trade; Assyrian Ḫarrana (-ni), SchrCOT on; 𝔊 Χαρραν [Charran]. It was an ancient seat of worship of moon-god (Sin), v. SchrKG 355, 536; see further ChwolsohnSsabier i, 303 ff. WüstenfeldZMG 1864, 443 f. SchrKG 355, 536 SachauReise 217 ff. Mez Gesch. d. Stadt Harran, 1892.",Genesis 11:31; Genesis 11:32; Genesis 12:4; Genesis 12:5; Genesis 27:43; Genesis 28:10; Genesis 29:4; II Kings 19:12; Isaiah 37:12; Ezekiel 27:23; Genesis 11:31; Genesis 27:43,
728,חָרָן²,1,masculine,,"son of Caleb of Judah (×2); 𝔊 Αρραν [Arran], 𝔊L Ωρων [Ōrōn] (Sab. n.pr. חרן DHMEpigr. Dakm. 56).",I Chronicles 2:46,
729,חֶ֫רֶס²,1,locative (place name),,,,
730,חָרֵף,1,masculine,dub. whether from I. or II.,n.pr.m. a chief of the line of Judah.,I Chronicles 2:51,
731,חֶ֫רֶשׁ³,1,masculine,,"a Levite 𝔊 Ραραιηλ [Raraiēl], A Αρες [Ares], 𝔊L Αρης [Arēs].",I Chronicles 9:15,
732,חַרְשָׁא,1,masculine,,"head of a family of returning exiles 𝔊 Αρησα [Arēsa], 𝔊L Βαασα [Baasa], = 𝔊 Αδασα [Adasa].",Ezra 2:52; Nehemiah 7:53,
733,חֶשְׁבּוֹן²,1,locative (place name),,"of the city of Sihon king of the Amorites; (all E), (all D); captured by Israel who dwelt in it (E); rebuilt by Reuben (E), given to Reuben at the division of the land (P); on the border of Gad, (P), it subsequently fell to Gad and was assigned to Levites out of that tribe (P); the Moabites gained possession of it, and subsequently the Ammonites; it was celebrated for its ponds.—Mod. Ḥusbân, SeetzenReisen i. 407 RobBR i. 551 BdPal 191 SurveyEP 8.",Numbers 21:26; Numbers 21:27; Numbers 21:28; Numbers 21:30; Numbers 21:34; Numbers 32:3; Deuteronomy 1:4; Deuteronomy 2:24; Deuteronomy 2:26; Deuteronomy 2:30; Deuteronomy 3:2; Deuteronomy 3:6; Deuteronomy 4:46; Deuteronomy 29:6; Joshua 9:10; Joshua 12:2; Joshua 12:5; Joshua 13:10; Joshua 13:21; Joshua 13:27; Judges 11:19; Jeremiah 48:45; Nehemiah 9:22; Numbers 21:25; Judges 11:26; Numbers 32:37; Joshua 13:17; Joshua 13:26; Joshua 21:39; I Chronicles 6:66; Isaiah 15:4; Isaiah 16:8; Isaiah 16:9; Jeremiah 48:2; Jeremiah 48:34; Jeremiah 48:45; Jeremiah 49:3; Song of Songs 7:5,
734,חֲשַׁבְיָ֫הוּ,1,masculine,Yah(u) has taken account,—,,
735,חֲשַׁבְנָה,1,masculine,"this and foll. perhaps textual error for חשׁביה(ו); yet 𝔊 Εσαβανα [Esabana], 𝔊L Ασβανα [Asbana]","—a chief of the people, Nehemiah’s time. Vid. also following.",Nehemiah 10:26,
736,חֲשַׁבְנְיָה,1,masculine,v. foregoing,—,,
737,חַשּׁוּב,1,masculine,considerate,—,,
738,חֲשׂוּפָא,1,masculine,,head of a family of Nethinim among the returning exiles חֲשׂוּפָא = חֲשֻׂפָא.,Ezra 2:43; Nehemiah 7:45,
739,חֻשִׁים,1,masculine,,"of Dan, וּבְנֵי דָן ח׳ cf. (v. Be VB); = שׁוּחָם (q.v.) cf. שׁוּחָתִי v.",Genesis 46:23; I Chronicles 7:12; Numbers 26:42; Numbers 26:42; Numbers 26:43,"BDB, אַחֵר²"
740,חָשֻׁם,1,masculine,,"head of a family of returned exiles =, cf..",Ezra 2:19; Nehemiah 7:21; Ezra 10:33; Nehemiah 8:4; Nehemiah 10:19,
741,חֻשָֿׁם,1,masculine,,"a king of Edom: חֻשָֿׁם, = חוּשָׁם.",Genesis 36:34; Genesis 36:35; I Chronicles 1:45; I Chronicles 1:46,
742,חֵת,1,masculine,,"appar. represented as ancestor of the Hittites (etym. and meaning unknown; pronounced as from √ ע״ע in Heb. & Assyrian, but not Egyptian; v. infr.)—‘begotten’ by Canaan (J) =; elsewhere only in combin. with בְּנֵי, בְּנוֹת;",Genesis 10:15; I Chronicles 1:13,"BDB, חִתִּי"
743,חֶתְלֹן,1,locative (place name),,"on the extreme northern boundary of Isr. territory (in Ezek.’s conception), only דֶּרֶךְ(־)ח׳; mod. Ḥeitela nearly two hours from sea-coast, according to FurrerZPV viii, 27.",Ezekiel 47:15; Ezekiel 48:1,
744,חֲתַת²,1,masculine,,"son of Othniel and grandson of Kenaz (brother of Caleb), חֲתַ֑ת.",I Chronicles 4:13,
745,טָֽבְאֵל,1,masculine,"Aramaic; = God is good, v.; according to Wkl (v. infr.) God is wise, cf. Aramaic ܛܰܒ [טב], Ethiopic ጠበበ be wise; Arabic طَبَّ [ṭabba] act as physician, طَبٌّ [ṭabbun] expert","—Persian officer in Samaria, 𝔊 Ταβεηλ [Tabeēl].",Ezra 4:7,"BDB, טוֹב"
746,טָֽבְאַ֑ל,1,masculine,"appar. pointed to mean good-for-nothing (אַל as neg.) v. De Di Du StaGesch. i. 590, orig. טָֽבְאֵל; Ol§ 91 d Köii, 537 al. think -אַ֑ל simply pausal form","—Aramean, whose son Peḳaḫ and Reṣin proposed to make king of Jerus. in place of Ahaz; only בֶּן־מָֽבְאַ֑ל (WklAlttest. Untersuch. 1892, 74 identif. with Reṣin, comparing טַבְרִמֹּן father of Benhadad).",Isaiah 7:6,
747,טֶ֫בַח²,1,masculine,,"son of Nahor by his concubine, 𝔊 Ταβεκ [Tabek](χ [ch]).",Genesis 22:24,
748,טְבַלְיָ֫הוּ,1,masculine,"י׳ hath dipped, i.e. purified","—name of one of the porters, line of Merari (𝔊L Ταβεηλ [Tabeēl]).",I Chronicles 26:11,
749,טַבָּעוֹת,1,masculine,,a family name among the Nethinim =.,Ezra 2:43; Nehemiah 7:45,
750,טַבָּ֑ת,1,locative (place name),,"spot near which Gideon’s pursuit of Midianites ended, site unknown.",Judges 7:22,
751,טוֹב⁴,1,locative (place name),perh. from above √,"—a region beyond Jordan, N. or NE. of Gilead, prob. Aramean; אֶרֶץ טוֹב, 𝔊 Τωβ [Tōb]; אישׁ טוֹב, men of Ṭôb, 𝔊 (Ε [E])ιστωβ [istōb]; = Τούβιον, Τώβιον [Toubion, Tōbion]; identif. by ConderHandb. 295 with southern Bashan, where is still Taiyibeh, 12 m. SE. from Sea of Galilee.",Judges 11:3; Judges 11:5; II Samuel 10:6; II Samuel 10:8,The Book of Maccabees I (Kahana Translation) 5:13
752,טַלְמֹן,1,masculine,,once טַלְמוֹן n.pr.m. name of porters.,,
753,טָפַת,1,feminine,,"daughter of Solomon, & wife of בֶּן־אֲבִינָדָב.",I Kings 4:11,
754,יָאִיר,1,masculine,"he enlightens, or one giving light",,,
755,יֹאשִׁיָּ֫הוּ,1,masculine,י׳ supporteth,,,
756,יְאָֽתְרַי,1,masculine,,an ancestor of Asaph appar. = אֶתְנִי v.,I Chronicles 6:6; I Chronicles 6:26,
757,יְבוּס,1,locative (place name),,"Jebus, name of Jerusalem according to יְבוּס הִיא יְרוּשָׁלַםִ, cf. also v; יְרוּשָׁלַםִ הִיא יְבוּס, cf. v.",Judges 19:10; Judges 19:11; I Chronicles 11:4; I Chronicles 11:5,
758,יָבִין,1,masculine,"one who is intelligent, discerning",two Canaanite kings of Hazor;—,,
759,יָבָל²,1,masculine,,"son of Lamech by Adah, and founder of pastoral life according to (J); 𝔊 Ιωβελ [Iōbel], 𝔊L Ιωβηλ [Iōbēl].",Genesis 4:20,
760,יִבְלְעָם,1,locative (place name),,"a city of Manasseh in West-Jordan land (JE; but יִב׳ here dub., v. BuRS 13 f.); so read also for MT קָבָל־עָם (𝔊L ἐν Ιεβλααμ [en Ieblaam]; v. Klo); = בִּלְעָם, q.v.; read יִבְלְעָם also in (‖ ), for MT גַּת רִמּוֹן, 𝔊 Ιεβαθα [Iebatha] (𝔊L after MT Γεθρεμμων [Gethremmōn]), v. Di; it lay about 13 m. E. of N. from Samaria, three-fifths of the way to Jezreel; mod. ruin Belʿame BdPal. 228, cf. Schultz ZMG iii. 49; (Old Egyptian Y-b-ra-ʿa-mu̥ WMM 195).",Joshua 17:11; Judges 1:27; II Kings 9:27; II Kings 15:10; I Chronicles 6:55; Joshua 21:25; I Chronicles 6:55,
761,יַבְנְאֵל,1,locative (place name),"E†l causeth to build, cf.,",—,,"BDB, בְּנָיָ֫הוּ; BDB, יַבְנֶה"
762,יַבֹּק,1,river,"√ prob. בקק; so Thes after Simonis, Sam. Di","מַעֲבַר (ה)יבק (where perhaps connected with אבק = יאבק); נַ֫חַל יַבּ׳, יַבּ׳ הַנַּחַל, יַבֹּק (‖ אַרְנֹן, cf. ), הַיַּבֹּק, (in both, ‖ ארנון); it empties into Jordan from East, in latitude of Shechem; called (southern) boundary of Ammon Shiloh; N. border of Amorites, (v. Di); in its upper course it runs S. to N., hence (W.) border of Ammon, and (northern) of Amorites (cf. ); but some confusion (Di Nu 21:24 Dt 2:37);—mod. Wady Zerqa BdPal. 181.",Genesis 32:23; Deuteronomy 2:37; Deuteronomy 3:16; Joshua 12:2; Numbers 21:24; Deuteronomy 3:16; Joshua 12:2; Numbers 11:13; Numbers 11:22; Numbers 21:24; Judges 11:22; Deuteronomy 3:16; Deuteronomy 2:37; Joshua 12:2,
763,יְבֶרֶכְיָ֫הוּ,1,masculine,"'= יְבָרֶכְיָהוּ s. Yah blesseth Ges§ 27, 3","father of a Zechariah in Isaiah’s time; usually in abbreviated form as foll.: בֶּרֶכְיָה,",Isaiah 8:2,
764,יָבֵשׁ³,1,locative (place name),,et pers.,,
765,יָבֵשׁ³,3,locative (place name),,"יָבֵשׁ גִּלְעָד Jabesh of Gilead, 𝔊 Ιαβ [Iab](ε [e])ις Γαλααδ [is Galaad], exact site uknown; (𝔊L Ιαβις τῆς Γαλααδ [Iabis tēs Galaad]); יָבֵישׁ גִּלְעָד, (in these three 𝔊L Ιαβις τῆς Γαλαατίδιτος [Iabis tēs Galaatiditos]); יָבֵישׁ; יָבֵשׁ; יָבֵ֑ישָׁה v; ‖ יָבֵ֫שָׁה.",Judges 21:8; Judges 21:9; Judges 21:10; Judges 21:12; Judges 21:14; II Samuel 21:12; I Chronicles 10:11; I Samuel 11:1; I Samuel 11:9; I Samuel 31:11; II Samuel 2:4; II Samuel 2:5; I Samuel 11:1; I Samuel 11:3; I Samuel 11:5; I Samuel 11:9; I Samuel 11:10; I Chronicles 10:12; I Chronicles 10:12; I Samuel 31:12; I Samuel 31:13,
766,יָבֵשׁ³,5,masculine,,יָבֵשׁ father of Shallum.,II Kings 15:10; II Kings 15:13; II Kings 15:14,
767,יִגְאָל,1,masculine,He redeems,—,,
768,יִגְדַּלְיָ֫הוּ,1,masculine,Yah(u) is great,a prophet of the age of Josiah.,Jeremiah 35:4,
769,יָגְלִי,1,masculine,led into exile?,chief of tribe of Dan.,Numbers 34:22,
770,יִדּוֹ,1,masculine,,,,
771,יַדּוּעַ,1,masculine,,,,
772,יְדוּתוּן,1,masculine,,"usually יְדוּתוּן; יְדֻתוּן; יְדיּ֯תוּן; chief of one of the three choirs of the temple (only Chr & ψ [ps]-titles); (×3); the king’s seer; his descendants formed one of the perpetual temple choirs בְּנֵי יְדוּתוּן; בֶּן־יְדיּ֯תוּן. In ψ [ps]-titles על ידותון, (Qr); לִידיּתוּן (לְ error for על־), all = after the manner of (the choir of) Yeduthun (musical term according to RSOTJC 442, 2nd ed. 143).—v. also LagOr ii. 16ff. and n.pr. אָסָף, הֵימָן (sub אמן), אֵיתָן (sub יתן).",II Chronicles 5:12; II Chronicles 35:15; Psalms 39:1; Psalms 77:1; Nehemiah 11:17; I Chronicles 16:38; I Chronicles 9:16; I Chronicles 16:38; I Chronicles 16:41; I Chronicles 16:42; I Chronicles 25:3; I Chronicles 25:6; II Chronicles 5:12; II Chronicles 35:15; I Chronicles 16:42; I Chronicles 25:1; I Chronicles 25:3; II Chronicles 29:14; Nehemiah 11:17; Psalms 62:1; Psalms 77:1; Psalms 39:1,
773,יַדַּי,1,masculine,,v..,,"BDB, יִדּוֹ"
774,יְדִידָה,1,feminine,beloved,"mother of Josiah; 𝔊 Ιεδεια [Iedeia], 𝔊L Ιεδιδα [Iedida].",II Kings 22:1,
775,יְדִידְיָה,1,masculine,"beloved of Yah; cf. Sab. ודדאל DHMZMG 1875, 604; 1883, 15","—name given to Solomon by Nathan; וַיִּקְרָא אֶת־שְׁמוֹ יְדִידְיָהֿ֑ בַּעֲבוּר יהוה; 𝔊 Ιδεδει [Idedei], 𝔊L Ιεδδιδια [Ieddidia].",II Samuel 12:25,
776,יְדָיָה,1,masculine,,,,
777,יְדִיעֲאֵל²,1,masculine,"Palm. ידיבעל DHM in MV 10, 983 cf. Sab. n.pr. with ידע DHMZMG 1875, 612",—,,
778,יִדְלָ֑ף,1,masculine,,"son of Nahor (J) (√ דלף? = he weepeth?) 𝔊 Ιελδαφ [Ieldaph], 𝔊L Ιεδλαφ [Iedlaph].",Genesis 22:22,
779,יָדָע,1,masculine,"Sab. ידע, epith. of king, the knowing, shrewd one MordtZMG 1876, 37","—a man of Judah (יָדָ֑ע), v.",I Chronicles 2:28; I Chronicles 2:32,
780,יְדַעְיָה,1,masculine,"Sab. n.pr. ידעאל DHMZMG 1875, 605",priestly name;—,,
781,יָהּ,1,divine name,,"contr. from יהוה, first appears in early poems; עָזִּי וְזִמְרָת יָהּ My strength and song is Yah (cited ), cf. the poetic extract יָד עַל כֵּם יָהּ = hand to the throne of Yah (E), the song of Hezekiah (repeated by dittography), (א)שׁ להבת יה (so read in preference to the MT שַׁלְהֶבֶתְיָה) = flame of fire from Yah; ביה יהוה (יהוה sustained by Aq and the rhythmical movement, unless it be a mistake for שׁמו, cf. ), יה אלהים. Elsewhere יָהּ is used only in late ψ [ps], especially in the Hallels, in the phrase הַלֲלוּ־יָהּ praise ye Yah, cf. also יהלל יה יהללו יה תהלל יה (v. ); in var. other phrases.",Exodus 15:2; Isaiah 12:2; Psalms 118:14; Exodus 17:16; Isaiah 38:11; Song of Songs 8:6; Isaiah 26:4; Psalms 68:5; Psalms 68:19; Psalms 104:35; Psalms 105:45; Psalms 106:1; Psalms 106:48; Psalms 111:1; Psalms 112:1; Psalms 113:1; Psalms 113:9; Psalms 115:18; Psalms 116:19; Psalms 117:2; Psalms 135:1; Psalms 135:3; Psalms 135:21; Psalms 146:1; Psalms 146:10; Psalms 147:1; Psalms 147:20; Psalms 148:1; Psalms 148:14; Psalms 149:1; Psalms 149:9; Psalms 150:1; Psalms 150:6; Psalms 102:19; Psalms 115:17; Psalms 150:6; Psalms 77:12; Psalms 89:9; Psalms 94:7; Psalms 94:12; Psalms 115:18; Psalms 118:5; Psalms 118:5; Psalms 118:14; Psalms 118:17; Psalms 118:18; Psalms 118:19; Psalms 122:4; Psalms 130:3; Psalms 135:4,"BDB, הָלַל"
782,יָהּ²,1,divine name,,v. sub p. 219b supr.,,"BDB, הָוָה"
783,יֵהוּא,1,masculine,"prob. contr. from יהוהוא = י׳ is He, cf. and reff.; cuneif. Ia-u-a COT (further SchrMBAW 1880, 277, SchrZA iii. 3 HptBAS i. 296, 329 Jäger ib. 468); cf. also",—,I Kings 16:23; II Kings 9:2,"BDB, יֵשׁוּעַ; BDB, אֱלִיהוּ"
784,יֵהוּא²,1,masculine,,v. sub supr. p. 219.,,"BDB, יהוה²"
785,יְהוֹאָחָז,1,masculine,"י׳ hath grasped; 𝔊 Ἰωαχας [Iōachas], & Ἰωαχαζ [Iōachaz]; cf. also, & cuneif. Ia-u-ḫa-zi for Ahaz, v., and cf. further JägerBAS i. 467 f.",—,,"BDB, אֲחַזְיָ֫הוּ; BDB, אָחָז"
786,יְהוֹאָשׁ,1,masculine,,"𝔊 Ἰωας [Iōas] (י׳ is strong, cf.; or hath bestowed, cf. Arabic آسَ [ʾāsa] bestow; Ph. יאש n.pr.f.; Sab. אלאוס Hal 150, אוסאל Hal 144, יאוסאל Hal 192, cf. DHMZMG 1883, 15);—",,"BDB, אישׁ"
787,יְהוּדָה,1,masculine,,"et terr. Judah (treated; (q.v. infr.) as if der. from Hoph. of ידה = praised, object of praise (on ה cf. Hiph. אֲהוֹדֶ֑נּוּ, יְהוֹדֶה ), but this dubious; relation to יְהֻד, ii. יְהוּדִית unexpl.; v. further JastrJBL xii, 1893, 61 ff.; Assyrian Ia-u-du, of land; Ia-u-da-ai, Judaean COTGloss)—",Genesis 29:35; Genesis 49:8; Psalms 28:7; Nehemiah 11:17,
788,יְהוּדָה,3,masculine,,,,
789,יְהוּדָה,19,territorial (land/region),,"land of Judah, f. =, +; ארץ יְהוּדֶה +; אדמת יהודה; עָרֵי יהודה; also 15 times Chr., 23 times Jer.; בִּיהודה +; מיהודה +; הר יהודה the hill-country of Judah (D); (P); נֶגֶב יהודה the south (country) of Judah.; מדבר יהודה (title).",Isaiah 7:6; Jeremiah 23:6; Jeremiah 33:16; Joel 4:20; Psalms 114:2; I Samuel 22:5; II Kings 23:24; Isaiah 19:17; II Samuel 2:1; I Kings 12:17; II Kings 18:13; II Kings 23:5; II Kings 23:8; Isaiah 40:9; Isaiah 44:26; Zechariah 1:12; Psalms 69:36; Lamentations 5:11; Joshua 19:34; Judges 15:9; I Kings 13:1; Joshua 11:21; Joshua 20:7; Joshua 21:11; II Chronicles 27:4; I Samuel 27:11; II Samuel 24:7; Judges 1:16; Psalms 63:1,
790,יְהוּדִי²,1,masculine,,"officer of Jehoiakim, (×2), 𝔊 Ιουδιν [Ioudin] (perhaps orig. appell. Jewish, of one not so by ancestry, v. Gf Gie).",Jeremiah 36:14; Jeremiah 36:21; Jeremiah 36:23,
791,יְהוּדִית²,1,feminine,relation to foregoing names obscure,"—wife of Esau, daughter of בְּאֵרִי the Hittite (not named ); 𝔊 Ιουδιν [Ioudin].",Genesis 26:34; Genesis 36:1,
792,יהוה,1,divine name,,"6823 i.e. יַהְוֶה n.pr.dei Yahweh, the proper name of the God of Israel—(1. MT יְהוָֹה6518 (Qr אֲדֹנָי), or יֱהוִֹה305 (Qr אֱלֹהִים), in the combinations אדני יהוה & יהוה אדני (vid. אֲדֹנָי), and with prep. בַּיהוָֹה, לַיהוָֹה, מֵיהוָֹה (Qr בַּאדֹנָי, לַאדֹנָי, מֵאדֹנָי), do not give the original form. 𝔊 and other Vrss follow the Qr. On the basis of; יהוה was regarded as a nomen ineffabile (vid. Philo de Vita Mosis iii, 519, 529), called by the Jews הַשֵּׁם and by the Samaritans שׁימא. The pronunciation Jehovah was unknown until 1520, when it was introduced by Galatinus; but it was contested by Le Mercier, J. Drusius, and L. Capellus, as against grammatical and historical propriety (cf. Bö§ 88). The traditional Ἰαβέ [Iabe] of Theodoret and Epiphanius, the ־יָהוּ, יְהוֹ־ of compound n.pr. and the contracted form יָהּ, all favour יַהְוֶה (cf. יַהֲלֹמ֑וּן; תַּהֲרוּ ), v. LagSym. i. 14 BaudissinStudien i. 179 ff.; DrStud. Bib. i. 1 ff. For Jeve v. StaZAW 1881, 346 De ib. 1882, 173 f. & Gn. Excurs. ii. 2. on liter. of interpret. v. NesEg 67 Drl.c..—Many recent scholars explain יַהְוֶה as Hiph. of הוה (= היה) the one bringing into being, life-giver (cf. ) Schr HSch; giver of existence, creator, Kue Tiele; he who brings to pass (so already Le Clerc), performer of his promises, Lag, Nes.Eg 88 (but NesEg. 91 inclines to Qal as RSBrit. & For. Ev. Rev. v. infr.); or from הוה he who causes to fall, rain or lightning RSOTJC ed. 1, 423; om. ed. 2, 245, cf. WeSkizzen iii. 175; ‘Fäller,’ destroying foes, StaG. i. 429 (dubiously). But most take it as Qal of היה (= היה); the one who is: i.e. the absolute and unchangeable one, Ri; the existing, ever-living, as self-consistent and unchangeable, Di; or the one ever coming into manifestation as the God of redemption, De Oehl; cf. also RSBrit. & For. Ev. Rev. 1876, he will be it, i.e. all that his servants look for (cf. Ewinfr.), he will approve himself (give evidence of being, assert his being Drl. c. 17)). theories of non-Heb. or non-Sem. origin. opposed (in their older forms) by BauRel i. 181 ff. (v. especially 230); DlPa 162 ff. claimed Bab. origin for יהו, against this KueNational religions, etc., Note iv (Eng. Trans. 329 ff.) JastrJBL xiii (1894), 103 f. cf. HptBAS i. 170 N; Dl Babel u. Bibel, 46 f., 73 f. makes same claim for יהוה, agst. this v. especially HirschZAW xxiii (1903), 355 ff. ZimKAT 3, 465 ff.; SpiegelbergZMG liii (1899), 633 ff. proposes (improb.) Egyptian etymol. for יהוה; further discussions see in KöEB Names, § 112 and n. 3. ‘Jehovah’ found in Jacob (? Johann.) Wessel († 1480), according to SchwallyThLZ, 1905, col. 612.",Exodus 20:7; Leviticus 24:11; Psalms 74:6; Isaiah 33:11; Genesis 3:20,"BDB, הַוָּה"
793,יהוה²,1,divine name,,v. sub p. 217 ff.,,"BDB, הַוָּה"
794,יְהוֹזָבָד,1,masculine,,"𝔊 usually Ἰωζαβαδ [Iōzabad] (י׳ hath bestowed; cf. Palm. נבוזבד Vog 73; v. also, )—",,"BDB, זְבַדְיָהוּ; BDB, זַבְדִּיאֵל"
795,יְהוֹחָנָן,1,masculine,,"† יְהוֹחָנָן, יוֹחָנָן n.pr.m. 𝔊 mostly Ἰωαναν, Ἰωναν [Iōanan, Iōnan] (י׳ hath been gracious, cf., & reff.; also Ph. יחנבעל בעליחן)—",,"BDB, אֶלְחָנָן; BDB, חֲנַנְאֵל"
796,יְהוֹיָדָע,1,masculine,"י׳ knoweth; cf., & reff., בְּעֶלְיָדָע",—,,"BDB, יְדַעְיָה; BDB, אֶלְיָדָע"
797,יְהוֹיָכִין,1,masculine,י׳ appointeth,"last king but one of Judah, son of Jehoiakim (𝔊 Ἰωακειμ [Iōakeim]; in K, 𝔊L Ἰωακειν [Iōakein]; 𝔊 in Je (usually) & Ch Ἰεχονίας [Iechonias]); יְהוֹיָכִין; (×2), = יְהוֹיָכִן v; = יוֹיָכִין; = יְכוֹנְיָה; = יְכָנְיָה; = יְכָנְיָהוּ = כָּנְיָהוּ.",II Kings 24:6; II Kings 24:8; II Kings 24:12; II Kings 24:15; II Kings 25:27; II Chronicles 36:8; II Chronicles 36:9; Jeremiah 52:31; Jeremiah 52:31; Ezekiel 1:2; Jeremiah 27:20; Jeremiah 28:4; Jeremiah 29:2; I Chronicles 3:16; I Chronicles 3:17; Esther 2:6; Jeremiah 24:1; Jeremiah 22:24; Jeremiah 22:28; Jeremiah 37:1,
798,יְהוֹיָקִים,1,masculine,,"𝔊 Ἰωακειμ [Iōakeim] (י׳ raiseth up; cf. & reff.; also יָקִים, יְקַמְיָה)—",,"BDB, אֶלְיָקִים"
799,יְהוֹיָרִיב,1,masculine,,"𝔊 Ἰωιαρειβ, Ἰωαρειβ, Ἰωαρειμ [Iōiareib, Iōareib, Iōareim], etc. (י׳ pleadeth, or contendeth)—",,
800,יְהוּכַל,1,masculine,,"𝔊 Ἰωαχαλ [Iōachal] (Codd. have ζ, χ, ς [z, ch, s], for λ [l]) (prob. contr. from יהויוכל, י׳ is able) a courtier of king Zedekiah, יְהוּ׳ = יוּ׳.",Jeremiah 37:3; Jeremiah 38:1,
801,יְהוּכַל²,1,masculine,,v. sub p. 220 supr.,,"BDB, יְהוֹיָרִיב"
802,יְהוֹנָדָב,1,masculine,"י׳ is noble, or is liberal, or hath impelled, cf.",—,,"BDB, נְדַבְיָה"
803,יְהוֹנָתָן,1,masculine,,"יְהוֹנָתָן, יוֹנָתָן n.pr.m. 𝔊 Ἰωναθαν [Iōnathan] throughout, with occasional var. (י׳ hath given; cf., & reff., Temanite רמננתן HalRÉJ 1884, ix. 7 f. NbrStud. Bib. i. 211; Sab. והבאום Hal 10)—",,"BDB, אֶלְנָתָן; BDB, נְתַנְיָ֫הוּ; BDB, נְתַנְאֵל"
804,יְהוֹעַדָּה,1,masculine,"meaning dub.; Thes י׳ hath adorned (as Heb. עדה Hiph.; vb. of Pa. form); MV י׳ is equipment, cf. Arabic عُدَّةٌ [ʿuddahun]; possibly י׳ hath carried off spoil, or hath deposed (𝔗 עדא Pe Pa Aph; cf. Haph. ); or perhaps י׳ hath numbered Arabic عَدَّ [ʿadda]","—a descendant of Saul (×2) (𝔊 Ἰαδα [Iada], A Ἰωιαδα [Iōiada], 𝔊L Ἰωδα [Iōda]) = יַעְרָה (×2) (for יֹעַדָּה? cf. Be; 𝔊 Ἰαδα [Iada], 𝔊L Ἰωδα [Iōda]).",Daniel 2:21; I Chronicles 8:36; I Chronicles 9:42,
805,יְהוֹעַדָּן,1,feminine,"? du. (cf. Kt ) or f.pl. of יהועדה, (עדה as noun) Aramaic form; Klo cf.; comp. Bab. n.pr. Aḫulapia, v. p. 29 supr.","mother of Amaziah, king of Judah Qr (Kt יהועדין, 𝔊 Ἰωαδειμ [Iōadeim], A Ἰωαδειν [Iōadein]), (𝔊 Ἰωναα [Iōnaa], A Ἰωαδεν [Iōaden], 𝔊L Ἰωαδειν [Iōadein]).",II Kings 14:2; II Kings 14:2; Psalms 13:2; II Kings 14:2; II Chronicles 25:1,"BDB, יהוה; BDB, אַחְלָ֑י"
806,יְהוֹצָדָק,1,masculine,י׳ is righteous; cf. Sab. צדקאל Hal 193,"father of Joshua the high-priest, יְהוֹ׳; = יוֹ׳; (𝔊 Ἰωσαδακ, Ἰωσεδεκ [Iōsadak, Iōsedek]).",Haggai 1:1; Haggai 1:12; Haggai 1:14; Haggai 2:2; Haggai 2:4; Zechariah 6:11; I Chronicles 5:40; I Chronicles 5:41; Ezra 3:2; Ezra 3:8; Ezra 5:2; Ezra 10:18; Nehemiah 12:26,"BDB, צִדְקִיָּ֫הוּ"
807,יְהוֹרָם,1,masculine,"י׳ is exalted; cf.; further, Ph. בעלרם, רמבעל; Sab. אלרם DHMZMG 1876, 686",—,,"BDB, מַלְכִּירָם"
808,יְהוֹשֶׁ֫בַע,1,feminine,י׳ is an oath; cf.,"—daughter of Joram of Judah, & wife of Jehoiada the priest; יְהוֹשֶׁבַע (𝔊 Ἰωσαβεε, Ἰωσαβεθ [Iōsabee, Iōsabeth]; = יְהוֹשַׁבְעַת (×2) (𝔊 Ἰωσαβεε [Iōsabee]).",II Kings 11:2; II Chronicles 22:11,"BDB, אֱלִישֶׁ֫בַע"
809,יְהוֹשׁוּעַ,1,masculine,,"and (later יֵשׁוּעַ, n.pr.m. (& loc., v. 9 infr.) (י׳ is salvation, or י׳ is opulence, cf., & NesSK 1892, 573 f.; in any case it came to be associated with ישׁע, cf. Mat 1:21; on יֵשׁוּעַ v. especially FräVOJ iv, 1890, 332 f. MüllSK 1892, 177 f. who cite analog. for change of וֹ to later—ֵ, & Nesl.c.)—",,"BDB, אֱלִישָׁע; BDB, אֱלִישׁוּעַ; BDB, אֲבִישׁוּעַ"
810,יְהוֹשׁוּעַ,23,locative (place name),,"in south of Judah בְּיֵשׁוּעַ (𝔊 ἐν Ἰησού [en Iēsou], 𝔊L ἐν Σουα [en Soua]).",Nehemiah 11:26,
811,יְהוֹשֻׁעַ,1,,,see p. 221.,,
812,יְהוֹשָׁפָט,1,masculine,,"𝔊 Ἰωσαφαω, Ἰωσαφατ [Iōsaphaō, Iōsaphat] (י׳ hath judged, cf., שְׁפַטְיָהוּ & reff.)—",,"BDB, אֱלִישָׁפָט"
813,יְהוֹשָׁפָט,15,locative (place name),,"in n.pr.loc. עֵמֶק יְהוֹשָׁפָט, symbolical name of a valley near Jerusalem, place of ultimate judgment.",Joel 4:2; Joel 4:12,
814,יְהַלֶּלְאֵל,1,,,"[m.] (he shall praise God, cf. infr.);—",,"BDB, מַהֲלַלְאֵל"
815,יַ֫הַץ,1,locative (place name),,"in Moab, site unknown (MI 19, 20 יהץ)—יהץ; c. ה loc. יָ֑הְצָה, on border of territory of Amorites (under Sihon); also בְּיָהְ֑צָה; called יַהֲצָ֫ה (assigned to Reuben); יַ֫הְצָה (Levit. city in Reuben).",Isaiah 15:4; Jeremiah 48:34; Numbers 21:23; Deuteronomy 2:32; Judges 11:20; Joshua 13:18; I Chronicles 6:63; Jeremiah 48:21,
816,יוֹאָב,1,masculine,"י׳ is father; cf., & reff.",—,,"BDB, אֲבִיָּ֫הוּ; BDB, אֱלִיאָב; BDB, אֲבִיאֵל"
817,יוֹאָח,1,masculine,י׳ is brother; cf. & reff.,—,,"BDB, אֲחִיָּ֫הוּ"
818,יוֹאֵל,1,masculine,,"† יוֹאֵל n.pr.m. 𝔊 Ἰωηλ [Iōēl] (usually interpr. as י׳ is God, cf. אֵלִיָּהוּ; but Ph. יאל … CIS i. 132 l. 4 & in יאלפעל (Louvre) appar. n.pr. dei, perhaps = Iolaos, CIS i. p. 163 & reff.; v. also NesEg 86 RSK 301; Nes strong-willed, cf. ויל, ואל Sin. Inscr. وائل [wāʾl], v. ואלו EutSin.Inschr. No. 5 + often, yet cf. DrStud. Bib. i. 5 n.; W in RSl.c. proposes connex. with Arabic Wâil in n.pr. trib. Bakr Wâil (√ وَأَلَ [waʾala] take refuge) cf. RSK 194)—",,
819,יוֹבָב,1,masculine,Sab. n.pr. יהיבב GlaserSkizze ii. 303 ff.,—,,
820,יוֹבָב²,1,,,"v., v..",,"BDB, יָבַב; BDB, יוֹבֵל; BDB, יוּבַל; BDB, יָבַל"
821,יוֹכֶ֫בֶד,1,feminine,,"𝔊 Ἰωχαβεδ [Iōchabed] (י׳ is glory; cf. Ph. כבדמלקרת) daughter of Levi, wife of Amram and mother of Moses (both P).",Exodus 6:20; Numbers 26:59,
822,יָוָן,1,gentilic (people group),,"Ionia(ns), Greece (Gk. Ἰάονες [Iaones] (i.e. orig. Ἰάϝονες [Iawones]), v. also 𝔊 infr.; OPers. Yauna SpiegAPK 237; Assyrian Iamanu (Iavanu) DlPa 248 ff. COTGloss; Egyptian Ye-van-(n)a, v. WMM369 f. cf. also 24 ff.; v. especially on this word StaDe Populo Javan 1880)—Ionians, as traders, 𝔊 Ἑλλάς [Hellas] (named with תּוּבַל, מֶשֶׁךְ; in v תַּרְשִׁישׁ, in v תּוֹגַרְמָה); cf. (adj. gent.) infr.; as distant, 𝔊 Ἑλλάς [Hellas] (with תַּרְשִׁישׁ, פּוּל, לוּד, תּוּבַל, and הָאִיִּים הָֽרְחֹקִים; list to be emended from 𝔊 Staib. 5 ff.); called ‘son’ of Japhet (P) =, and ‘father’ of אֱלִישָׁא, תַּרְשִׁישׁ, כִּתִּים and רֹדָנִים (so read for דֹדָנִים) (P) = (in these 𝔊 Ιωυναν [Iōunan], v. LagBN 84 Anm.); addressed (personif.) בָּנַיִךְ יָוָן (opp. בניך צִיּוֹן) 𝔊 Ἕλληνες [Hellēnes], and so in foll.; מֶלֶךְ יָוָן (v. מַלְכֵי מָדַי וּפָרָ֑ס v ) = king of Greece i.e. kingdom over which Alexander ruled, whose dominion was afterward divided (see v ); שַׂר־יָוָן of the guardian-angel of Greece (v. שַׂר פָּרָס v a); מַלְכוּת יָוָן (v b פָּרָס).— וְיָוָן is text. error, v. supr. p. 255a.",Ezekiel 27:13; Ezekiel 27:12; Ezekiel 27:14; Isaiah 66:19; Genesis 10:2; I Chronicles 1:5; Genesis 10:4; I Chronicles 1:7; Zechariah 9:13; Daniel 8:21; Daniel 8:20; Daniel 8:22; Daniel 10:20; Daniel 11:2; Ezekiel 27:19,"BDB, יְוָנִי; BDB, וְדָן"
823,יוֹנָה²,1,masculine,,"prophet, according to he was הַנָּבִיא, son of אֲמִתַּי, from גַּת הַחֵפֶר, and predicted the recovery of Isr.’s territory which Jerob. II effected; he is also the principal figure of the Book of Jonah: (בֶּן־אֲמִתַּי), v, (×2), (×2).",II Kings 14:25; Jonah 1:1; Jonah 1:3; Jonah 1:5; Jonah 1:7; Jonah 1:15; Jonah 2:1; Jonah 2:2; Jonah 2:11; Jonah 3:1; Jonah 3:3; Jonah 3:4; Jonah 4:1; Jonah 4:5; Jonah 4:6; Jonah 4:8; Jonah 4:9,
824,יוֹסֵף²,1,masculine,,"and יְהוֹסֵף († v. Ges§ 53, 3, R. 7). n.pr.m. (he adds, increases, v. יוספיה infr.;—on n.pr. loc. in Pal. Yšap’arḁ (Egyptian form, = יוסף אל) v. MeyZAW vi, 8 WMMAsien u. Europa 162)—",Psalms 81:6,
825,יוֹסִפְיָה,1,masculine,י׳ adds,—father of one of Ezra’s companions.,Ezra 8:10,
826,יוֹעֵד,1,masculine,,𝔊 Ἰωαδ [Iōad] (י׳ is a witness) a Benjamite.,Nehemiah 11:7,
827,יוֹעָשׁ,1,masculine,,𝔊 Ἰωας [Iōas] (י׳ hath aided (?; cf. Arabic غَاثَ [ghātha]; comp. Sab. אלעֿותֿ DHM in MV)—,,
828,יוֹרָה²,1,masculine,,"בְּנֵי י׳ one of the families of the restoration (𝔊 Ουρα, Ιωρα [Oura, Iōra]) = חָרִיף (𝔊 Αρειφ [Areiph]).",Ezra 2:18; Nehemiah 7:23,
829,יוֹשִׁבְיָה,1,masculine,"י׳ setteth, causeth to dwell; cf. Ph. n.pr. ישבעל (? = ישבבעל)","—a Simeonite 𝔊 Ισαβια [Isabia], 𝔊L Ιωσαβια [Iōsabia].",I Chronicles 4:35,
830,יוֹתָם,1,masculine,י׳ is perfect,—,,
831,יָזִיז,1,masculine,,an officer of David יָזִיו הַהַגְרִי.,I Chronicles 27:31,
832,יִזְרַחְיָה,1,masculine,"י׳ will arise, or shine",—,,
833,יִזְרְעֶאל,2,locative (place name),"God soweth; Sab. אלדֿרא Mordt ZMG 1879, 489; v. LagBN 131",—י׳ +; יִזְרְעֶ֑אל +; יִזְרְעֶ֫אלָה + 6 times:,Joshua 15:56; II Samuel 2:9; I Samuel 25:43; Joshua 17:16; Joshua 19:18,
834,יֶחְדְּיָ֫הוּ,1,masculine,May י׳ give joy!,,,
835,יַחֲזִיאֵל,1,masculine,Ēl sees,—,,
836,יְחֶזְקֵאל,1,masculine,"God strengtheneth, cf. foreg.; v. LagBN 134",—,,
837,יַחְזֵרָה,1,masculine,,cf. p. 28 b.,I Chronicles 9:12,"BDB, אֲחַזְיָ֫הוּ"
838,יַחְזֵרָה²,1,masculine,,"a priest (for which אַחְזַי (q.v.) ), v. now also Ryle on.",I Chronicles 9:12; Nehemiah 11:13; Nehemiah 11:13,
839,יְחִיאֵל,1,masculine,"may Ēl live; Ph. יחואלן, יחומלך v. Eut ZMG 1876, 136","—𝔊 usually Ιειηλ, Ιαιηλ [Ieiēl, Iaiēl];—",,
840,יְחִיאֵלִי,1,masculine,patronym.,(𝔊 Ιειηλ [Ieiēl]; 𝔊L om. in v ).,I Chronicles 26:21; I Chronicles 26:22; I Chronicles 26:22,
841,יַחְצְאֵל,1,masculine,"God divideth, apportioneth","—son of Naphtali; יַחְצְ׳ (𝔊 Ασιηλ [Asiēl], 𝔊L Ιασβηλ [Iasbēl]), (Σαηλ, Ασιηλ [Saēl, Asiēl]) = יַחֲצִי׳ (Ιεισιηλ [Ieisiēl], 𝔊L Ιασσιηλ [Iassiēl]).",Genesis 46:24; Numbers 26:48; I Chronicles 7:13,
842,יַ֫חַת,1,masculine,"perhaps for יַחְתֶּה, יַחֲתֶה he (God) will snatch up",—,,
843,יָטְבָה,1,locative (place name),pleasantness,"city prob. in Judah, site unknown.",II Kings 21:19,
844,יָטְבָ֫תָה,1,locative (place name),pleasantness,"station of Isr. in wilderness, (P), site unknown.",Numbers 33:33; Numbers 33:34; Deuteronomy 10:7,
845,יֻטָּה²,1,locative (place name),,"יוּטָּה (so Baer) n.pr.loc. town in Judah ( 𝔊 Ιταν [Itan], A 𝔊L Ιεττα [Ietta], 𝔊 Τανυ [Tany], 𝔊L Ιεττα [Ietta]).",Joshua 21:16; Joshua 15:55; Joshua 15:55; Joshua 21:16,
846,יְטוּר,1,masculine,,"and gent. (perh. connected etymolog. with טִירָה, v. )—a ‘son’ of Ishmael = = tribe with which Reuben, Gad, and half Manasseh made war; Ἰτουραῖοί τε καὶ Ἄραβες [Itouraioi te kai Arabes] Strabo xvi. 2, 18, Ἰτουραίους [Itouraious] JosephAntxiii, 11, 3 ed. Niese; they gave name to their region, which was, substantially, Anti-Lebanon, cf. τῆς Ἰτουραίας καὶ Τραχωνίτιδος χώρας [tēs Itouraias kai Trachōnitidos chōras] Luke 3:1; on יְטוּר and (later) n.pr.terr. Ituraea, v. especially GASmGeogr.544 ff. and reff.",Genesis 25:16; Genesis 25:15; I Chronicles 1:31; I Chronicles 5:19,
847,יְכוֹנְיָה²,1,masculine,may Y. be enduring,"— = יְכָנְ֫יָהוּ = יְכָנְיָה, = כָּנְיָ֫הוּ; (𝔊 Ιεχονιας [Iechonias] throughout), all of last king but one of Judah, v. p. 220 supr.",Jeremiah 27:20; Jeremiah 24:1; Jeremiah 28:4; Jeremiah 29:2; I Chronicles 3:16; I Chronicles 3:17; Esther 2:6; Jeremiah 22:24; Jeremiah 22:28; Jeremiah 37:1,"BDB, יְהוֹיָכִין"
848,יָכִין,1,masculine,he will establish,—,,
849,יְכָלְיָהוּ,1,feminine,י׳ hath been able; cf. Sab. יכלאל Hal 465,"mother of king Azariah: יכליהו, 𝔊 Χαλεια [Chaleia], 𝔊L Ιεχελια [Iechelia]; יכליה (Qr; Kt יכיליה), 𝔊 Χααια [Chaaia], A 𝔊L Ιεχελια [Iechelia].",II Kings 15:2; II Chronicles 26:3,
850,יְמוּאֵל,1,masculine,,son of Simeon (𝔊 Ιεμουηλ [Iemouēl]) = נְמוּאֵל (q.v.).,Genesis 46:10; Exodus 6:15; Numbers 26:12; I Chronicles 4:24,
851,יְמִימָה,1,feminine,cf. perhaps Arabic يَمَامَةٌ [yamāmahun] dove nom. unit. of يَمَامٌ [yamāmun] Frey,—daughter of Job.,Job 42:14,
852,יָמִין²,1,masculine,,,,
853,יִמְלָה,1,,,v. sub.,,"BDB, יִמְלָה²; BDB, מָלֵא"
854,יִמְלָה²,1,masculine,,"father of prophet Micaiah of Isr.:—יִמְלָה, 𝔊 Ιεμια [Iemia], 𝔊L Ναμαλι [Namali]; = יִמְלָא. 𝔊 Ιεμαα [Iemaa], A Ιεμλα [Iemla], 𝔊L Ναμαλι [Namali].",I Kings 22:8; I Kings 22:9; II Chronicles 18:7; II Chronicles 18:8,
855,יִמְנָה,1,masculine,cf. perhaps Arabic يُمْنٌ [yumnun] good fortune يَمْنَةٌ [yamnahun] right side,—,,
856,יָנוֹחַ,1,locative (place name),,"in extreme N. of Isr.; site dub., Yânûḫ (Conder Lists 38) near Tyre is prob. too far W.; GuérinGal ii. 371 f. proposes Hunîn, W. of upper Jordan, cf. BuhlGeogr. 237; 𝔊 Ανιωχ [Aniōch], A 𝔊L Ιανωχ [Ianōch].",II Kings 15:29,
857,יָנ֫וֹחָה,1,locative (place name),,"on border of Ephraim, identif. with Yânun SE. from Shechem RobBR iii. 297 cf. BuhlGeogr. 178; 𝔊 Ιανωχα, Ιανωκα [Ianōcha, Ianōka].",Joshua 16:6; Joshua 16:7,
858,יִסְכָּה,1,feminine,etym. dubious,"—a daughter of הָרָן, and sister of מִלְכָּה, 𝔊 Ιεσχα [Iescha].",Genesis 11:29,
859,יְעוּאֵל,1,masculine,,,,
860,יְעוּץ,1,masculine,,"Benjamite name, 𝔊 Ιδως [Idōs], A Ιεους [Ieous], 𝔊L Ιωας [Iōas].",I Chronicles 8:10,
861,יָעוֹר,1,masculine,,"Kt, יָעִיר Qr, n.pr.m. father of Elḫanan the giant-slayer (Ιαειρ [Iaeir]) + ‖ (where read יעיר for יַעֲרֵי, and del. אֹרְגִים, v. Th We Dr Bu Kit HPS).",I Chronicles 20:5; II Samuel 21:19,
862,יְעוּשׁ²,1,masculine,also Kt יעישׁ,"n.pr.m. (prob. he comes to help, NöZMG xl (1886), 168; = Arabic n.pr.div. يَغُوثُ [yaghūthu], WeSkizzen iii, 171; Heid. 2, 146 RSK 218 (cf. Sem i. 43) Nöl.c., yet against this 𝔊 Ιεους [Ieous] (i.e. ع [ʿ]; not Ιαγους [Iagous], غ [gh]), and יְ (not יָ), LagM ii. 77; BN 133 BuhlEdom. 48 f.);—",,
863,יַעֲזִיָּ֫הוּ,1,masculine,,"Οζεια [Ozeia](ς [s]), Levite name, perhaps for עֻזִּיָּהוּ GrayProp. N. 291.",I Chronicles 24:26; I Chronicles 24:27,
864,יַעְזֵר²,1,locative (place name),,"and (; ) יַעְזֵיר n.pr.loc. Ιαζηρ [Iazēr], E. of Jordan (Qal Impf. in—ִ according to BaNB 104);—often + Heshbon and other important towns, + v (v. ) (אֶרֶץ יַצ׳), v, (all JE), (P), (Ginsb, v van d. H. Baer; P); with vineyards, = (×2) (where del. יָם before יַע׳ 𝔊 Hi Gf Gie Rothst). Site dub., cf. BuhlGeogr. 264.",I Chronicles 6:66; I Chronicles 26:31; Numbers 21:32; Numbers 21:24; Numbers 32:1; Numbers 32:3; Numbers 32:35; II Samuel 24:5; Joshua 13:25; Joshua 21:39; Joshua 21:37; Isaiah 16:8; Isaiah 16:9; Jeremiah 48:32,"BDB, עַז²"
865,יָעֵל²,1,feminine,,"wife of Heber the Kenite, slayer of Sisera, prob. also v (others find here name of a man, a ‘judge’).",Judges 4:17; Judges 4:18; Judges 4:21; Judges 4:22; Judges 5:24; Judges 5:6,
866,יַעְלָם²,1,masculine,,"Edomite, =, Ιεγλομ [Ieglom].",Genesis 36:5; Genesis 36:14; Genesis 36:18; I Chronicles 1:35,
867,יַעְרָה²,1,masculine,,"a descendant of Saul (×2), prob. corrupt, v. p. 221 supr.",I Chronicles 9:42,"BDB, יְהוֹעַדָּה"
868,יַעֲרֵי אֹרְגִים,1,masculine,,"father of Elḥanan (= יָעִו֯ר ); א׳ prob. scribal error anticipating א׳ in foll. line (We Dr), and יַעֲרֵי error for יָעִיר (We) q.v. sub.",II Samuel 21:19; I Chronicles 20:5,"BDB, עור"
869,יְעָרִים,1,mountain,,"only הַר־יְעָרִים (𝔊 πόλιν Ιαρειν [polin Iarein]), where explained as = כְּסָלוֹן (𝔊 Χασ [Chas](α [a])λων [lōn]), mod. Kesla, NE. of Beth Shemesh, cf. RobBR ii. 30 n.; iii. 154.—קִרְיַת יְעָרִים. v. sub.",Joshua 15:10,"BDB, קִרְיַת"
870,יַעֲשִׂיאֵל,1,masculine,,,,
871,יָפוֹ,1,locative (place name),,"Joppa (Ph. יפי; Assyrian Ja(p)pu COT Gloss. Bez Tel-el-Amarna Tabl. in Brit. Mus. 146; Egyptian Ye-pu WMM 159)—seaport town of Palestine (Jerusalem), יָפוֹ = יָפוֹא; 𝔊 Ιοππα [Ioppa], mod. Jaffa.",Joshua 19:46; Jonah 1:3; II Chronicles 2:15; Ezra 3:7,
872,יָפִיעַ,1,personal name,,et loc.,,
873,יָפִיעַ,3,masculine,cf. Sab. יפעאל Hal 150,—,,
874,יָפִיעַ,9,locative (place name),,"on border of Zebulun, perhaps = mod. Yâfa, 1/2 hour from Nazareth, RobBR ii. 343 f, but 𝔊 φαγγαι [phangai], A Ιαφαγαι [Iaphagai]; 𝔊L Ιαφφιε [Iaphphie].",Joshua 19:12,
875,יַפְלֵט²,1,masculine,,"Asherite (on form cf. BaNB 144, 166);— (×2), also v (Gi יַפְלָט); Ιφαμηλ, Αφαληκ [Iphamēl, Aphalēk], etc., A Ιαφαλητ [Iaphalēt].",I Chronicles 7:33; I Chronicles 7:32,
876,יְפֻנֶּה²,1,masculine,on form cf. LagBN 134,—,,
877,יֶ֫פֶת²,1,masculine,,"third son of Noah, Ιαφεθ [Iapheth];—יַפְתְּ א׳ לְיֶפֶת ׃יֶפֶת (J); (P) =; (J); יָפֶ֑ת (J); (P).",Genesis 9:27; Genesis 7:13; Genesis 10:2; I Chronicles 1:4; Genesis 9:23; Genesis 10:21; Genesis 9:18; Genesis 5:32; Genesis 6:10; Genesis 10:1; I Chronicles 1:5,
878,יִפְתַּח־אֵל,1,locative (place name),God openeth; cf. Sab.n.pr.m. יפתחאל Hal 148:1,"—in גֵּי יִפ׳ (Γαιφαηλ, Γαι και Φθαιηλ [Gaiphaēl, Gai kai Phthaiēl], A 𝔊L Γαι [Gai] (Ι [I])εφθαηλ [ephthaēl]), valley betw. Zebulun and Asher, (P); prob. near Jêfât (Jotapata), and perhaps upper part of Wady ʿAbellîn, v. BuhlGeogr. 109, 223.",Joshua 19:14; Joshua 19:27,
879,יִפְתָּח²,1,,,,,
880,יִצְהָר³,1,masculine,,"Ισ [Is](σ [s])ααρ [aar]: Levite, son of Kohath.",Exodus 6:18; Exodus 6:21; Numbers 3:19; Numbers 16:1; I Chronicles 5:28; I Chronicles 6:3; I Chronicles 6:23; I Chronicles 23:12; I Chronicles 23:18,
881,יִצְחָק,1,masculine,,"Ισαακ [Isaak]: Isaac, son of Abr. and Sarah (he laugheth, cf. play upon name (J), (E), (P); (J));—יִצְּחָק, (E) +, (J) +, (P) +, (80 times Gn, 9 times Ex, 7 times Dt), (×2); †יִשְׂחָק, and (= Israel) בָּמוֹת יִשְׂחָק, בֵּית יִשְׂחָק v.",Genesis 18:12; Genesis 21:6; Genesis 17:17; Genesis 17:19; Genesis 26:8; Genesis 21:3; Genesis 21:4; Genesis 21:5; Genesis 24:62; Genesis 24:63; Genesis 24:67; Genesis 17:19; Genesis 17:21; Leviticus 26:42; Numbers 32:11; Joshua 24:3; Joshua 24:4; I Kings 18:36; II Chronicles 13:23; I Chronicles 1:28; I Chronicles 1:34; I Chronicles 16:16; I Chronicles 29:18; II Chronicles 30:6; Jeremiah 33:26; Psalms 105:9; Amos 7:9; Amos 7:16,
882,יֵ֫צֶר²,1,masculine,,"son of Naphtali =, (P).",Genesis 46:24; I Chronicles 7:13; Numbers 26:49,
883,יָקֶה,1,masculine,,"father of Agur, אָגוּר בִּן־יָקֶה הַמַּשָּׂא (read probably הַמַּשָּׂאִי or מִמַּשָּׂא: v. Be-Nowxvi ff.)",Proverbs 30:1,
884,יְקוּתִיאֵל,1,masculine,"Impf. from √ ע״ו + אֵל according to Ol§ 277 h 2, meaning dubious; perhaps better regard יקות as n. abstr. from יקה, and render Preservation of God","a man of Judah; 𝔊 Χετιηλ [Chetiēl], A Ιεκθιιηλ [Iekthiiēl], 𝔊L Ιεφθιηλ [Iephthiēl].—Vid..",I Chronicles 4:18,"BDB, יָקְתְאֵל"
885,יְקַמְיָה,1,masculine,,"in Judah (= יָ֫קֶם יָהּ according to Ol§ 277 h, 2);—",,
886,יְקַמְעָם,1,masculine,"'= יָ֫קֶם עָם according to Ol§ 277 i; meaning then may kinsman establish, cf. GrayProp. N. 46 f. 59","—a Levite, Ικεμιας, Ιοκομ [Ikemias, Iokom] ( ), etc., 𝔊L Ιακαμιας [Iakamias].",I Chronicles 23:19; I Chronicles 24:23; I Chronicles 24:23,
887,יָקְמְעָם,1,locative (place name),"perhaps = יְקָמְעָם i.e. יָ֫קָם עָם Ol§ 277 k, 3; = let the people be established? cf. GrayProp. N. 218","—in N. Isr., Λουκαμ [Loukam], 𝔊L Ουκαμ [Oukam]; poss. = mod. Tel Ḳaimûn, N. of Megiddo, BuhlGeogr. 210; city of refuge in Ephr. (= קִבְצַיִם [q.v.] ), Ικααμ, Ιεκμααν [Ikaam, Iekmaan], etc.",I Kings 4:12; I Chronicles 6:53; Joshua 21:22,
888,יָקְנְעָם,1,locative (place name),,"Canaanitish city, with a king, defined by לַכַּרְמֶל; in Zebulun; Levitical city.",Joshua 12:22; Joshua 19:11; Joshua 21:34,
889,יָקְשָׁן,1,masculine,,"son of Abraham and Keturah, = (×2); 𝔊 Ιεξαν [Iexan]; 𝔊L, Ιεκταν [Iektan].",Genesis 25:2; Genesis 25:3; I Chronicles 1:32; Genesis 25:2; Genesis 25:3,
890,יָקְתְאֵל,1,locative (place name),"according to Ol§ 277 k. 3 יקת is Impf. from a √ קות, meaning dubious; poss. = יְקוּתִיאֵל q.v.; see Wetzst in De Is 3, 703",—,,
891,יִרְאִיָּיה,1,masculine,read יִרְאִיָּה; י׳ seeth,"—officer, Jeremiah’s time, Σαρουια [Sarouia](ς [s]).",Jeremiah 37:13; Jeremiah 37:14,
892,יְרֻבַּ֫עַל,1,masculine,,"name given to Gideon (according to, where expl. as let Baal contend (cf. Dr (×2) Köii. 1, 467); Impf. ירוב not elsewhere [yet תרוב Kt, and Inf. cstr. רוב Kt], hence WeSm 31 expl. as = יְרוּבַעַל, √ ירה, cf., יְרִיאֵל (p. 436 b), so GFM Ju Bu Ju Now Ju);—; + 8 times 9 (-בָּ֑עַל, ); = יְרֻבֶּ֫שֶׁת † (v. 2, sub ); Ιεροβααλ [Ierobaal] (usually; so 𝔊L, where 𝔊B Ιεροβοαμ [Ieroboam]).—יָרָבְעָם, v..",Judges 6:32; II Samuel 4; Proverbs 3:30; Judges 21:23; Judges 6:32; Judges 7:1; Judges 8:29; Judges 8:35; Judges 9:1; Judges 9:24; Judges 9:57; I Samuel 12:11; II Samuel 11:21; I Samuel 12:11; II Samuel 11:21,"BDB, יְרוּאֵל; BDB, בֹּשֶׁת; BDB, בשׁס; BDB, רָבַב"
893,יָֽרָבְעָם,1,masculine,,"Jeroboam, Ιεροβοαμ [Ieroboam] (prob. = יָרֹב + עַם the people increaseth Thes Kit al.; cf. also GrayProp. N. 59; Ency. Bib. i. 139 f.; > √ ריב the people contendeth, or (the god) ʿAmm contendeth NbrStud. Bib. i. 225, cf. CheJQ. July, 1899, 559; Ency. Bib.);—",I Kings 11:26,
894,יֶ֫רֶד,1,masculine,,,,
895,יַרְדֵּן,1,river,,"Jordan (according to Rel Ol§ 215 c, from ירד with ֵן for orig. ַן, cf. 𝔊 ὁ Ιορδανης [ho Iordanēs]; = river as flowing downward, descending, then of particular stream as river κατ [kat]ʼ ἐξοχήν [exochēn]. See also Sta§ 294e (ֵן for ֶן, but name according to Sta non-Hebr.))—abs. always הַיַּר׳ in prose + 162 times; c. ה loc. הַיַּרְדֵּ֫נָה + 3 times; יַרְדֵּן only; cstr. יַרְדֵּן + 11 times Nu Jos +;—the river of Palestine: in all periods, chiefly Hex (122 times: Gn 5 times J; Nu 20 times P, 1 times JE; Dt 26 times; Jos 24 times JE, 20 times D, 16 times P), Ju (12 times), and S (18 times); in K 13 times; Ch 7 times; elsewhere 10 times;—הַיַּרְדֵּן הַזֶּה (J); (all D); בְּעֵבֶר הַיַּרְדֵּן, (J); (both JE), + 20 times D +; P has also מֵעֵבֶר הַיַּרְדֵּן, and מֵע׳ לַיַּרְדֵּן v, also (JE), (D); in P peculiarly יַרְדֵּן יְרֵחוֹ the Jordan of (at) Jericho, with עַל, with מֵעֵבֶר לְ; (= ), with מִן (E?); עֵבֶר הַיַּרְדֵּן (P); see sub; מֵי הַיַּרְדֵּן (×2), (all JE); (both D); מֵימֵי הַיַּרְדֵּן (JE); גְּאוֹן הַיַּר׳; (v. p. 145 a, supr.); שְׂפַת הַיּר׳; יוֹשֵׁב עַל־הַיָּם וְעַל יַד הַיַּרְדֵּן (JE; elsewhere in Nu, P); כִּכַּר הַיַּרְדֵּן the circle of Jordan, i.e. the plain about Jericho, (J); מַעְבְּרוֹת הַיַּר׳, fords of the Jordan; אֶל־גְּלִילוֹת הַיַּרְדֵּן אֶל־עֵבֶר בְּנֵי יִשְׂרָאֵל, cf. v (both P; v. supr. p. 165); אֶרֶץ יַרְדֵּן (without art. only here and in foll.); יָגִיחַ יַרְדֵּן אֶל־פִּיהוּ a Jordan bursteth forth into his mouth.",Genesis 13:10; Judges 8:4; Psalms 42:7; Job 40:23; Numbers 26:3; I Chronicles 6:63; Genesis 32:11; Deuteronomy 3:27; Deuteronomy 31:2; Joshua 1:2; Joshua 1:11; Joshua 4:22; Genesis 50:10; Genesis 50:11; Joshua 7:7; Joshua 24:8; Judges 5:17; Judges 10:8; I Samuel 31:7; Numbers 32:19; Numbers 32:19; Numbers 32:32; Numbers 35:14; Joshua 14:3; Joshua 17:5; Joshua 18:7; Judges 7:25; I Chronicles 12:37; I Chronicles 26:30; Numbers 26:3; Numbers 26:63; Numbers 31:12; Numbers 33:48; Numbers 33:50; Numbers 35:1; Numbers 36:13; Numbers 22:1; Numbers 34:15; Joshua 13:32; Joshua 20:8; I Chronicles 6:63; Joshua 16:1; Isaiah 8:23; Deuteronomy 4:49; Joshua 13:27; Joshua 3:13; Joshua 4:18; Joshua 4:23; Joshua 3:8; Joshua 5:1; Joshua 4:7; Jeremiah 12:5; Jeremiah 49:19; Jeremiah 50:44; Zechariah 11:3; II Kings 2:13; Numbers 13:29; Genesis 13:10; Genesis 13:11; I Kings 7:46; II Chronicles 4:17; Judges 3:28; Judges 12:5; Judges 12:6; Joshua 22:11; Joshua 22:10; Psalms 42:7; Job 40:23,"BDB, עָבַר; BDB, גָּאוֹן; BDB, גְּלִילוֹת"
896,יָרוֹחַ,1,masculine,,"a Gadite; 𝔊 Ιδαι [Idai], 𝔊L Αρουε [Aroue].",I Chronicles 5:14,
897,יְרוּשָׁא,1,feminine,"taken possession of, i.e. married?",mother of king Jotham: יְרוּשָׁא = יְרוּשָׁה.,II Kings 15:33; II Chronicles 27:1,
898,יְרוּשָׁלַ֫םִ,1,locative (place name),,"Jerusalem (in Assyrian Urusalim, Tel Amarna, ZimZA, 1891, 252, 254; Ursalimmu, COTGloss.; 𝔊 Ιερουσαλημ [Ierousalēm]; √ and meaning dub.; Rel Ew al. der. from יְרוּשׁ שׁלם possession of peace (or Salem’s possession); Thes al. from יָרָה, i.e. יְרוּ + שָׁלֵם a foundation of peace; GrillZAW, 1884, 134 ff. foundation of Shalem (Sh. = God of peace, = י׳); but name not certainly Hebr.; according to SayceAcad. Feb. 7, 1891, 138; Higher Crit. 176 (opposed by ZimZA, 1891, 263), JastrJBL xi, 1892, 105 = Uru (city) + Salim, n.pr.div.);—usually יְרוּשָׁלַ֫םִ (Qr perpetuum), +; יְרוּשָׁלָ֑םִ +; -לַ֫יִם 5 times according to Mas. (vid. FrensdorffMass Magna, 293), viz.; (c. ה loc.), (but -לָ֑֫םִ van d. H Baer), so Maccab. coins, LevyGesch. d. jüd. Münz. 42f.; c. ה loc. יְרוּשָׁלַ֫מֳה; (-לַ֫יְמָה supr.); -לָ֑מֳה; with prefixes: בִּירו׳ +; לִירו׳ +; מִירו׳ +; וִירו׳ +; —Jerusalem, renowned as capital of all Israel, afterwards of southern kingdom, seat of central worship in temple, first named as city of Canaanite Adoni-Ṣedeḳ †, (all JE), cf. (D); inhabited by Jebusites (×2) (P), (×2), cf. v (Adoni-Bezek); identif. with יְבוּס, and הַיְבוּסִי (q.v.); (both P); captured by Judah; first named in connexion with David †; taken possession of by David as king; David’s royal seat v; +; it remained the capital until taken by Nebuchadrezzar, b.c. 588, +; it became the chief home of the returned exiles, +; mentioned S 31 times, K 92 times, Ch 151 times, Ezr 25 times, Ne 38 times, Is1 27 times, Is2, 3 22 times, Je 107 times, Ez 26 times, Zc 41 times, etc.—Vid. also n.pr.loc. יְבוּס, שָׁלֵם.",Joshua 10:1; I Samuel 17:54; Jeremiah 26:18; I Chronicles 3:5; II Chronicles 25:1; II Chronicles 32:9; Esther 2:6; I Chronicles 3:5; I Kings 10:2; Isaiah 36:2; Ezekiel 8:3; II Chronicles 32:9; II Kings 9:28; II Samuel 9:13; II Kings 18:22; II Samuel 15:11; II Kings 23:1; Joshua 10:1; Joshua 10:3; Joshua 10:5; Joshua 10:23; Joshua 12:10; Joshua 15:63; Judges 1:21; Judges 1:7; Judges 19:10; Joshua 15:8; Joshua 8:28; Judges 1:8; I Samuel 17:54; II Samuel 5:6; II Samuel 5:5; II Samuel 5:13; II Samuel 5:14; II Samuel 8:7; II Samuel 11:1; II Kings 25:1; Ezra 1:11; Ezra 2:11; Nehemiah 2:11; Nehemiah 2:17,
899,יֶ֫רַח²,1,masculine,,"‘son’ of Joktan, only יָ֑רַח (𝔊 Ιαραδ [Iarad], 𝔊L Ιεραχ [Ierach]) = (𝔊L Ιαρε [Iare]).",Genesis 10:26; I Chronicles 1:20,
900,יְרֹחָם²,1,masculine,may he be compassionated; cf. LagBN 134,—,,
901,יַרְחָע,1,masculine,,"an Egyptian slave; 𝔊 Ιωχηλ [Iōchēl], 𝔊L Ιερεε [Ieree].",I Chronicles 2:34; I Chronicles 2:35,
902,יָרִיב²,1,masculine,"he contendeth or taketh (our) part, conducteth (our) case; cf. Sab. ירב Hal615",—,,
903,יְרִיָּ֫הוּ,1,masculine,,"יְרִיָּה n.pr.m. (cf. ) chief of one of the Levitical courses, 𝔊 Ιδουδ, Ιερια, Ιεδδι, Ιεδειμος [Idoud, Ieria, Ieddi, Iedeimos], etc.",I Chronicles 23:19; I Chronicles 24:23; I Chronicles 26:31,"BDB, יְרִיאֵל"
904,יְרִיחוֹ,1,locative (place name),,"Jericho (on form see Baer on KöEinl. 49; √ and meaning dub.; according to Thes al. from רָוַח, = regio fragrans, the district abounding in palms, rose-gardens, balsam, etc.);—יְרִיחוֹ + 27 times Jos (19 times JE, 3 times D, 6 times P), + 5 times; יְרִחוֹ; יְרִחֹה; יְרֵחוֹ (P), v (D), (P) + 9 times P; + 3 times Ch;—Canaanit. city taken by Josh. (JE) +; having a king; (all JE); (all D); near Jordan, whence (יְרִיחוֹ) יַרְדֵּן יְרֵחוֹ, v. supr.; Mt. Nebo is described as עַל־פְּנֵי יְרֵחוֹ; (P); (called עִיר הַתְּמָרִים; so in appos. ); the adjacent plain is called בִּקְעַת יְרֵחוֹ (JE); עַרְבוֹת יְרֵחוֹ = =; ע׳ יְרִיחוֹ; (both P); among returning exiles appear בְּנֵי יְרֵחוֹ =, and among builders of wall אַנְשֵׁי יְרֵחוֹ (BeRy Ryle ad loc. and );—mod. rîḥâ; see also GASmGeogr. 266 ff.",Joshua 2:1; Jeremiah 39:5; Joshua 2:1; II Kings 2; Joshua 18:21; II Samuel 10:5; Jeremiah 39:5; Jeremiah 52:8; I Kings 16:34; Deuteronomy 34:1; Deuteronomy 34:3; Numbers 22:1; II Kings 25:5; Ezra 2:34; Nehemiah 3:2; Nehemiah 7:35; Joshua 6:1; Joshua 2:2; Joshua 2:3; Joshua 8:2; Joshua 10:1; Joshua 10:28; Joshua 10:30; Joshua 12:9; Deuteronomy 32:49; Deuteronomy 34:1; Judges 1:16; Judges 3:13; Deuteronomy 34:3; II Chronicles 28:15; Deuteronomy 34:3; II Kings 25:5; Jeremiah 39:5; Jeremiah 52:8; Joshua 4:13; Joshua 5:10; Ezra 2:34; Nehemiah 7:35; Nehemiah 3:2; Ezra 2:34,"BDB, יַרְדֵּן"
905,יְרֵימוֹת,1,masculine,,"𝔊 Αρειμωθ, Ιεριμουθ [Areimōth, Ierimouth], etc.;—",,
906,יְרִיעוֹת,1,masculine,?,"only; where read perhaps בַּת־יר׳ for MT וְאֶת־יר׳, see We VB; 𝔊 Ελιωθ [Eliōth], A 𝔊L Ιερ [Ier](ε [e])ιωθ [iōth].",I Chronicles 2:18,
907,יַרְמוּת,1,locative (place name),,,,
908,יְרֵמַי,1,masculine,,one of those who had strange wives; 𝔊 Ιεραμει [Ieramei](μ [m]).,Ezra 10:33,
909,יִרְמְיָ֫ה(וּ),1,masculine,"? י׳ looseneth, sc. the womb? cf. Assyrian ša kirimmaša rummû, whose womb is loosened DlHWB 623",—,,
910,יִשְׁבָּח,1,masculine,,v. שׁבח.,,
911,יָֽשָׁבְעָם,1,masculine,,"a hero of David;—, (ישֵׁב בַּשֶּׁבֶת, q.v. p. 444 supra, in, v. Dr); Ιεσεβαδα, Ιεσσεβααλ, Ισβααμ [Iesebada, Iessebaal, Isbaam], etc.; read in all אִשְׁבַּעַל We al.",I Chronicles 11:11; I Chronicles 12:7; I Chronicles 27:2; II Samuel 23:8,
912,יִשְׁבָּק²,1,masculine,,son of Abr. and Ḳetûrâh; Ιεσβοκ [Iesbok] (B Σοβακ [Sobak] Ch).,Genesis 25:2; I Chronicles 1:32,
913,יָשְׁבְּקָ֫שָׁה,1,masculine,,"a son of Heman; 𝔊 Ιειβασακα [Ieibasaka](ταν [tan]), Βακατα [Bakata], 𝔊L Ιεσβοκ [Iesbok].",I Chronicles 25:4; I Chronicles 25:24,
914,יָשׁוּב²,1,masculine,,usually Ιασουβ [Iasoub];—,,
915,יִשְׂחָק,1,masculine,,v. sub.,,"BDB, צָחַק"
916,יִשַׁי,1,masculine,,"father of David (etym. dub.; Ol§ 277 f. conj. יֵשׁ יָהּ; We ישׁי = אישׁי = אבישׁי (but see this))—יִשַׁי + 29 times; יִשָׁ֑י v + 10 times; 𝔊 Ιεσσαι [Iessai]; (וְ)אִישַׁי;—+ יִשַׁי בֵּית־הַלַּחְמִי Jesse the Bethlehemite, (בֶּן־ישׁי וגו׳, of David), †; ישׁי also + 14 times; †son of עוֹבֵד according to, (×2) =; דָּוִ(י)ד בֶּן־ישׁי; אֱלִיאָב בֶּן־ישׁי; elsewhere בֶּן־ישׁי alone = David; =; גֶּזַע יִשָׁ֑י; שֹׁרֶשׁ יִשַׁי v of Jesse as ancestor of future (Messianic) king†.",I Samuel 14:49; I Samuel 16:3; I Samuel 16:19; I Chronicles 2:13; I Samuel 16:1; I Samuel 16:18; I Samuel 17:58; I Samuel 16:3; I Samuel 16; I Samuel 17; Ruth 4:17; Ruth 4:22; I Chronicles 2:12; II Samuel 23:1; I Chronicles 10:14; I Chronicles 29:26; Psalms 72:20; II Chronicles 11:18; I Samuel 20:27; I Samuel 20:30; I Samuel 20:31; I Samuel 22:7; I Samuel 22:8; I Samuel 22:9; I Samuel 22:13; I Samuel 25:10; II Samuel 20:1; I Kings 12:16; II Chronicles 10:16; I Chronicles 12:18; Isaiah 11:1; Isaiah 11:10,
917,יָשִׁיב,1,,,v. sub.,,"BDB, יָשׁוּב²; BDB, שׁוּב"
918,יְשִׁישַׁי,1,masculine,,a Gileadite name.,I Chronicles 5:14,
919,יִשְׁמָעֵאל²,1,masculine,Ēl heareth; Sab. יסמעאל Hal 187; on form cf. LagBN 131,—,,
920,יָשֵׁן³,1,masculine,,"one of David’s heroes, = הָשֵׁם (in both del. בְּנֵי as dittogr., We Dr Bu); v., and.",II Samuel 23:32; I Chronicles 11:34,"BDB, הָשֵׁם; BDB, גּוּנִי"
921,יְשָׁנָה,1,locative (place name),,"town on southern border of N. Israel, near Bethel; so read also for MT הַשֵּׁן We Dr Klo Kit Bu; mod. ʿAin Siniya, 5 m. N. of Beitun, Cl. Ganneau JAs Avr.-Juin, 1870, 490–501 SocinZPV i, 1878, 41 BuhlGeogr. § 95, p. 173.",II Chronicles 13:19; I Samuel 7:12,
922,יִשְׁעִי,1,masculine,salutary,—,,
923,יְשַׁעְיָה,1,masculine,salvation of Yah,—,,
924,יְשַׁעְיָ֫הוּ,1,masculine,"salvation of Yah; cf. p. 46 supr.; ישעאל on scarab ClGannJAs 1883, Fev.–Mars, 135, No. 8",—,,"BDB, אֱלִישָׁע"
925,יִשְׂרָאֵל,1,,,"and deriv., v. sub i..",,"BDB, שׂרה"
926,יִשְׂרָאֵל²,1,masculine,,"et gent. Israel (E†l persisteth, persevereth (or juss. Let E†l persist) [usually contendeth (NesEg 60 ff.) or Let E†l contend (GrayProp. N. 218), but v. DrHastDict. Bib. Jacob 530]; on vocalization v. LagBN 131 f. Kit (Hpt); MI5, + 5 times ישראל; in Egyptian Y-si-r-ʾl SteindorffZAW xvi (1896), 331, cf. BreastedBib. World ix (1897), 62 ff. PatonSyriac and Pal. 134; Assyrian Sir-ʾ-lai (= יִשְׂרְאֵלִי) SchrKG 356 ff., 364; COT.—On a poss. relation of יִשׂ׳ to n.pr. שָׂרַי, שָׂרָה v. RSK 257, 2nd ed. 34;—cf. );—Ισραηλ [Israēl]:",I Chronicles 4:16; Genesis 36:31; I Kings 16:29,"BDB, שְׂרָיָה(וּ)"
927,יִשְׂרָאֵל²,3,masculine,,"second name of Jacob + 28 times Gn (JE), (JE); (all P), + 8 times Chr; בֵּית יִשׂ׳; בְּנֵי יִשׂ׳ (lit.) + 3 times E, 2 times P + (P; transition to wider use), +; = 12 tribes + 7 times P; אֱלֹהֵי אַבְרָהָם יִצְחָק וְיִשׂ׳ †.",Genesis 32:29; Exodus 32:13; Hosea 12:13; Judges 18:29; Exodus 6:14; Numbers 1:20; Numbers 26:5; II Kings 17:34; I Chronicles 1:34; Psalms 105:23; Ruth 4:11; Genesis 42:5; Exodus 1:7; I Kings 18:31; I Chronicles 2:1; Exodus 28:9; I Kings 18:36; I Chronicles 29:18; II Chronicles 30:6,
928,יִשְׂרָאֵל²,5,gentilic (people group),"usually m. but f.; [not ‖ ], cf. Drad loc. AlbrZAW xvi (1896), 57 f.","name of Hebrew nation; usually der. from 1, but יִשׂ׳ more common in early usage than בְּנֵי יִשׂ׳ (v. p. 120b):",Judges 11:17; I Samuel 17:21; II Samuel 24:9; I Chronicles 21:5,"BDB, בֵּן²"
929,יְשַׂרְאֵ֫לָה,1,masculine,,a son of Asaph = אֲשַׂראֵ֫לָה (q.v.) v (etym. dubious).,I Chronicles 25:14; I Chronicles 25:2,
930,יְשֻׁרוּן,1,masculine,upright one,"poetic name of Israel, designating it under its ideal character, 𝔊 ὁ ἠγαπημένος [ho ēgapēmenos] Aq Sym Theod εὐθύς [euthys], 𝔙 rectissimus, dilectus; Thes Ew§ 167 a LagBN 33 regard it as dimin. from יָשׁוּר = good little people; but no evidence that -וּן has a dimin. force, and most recent scholars De Di Dr MV Ges§ 86 (2), 4 take as denom. = Rechtvolk; BacherZAW v, 1885, 161 ff. and Che rightly compare סֵפֶר הַיָּשָׁר (see יָשָׁר 3 e).",Deuteronomy 32:15; Deuteronomy 33:5; Deuteronomy 33:26; Isaiah 44:2,
931,יִשָּׂשכָר,1,masculine,"so always MT, Qr perpet.; Ben Napht. יִשְׂשָׂכָר Baer Gn p. 84 f.","n.pr.m. Issachar (etym. and meaning dub.; MT as Niph. Impf. √ שׂכר; Kt = יֵשׁ שָׂכָר there is recompense (cf. ), so Thes al.; this the true etym. according to Ol§§ 69 c; 277 f. Köi. 120 v.; = אִישׁ שָׂכָר (a more prob. combination in n.pr.) WeSam. 95; > יִשָּׂכָר (MT), or יִשָּׂא שׂכר; 𝔊 Ισσαχαρ [Issachar], see especially Ισσαχαρ, ὅ ἐστιν μισθός [Issachar, ho estin misthos])—",Genesis 30:18; Jeremiah 31:16; II Chronicles 15:7; Genesis 30:18,"BDB, שָׂכָר"
932,יַתִּיר,1,locative (place name),,"town in Judah (√ dub.);—יַתִּיר, 𝔊 Ι [I](ε [e])θερ [ther]; elsewhere יַתִּר, Levitical city (both P), 𝔊 Αιλωμ [Ailōm], A 𝔊L Ιεθερ [Iether], 𝔊 [v ] Ιεθθαρ [Ieththar], A Ιεθερ [Iether]; prob. = יַתִּר, 𝔊 Γεθθορ [Geththor], A Ειεθερ [Eiether];—according to Onom. = Ιεθειρα [Ietheira], village 20 miles from Eleutheropolis, LagOnom. 266, 133; ed. 2, p. 268; identified by RobBR i, 494 (who, however, questions ʿ (ע) = י) BdPal. 3, 153 with ʿAttîr, halfway between Hebron and Milḥ; so, ‘perhaps,’ BuhlGeogr. § 91, p. 164; this not certain, cf. Di.",Joshua 15:48; Joshua 21:14; I Chronicles 6:42; I Chronicles 6:43; I Samuel 30:27,
933,יַתְנִיאֵל²,1,masculine,,"a Levite (Ēl hireth);—; Ιενουηλ [Ienouēl], 𝔊L Ναθαναηλ [Nathanaēl].",I Chronicles 26:2,
934,יֶ֫תֶר³,1,masculine,"abundance; on form and meaning of this and the foll. n.pr. v. LagBN52, 198",—,,
935,יִתְרָא,1,masculine,,father of Amasa (v. 3).,II Samuel 17:25,"BDB, יֶ֫תֶר³"
936,יִתְרוֹ,1,masculine,,"father of Moses’ wife; b, (all E), = יֶתֶר; in all 𝔊 Ιοθορ [Iothor].",Exodus 3:1; Exodus 4:18; Exodus 18:1; Exodus 18:2; Exodus 18:5; Exodus 18:6; Exodus 18:9; Exodus 18:10; Exodus 18:12; Exodus 4:18,
937,יְתֵת,1,masculine,,"an Edomite chief, 𝔊 Ιεβερ [Ieber] =, 𝔊 Ιεθετ [Iethet]; 𝔊L in both Ιεθερ [Iether].",Genesis 36:40; I Chronicles 1:51,
938,כָּבוּל,1,locative (place name),,,,
939,כְּבָר²,1,river,,"Kĕbār, a river (or perhaps a canal) of Babylonia, not at present identified, by wh. the exiles, among whom Ez. ministered, were settled; always in the phr. נְהַר כְּבָר; (cf. Sm DelPar. 47f., 184).",Ezekiel 1:1; Ezekiel 1:3; Ezekiel 3:15; Ezekiel 3:23; Ezekiel 10:15; Ezekiel 10:20; Ezekiel 10:22; Ezekiel 43:3; Ezekiel 1:1,
940,כְּדָרְלָעֹמֶר,1,masculine,,"king of Elam ( = Babylon. Kudar-Laga[mar] (Lagamaru = n.pr. div.), v. PinchesVict. Inst. Jan. 20, 1896 SayPSBA, June 1896, 176 ScheilRev. Bibl. 1896, 600 f., cf. SchrCOT)—.",Genesis 14:1; Genesis 14:4; Genesis 14:5; Genesis 14:9; Genesis 14:17,
941,כּוּן²,1,locative (place name),,"city of Hadarezer (מִטִּבְחַת) וּמִכּוּן עָרֵי ה׳, 𝔊 ἐκ τῶν ἐκλεκτῶν πολέ [ek tōn eklektōn pole](μ [m])ων [ōn] (= בֵּרֹתַי ); = mod. Kuna, near Bereitan (betw. Laodicea and Heliopolis), according to FurrerZPV viii, 34, v. p. 92 supr., and Thes.",I Chronicles 18:8; II Samuel 8:8,"BDB, בֵּרוֹתָה"
942,כּוֹנַנְיָ֫הוּ,1,masculine,,"Kt, כֳּנַנְיָ֫הוּ Qr, n.pr.m. Levites.",,
943,כּ֫וֹרֶשׁ,1,masculine,,"and (, ) כֹּ֫רֶשׁ n.pr.m. Cyrus (Pers. Kʾurʾu, SpiegAPK 215; Bab. Kuraš COT on, Dl in Baer Dn. p. x)—king of (Anzan = Susiana, Tiele Bab.-Assyr. Gesch. 469, and) Persia, conqueror of Babylon (Tiele ib; 468 ff.), restorer of Jews to Palestine; called מֶלֶךְ פָּרַס (×2), (×2), also; simply הַמֶּלֶךְ.",Ezra 1:1; Ezra 1:2; Ezra 1:1; Isaiah 44:28; Isaiah 45:1; Ezra 1:7; II Chronicles 36:22; II Chronicles 36:23; Ezra 1:1; Ezra 1:2; Ezra 1:8; Ezra 4:3; Ezra 4:5; Daniel 10:1; Daniel 1:21,
944,כּוּשׁ,1,personal name (m),,"gent. et terr. (Egyptian Kōš, SteindorffBAS i, 593, Assyrian Kûsu, Id. ib. DlPa 251; Kaši in Tel Amarna tablets, vid. WklTelAm. 39 );—",,
945,כּוּשׁ²,1,masculine,,"a Benjamite, (title), 𝔊 Χουσει υἱοῦ Ιεμενει [Chousei yiou Iemenei].",Psalms 7:1,
946,כּוּשִׁי,1,masculine,,𝔊 Χουσει [Chousei]—,,
947,כּוּשָׁן,1,,,"gent. vel terr., only אָהֳלֵי כ׳ (‖ מִדְיָן), 𝔊 Αιθιοπων [Aithiopōn].",Habakkuk 3:7,
948,כּוּשַׁן רִשְׁעָתַ֫יִם,1,masculine,,"king of Aram Naharaim (×2), (×2); otherwise unknown, 𝔊 Χουσαρσαθαιμ [Chousarsathaim], 𝔊L Χουσανρεσαμωθ [Chousanresamōth].",Judges 3:8; Judges 3:10,
949,כֹּֽזֵבָ֗א,1,locative (place name),,"𝔊 Σωκηθα [Sōkētha], A 𝔊L Χωζηβα [Chōzēba], = אַכְזִיב 1. v. infr.",I Chronicles 4:22,
950,כָּזְבִּי,1,feminine,,"a woman of Midian, 𝔊 Χασβ [Chasb](ε [e])ι [i].",Numbers 25:15; Numbers 25:18,
951,כִּידֹן,1,masculine,,"𝔊L Χεδων [Chedōn], A Χειλω [Cheilō]; = נָכוֹן (𝔊 Νωδαβ [Nōdab], A Ναχων [Nachōn], 𝔊L Ορνα [Orna]).",I Chronicles 13:9; II Samuel 6:6,
952,כִּיּוּן,1,divine name,,"prob. = Assyrian kaivânu, planet Saturn (Arabic and Pers. كَيْوَانٌ [kaywānun], Syriac ܟܶܐܘܳܢ [כאון]), regarded as god; orig. pronunc. כֵּיוָן Schr COT ad loc., cf. Köii. 151 (pointing כִּיּוּן intended to suggest √ כון as something established, firm); kaimâ̆nu = kaiânu, according to Jen Cosm. iii. 502 who der. from כון (cf. Thes; so Zim BP 17); > Hpt ZA ii. 266, 281 f. reads כַּיָּוָן (for כְּאָמָן), reading the Babyl. name Kaʾâmânu; v. also M-AJBL 1892, xi. 86 n. 39.",Amos 5:26,
953,כָּל־חֹזֶה,1,masculine,,,,
954,כָּלֵב,1,masculine,"Nab. n.pr. כלבא Eut (Nö) p. 55. כלבו VogNab. 6; cf. also We Skizzen u. Vorarbeiten iii. 217; on כָּלֵב = dog-clan, v. RSK 17, 190 f., 219, 254","—son of יְפֻנֶּה (𝔊 Χαλεβ [Chaleb]; cf. LagBN 78), called הַקְּנִזִּי (v. קְנַז) in JE, cf. =, (where קְנַז is brother of כ׳), also; treated as full Judahite only in P (v. GFM Ju p. 30 f.) the one of the spies who (with Joshua) reported well of Canaan; also; (P = ), (‖ with ); = clan of Caleb (disting. from Judah). Caleb is called בֶּן־חֶצְרוֹן, cf. v, = כְּלוּבָ֑י v; בְּכָלֵב אֶפְרָתָה, read perhaps בָּא כ׳, so 𝔊 𝔙, cf. KauAT (v. p. 68 supr.)",Numbers 32:12; Joshua 14:6; Joshua 14:14; Joshua 15:17; Judges 1:13; Judges 3:9; I Chronicles 4:15; Numbers 13:6; Numbers 14:6; Numbers 14:24; Numbers 14:30; Numbers 14:38; Numbers 26:65; Numbers 34:19; Deuteronomy 1:36; Joshua 14:13; Joshua 15:13; Joshua 15:14; Joshua 15:16; Joshua 15:18; Joshua 21:12; I Chronicles 6:41; Judges 1:12; Judges 1:14; Judges 1:15; Judges 1:20; Joshua 15; I Samuel 30:14; I Chronicles 2:18; I Chronicles 2:19; I Chronicles 2:42; I Chronicles 2:46; I Chronicles 2:48; I Chronicles 2:49; I Chronicles 2:50; I Chronicles 2:9; I Chronicles 2:24,"BDB, אֶפְרָ֫תָה"
955,כְּלוּב,1,masculine,,,,
956,כְּלוּבָ֑י,1,masculine,,"a son of Hezron of Judah, according to (𝔊 Χαβελ [Chabel], A Χαλεβ [Chaleb], 𝔊L Χαλωβι [Chalōbi]), = כָּלֵב v etc. (see 2).",I Chronicles 2:9; I Chronicles 2:18,"BDB, כָּלֵב"
957,כֶּ֫לַח²,1,locative (place name),,"city in Assyria, = Assyrian Kalḫu, SchrCOT ad loc. DlPar 261, mod. Nimrûd, at NE. angle of Upper Zab and Tigris (v. Billerbeck u. Jeremias BASiii. 1895, 130 ff.)",Genesis 10:11; Genesis 10:12,
958,כִּלְמַד,1,locative (place name),si vera l.,"named after אַשּׁוּר, 𝔊 Χαρμαν [Charman]; = mod. Kalwâdha near Bagdad, according to G. SmithTSBA i, 61 DlPa 206, cf. SchrCOT; but txt. dub. v. Co; 𝔗 ומדי, whence MezStadt Ḥarrân 34 כָּל־מָדַי all Media; JKi Hi Co כְּלִמּוּד (רְכֻלָּתֵךְ) Asshur was as thine apprentice (v. sub in trading; but sense not very prob.",Ezekiel 27:23,"BDB, לָמַד"
959,כַּלְנֶה,1,locative (place name),,"prob. = כַּלְנוֹ n.pr.loc. city (conquered by Assyria under Sargon?) poss. = כַּנֶּה (q.v.), 𝔊 om. in, Ξαλαννη [Xalannē]; perhaps = Kullani (WklGesch. Bab. 225) i.e. (TomkinsPSBA Jan. 1883, 61) Kullanhou, near Aleppo, conquered by Tiglath-Pileser III in 738 (COT ii, 195); or (Di) Kunulua (KG217 KB i, 107), SE. of Antioch (cf. Dr ).",Amos 6:2; Isaiah 10:9; Ezekiel 27:23; Amos 6:2; Isaiah 10:9; Amos 6:2,
960,כִּמְהָם,1,masculine,,,,
961,כְּמוֹשׁ,1,divine name,,"Chemosh (כמש MI3, 5, 9, 12, 13, 14, 18, 19, 32, 33 also עשתר כמש l 17 and n.pr.m. כמשמלך l 1; Assyrian Kammusunadbi, a king of Moab Schr.COT i, 281; = KAT2, 288; cf. further BaeRel. 13 f. 238, 256 NöZMG 1888, 471; 𝔊 Χαμώς [Chamōs]);—god of the Moabites to whom Solomon erected a high place; (Kt כמישׁ), v. Moab is עַם־כ׳ (ode) people of Chemosh, and Moabites his sons and daughters, cf.. He is said to be also the God of the Ammonites (probably an error BaeRel. 15 GFM).",I Kings 11:7; I Kings 11:33; II Kings 23:13; Jeremiah 48:7; Jeremiah 48:13; Numbers 21:29; Jeremiah 48:46; Judges 11:25,
962,כְּנָנִי,1,masculine,,"a Levite, אc. a A Χανανι [Chanani], 𝔊L Χωνενιας [Chōnenias] (B om.)",Nehemiah 9:4,
963,כְּנַנְיָ֫הוּ,1,masculine,י׳ is firm,—,,
964,כְּנַנְיָ֫הוּ²,1,masculine,,Qr n.pr.m. v. sub.,,"BDB, כּוֹנַנְיָ֫הוּ; BDB, כּוּן"
965,כְּנַ֫עַן,1,masculine,,"et terr. Canaan (𝔊 Χανααν [Chanaan], Ph. כנען = Phoenicia; Χνα [Chna] = כנע, Hecataeus, v. MüllerFr. Hist. Gr. i, 17 al.; Egyptian Ka-n-ʿ-nḁ WMMAsien u. Europa, 205 ff.; Tel Amarna Kina̮hna, Kinaḫḫi, etc., BezoldBM Tablets, 150 WklTA 39; etym. dub. GFMPAOS Oct. 1890, lxvii ff.; v. also GASmGeogr. 4 f. BuhlGeogr. § 42);—",,
966,כְּנַ֫עַן,3,masculine,,"as n.pr.m., son of Ham; (as ancestor of Canaanites and Phoenicians; all J); (P), (from, ).",Genesis 9:18; Genesis 9:22; Genesis 9:25; Genesis 9:27; Genesis 10:15; Genesis 10:6; I Chronicles 1:8; I Chronicles 1:13; Genesis 10:6; Genesis 10:15,
967,כְּנַעֲנָה,1,masculine,,,,
968,כִּנֶּ֫רֶת,1,locative (place name),,"in Galilee (Naphtali), כִּנֶּרֶת; כִּנָּ֑רֶת; כִּֽנֲֿרוֹת (so Baer; כִּֽנֲֿרוֹת Norzi);—",Deuteronomy 3:17; Joshua 13:27; Numbers 34:11; Joshua 19:35; Joshua 11:2; Joshua 12:3; I Kings 15:20,
969,כְּסִיל³,1,locative (place name),,"in S of tribe of Judah, prob. corrupt for בְּתוּל; see.",Joshua 15:30; Joshua 19:4,"BDB, בְּתוּאֵל²"
970,כְּסָלוֹן,1,locative (place name),,"on border of tribe of Judah = הַר־יְעָרִים; = Kesla 10 miles W. Jerus., GuérinJud. ii. 11 ff. Mem.iii.25.26 BuhlG. § 92, p. 166.",Joshua 15:10,
971,כִּסְלוֹן,1,masculine,,a prince of Benjamin.,Numbers 34:21,
972,כַּסְלֻחִים,1,gentilic (people group),,"(𝔊D Χασμωνιειμ [Chasmōnieim], 𝔊L Χασλωνιειμ [Chaslōnieim], E Χαλοειμ [Chaloeim]) = (A Χασλωνιειμ [Chaslōnieim], 𝔊L Χασλωειμ [Chaslōeim]), among the sons of מִצְרַיִם; not identif.; conject. in Thes Di.",Genesis 10:14; I Chronicles 1:12,
973,כְּפִירָה,1,locative (place name),,"city of the Hivites subsequently assigned to Benjamin.; =; 𝔊 Κεφειρα [Kepheira], etc.; = mod. Kefîreh RobBR iii, 146 GuérinJud. i. 283 ff. Mem.iii. 36 BuhlG. § 94, p. 169.",Joshua 9:17; Joshua 18:26; Ezra 2:25; Nehemiah 7:28,
974,כְּרוּב,1,locative (place name),,in Babylonia.,Ezra 2:59; Nehemiah 7:60,
975,כְּרִית,1,locative (place name),,and כְּרִיתוּת v. sub.,,"BDB, כָּרַת"
976,כְּרִית²,1,,,"the brook where Elijah was hidden, identif. dub.; acc. RobBR ii. p. 288 Wady el-Kelt, near Jericho; acc. Buhl Handw. 12 Wady ʿAjlun, E. of Jordan, yet v. BuhlG. 121.",I Kings 17:3; I Kings 17:5,
977,כֶּרֶם,1,locative (place name),,"n.m. (f., ) vineyard (NH id.; Aramaic כַּרְמָא, ܟܰܪܡܳܐ [כרמא]; Zinj. כרם DHMSendsch. 58; Arabic كَرْمٌ, كَرْمَةٌ [karmun, karmahun] vine; Ethiopic ክርም: ከርም: vine; Jen ZA vii. (1892), 217 comp. Assyrian karânu, vine;—etym. dub.; Thes al. comp. Arabic كَرُمَ [karuma] noble, generous, fertile, but precarious);—abs. כ׳ +, כָּ֑רֶם +; cstr. כֶּ֫רֶם +; sf. כַּרְמִי +, כַּרְמְךָ +, etc.; pl. כְּרָמִים +; cstr. כַּרְמֵי + 2 times; sf. כְּרָמֵנוּ + 3 times; כַּרְמֵיכֶם + 2 times, etc.;—vineyard (J), + 9 times, (×2) +; so even (where read כ׳ וזית; cf. GFM, who however doubts genuineness); + זַיִת (E) and often (v. ); + שָׂדֶה, (E), and often; fig. of Isr. under י׳’s care, cf.; fig. of Shulamite’s complexion, of her heart.—Vbs. governing כ׳ are:—נָטַע + 16 times, cf. מַטָּעֵי כ׳; זָרַע (c. 2 acc.); חִלֵּל = begin to use fruit of, (×2); זָמַר prune; בָּצַר gather, harvest (lit. cut off, i.e. grapes, ), cf. לִקֵּשׁ; עוֹלֵל glean; אָכַל (usually ‘eat fruit of’, etc.); locusts devour (si vera l.) On n.pr.loc. אָבֵל כְּרָמִים v. ii. 4; בֵּית הַכֶּרֶם v. p. 111 b.",Deuteronomy 28:30; Isaiah 27; Isaiah 2; Exodus 22:4; Genesis 9:20; I Kings 21:7; Isaiah 5:3; Exodus 23:11; Joshua 24:13; Amos 5:1; Nehemiah 5:3; Amos 4:9; Genesis 9:20; I Kings 21:1; I Kings 21; Song of Songs 2:15; Judges 15:5; Exodus 23:11; Exodus 22:4; Exodus 22:5; Isaiah 5:1; Isaiah 3:14; Jeremiah 12:10; Song of Songs 1:6; Song of Songs 8:12; Genesis 9:20; Amos 5:11; Micah 1:6; Deuteronomy 22:9; Deuteronomy 20:6; Deuteronomy 28:30; Jeremiah 31:5; Leviticus 25:3; Leviticus 25:4; Leviticus 25:5; Leviticus 25:11; Deuteronomy 24:21; Judges 9:27; Job 24:6; Leviticus 19:10; Deuteronomy 24:21; Joshua 24:13; Isaiah 65:21; Amos 4:9,"BDB, זַ֫יִת; BDB, אָבֵל²"
978,כַּרְמִי,1,masculine,,,,
979,כַּרְמֶל²,1,mountain,,et urb. Carmel:—,,
980,כַּרְשְׁנָא,1,masculine,,a Pers. prince.,Esther 1:14,
981,כֶּ֫שֶׂד,1,masculine,,"son of Nahor according to (J; perhaps orig. personif., or assumed ancestor, of following, v. Di DlPar 201).",Genesis 22:22,
982,כַּשְׂדִּים,1,gentilic (people group),,"et terr. Kasdim = Chaldeans, Chaldea, 𝔊 Χαλδαῖοι [Chaldaioi] and ( ) ἡ Χαλδαία [hē Chaldaia] (Assyrian (mat) Kaldu, Kaldû; from earlier (Bab.) form [Kašdu]—š before dental becoming l, DlPar 128 f. 200 f.; Assyrian Gr. § 51, 3; Schr KGF 94 ff.; COT on );—",Jeremiah 50:10; Genesis 11:28,
983,לֹא דְבָר,1,locative (place name),,"in Gilead, near, perhaps east of, Mahanaim (q.v.);—לֹא ד׳ (𝔊 Λωδαβαρ, Λαδαβαρ [Lōdabar, Ladabar]); Gr We read also לֹא דְבָר = same city (but v. Dr); = לוֹ ד׳, (𝔊 Λαδαβαρ [Ladabar]); perhaps also intended in מִמַּחֲנַיִם עַד־גְּבוּל לִדְבִר (cf. Di Bla; 𝔊 Δαιβων [Daibōn], A Δαβειρ [Dabeir], 𝔊L Δεβηρ [Debēr]); v. ii., p. 184 supr.",II Samuel 17:27; Amos 6:13; II Samuel 9:4; II Samuel 9:5; Joshua 13:26,"BDB, דְּבִיר²"
984,לֹא עַמִּי,1,masculine,not my people: see 2 d,"symb. name of Hosea’s son, cf. (v. also, ).",Hosea 1:9; Hosea 2:25; Hosea 2:1; Hosea 2:3,"BDB, לֹא"
985,לֹא רֻחָ֫מָה,1,feminine,"uncompassionated: Ges§ 152 a, N","symb. name of Hosea’s daughter, cf. (v. also ).",Hosea 1:6; Hosea 1:8; Hosea 2:25; Hosea 2:3,
986,לֵאָה,1,feminine,,"Leah, elder daughter of Laban, and wife of Jacob (perhaps = wild-cow, Arabic لَأًى [laʾanā], (لَأٓةٌ [laʾhun]) [cf. רָחֵל ewe], DlProl. 80 RSK 219 and (doubtfully) Nö ZMG xl. 1886, 167; also Gray Heb. Names, 96; others, as HptGGN 1883, 100 comp. Assyrian li’at, in sense mistress; on poss. relation of לֵאָה to לֵוִי v. );—mother of Reuben, Simeon, Levi, Judah, Issachar, Zebulun and Dinah, (cf. vv, ) + 15 times; 𝔊 Λ [L](ε [e])ια [ia].",Genesis 29:16; Genesis 29:17; Genesis 29:23; Genesis 29:24; Genesis 29:25; Genesis 29:30; Genesis 29:31; Genesis 29:32; Genesis 29:33; Genesis 29:34; Genesis 29:35; Genesis 30:9; Genesis 31; Genesis 32; Genesis 33:1; Genesis 33:2; Genesis 33:7; Genesis 34:1; Genesis 35:23; Genesis 35:26; Genesis 46:15; Genesis 46:18; Genesis 49:31; Ruth 4:11,"BDB, לֵוִי²"
987,לָאֵל,1,masculine,"belonging to God; cf. Palm. לשמש: v. Nö WZKM, 1892, 314 Gray Heb. Names, 207","a Gershonite-Levite, 𝔊 Δαηλ, Δαουηλ [Daēl, Daouēl].",Numbers 3:24,
988,לְבוֹנָה,1,locative (place name),,"by which, among other places, loc. of Shiloh is fixed, 𝔊 Λεβωνα [Lebōna]; mod. Lubban, c. 3 m. WNW. from Shiloh (Seilûn), RobBR ii. 271 f. GuérinSam. ii, 164 f. BdPal. 217 BuhlGeogr. 175.",Judges 21:19,
989,לָבָן²,1,masculine,,"son of Bethuel, brother of Rebekah, and father-in-law of Jacob (𝔊 Λαβαν [Laban]), (×2), + 17 times J (, ), + 18 times E (, ל׳ הָאֲרַמִּי ); (ל׳ הָאֲרַמִּי) (id.), also, (all P).",Genesis 24:29; Genesis 24:50; Genesis 27:43; Genesis 28:2; Genesis 28:5; Genesis 29; Genesis 30; Genesis 31; Genesis 32; Genesis 29:15; Genesis 29:16; Genesis 29:19; Genesis 29:21; Genesis 29:22; Genesis 29:26; Genesis 31; Genesis 32; Genesis 31:24; Genesis 25:20; Genesis 28:5; Genesis 28:2; Genesis 29:24; Genesis 29:29; Genesis 46:18; Genesis 46:25,
990,לָבָן³,1,locative (place name),,"connected with desert-journey of Israelites, 𝔊 Λοβον [Lobon]; poss. = לִבְנָה 2, q.v.",Deuteronomy 1:1,
991,לִבְנָה,1,locative (place name),,,,
992,לְבָנוֹן,1,mountain,הַלְּבָנֹן Van d. H.,"71 n.pr.mont. Lebanon (Ph. לבנן; Assyrian Labnanu, etc., SchrCOT on, DlPar. 103 ff.; Egyptian Ra-ma n-n WMMAsien u. Europa, 197 ff.; Arabic لُبْنَانٌ [lubnānun]; cf. further RobBR ii, 435 ff. 493 GASmGeogr. 45 ff. BuhlGeogr. 110 and reff.; name prob. from whiteness of its cliffs RobBR ii, 493)—wooded mountain-range on northern border of Isr. [usually c. art. הַלּ׳ (51 times); without art. לְבָנוֹן, poet. and late; =; (×2); c. ה loc. לְבָב֫וֹנָה ]; perhaps first mentioned in defining a locality, as הַר הַלְּבָנוֹן, (E according to GFM; this combination only here), but also in early proph., then in D, and later;—in defining a locality; בִּקְעַת הַלּ׳; (side of Baal Gad); as a marked feature, in describing extent of land; (בָּל־הַלּ׳) v (all D), =; רֹאשׁ הַלּ׳ (fig. of royal house of Judah), as a height (×2); מִגְדַּל הַלּ׳ i.e. a tower built on Lebanon; שֶׁלֶגּ ל׳ snow of L.; L. as source of streams; יֵין ל׳; most often, however, as bearing forests, especially of cedars, אַרְזֵי הַלּ׳ (in allegory; perhaps J, according to GFM), cf., (×2) (×2), (×2) = (×2) (in allegory); (sim. of majestic figure); פֶּרַח ל׳; כְּבוֹד הַלּ׳; וְשָׁב ל׳ לְכַרְמֶל (‖ יַעַר); יַרְכְּתֵי ל׳ with the same ref. =; הַלּ׳ = trees of Lebanon; ל׳ fig., as mourning; חֲמַס ל׳ i.e. violence done to Lebanon, prob. by cutting down its trees; בֵּית יַעַר הַלּ׳ a royal mansion of Sol.; and, =; ל׳ as home of wild beast = (in allegory); רֵיחַ לְבָנוֹן, of the odour of cedar forests, cf. (in sim.; We thinks ל׳ here to be a specific plant).",Deuteronomy 3:25; I Kings 5:13; Hosea 14:8; Nahum 1:4; II Kings 19:23; Isaiah 37:24; Ezekiel 31:15; Ezekiel 31:16; Isaiah 14:8; Isaiah 29:17; Isaiah 33:9; Isaiah 40:16; Jeremiah 18:14; Habakkuk 2:17; Zechariah 10:10; Zechariah 11:1; Psalms 29:6; Song of Songs 4:8; Song of Songs 4:11; Song of Songs 4:15; I Kings 5:28; Judges 3:3; Joshua 9:1; Joshua 11:17; Joshua 12:7; Deuteronomy 1:7; Deuteronomy 3:25; Deuteronomy 11:24; Joshua 1:4; Joshua 13:5; Joshua 13:6; I Kings 9:19; II Chronicles 8:6; Jeremiah 22:20; Zechariah 10:10; Jeremiah 22:6; Song of Songs 4:8; Song of Songs 7:5; Jeremiah 18:14; Song of Songs 4:15; Hosea 14:8; Judges 9:15; Isaiah 2:13; Isaiah 14:8; Psalms 29:5; Psalms 104:16; I Kings 5:13; I Kings 5:20; I Kings 5:23; I Kings 5:28; II Chronicles 2:7; II Chronicles 2:15; II Kings 14:9; II Chronicles 25:18; Jeremiah 22:23; Ezekiel 17:3; Ezekiel 27:5; Ezekiel 31:3; Ezekiel 31:15; Ezekiel 31:16; Zechariah 11:1; Ezra 3:7; Psalms 92:13; Song of Songs 3:9; Song of Songs 5:15; Nahum 1:4; Isaiah 35:2; Isaiah 60:13; Isaiah 29:17; Isaiah 37:24; II Kings 19:23; Hosea 14:6; Isaiah 10:34; Isaiah 40:16; Psalms 29:6; Psalms 72:16; Isaiah 33:9; Habakkuk 2:17; I Kings 7:2; I Kings 10:17; I Kings 10:21; II Chronicles 9:16; II Chronicles 9:20; II Kings 14:9; II Chronicles 25:18; Song of Songs 4:11; Hosea 14:7,
993,לִבְנִי,1,masculine,,"a Levite, son of Gershom, (𝔊 Λοβεν[ε [e]]ι [i]).",Exodus 6:17; Numbers 3:18; I Chronicles 6:2; I Chronicles 6:5; I Chronicles 6:14,
994,לֹד,1,locative (place name),,"'= Λυδδα [Lydda], 1 Makk 11:34 Acts 9:32, 35, 38, Lydda, mod. Ludd, c. 11 miles SE. from Jaffa, toward Jerusalem; RobBR ii, 244–248 GASmGeogr. 100 ff. BuhlGeogr. 197 (ל׳ וּבְנֹתֶיהָ), (בְּנֵי לֹד) =, cf.; 𝔊 Λωδ, Λοδ, Λυδδων, Λυδδα [Lōd, Lod, Lyddōn, Lydda].",I Chronicles 8:12; Ezra 2:33; Nehemiah 7:36; Nehemiah 11:35,
995,לְהָבִים,1,gentilic (people group),,"'=, prob. = לוּבִים q.v.; 𝔊 Λαβιειμ [Labieim].",Genesis 10:13; I Chronicles 1:11,
996,לָ֑הַד,1,masculine,,"son of יַ֫חַת of Judah, 𝔊 Λααθ [Laath], 𝔊L Λααδ [Laad] (etym. and meaning unknown).",I Chronicles 4:2,
997,לוֹ דְבָר,1,locative (place name),,v..,,"BDB, לֹא דְבָר"
998,לוּז³,1,locative (place name),,,,
999,לוּחִית,1,locative (place name),,"in Moab; c. art. מַעֲלֵה הַלּוּחִית; Qr (הַלֻּחִית; Kt. הלחות); it lay S. of the Arnon; cf. BuhlGeogr. 24, 272 and reff.; 𝔊 Λουειθ [Loueith].",Isaiah 15:5; Jeremiah 48:5,
1000,לוֹחֵשׁ,1,masculine,'= whisperer,"only c. art. הַלּ׳, a chief of the people.",Nehemiah 3:12; Nehemiah 10:25,
1001,לוֹט²,1,masculine,,"Lot son of Haran, and nephew of Abram; 𝔊 Λωτ [Lōt];—, (×2), + 15 times; †בְּנֵי לוֹט = Moabites; = Ammonites; = both.",Genesis 11:27; Genesis 11:31; Genesis 12:4; Genesis 12:5; Genesis 13:1; Genesis 13:5; Genesis 13:7; Genesis 13:8; Genesis 13:10; Genesis 13:11; Genesis 13:12; Genesis 13:14; Genesis 14:12; Genesis 14:16; Genesis 19; Deuteronomy 2:9; Deuteronomy 2:19; Psalms 83:9,
1002,לוֹטָן,1,masculine,,"𝔊 Λωταν [Lōtan]; a son of שֵׂעִיר, =, and father of חֹרִי etc. =; called a chief (אַלּוּף) of הַחֹרִי.",Genesis 36:20; Genesis 36:22; I Chronicles 1:38; I Chronicles 1:39; Genesis 36:22; I Chronicles 1:39; Genesis 36:29,
1003,לֵוִי,1,masculine,,"Levi (√ and meaning dubious; (J) interpr. as joined, i.e. husband to wife, (P; appar. in word-play) of Levites as joined to, attendant upon, Aaron; orig. as attached to, accompanying Isr. from Egypt, LagOr ii. 20 f.; as attached to, attending upon the ark, BauPriest. 74; in this case i. לֵוִי would be derived from ii. לֵוִי in priestly sense; HomA. u. A. 1890, 30 f. proposes Minaean לוא, lauʾân, priest, cf. Id.Süd-Arabic Chrest. 127; ag. all such views v. KauSK 1890, 771 f.; WeProl. ed. 5, 141; Hist. Isr. 145 StaZAW i (1881), 112 ff. GrayProp. Names, p. 96, cf. NöZMG xl (1886), 167, make לֵוִי n. gent. from לֵאָה (q.v.); cf. a further sugg. WeSkizzen iii. 114)—𝔊 Λευ [Leu](ε [e])ι [i](ν [n]);—",Genesis 29:34; Numbers 18:2; Numbers 18:4,
1004,לְחִי²,1,locative (place name),,"scene of an exploit of Samson;—ל׳ (×2) (𝔊 Σιαγων [Siagōn]), לֶ֔חִי v; c. art. בַּלֶּחי v (𝔊 Λέει [Leei], 𝔊L Λεχει [Lechei]), cf. רָ֫מַת לֶ֑חִי v = height of Leḥi (expl. as from לְחִי jawbone, cf. GFM, 𝔊 Ἀναίρεσις σιαγόνος [Anairesis siagonos]); also, where read לֶחְיָה to Leḥi, for לַחַיָּה, vid. ii., p. 312 supr.; (𝔊 θηρία [thēria]; 𝔊L σιαγόνα [siagona]). It must have lain in the Shephelah, near the border of the hill-country of Judah (BuhlGeogr. 91); site unknown; conjectures are cited and criticized by GFM Ju 15:19 q.v.",Judges 15:19; Judges 15:14; Judges 15:9; Judges 15:17; II Samuel 23:11,"BDB, חַיָּה²"
1005,לַחְמִי,1,masculine,,"brother of Goliath of Gath (q.v.) slain by Elhanan, according to (את לחמי; 𝔊 Ελεμεε, Λεεμει, Λοομι [Elemee, Leemei, Loomi]); orig. reading prob. (as in ‖ ) בֵּית הַלַּחְמִי q.v. p. 112a supra.",I Chronicles 20:5; II Samuel 21:19,
1006,לַ֫יִשׁ²,1,locative (place name),"on meaning lion, cf. RSSem i. 156 (om. 2nd ed.)","—former name of Dan., in extreme north of Canaan, (v. p. 192 b); 𝔊 Λαισα [Laisa]; = לָשֶׁם q.v.; cf. BuhlGeogr. § 124.",Judges 18:7; Judges 18:14; Judges 18:27; Judges 18:29,"BDB, דָּן"
1007,לַ֫יִשׁ³,1,masculine,,"father of Michal’s second husband, + Qr (Kt לושׁ), 𝔊 Αμεις, Σελλης [Ameis, Sellēs], A Λα [La](ε [e])ις [is], 𝔊L Ιωας, Σελλειμ [Iōas, Selleim].",I Samuel 25:44; II Samuel 3:15,
1008,לַ֫יְשָׁה,1,locative (place name),,"N. of Jerus. (perhaps akin to iii. לַיִשׁ, v. Di); site unknown; v. KasterenZPV xiii. 101 conj. ʿIsawiye, village two miles NE. from Jerus. (PEF Map; Mem. iii. 27 RobBR i. 437 cf. BuhlGeogr. 175), 𝔊 ἐν Σα, Λαισα [en Sa, Laisa].",Isaiah 10:30,
1009,לֵכָה,1,locative (place name),,"in Judah; unknown. 𝔊 Ληχα, Λαιχα [Lēcha, Laicha].",I Chronicles 4:21,
1010,לָכִישׁ,1,locative (place name),,"—so +; c. ה loc. לָכִ֫ישָׁה + 5 times;—Canaanitish (Amorit.) city, with king, (all JE), v; (both D); (= Tel el-Amarna Lakiša, Lakisi WklTA Tablets, Nos. 217, 218, 180, 181); captured by, (all D); reckoned to Judah (P), cf. (×2) = (×2); base of Assyrian operations, cf., also; =; (= Assyrian Lakisi SchrCOT ); prob. = mod. Tell el-Ḥesy, c. 33 miles SW. from Jerusalem FJBMound of Many Cities, 1893 BuhlGeogr. § 103 GASmGeogr. 234; > Umm el-Lâḳis vdVeldeMem. 320 Guérin Judeé ii. 299 ff.; Um Lâḳis opp. by RobBR ii. 47.—𝔊 Λαχεις [Lacheis].",Joshua 10:3; Joshua 10:31; Joshua 10:3; Joshua 10:5; Joshua 10:23; Joshua 10:31; Joshua 12:11; Joshua 10:32; Joshua 10:33; Joshua 10:34; Joshua 10:35; Micah 1:13; Jeremiah 34:7; Joshua 15:39; II Kings 14:19; II Chronicles 25:27; II Chronicles 11:9; Nehemiah 11:30; II Kings 18:14; II Chronicles 32:9; II Kings 18:17; II Kings 19:8; Isaiah 36:2; Isaiah 37:8; II Kings 18:13,
1011,לְמוּאֵל,1,masculine,,"king of Massa (prob., v. ); לְמוּ׳, למוֹ׳ v.",Proverbs 31:1; Proverbs 31:4,"BDB, מַשָּׂא⁴"
1012,לֶ֫מֶך,1,masculine,"on orig. form cf. LagBN 77; conj. as to meaning BuUrgesch. 102, 129",—ל׳ + 7 times; לָ֑מֶךְ + 2 times;—,Genesis 4:19; Genesis 4:18,
1013,לַעְדָּן,1,masculine,,,,
1014,לַפִּידוֹת,1,masculine,,husband of Deborah; 𝔊 Λαφ [Laph](ε [e])ιδωθ [idōth].—On fem. form cf. GFM.,Judges 4:4,
1015,לַקּוּם,1,locative (place name),,"northern border-town of Naphtali, (P), 𝔊 Δωδαμ [Dōdam], 𝔊L Λακουμ [Lakoum]. so also LagOnom. 275, 24; site unknown.",Joshua 19:33,
1016,לֶ֫שֶׁם,1,locative (place name),,"variant of לַיִשׁ (whence WeDe gent. 37 Di read לֵשָׁם; LagBN 20 Anm. thinks ם remnant of Mimmation, לֶשֶׁם from לַיִשׁ = Laišum), old name of city דָּן (v. ), (×2) (cf. Di), 𝔊B Λαχεις [Lacheis], לֶשֶׁם דָּן = Λασεννδακ [Lasenndak], A 𝔊L Λεσεν [Lesen](μ [m]).",Joshua 19:47,"BDB, לַ֫יִשׁ²"
1017,לֶ֫שַׁע,1,locative (place name),,"near Sodom and Gomorrah, only לָ֑שַׁע; 𝔊D Δασα [Dasa]; E𝔊L Λασα [Lasa]; site unknown; = Kallirrhoë, with hot-springs, JeromeQuaest in Gen. (10, 19), cf. BuhlGeogr.. 123 and reff.",Genesis 10:19,
1018,מִבְחָר²,1,masculine,choice,one of David’s warriors.,I Chronicles 11:38,
1019,מְבֻנַּי,1,masculine,,one of David’s heroes read prob. סִבְּכַי ‖ cf. DrSm.,II Samuel 23:27; I Chronicles 11:29,
1020,מִבְצָר³,1,masculine,,"Edomite chief =; A 𝔊 L Μαζαρ [Mazar], A (in Ch) Μαβσαρ [Mabsar];—on n.pr.loc. Mabsar (Onom.277, 63; 137, 11) cf. BuhlEdom. 38).",Genesis 36:42; I Chronicles 1:53,
1021,מִבְשָׂם,1,masculine,,,,
1022,מַגְבִּישׁ,1,masculine,,"בְּנֵי מ׳ 𝔊 Μαγεβως [Magebōs], etc., a family of returning exiles, om. ‖, but 𝔊 A א Μαγεβως [Magebōs] etc., 𝔊L Μαγβεις [Magbeis]; cf. SmListen 15.",Ezra 2:30; Nehemiah 7:32,
1023,מְגִדּוֹ,1,locative (place name),,"and ( ) מְגִדּוֹן n.pr.loc. (connexion with above √ not clear; 𝔊 Μαγεδδω, Μεκεδω, Μαγεδω [Mageddō, Mekedō, Magedō], etc.; 𝔙 Mageddo; Assyrian Magadû, Magidû, COTGloss DlPa 287) old Canaanitish city, assigned to Manasseh; מֶלֶךְ מ׳; ישְׁבֵי מ׳ =; מֵי מ׳; בִּקְעַת מ׳;—mod. Lejjûn (= legio) RobBR ii, 329 f. 364 BdPal 229.",Zechariah 12:11; I Kings 4:12; I Kings 9:15; II Kings 9:27; II Kings 23:29; II Kings 23:30; Joshua 12:21; Joshua 17:11; Judges 1:27; Judges 5:19; Zechariah 12:11; II Chronicles 35:22,
1024,מַגְדִּיאֵל,1,masculine,,"a chief of Edom, =; 𝔊B Μεδιηλ [Mediēl] (Ch), 𝔊A Μετοδιηλ [Metodiēl] (Gn), Μαγεδιηλ [Magediēl] (Ch, cf. 𝔊L)—(cf. Sab. מגדעל DerenbÉtudes i. 65, Palm. מגד֗ת (? מגרת) CookAramaicGloss. 70).",Genesis 36:43; I Chronicles 1:54,
1025,מִגְדֹּל,1,,מִגְדּוֹל only,"fortified city on the NE. border of Egypt; Copt. meschtôl (Champoll.L’Égypte sous les Pharaons ii. 79), Egyptian makƟel EbGS 522.",Jeremiah 46:14; Exodus 14:2; Numbers 33:7; Jeremiah 44:1; Jeremiah 46:14; Ezekiel 29:10; Ezekiel 30:6,
1026,מַגְפִּיעָשׁ,1,masculine,,"a chief of the people, 𝔊 Βαγαφης [Bagaphēs], A Μαιαφης [Maiaphēs], 𝔊L Μεγαιας [Megaias].",Nehemiah 10:21,
1027,מָדוֹן²,1,locative (place name),,"a royal city of the Canaanites; 𝔊 Μαρρν, Μαδων, Λαμορων [Marrn, Madōn, Lamorōn];= Madîn. close to Hattîn, Surveyi. 365, dub.; a village Maron lies 2 hours WSW. from Kedesh, van deVeldeMem 146, cf. Di.",Joshua 11:1; Joshua 12:19,
1028,מָדַי,1,gentilic (people group),,"et terr. Medes, Media (OPers. Mâda SpAPK, Assyrian Madai COTGloss, and on Gn 10:2 DlPar. 247);—",,
1029,מִדְיָן,1,masculine,,,,
1030,מִדִּין,1,locative (place name),,"city of Judah, site unknown, A Μαθων [Mathōn]; 𝔊L Μαδδειν [Maddein].",Joshua 15:61,
1031,מִדִּין²,1,locative (place name),,in wilderness of Judah.,Joshua 15:61,
1032,מַדְמֵן,1,locative (place name),,"in Moab (on text, however, cf. Che ).",Jeremiah 48:2; Isaiah 25:10,
1033,מַדְמַנָּה,2,locative (place name),,"city of southern Judah; loc. dub., Onom. Μηδεβηνα [Mēdebēna] = Μηνοεις [Mēnoeis] near Gaza LagOnom. 279, 2nd ed. 276; cf. Minyay S. of Gaza RobBR i. 602; on other proposed identif. cf. Di",Joshua 15:31,
1034,מַדְמַנָּה,4,masculine,,descendant of Caleb.,I Chronicles 2:49,
1035,מְדָן,1,masculine,,1. son of Abraham and Keturah.,Genesis 25:2; I Chronicles 1:32,
1036,מַהֲלַלְאֵל,1,masculine,"praise of God, cf. supr.",read מְהַלֶּלְאֵל GrayProp. N. 201.—,,"BDB, יְהַלֶּלְאֵל"
1037,מַהֵר שָׁלָל חָשׁ בַּז,1,masculine,,"as n.pr.m., (lit. Swift is booty, speedy is prey).",Isaiah 8:1; Isaiah 8:3,
1038,מַהֲרַי,1,masculine,,"one of David’s heroes; 𝔊 Νοερε, Μαεραει, Μααρναν, Μααρι [Noere, Maeraei, Maarnan, Maari], etc.",II Samuel 23:28; I Chronicles 11:30; I Chronicles 27:13,
1039,מוֹאָב,1,,,"gent. et terr. Moab (MI 1, 2, 5, 6, 12, 20 מאב; Assyrian Maʾaba, Maʾbu, Muʾâba, etc., Schr COT Gloss., and on Gn 19, 37 DlPar. 294 f., 296;—on etym. cf. LagBN 90 Anm., NeSK 1892, 573, GrayProp. N. 25);—מו׳ + 178 times; מֹאָב; 𝔊 Μωαβ [Mōab];—",Genesis 19:37; II Samuel 8:12,
1040,מוֹלִיד,1,masculine,,a Judahite.,I Chronicles 2:29,
1041,מוֹסֵרָה,1,locative (place name),,"station of Isr. in wilderness, where Aaron died (this was Mt. Hor according to; ); locality unknown. Another form is",Numbers 20:22; Numbers 33:37; Deuteronomy 10:6,
1042,מוֹצָא²,1,masculine,,,,
1043,מוּשִׁי,1,masculine,,"a Levite, son of Merari, מוּשִׁי; מֻשִׁי; 𝔊 Ομουσ [Omous](ε [e])ι [i], rarely Μουσ [Mous](ε [e])ι, Μοουσι [i, Moousi].",Exodus 6:19; Numbers 3:20; I Chronicles 6:32; I Chronicles 23:21; I Chronicles 23:23; I Chronicles 24:26; I Chronicles 24:30; I Chronicles 6:4,
1044,מִזָּה,1,masculine,,"grandson of Esau, (𝔊 Μοζε [Moze]); (𝔊 Ομοζε [Omoze], 𝔊L Μαζε [Maze]).",Genesis 36:13; Genesis 36:17; I Chronicles 1:37,
1045,מְחוּיָאֵל,1,masculine,,"great-grandson of Cain = מְחִיָּי‌֯אֵל v (J; A 𝔊L in both Μαιηλ [Maiēl], E Μαουιηλ [Maouiēl]; cf. further LagOr. ii, 35 BN 96 (Μαιουιαηλ [Maiouiaēl]) BuUrgesch. 125).—(Etym. dub.; ThesAdd. 97 perhaps smitten of Ēl √ מחה; BuUrgesch.128 Kerber Eigennam, d. AT. 91 מְחַיִּיאֵל, or מַחְיִיאֵל Ēl maketh alive; DHMMV 10 thinks of n.pr. div. יאל,—cf. Ph. n.pr. יאלפעל, and CISi. 132, 4; especially p. 163 b, = god יאל giveth life (against this GrayProp. N. 164)).",Genesis 4:18; Genesis 4:18,
1046,מָחוֹל³,1,masculine,,"father of Heman, etc., 𝔊 Μαλ [Mal], A Μαουλ [Maoul], 𝔊L Μααλα [Maala].",I Kings 5:11,
1047,מְחִידָא,1,masculine,,"head of a family of returning exiles (𝔊 Μαουδα [Maouda], 𝔊L Μεειδα [Meeida]) = (𝔊 Μεειδα [Meeida]).",Ezra 2:52; Nehemiah 7:53,
1048,מְחִיר²,1,masculine,,𝔊 Μα [Ma](χ [ch])ειρ [eir].,I Chronicles 4:11,
1049,מַחְלָה,1,feminine,,,,
1050,מַחְלוֹן,1,masculine,,"son of Elimelech and Naomi, first husband of Ruth, 𝔊 Μααλων [Maalōn].",Ruth 1:2; Ruth 1:5; Ruth 4:9; Ruth 4:10,
1051,מַחְלִי,1,masculine,,,,
1052,מַחֲנֶה,1,,,"n.m. + 16 times and f.; (on v. Di) encampment, camp—abs. מ׳ (×2) + 126 times (incl., del. Co); cstr. מַחֲנֵה + 56 times; sf. מַחֲנֵהוּ + 5 times; מַחֲנֶיךָ, מַחֲנֶךָ, מַחֲנֵיכֶם, מַחֲנֵיהֶם (cf. infr., and on form of noun c. sf. vid. Ges§ 93, 3, R 3); pl. abs. מַחֲנוֹת + 9 times; cstr. + 2 times, מַחֲנִים; sf. (appar. pl. n.) מַחֲנֵיהֶם + 5 times;—on du. v. מ׳ n.pr. infr.",Genesis 33:8; Psalms 27:3; I Chronicles 11:15; Genesis 32:9; Genesis 32:9; Ezekiel 1:24; Genesis 32:3; Numbers 1:52; Deuteronomy 23:15; Deuteronomy 29:10; Deuteronomy 23:15; Amos 4:10; Numbers 5:3; Judges 8:10; Genesis 32:8; I Chronicles 9:18; Numbers 13:19; Joshua 10:4,
1053,מַחֲנַיִם,1,locative (place name),two camps,"—E. of Jordan; name from Jacob’s meeting angels according to (J), place on border of Gad, of Manasseh v (P); Levit. city in Gad (P) =; named also (מַהֲנָ֑יִם), v, (-נָ֑יִם); (-נָ֑ים); מַחֲנָ֑יְמָה; site unknown, v. Di Gn; כִּמְחֹלַת הַמַּחֲנָ֑יִם is put here Ex Hi Öt al.: as at a (the) dance of Mahanaim; dance of a double choir Gi Stickel RV.",Genesis 32:3; Joshua 13:26; Joshua 13:30; Joshua 21:36; I Chronicles 6:65; II Samuel 2:8; II Samuel 2:12; II Samuel 2:29; II Samuel 19:33; I Kings 2:8; II Samuel 17:24; II Samuel 17:27; I Kings 4:14; Song of Songs 7:1,
1054,מַחְסֵיָה,1,masculine,י׳ is a refuge,ancestor of Baruch and Seraiah (Baer מַחֲס׳).,Jeremiah 32:12; Jeremiah 51:59,
1055,מַ֫חַת,1,masculine,perhaps from מַחֲתֶה thing seized,—Levites:,,
1056,מַטְרֵד,1,feminine,,"mother-in-law of Hadar (Hadad) 𝔊 Ματρ [Matr](α [a])ε [e](ι [i])θ [th] 𝔊 here, not in Ch, makes מ׳ son of Mezahab, i.e. n.pr.m.) =, 𝔊 Ματραδ, Ματρηθ [Matrad, Matrēth].",Genesis 36:39; I Chronicles 1:50,
1057,מֵי זָהָב,1,masculine,,"an Edomite (𝔊 Μεζοοβ [Mezoob], 𝔊L Μαιζοοβ [Maizoob]) = (𝔊L Μαιζααβ [Maizaab]).",Genesis 36:39; I Chronicles 1:50,
1058,מֵידְבָא,1,locative (place name),,"city in Moab (MI 8 מהדבה)—, assigned to Reuben (𝔊 Δαιδαβαν, Μαιδαβα [Daidaban, Maidaba], 𝔊L Μεδαβα [Medaba]); meeting-place of Ammonites (𝔊 Μαιθαβα [Maithaba], A 𝔊L Μηδαβα [Mēdaba]).",Numbers 21:30; Isaiah 15:2; Joshua 13:9; Joshua 13:16; I Chronicles 19:7,
1059,מֵידָד,1,masculine,,"one who (with אֶלְדָּד) prophesied in the camp of Isr., (JE), 𝔊 Μωδαδ [Mōdad].",Numbers 11:26; Numbers 11:27,
1060,מִיכָא,1,masculine,"so in Palm., VogNo. 36a",,,
1061,מִיכָאֵל,1,masculine,,"† מִיכָאֵל n.pr.m. Michael, 𝔊 Μειχαηλ, Μιχαηλ [Meichaēl, Michaēl] (Who is like God? cf. מִיכָיָהוּ, and Assyrian proper names, as Mannu-kî-Rammân, ‘Who is like Rammân?’ Mannu-kî-ilu-rabû, ‘Who is like the great God?’ DlProl. 210; HWB 419; SchrCOT 478; cf. CookAramaic Gloss. 74):—",,
1062,מִיכָה,1,masculine,,,,
1063,מִיכָיָה,1,masculine,,,,
1064,מִיכָֽיְהוּ,1,masculine,"so on an Isr. scarab, GanneauJAS 1883, 156, No. 42",—,,
1065,מִיכָיָ֫הוּ,1,,Who is like Yah? cf.,—,,"BDB, מִיכָאֵל"
1066,מִיכַל,1,feminine,according to Ol§ 277 f.; contr. from מִיכָאֵל,"—younger daughter of Saul, wife of David (𝔊 Μελχολ [Melchol]), (×2); =; also (𝔊 Μιχολ [Michol]), but error for מֵרַב (𝔊L Μεροβ [Merob]).",I Samuel 14:49; I Samuel 18:20; I Samuel 18:27; I Samuel 18:28; I Samuel 19:11; I Samuel 19:12; I Samuel 19:13; I Samuel 19:17; I Samuel 25:44; II Samuel 3:13; II Samuel 3:14; II Samuel 6:16; I Chronicles 15:29; II Samuel 6:20; II Samuel 6:21; II Samuel 6:23; II Samuel 21:8,
1067,מִיָּמִן,1,masculine,,,,
1068,מֵישָׁא,1,masculine,,of Benjamite in Moab. 𝔊 Μισα [Misa]; A Μωσα [Mōsa].,I Chronicles 8:9,
1069,מִישָׁאֵל,1,masculine,"Who is what God is? Assyrian form., cf.: note also in Thothmes’ list of towns Bai-ti-ša-’-rḁ, i.e. prob. בֵּיתְשָׁאֵל, Heb. בֵּיתְאֵל WMMAs. Eur. 193",—,,"BDB, מְתוּשָׁאֵל"
1070,מֵישַׁךְ,1,masculine,"according to DlBaer, Dan. xi for Mîsha-aku ‘who is what Aku (the moon-god) is?’ cf., p. 567","—the new (Bab.) name given to Mishael, (+ Aramaic and c. 3).",Daniel 1:7; Daniel 2:49,"BDB, מִישְׁאֵל"
1071,מֵישָׁע,1,masculine,deliverance,"—son of Caleb, 𝔊 Μαρεισα [Mareisa], 𝔖L Μουσα [Mousa].",I Chronicles 2:42,
1072,מַכְבֵּנָה,1,locative (place name),van d. H. מַכְבֵּנָא,"n.pr.loc. (represented as having שְׁוָא for father; poss. = foregoing), 𝔊 Μαχαβηνα [Machabēna], 𝔊L Μαχβανα [Machbana].",I Chronicles 2:49,
1073,מַכְבַּנַּי,1,masculine,,a hero of David.,I Chronicles 12:14,
1074,מָכִי,1,masculine,,a Gadite. 𝔊 Μα [Ma](κ [k])χι [chi].,Numbers 13:15,
1075,מָכִיר,1,masculine,,𝔊 Μαχειρ [Macheir] (Sab. מכר Hal4).,,
1076,מִכְמָס,1,locative (place name),,"'=; = מִכְמָשׂ (v. Baer’s notes) + 6 times 1 S, + 2 times;—city in Benjamin, N. from Geba and Jerusalem, (E. from Bethaven), v; אַנְשֵׁי מ׳ =. 𝔊 Μαχ [Mach](ε [e])μας [mas], etc. (On Mikmās v. RobBR i, 440 ff. BuhlGeogr. § 96).",Ezra 2:27; Nehemiah 7:30; I Samuel 13:2; I Samuel 13:2; I Samuel 13:5; I Samuel 13:11; I Samuel 13:16; I Samuel 13:23; I Samuel 14:5; I Samuel 14:31; Isaiah 10:28; Nehemiah 11:31; Ezra 2:27; Nehemiah 7:30,
1077,מִכְרִי,1,masculine,,a Benjamite. 𝔊 Μαχειρ [Macheir]; A Μοχορε [Mochore]; 𝔊L Μαχειρι [Macheiri].,I Chronicles 9:8,
1078,מַלְאָכִי,1,masculine,,"appar. n.pr.m. Malachi, but in fact not historical name of author, nor pseudonym for Ezra; prob. a conjecture based on; so many moderns; see Dr Intr.",Malachi 1:1; Malachi 3:1,
1079,מִלּוֹא,1,locative (place name),"Thes ‘fill’ of earth, earthwork, but v. GFM","SchwallyZMG lii (1898), 137 cp. Assyrian mulû = earthwork, mound, terrace, Dl 411 M-A 544;—",Judges 9:6,
1080,מַלּוּךְ,1,masculine,,"𝔊 Μαλωχ, Μαλουχ [Malōch, Malouch], etc.",,
1081,מלוכי,1,masculine,,"Kt, מְלִיכוּ Qr n.pr.m. a priest. 𝔊 Μαλουχ [Malouch], 𝔊L Μαλουκ [Malouk].",Nehemiah 12:14,
1082,מַלּ֫וֹתִי,1,masculine,,as n.pr.m. a son of Heman (I have uttered = מִלַּלְתִּי Ew§ 274 b. N. v. );— (on this appar. list of names v. Ewl.c. RSOTJC 422; 2nd ed. 143) v.,I Chronicles 25:4; I Chronicles 25:26,"BDB, מָלַל"
1083,מְלַטְיָה,1,masculine,"Yahweh delivered, cf. GrayProp. N. 267, 293","a Gibeonite, a builder at the wall; 𝔊L Μαλτιας [Maltias].",Nehemiah 3:7,
1084,מֶ֫לֶךְ²,1,masculine,,"son of Micah, a Benjamite (on מ׳ as individ. name v. GrayProp. N. 116, 112 n. 4; cf. Ph. n.pr. מלך (v. Bloch); Sab. n.pr. מלכם CIS iv. 1; Palm. n.pr. מלכו VogPalm. 92 al. Nab. id., EutNab 21, 4 al. VogNab. 1, 2);— (𝔊 Μελχηλ [Melchēl]), (𝔊 Μαλαχ [Malach]; 𝔊L Μελχιηλ [Melchiēl] in both).",I Chronicles 8:35; I Chronicles 9:41,
1085,מִלְכָּה,1,feminine,,"𝔊 Μελχα [Melcha] ( = מַלְכָּה? NöZMG xlii. 1888, 484 comp. Ph. n. pr. deæ מלכת; cf. GrayProp. N. 116);—",,
1086,מַלְכִּי־צֶ֫דֶק,1,masculine,,"king of שָׁלֵם (q.v.), (my king is Ṣedeḳ)—. 𝔊 Μελχισεδεκ [Melchisedek].",Genesis 14:18; Psalms 110:4,
1087,מַלְכִּיָּהוּ,1,masculine,only,"מַלְכִּיָּה n.pr.m. (my king is Yah;) cf. GrayProp. N. 119 f., 146 al.;—𝔊 Μελχ [Melch](ε [e])ια [ia](ς [s]).—",Jeremiah 38:6,
1088,מִלְכֹּם,1,divine name,,"Milcom, god of Ammonites (cf. RSSem i. 67)—מ׳ שִׁקֻּץ עַמֹּנִים (‖ עַשְׁתֹּרֶת); cf. מ׳ אֱלֹהֵי בְנֵי עַמּוֹן v (‖ ע׳ + כְּמוֹשׁ), so read also (for MT מֹלָךְ v (‖ כְּמוֹשׁ); מ׳ תּוֹעֲבַת בְּנֵי־עַמּוֹן (‖ as ); id. מִלְכֹּם also for מַלְכָּם, (𝔊 Μελχολ, Μελχομ [Melchol, Melchom]), cf. Gie, and (𝔖 𝔙, cf. Now), prob. = (v. מֶלֶךְ 5 d), and perhaps (whence; cf. Dr Now;—not We GASm).",I Kings 11:5; I Kings 11:33; I Kings 11:7; II Kings 23:13; I Kings 11:33; Jeremiah 49:1; Jeremiah 49:3; Zephaniah 1:5; II Samuel 12:30; I Chronicles 20:2; Amos 1:15; Jeremiah 49:3,
1089,מַלְכָּם,1,masculine,,"a Benjamite. 𝔊B Μελχας [Melchas], A Μελχαμ [Melcham], 𝔊L Μελχομ [Melchom]. On, v..",I Chronicles 8:9; Jeremiah 49:1; Jeremiah 49:3; Zephaniah 1:5,"BDB, מִלְכֹּם"
1090,מְמוּכָן,1,masculine,,"a prince of Persia and Media—, also v Qr; Kt מומכן. 𝔊 Μουχαιος, Μαμουχαιος [Mouchaios, Mamouchaios].",Esther 1:14; Esther 1:21; Esther 1:16,
1091,מַמְרֵא,1,masculine,,"et loc. Mamre, only in Gn:",,
1092,מַמְרֵא,5,masculine,,"in (אֵלֹנֵי מ׳ הָאֱמֹרִי), cf. v (where ally of Abr.)",Genesis 14:13; Genesis 14:24,
1093,מַמְרֵא,7,locative (place name),,"in P: near Abr.’s place of burial; appar. identified with Hebron, cf. Di.—𝔊 Μαμβρη [Mambrē].",Genesis 23:17; Genesis 25:9; Genesis 49:30; Genesis 50:13; Genesis 23:19; Genesis 35:27,
1094,מָנוֹחַ³,1,masculine,,"father of Samson, + 15 times, 𝔊 Μανωε [Manōe].",Judges 13:2; Judges 13:8; Judges 13; Judges 16:31,
1095,מְנֻחוֹת,1,,,v. infr.,,"BDB, מָנַחְתִּי"
1096,מְנַחֵם²,1,masculine,comforter,king of Northern Israel; 𝔊 Μαναημ [Manaēm].,II Kings 15:14; II Kings 15:16; II Kings 15:17; II Kings 15:19; II Kings 15:20; II Kings 15:21; II Kings 15:22; II Kings 15:23,
1097,מָנַ֫חַת²,1,locative (place name),"'= resting-place, settlement","מָנָ֑חַת, site unknown, 𝔊 Μαχαναθει [Machanathei], 𝔊L Μανουαθ [Manouath].",I Chronicles 8:6,
1098,מָנַ֫חַת³,1,masculine,,"in Edom =; 𝔊 Μαν [Man](ν [n])αχαθ, Μανααθ [achath, Manaath].",Genesis 36:23; I Chronicles 1:40,
1099,מְנִי,1,divine name,,"Menî, god of fate (award, apportionment; cf. Arabic n.pr. div. Maniyyat, and perhaps Manât, WeSkizzen iii. 22 f. 189, مَنَوَاتٌ [manawātun] NöZMG xl. 1886, 709; in Nab. מנותו EutNab. No. 2, 1. 5, etc.);—מִלֵּא לַמְנִי מִמְסָךְ (‖ לַגַּד)—v. Che Di BaeSem. Rel. 79.",Isaiah 65:11,
1100,מִנִּי,1,territorial (land/region),,"region of Armenia;— (‖ אֲרָרָט, אַשְׁכְּנַז);=Assyrian Mannai Schr.COT ad loc.; KGF 174, 212, 520.",Jeremiah 51:27,
1101,מִנִּית,1,locative (place name),,"in Ammonite territory, site unknown (4 Rom. m. from Heshbon Euseb.Onom. 253, 33; cf. BuhlGeogr. 266);— (𝔊 ἄχρις Ἀρνών [achris Arnōn], A εἰς Σεμωειθ [eis Semōeith], 𝔊L Σεμενειθ [Semeneith]); חִטֵּי מ׳ wheat of Minnîth (cf. wheat from Ammon ) so Berthol, but dub.; Co conj. הִטִּים וּנְכֹאת wheat and storax.",Judges 11:33; Ezekiel 27:17; II Chronicles 27:5,
1102,מְנַשֶּׁה,1,masculine,,"et trib. Manasseh (interpr. as Pi. causat. √II. נשׁה q.v.);—מ׳ +; מְנַשֶּׁ֑ה + (on v. ); c. art. (strangely), הַמְֿ׳ + (v. infr.); 𝔊 Μαν [Man](ν [n])ασση [assē];—",Genesis 41:51; Genesis 46:20; Genesis 41:51; Judges 18:30; Deuteronomy 7:13; Joshua 1:12,"BDB, מֹשֶׁה"
1103,מַסָּה⁵,1,locative (place name),,"where Israel tried י׳ in the wilderness, (JE); (all 𝔊 (ὁ [ho]) πειρασμός [peirasmos]), where Levi was tested (𝔊 πείρᾳ [peira]). v. Gall Kultstätten 32 interprets as place of trial (ancient judgment-place) and identif. with Ḳadesh, called also מְרִיבָה (מֵי) and עֵין מִשְׁפָּט.",Exodus 17:7; Deuteronomy 6:16; Deuteronomy 9:22; Psalms 95:8; Deuteronomy 33:8,
1104,מִסְפָּר³,1,masculine,,"a returned exile (𝔊 Μαλσαρ [Malsar], A 𝔊L Μασφσαρ [Masphsar]), = מִסְפֶּ֫רֶת (𝔊 Μασφεραν [Maspheran], א Μασφαραδ [Maspharad], A Μαασφαραθ [Maaspharath], 𝔊L Μασφαρ [Masphar]).",Ezra 2:2; Nehemiah 7:7,
1105,מֹסֵרוֹת,1,locative (place name),,id..,Numbers 33:30; Numbers 33:31,
1106,מַֽעַדְיָה,1,masculine,,"a priest of Zerubbabel’s time according to; 𝔊א Μααδιας [Maadias], 𝔊L Μαασιας [Maasias]; appar.=מוֹעַדְיָה v, 𝔊L Μασαι [Masai] (etym. dub.; Thes puts sub עדה=ornamentum Jovae, but proposes מֹע׳=מוֹע׳, √ יעד=conventus Jovae).",Nehemiah 12:5; Nehemiah 12:17,
1107,מָעוֹךְ,1,masculine,,"father of Achish of Gath (on form cf. LagBN 32);— (𝔊 Αμμαχ [Ammach], A Μωαβ [Mōab], 𝔊L Αχιμααν [Achimaan])=מַעֲכָה (𝔊 Αμησα [Amēsa], A 𝔊L Μααχα [Maacha]).",I Samuel 27:2; I Kings 2:39,
1108,מָעוֹן³,1,,,,,
1109,מְעוּנִים,1,gentilic (people group),,"Meʿunim, Meʿunites (usually connected with מָעוֹן (v. ), but dub., cf. Buhl Edom. 41 f.);—a people S. (SE?) of Canaan (cf. Buhl l.c.);—הַמּ׳ and Qr (Kt המעינים, 𝔊B τοὺς Μιναίους [tous Minaious], 𝔊L τ [t]. κιναίους [kinaious]); read also מֵהַמְּעוּנִים (for MT מֵהָעַמּוֹנִים), so 𝔊Biblical Aramaic (𝔊L Αμμανιειμ [Ammanieim]), Ew Be Ke Öt Kau Kit; בְּנֵי־מְעוּנִים (among Nethinim who went back with Zerub.) = are perhaps descendants of those named above ( ). 𝔊 οἱ Μιναῖοι [oi Minaioi], but against מ׳=Minæans (GlaserSkizze ii. 450 f. al.) v. SprengerZMG xliv (1890), 505.",II Chronicles 26:7; I Chronicles 4:41; II Chronicles 20:1; Ezra 2:50; Nehemiah 7:51; II Chronicles 26:7,"BDB, עוּן"
1110,מָעַי,1,masculine,,"a musician; 𝔊אc, a Μααι [Maai], 𝔊L Μαια [Maia].",Nehemiah 12:36,
1111,מַעֲכָה,1,masculine,,f. et gent.,,
1112,מַעֲכָה,3,masculine,,"𝔊 Μ [M](ο [o])ωχα, Μα [ōcha, Ma](α [a])χα [cha]:",,
1113,מַעֲכָה,13,feminine,,"𝔊 Μ [M](ο [o])ωχα, Μααχα [ōcha, Maacha], etc.:",,
1114,מַעֲכָה,25,gentilic (people group),,"𝔊 Μοοχα, Μωχα, Μα [Moocha, Mōcha, Ma](α [a])χα [cha]; dwelling W. of Bashan, near Ṣoba, and Geshur (cf. especially adj. gent. infr.), =, אֲרַם מ׳ v (cf. supr.);=מַעֲכָת (+ גְּשׁוּר), 𝔊 ὁ Μαχατει, Μαχαθι [ho Machatei, Machathi].—אָבֵל בֵּית מַעֲכָה v. sub, p. 112 supr., and, p. 5.",II Samuel 10:6; II Samuel 10:8; I Chronicles 19:7; I Chronicles 19:6; Genesis 22:24; Joshua 13:13,"BDB, בַּ֫יִת²; BDB, אָבֵל"
1115,מַ֫עַץ,1,masculine,,in Judah; 𝔊 Μαας [Maas].,I Chronicles 2:27,
1116,מֹף,1,locative (place name),,"Memphis (Egyptian Mr-nfr, i.e. Mĕnnūfĕr, Mĕnnū́fĕ, SteindorffBAS i. 594 f.; Assyrian Mêmpi, Mimpi, SchrCOT Is 19, 13 DlPar 314; cf. ErmanÆgypten 48, 243 EbCicerone i. 114 f.; 𝔊 (and Gk) Μεμφις [Memphis], on coins Μενφι [Menphi](ς [s]) Steind.l.c.);—מ׳ =נֹף, and וְנֹף צָרֵי יוֹמָם v (without clear meaning, prob. textual error Siegfrin Kau; 𝔊 (appar.) וְנָפֹצוּ מֵימֵיהֶם and their waters shall be dispersed (cf. ); Co ונפרצו חומותיה and its walls shall be torn down); נֹף also v (for MT נא) 𝔊 Co.",Hosea 9:6; Isaiah 19:13; Jeremiah 2:16; Jeremiah 44:1; Jeremiah 46:14; Jeremiah 46:19; Ezekiel 30:13; Ezekiel 30:16; Nahum 3:8; Ezekiel 30:15,
1117,מֻפִּים,1,masculine,,"family name in Benjamin, 𝔖 Μαμφειν [Mamphein]; but שֻׁפִּם q.v.",Genesis 46:21; I Chronicles 7:12,
1118,מָצוֹר³,1,territorial (land/region),,'=מִצְרַיִם; only poet.: יְאֹרֵי מ׳ =; וְעָדֶיךָ יָבוֹא לְמִנִּי אַשּׁוּר וְעָרֵי מ׳ וּלְמִנִּי מ׳ וְעַד נָהָר (𝔊 misunderstands everywhere).,Isaiah 19:6; II Kings 19:24; Isaiah 37:25; Micah 7:12,
1119,מָצוֹר⁴,5,territorial (land/region),,"enclosure, i.e. siege-works; late = rampart, עִיר מ׳ entrenched city (al. besieged), (‖ ע׳מִבְצָר), cf.; עָרִים לְמ׳, ישְׁבִים בְּמ׳ בִּירוּשָׁלַם; מ׳ according to most (‖ מִשְׁמֶרֶת); but We der. from נצר, i.e. watch-tower, Now conj. מִצְפֶּה (cf. foll.); > Buhl conj. מְצָד—מ׳ n.pr.terr. v. p. 596.",Deuteronomy 20:20; Zechariah 9:3; Psalms 31:22; Psalms 60:11; Psalms 108:11; II Chronicles 8:5; II Chronicles 11:5; II Chronicles 32:10; Habakkuk 2:1,"BDB, מִצְפֶּה"
1120,מִצְעָר³,1,mountain,,"near Hermon, הַר מ׳ mt. (of) Miṣʿar (perhaps orig. littleness), not identified; so De Now Du Dr GASmGeogr. 477; others mt. of littleness, little mt., so 𝔊 𝔙 Hi Che Bae We al. (interpr. then usually of Zion).",Psalms 42:7,
1121,מִצְפֶּה³,1,locative (place name),,,,
1122,מִצְרַ֫יִם,1,territorial (land/region),,"et gent.f., m., mpl. etc. (v. infr. 2), Egypt, Egyptians (Ph. מצרם; Assyrian Mŭṣŭr, Muṣru, Miṣir, DlPar 308 SchrCOT Gloss. KGF 246 ff., TelAm. Miṣrî, Wkl TA 39 BezBM 152, and Mas̆rî Wkl l.c.; Arabic مَصْر [maṣr] Cairo, Egypt (Spiro); Min. Miṣru HomA. and A. (1892), 125; v. also EbÄgM 71 ff.; 𝔊 Αἴγυπτος [Aigyptos];—deriv. and form dub.; יִם—ַusually regarded as dual term. (Upper and Lower Egypt? cf. Di ), but as loc. ending EMey Gesch. i. § 42 BaNB p. 319 R. 5; JenZA iv (1889), 268 ff. thinks מִצְרַיִם abs. formed by anal. of מַיִם, שָׁמַיִם from Miṣrî (cf. TelAm.); v. further Wkl infra, ad fin.);—מ׳ +; מִצְרָ֑יִם +; מִצְרַ֫יְמָה + 12 times, מִצְרָ֑יְמָה + 4 times;—",Exodus 10:7; Exodus 12:33; Genesis 41:55; Genesis 10:6; Genesis 13:1; Genesis 37:36; Genesis 12:10; Genesis 12:11,
1123,מַקֵּדָה,1,locative (place name),,"in Judah, near Beth Horon, and Libnah v, where was a cave v, cf. v, captured by Joshua v, with a king v. 𝔊 Μακηδα [Makēda]. Site dubious, WarrenSurvey Mem. ii. 411 ff., 427 comp. El-mughâr, c. 2¾ miles SW. from Ekron.",Joshua 15:41; Joshua 10:10; Joshua 10:29; Joshua 10:16; Joshua 10:17; Joshua 10:21; Joshua 10:28; Joshua 10:28; Joshua 12:16,
1124,מָרֵאשָׁה²,1,locative (place name),,v. p. 601.,,
1125,מֵרַב,1,feminine,,"elder daughter of Saul, promised to David, but given to Adriel v (read also for מִיכַל 𝔊L 𝔖 Th Dr Klo Kit Bu Löhr HPS). 𝔊 Μεροβ [Merob].",I Samuel 14:49; I Samuel 18:17; I Samuel 18:19; II Samuel 21:8,
1126,מָרְדֳּכַי,1,masculine,van d. H. מָרְדְּכַי,"n.pr.m. Mordecai (perhaps from n. div. Marduk (מְרֹדַךְ), Zim ZAW xi. 161 ff.; cf. further Wild (citing Jensen)Comm. Est. 173f.);—מ׳ +; מָרְדֳּכָ֑י +;—",Ezra 2:2; Esther 2:5; Esther 2:22,
1127,מָרָה³,1,feminine,,"of bitter spring in Sinaitic penins. (×2) (J), (P), + הָ loc. מָרָ֑תָה (J); prob. mod. ʿAin Hawwâratun (Cf. RobBR i. 67 PalmerDesert i. 40 EbGS 125 f.)",Exodus 15:23; Numbers 33:8; Numbers 33:9; Exodus 15:23,
1128,מֵרוֹז,1,locative (place name),,"Meroz, in northern Palestine (expl. as = מֶאֱ וֹז, مَأْرَز [maʾraz] retreat by Thes MV al.)",Judges 5:23,
1129,מֵרוֹם,1,locative (place name),,"only in מֵי מֵרוֹם, waters of Merom, in N. Canaan;=Lake Ḥule, according to Rel and many, but dub., cf. Di BädPal. 3. 259 GASmGeogr. 481 BuhlGeogr. 113.",Joshua 11:5; Joshua 11:7,
1130,מָרוֹת,1,locative (place name),,in (Shephelah of) Judah; form attested by 𝔊 ὀδύνας [odynas] (√ מרר).,Micah 1:12,
1131,מְרִיב בַּ֫עַל,1,masculine,"Baal is (our, my, his) advocate (?), cf. NesEg. 120 Dr (×2); but GrayProp. N. 201 thinks מרי בעל orig. form = hero of Baal",—,II Samuel 4,
1132,מְרִיבָה³,1,locative (place name),place of strife,—,,
1133,מְרָיָה,1,masculine,,"a priest in days of h.p. Joiakim; 𝔊 Μαρεα, Μαρ [Marea, Mar](α [a])ια [ia], 𝔊L Αμαριας [Amarias].",Nehemiah 12:12,
1134,מְרָיוֹת,1,masculine,on form cf. LagBN 51,—,,
1135,מִרְיָם,1,feminine,,et m.,,
1136,מִרְמָה²,1,masculine,,"a Benjamite; 𝔊 Ιμαμα [Imama], A 𝔊L Μαρμ [Marm](ι [i])α [a].",I Chronicles 8:10,
1137,מְרֵמוֹת,1,masculine,,,,
1138,מֶ֫רֶס,1,masculine,,a Persian noble.,Esther 1:14,
1139,מַרְסְנָא,1,masculine,,a Persian noble.,Esther 1:14,
1140,מְרָרִי,1,masculine,,"a son of Levi, and head of a chief Levit. family: 𝔊 Μεραρ [Merar](ε [e])ι, Μαραρει [i, Mararei];—, (×2), (all P).",Genesis 46:11; Exodus 6:16; Exodus 6:19; Numbers 3:17; Numbers 3:20; Numbers 3:33; Numbers 3:35; Numbers 3:36; Numbers 4:29; Numbers 4:33; Numbers 4:42; Numbers 4:45; Numbers 7:8; Numbers 10:17; Numbers 26:57; Joshua 21:7; Joshua 21:34; Joshua 21:38; I Chronicles 5:27; I Chronicles 6:1; I Chronicles 6:4; I Chronicles 6:14; I Chronicles 6:29; I Chronicles 6:32; I Chronicles 6:48; I Chronicles 6:62; I Chronicles 9:14; I Chronicles 15:6; I Chronicles 15:17; I Chronicles 23:6; I Chronicles 23:21; I Chronicles 24:26; I Chronicles 24:27; I Chronicles 26:10; I Chronicles 26:19; II Chronicles 29:12; II Chronicles 34:12; Ezra 8:19,
1141,מָרֵשָׁה,1,locative (place name),,"and ( ) מָרֵאשָׁה n.pr.loc. (etym. dub.) in (the Shephelah of) Judah, (where named with אַכְזִיב etc.), (id.), cf.; so appar. (as n.pr.m. in geneal. scheme).—Cf. (Μαρισα [Marisa]), (read Μαρισα [Marisa] for Σαμαρια [Samaria], cf. Var. Apocr.).—JosephAnt xii, 8, 6 (Μαρισσα [Marissa]). 𝔊 A Μαρησα [Marēsa]; 𝔊L Βαρσηα [Barsēa]; 𝔊 Μαρ [Mar](ε [e])ισα [isa] 𝔊L Μαρησα [Marēsa], etc. Prob. = mod. Merāsh 1 m. S. of Beit Jibrin (Eleutheropolis), cf. RobBR ii. 31 Be GASmGeogr. 233 (who identif. with (גַּת) מוֹרֶשֶׁת q.v. sub p. 440 supr., but v. LagOnom. 139, 141, 279, 282) BuhlGeogr. 192.",Joshua 15:44; Micah 1:15; Joshua 15:44; II Chronicles 11:8; II Chronicles 14:8; II Chronicles 14:9; II Chronicles 20:37; I Chronicles 2:42; I Chronicles 4:21; Joshua 15:44; I Chronicles 2:42; I Chronicles 2:42; Micah 1:14,"The Book of Maccabees II 12:35; The Book of Maccabees I (Kahana Translation) 5:66; BDB, יָרַשׁ"
1142,מְרָתַ֫יִם,1,feminine,,"used as n.pr.f. = Babylon, עַל־הָאָרֶץ מ׳ עֲלֵה עָלֶיהָ; perhaps = Double rebellian (du.) √ מרה q.v.; De Par 182 thinks = Bab. Marrâtim, i.e., land by the nar Marrâtu, the bitter river (Pers. Gulf) = Southern Babylonia.",Jeremiah 50:21,
1143,מַשָּׂא,1,gentilic (people group),,et terr.,,
1144,מִשְׁאָל,1,locative (place name),,"in Asher (Egyptian Mi-šaʾ ara WMMAs. u. Eur. 181);— (𝔊 Μαασα [Maasa], A Μασαψ [Masaps], 𝔊L Μασαλ [Masal]) (𝔊 Βασελλαν [Basellan], A Μασααλ [Masaal], 𝔊L Μισαλα [Misala]); = (i.) מָשָׁל (𝔊 Μαασα [Maasa], A Μασαλ [Masal], 𝔊L Μασιλ [Masil]).",Joshua 19:26; Joshua 21:30; I Chronicles 6:59,
1145,מִשְׂגָּב³,1,locative (place name),,"perhaps n.pr.loc. in Moab;—הַמּ׳ (v. SchwallyZAW viii (1888), 196 Albrl.c.), Αμαθ [Amath]; Gf thinks appell. of Ḳir Moab (v. ii. ); most sub i. 1.",Jeremiah 48:1,"BDB, קִיר²; BDB, מִשְׂגָּב²"
1146,מֹשֶׁה,1,masculine,,"Moses, the great Hebrew leader, prophet and lawgiver (prob. = Egyptian mes, mesu, child, son, EbGS 539, cf. Di, where see also older (abandoned) etymol.);—מ׳ + מֹשֶׁ֑ה v +; name occurs 706 times in Hex (Ex. 290 times, Lv. 86 times, Nu. 233 times, Dt. 38 times, Jos. 59 times), Ju. 4 times + where read מֹשֶׁה for מְנַשֶּׁה (cf. GFM). Kings 10 times; + 7 times; Chr. 3 times;—Moses was son of Amram and Jochebed (both P); of tribe of Levi (E; cf. also foregoing); (younger) brother of Aaron (J), (P), etc., and brother of Miriam (P), (cf. E); called prophet; agent by whom י׳ gave law, (E) +; especially P (כַּאֲשֶׁר צִוָּה י׳ אֶת־מ׳, etc.), + often; lawgiver, (D) +; priest, מ׳ וְאַהֲרֹן בְּכֹהֲנָיו. Phrases are—(עַבְדּוֹ, עַבְדִּי, etc.) מ׳ עֶבֶד י׳ (J), (E), (JE), (D) + 15 times Jos. (D); מ׳ עֶבֶד אלהים; מ׳ אִישׁ הָאֱלֹהִים; תּוֹרַת מ׳ (D); סֵפֶר מ׳; סֵפֶר תּוֹרַת מ׳ (D), (D).",Exodus 2:10; Exodus 2:10; Exodus 2:15; Judges 18:30; I Samuel 12:6; I Samuel 12:8; Micah 6:4; Jeremiah 15:1; Isaiah 63:11; Isaiah 63:12; Malachi 3:22; Psalms 77:21; Daniel 9:11; Daniel 9:13; Exodus 6:20; Numbers 26:59; I Chronicles 5:29; I Chronicles 23:13; Exodus 2:1; Exodus 4:14; Exodus 7:1; Exodus 7:2; Exodus 7:7; Numbers 26:59; I Chronicles 5:29; Exodus 15:20; Deuteronomy 18:15; Deuteronomy 18:18; Deuteronomy 34:10; Exodus 20:16; Exodus 20:17; Exodus 20:18; Exodus 20:19; Exodus 39:1; Exodus 39:5; Exodus 39:7; Exodus 39:21; Exodus 39:26; Exodus 39:29; Exodus 39:31; Exodus 40:19; Exodus 40:21; Exodus 40:25; Exodus 40:27; Exodus 40:29; Exodus 40:32; Leviticus 7:38; Leviticus 8:9; Leviticus 8:13; Leviticus 8:17; Leviticus 8:27; Leviticus 8:29; Deuteronomy 33:4; Joshua 1:7; Joshua 1:13; Psalms 99:6; Exodus 14:31; Numbers 12:7; Deuteronomy 34:5; Joshua 1:1; I Kings 8:53; I Kings 8:56; II Kings 18:12; II Kings 21:8; Malachi 3:22; II Chronicles 1:3; II Chronicles 24:6; Nehemiah 1:8; Nehemiah 9:14; Psalms 105:26; I Chronicles 6:34; I Chronicles 24:9; Nehemiah 10:30; Daniel 9:11; Ezra 3:2; Psalms 90:1; Joshua 8:32; I Kings 2:3; II Kings 23:25; Malachi 3:22; II Chronicles 23:18; II Chronicles 30:16; Ezra 3:2; Ezra 7:6; Daniel 9:11; Daniel 9:13; II Chronicles 25:4; II Chronicles 35:12; Nehemiah 13:1; Joshua 8:31; Joshua 23:6; II Kings 14:6; Nehemiah 8:1,
1147,מְשֵׁיזַבְאֵל,1,masculine,,"Jewish name in Persian period (God delivers; from Aramaic שֵׁיזֵיב, ܫܰܘܙܶܒ [שוזב] deliver, Assyrian šûzubu, Shaph. from ezêbu, deliver, DlHWB 35; cf. the Bab. names Mušêzib-Marduk, ‘Marduk delivers’, Mušêzib-ilu, KBii. 281, iv. 129):—grandfather of one of the wall-builders; one of those sealed; father of royal officer (a Judaean); the relation of these to each other is unknown; 𝔊 Μασεζεβηα, Μεσωζεβηλ [Masezebēa, Mesōzebēl], 𝔊L Μασσιζαβελ [Massizabel], etc.",Nehemiah 3:4; Nehemiah 10:22; Nehemiah 11:24,
1148,מֶ֫שֶׁךְ²,1,gentilic (people group),,"the Moschi (Gk Μοσχοι [Moschoi], v. infr.; Assyrian Mušku, Muški, DlPar 250 SchrCOT Gn 10, 2; KGF 155 ff.; cf. Sab. משך Hal243);—‘son’ of Japheth (P), between תֻּבָל and תִּירָס, =; also, מֶ֑שֶׁךְ, prob. error, v (v. ); מֶ֑שֶׁךְ (‖ קֵדָר; here without תֻּבָל); תּוּבַל וּמ׳ cf.; (both + תֻּבָל); so also 𝔊 (Lo StaJavan 8 Du CheHpt. v. supr. מָשַׁךְ 2); גּוֹג נְשִׂיא רֹאשׁ מ׳ וְתֻבָ֑ל. 𝔊 Μοσοχ [Mosoch] (Μεσοχ [Mesoch]), Sam. מושׁ(י)ך.—On identif. cf. Boch.; in Assyrian times they dwelt in W. (or NW.) Armenia (cf. Schrl.c.); in Pers. times appar. farther NE. (SE. of Euxine Sea), cf. Μοσξοι καὶ Τιβαρηνοι [Mosxoi kai Tibarēnoi] Herod.iii. 94; vii. 78; also Di and CheEncycl. Bib. Art. Geogr. (Biblical).",Genesis 10:2; I Chronicles 1:5; I Chronicles 1:17; Psalms 120:5; Ezekiel 27:13; Ezekiel 32:26; Ezekiel 38:2; Isaiah 66:19; Ezekiel 38:3; Ezekiel 39:1; Genesis 10:2,"BDB, מַשׁ"
1149,מָשָׁל,1,locative (place name),,v..,,"BDB, מִשְׁאָל"
1150,מְשֻׁלָּם²,1,masculine,,"Μεσουλαμ, Μοσολλαμ [Mesoulam, Mosollam], etc.:",,
1151,מְשִׁלֵּמוֹת,1,masculine,,"Μοσολαμωθ [Mosolamōth], etc.:",,
1152,מְשֻׁלֶּ֫מֶת,1,feminine,,"mother of king Amon, Μεσολλαμ [Mesollam], A Μασσαλαμειθ [Massalameith].",II Kings 21:9,
1153,מִשְׂרְפוֹת מַיִם,1,locative (place name),,"named with Ṣidon; (appar. near coast); cp. (dub. BuhlGeogr. 229) Mùêrfe, 14 m. S. of Tyre, v. Di and reff., GuérinGal ii. 166 f.—Μασερων, Μασρεφωθμαειμ [Maserōn, Masrephōthmaeim], etc.",Joshua 11:8; Joshua 13:6,
1154,מְתוּשָׁאֵל,1,masculine,,"descendant of Cain (Bab. form., mutu-ša-ili ‘man of God,’ LenOrig. ed. 2, i. 262f. Eng. Tr. 268);— (×2) (J), 𝔊 Μαθουσαλα [Mathousala] (i.e. מְתוּשֶׁלַח? so Di; otherwise BuUrgesch. 125 f.)",Genesis 4:18,
1155,מְתוּשֶׁ֫לַח,1,masculine,,"descendant of Seth (? man of the dart: more prob. Bab.; see conj. in HomPSBA 1893, 243 ff.);—מ׳, (P), מְתוּשָׁ֑לַח (P). 𝔊 Μαθουσαλα [Mathousala].",Genesis 5:22; Genesis 5:25; Genesis 5:26; Genesis 5:27; I Chronicles 1:3; Genesis 5:21,
1156,מַתָּן³,1,masculine,,,,
1157,מַתָּנָה²,1,locative (place name),,"a station of Isr. E. of Jordan, (JE), 𝔊 Μανθαναειν [Manthanaein].",Numbers 21:18; Numbers 21:19,
1158,מַתְּנַי²,1,masculine,abbrev. from foregoing,"—𝔊 Μαθ [Math](θ [th])ανια, Μαθθαναι [ania, Maththanai];—",,
1159,מַתַּנְיָ֫הוּ,1,masculine,"cf. GrayProp. N. 294, No. 82","—𝔊 Μαθθας, Μανθανιας, Ματθανιας [Maththas, Manthanias, Matthanias], etc.;—",,
1160,מִתְרְדָת,1,masculine,,name of two Persians;,,
1161,מַתִּתְיָ֫הוּ,1,masculine,"cf. GrayProp. N. 294, No. 81","—𝔊 Ματταθιας [Mattathias], etc.;—",,
1162,נֹא,1,locative (place name),,"No = Thebes (Egyptian nt, city, i.e. prob. nē(t), v. SteindBAS i. 596 f.; Assyrian Ni-ʾu, Ni-iʾ DlPar 318 Steind l.c. SchrCOT gloss.; Tel Am. Nî (Ni-i) WklTel Am. 39 BezTel Am. in BM 153);—הִנְנִי פוֹקֵד אֶל־אָמוֹן מִנֹּא Amon from (of, 𝔊 ἐν [en] = בְּ) No; נֹא אָמוֹן No of Amon (= city of god Ammon, = 𝔊 Διόσπολις [Diospolis], Steind l.c.; v. also Jerem. and BillerbeckBAS iii. 104 f.); (‖ פַּתְרוֹס, צֹ֫עַן), וְהִכְרַתִּי אֶת־הֲמוֹן נֹא v (‖ סִין; but 𝔊 Co Berthol נֹף q.v. for נֹא) v (‖ סִין, Co סון). It lay on the right bank of the Nile, c. 400 miles (by the river) S. of Memphis.",Jeremiah 46:25; Nahum 3:8; Ezekiel 30:14; Ezekiel 30:16; Ezekiel 30:14; Ezekiel 30:15; Ezekiel 30:16,
1163,נֹב,1,locative (place name),,,,
1164,נְבוֹ,1,locative (place name),"prob. connex., at least for 2, with (Bab.) god Nebo, Nabû, cf. ii. and BaeRel. 15, 89, 259; yet not certain, NöZMG xiii. 1888, 470 comp. Arabic النَبَاوَةُ [ālnabāwahu] the height, etc.",𝔊 Ναβαυ [Nabau];—,,"BDB, נְבוֹ²"
1165,נְבוֹ²,1,divine name,,"Nebo (loan-wd. in Heb., cf. Ph. n.pr.m. נבו; = Assyrian Nabû, SchrCOT Gloss. and JastrowRel. Bab. 124 ff. JenKosmol.pass. TieleAssyrian u. Bab. Gesch. 532 f. SayRel.Bab. 112 ff. (cf. Palm. n.pr. נבוזבד, ברנבו VogPalm. No. 73), and this perhaps √ nabû, call, name, v. );—Babylonian god כָּרַע בֵּל קֹרֵס נְבוֹ.",Isaiah 46:1; Isaiah 46:1,"BDB, נבא"
1166,נְבוּזַרְאֲדָן,1,masculine,"'= Nabû-zêr-iddin, Nebo hath given seed, SchrCOT 2 K 25, 8","—general of Nebuchadrezzar, always entitled רַב־טַבָּחִים, =.",II Kings 25:8; II Kings 25:11; II Kings 25:20; Jeremiah 52:12; Jeremiah 52:15; Jeremiah 52:26; Jeremiah 39:9; Jeremiah 39:10; Jeremiah 39:11; Jeremiah 39:13; Jeremiah 40:1; Jeremiah 41:10; Jeremiah 43:6; Jeremiah 52:16; Jeremiah 52:30,
1167,נְבוּכַדְרֶאצַּר,1,masculine,,"and (incorrectly) נְבוּכַדְנֶאצַּר (v. also infr.) n.pr.m. Nebuchadrezzar, Nebuchadnezzar (Bab. Nabû-kudurri-uṣur = (prob.) Nebo, protect the boundary! DlCalwer BL BudgeNebuchadn. (on kudurru, boundary, v DlHWB 319); poss. is also crown, and so SchrCOT 2 K 24, 1; JägerBAS i. 471 proposes (thy) servant);—𝔊 Ναβον [Nabon]-χοδονοσ [chodonos](σ [s])ορ [or]; Can. Ptol Ναβοκολασσαρον [Nabokolassaron] SchrCOT 490, Abydenos etc. Ναβουκοδρόσορος [Naboukodrosoros], v. Schrib. 2 K 24, 1;—the great king of Babylon (reigned b. c. 605–562), who captured Jerus. and carried Judah captive: most often נְבוּכַדְרֶאצַּר מֶלֶךְ בָּבֶל (נ׳ often om. in 𝔊, (but om. 𝔊 Gie); (v. Baer’s note; van d. H נבוכדנ׳), (v. on ), v; so Qr (Kt נבוכדראצור מ׳ ב׳); נְבוּכַדְרֶאצַּר֑ (מֶלֶךְ בָּבֶל om.). Spelt corruptly with n, נְבוּכַדְנֶאצַּר מ׳ ב׳ (cf. SchrCOT, n.); Qr (Kt נבוכדנצור מ׳ ב׳, cf. supr.); נְבוּכַדְנֶאצַּר alone, (הַמֶּלֶךְ נ׳); נְבֻכַדְנֶאצַּר מ׳ ב׳; נְבֻכַדְנֶאצַּר֑; נְבוּכַדְנֶצַּר מ׳ ב׳; נְבוּכַדְנֶצַּר (מ׳ ב׳ om.), נְבֻכַדְנֶצַּר (×2), נְבֻכַדְנֶצַּר֑ (v. also Tobit 14:5, + often, as 𝔊 supr.)—On N. v. further TieleBab.-Assyrian Gesch, 421 ff., 454 ff.",Jeremiah 21:2; Jeremiah 21:7; Jeremiah 22:25; Jeremiah 25:1; Jeremiah 25:9; Jeremiah 29:21; Jeremiah 32:28; Jeremiah 34:1; Jeremiah 35:11; Jeremiah 37:1; Jeremiah 39:1; Jeremiah 21:5; Jeremiah 34:1; Jeremiah 21:11; Jeremiah 43:10; Jeremiah 44:30; Jeremiah 46:2; Jeremiah 46:13; Jeremiah 46:26; Jeremiah 49:30; Jeremiah 50:17; Jeremiah 51:34; Jeremiah 52:4; Jeremiah 52:12; Ezekiel 26:7; Ezekiel 29:18; Ezekiel 29:19; Ezekiel 30:10; Jeremiah 49:28; Jeremiah 32:1; Jeremiah 52:28; Jeremiah 52:29; Jeremiah 52:30; II Kings 24; II Kings 1; II Chronicles 36:6; Daniel 1:1; Jeremiah 27:6; Jeremiah 27:8; Jeremiah 27:20; Jeremiah 28:3; Jeremiah 29:3; Ezra 2:1; Jeremiah 49:28; II Chronicles 36:7; II Chronicles 36:10; II Chronicles 36:13; Jeremiah 29:1; II Kings 24:1; II Kings 24:10; II Kings 24:11; II Kings 25:1; II Kings 25:8; II Kings 25:22; Jeremiah 28:11; Jeremiah 28:14; I Chronicles 5:41; Nehemiah 7:6; Esther 2:6; Ezra 1:7; Daniel 2:1; Daniel 1:18; Judges 1:1,
1168,נָבוֹת,1,masculine,,"a Jezreelite;—, + 16 times. 𝔊 Ναβουθαι [Nabouthai].",I Kings 21:1; I Kings 21:2; I Kings 21:3; I Kings 21; II Kings 9:21; II Kings 9:25; II Kings 9:26,
1169,נֹ֫בַח,1,masculine,,et loc.,,
1170,נִבְחַז,1,divine name,,"god men of Avva; name otherwise unknown, cf. SchCOT ad loc.; 𝔊B τὴν Ἐβλαζερ [tēn Eblazer], 𝔊L Ἐβλαιεζερ [Eblaiezer], A Ἀβααζερ καὶ τὴν Ναιβας [Abaazer kai tēn Naibas]; Thes comp. Mand. denom. ܢܒܰܙ [נבז] = נבאז (Cod. Nasar. Norberg.) Codd. give variant נבחן cf. Baerad loc. FrensdorffMas. Magna. i. 306.",II Kings 17:31,
1171,נְבָט,1,masculine,,"father of Jerob. I (cf. Sab. נבט, נבטאל, v. supr.);—only in phrase יָֽרָבְעָם בֶּן־נְבָט. 𝔊 Ναβαθ, Ναβατ [Nabath, Nabat].",I Kings 11:26; I Kings 12:2; I Kings 12:15; I Kings 15:1; I Kings 16:3; I Kings 16:26; I Kings 16:31; I Kings 21:22; I Kings 22:53; II Kings 3:3; II Kings 9:9; II Kings 10:29; II Kings 13:2; II Kings 13:11; II Kings 14:24; II Kings 15:9; II Kings 15:18; II Kings 15:24; II Kings 15:28; II Kings 17:21; II Kings 23:15; II Chronicles 9:29; II Chronicles 10:2; II Chronicles 10:15; II Chronicles 13:6,"BDB, נָבַט"
1172,נְבָיוֹת,1,gentilic (people group),"Nab. נבטו = Nabataean and Nabataeans, EutNab 1, 4 and often, cf. of Jewish trad. NöZMG xxv. 1871, 124, נבט 𝔗 (on form of name, and on ט = ת cf. LagBN 51 f.); in Assyrian Nabaitai, etc., SchrCOT;KGF 99 ff. DlPar 296 f.","—as (eldest) son of Ishmael (brother of Kedar); (all P); people (‖ Kedar), cf. Nabataei + Cedrei PlinNH v. 11, 65; 𝔊 Ναβαιωθ [Nabaiōth]; Gk. Ναβαταῖοι [Nabataioi].—See further NöZMG xxv. 1871, 122f. EutNab p. 78 GASmGeogr. 547–629 pass.",Isaiah 60:7; Genesis 25:13; Genesis 25:13; Genesis 28:9; Genesis 36:3; I Chronicles 1:29; Isaiah 60:7,"BDB, נְבָט"
1173,נָבָל²,1,masculine,on popular etymol. see infr.,"—a churlish man of Carmel, whose widow David married, (×2) (כִּשְׁמוֹ כֶּן־ה֔וּא נָבָל שְׁמוֹ וּנְבָלָה עִמּוֹ), v + 10 times 1 S +. 𝔊 Ναβαλ [Nabal].",I Samuel 25:25; I Samuel 25:3; I Samuel 25:4; I Samuel 25:5; I Samuel 25:9; I Samuel 25:10; I Samuel 25:14; I Samuel 25:19; I Samuel 25:25; I Samuel 25:26; II Samuel 2:2; II Samuel 3:3,
1174,נְבַלָּ֑ט,1,locative (place name),,"place where Benjamites dwelt. 𝔊L Ναβαλατ [Nabalat]. Mod. Beit Nebâlâ, 6 m. NE. from Lydda, according to Guérin Sam. ii. 67 f.; Mishn. בית נבלטא BuhlGes 12; Geogr. 197.",Nehemiah 11:34,
1175,נֹ֫גַהּ²,1,masculine,,"a son of David according to. 𝔊 Ναγαι, Ναγεθ [Nagai, Nageth], etc.",I Chronicles 3:7; I Chronicles 14:6,
1176,נָדָב,1,masculine,"generous, noble",—,,
1177,נַהֲלֹל²,1,locative (place name),,"in Zebulun, 𝔊 Δωμανα [Dōmana], A Εναμμαν [Enamman], 𝔊L Αμμαν [Amman]; = נַהֲלָל, 𝔊 Ναβααλ, Νααλωλ [Nabaal, Naalōl], 𝔊L Αναλωθ, Αλωμ [Analōth, Alōm];—site unknown, cf. GFM.",Judges 1:30; Joshua 19:15; Joshua 21:35; Judges 1:30,
1178,נוֹבָ֑י,1,masculine,,"a chief of people Qr נִיבָ֑י (Baer; נֵיבָ֑י van d. H., Ginsb; 𝔊 Νωβαι [Nōbai] (cf. Palm. נבי n.pr.f. Cook124 Lzb321).",Nehemiah 10:20,
1179,נוֹד²,1,territorial (land/region),,"appar. n.pr.terr. ארץ־נ׳ of region into which Cain wandered (cf. v, ); 𝔊 (strangely) Ναιδ [Naid]; 𝔙 appellat., profugus in terra, cf. Symm Theod, v. NeMargin 9.",Genesis 4:16; Genesis 4:12; Genesis 4:14,
1180,נוֹחָה,1,masculine,,"4th son of Benjamin according to. 𝔊 Ιωα [Iōa], A Νωα [Nōa], 𝔊L Νουαα [Nouaa].",I Chronicles 8:2,
1181,נוּן²,1,masculine,,"and ( ) נוֹן n.pr.m. father of Joshua; elsewhere always בִּן־נוּן(יְהוֹשֻׁעַ), + 22 times Nu Dt Jos (JEDP); also; 𝔊 Ναυη [Nauē] (for Ναυν [Naun] by error, cf. Thes).",I Chronicles 7:27; I Chronicles 7:27; Exodus 33:11; Numbers 11:28; Numbers 13:8; Numbers 13:16; Judges 2:8; I Kings 16:34; Nehemiah 8:17,
1182,נֹחַ,1,masculine,,"Noah (Nab. n.pr. נוח Lzb 322, Syriac n.pr. ܢܘܚ [נוח] MeissnVOJ viii, (1894), 303 ad fin. (No. 116));— (where trad. etym.), + 40 times (not in ED); נֹחַ דָּנִאֵל וְאִיּוֹב; מֵי נֹחַ = flood (×2); 𝔊 Νωε [Nōe].—On hist. of interpret. of name v. GoldziherZMG xxiv. (1870), 207 ff.",Genesis 5:29; Genesis 5-10; I Chronicles 1:4; Ezekiel 14:14; Ezekiel 14:20; Isaiah 54:9,
1183,נֹחַ²,1,,,v. נוח,,
1184,נַחְבִּי,1,masculine,,"a Naphtalite, one of the Hebrew spies (P).",Numbers 13:4,
1185,נְחוּם,1,masculine,comfort,a returned exile 𝔊 Ναουμ [Naoum] = רְחוּם.,Nehemiah 7:7; Ezra 2:2,
1186,נַחוּם,1,masculine,comfort,"the prophet Nahum, 𝔊 Ναουμ [Naoum]. נַחוּם comforting, full of comfort (sc. is י׳? cf. ARSKDB nahum DrNa 1, 1, Century Bible).",Nahum 1:1,
1187,נָחוֹר,1,masculine,connexion with √ obscure,—,,
1188,נַחֲלִיאֵל,1,locative (place name),'= valley—or palm—of Ēl,"—station of Isr. E. of Dead Sea (×2) (JE), poss. (if = valley) one of main tributaries of Arnon, e.g. W. Wâle (v. BlissPEF 1895, 204, 215).",Numbers 21:19,
1189,נַ֫חַם,1,masculine,comfort,"a chieftain of Judah; 𝔊 Ναχεθ [Nacheth], A Ναχεμ [Nachem], 𝔊L Ναουμ [Naoum].",I Chronicles 4:19,
1190,נְחֶמְיָה,1,masculine,"Yah comforts, 𝔊 Νεεμιας [Neemias] (-ου [ou]). etc.;—n.pr. נחמיה(ו) on Isr. scarab in BM, Cl GannJAs 1883, Fév.-Mars. 156 No. 42",—,,
1191,נַחֲמָנִי,1,masculine,compassionate,a returned exile; 𝔊 Νεεμιου [Neemiou] (gen.).,Nehemiah 7:7,
1192,נַחֲרַי,1,masculine,,"one of David’s heroes; 𝔊 Γελωρε [Gelōre], 𝔊L Αραια [Araia]; = †נַחְרַי; 𝔊 Ναχωρ [Nachōr], A Νααραι [Naarai], 𝔊L Νοαραι [Noarai].",II Samuel 23:37; I Chronicles 11:39,
1193,נָחָשׁ²,1,masculine,,,,
1194,נַחְשׁוֹן,1,masculine,,"son of aminadab, of Judah, brother-in-law of Aaron; (all P), (×2). 𝔊 Ναασσων [Naassōn] (DHMZMG xxxvii (1883), 15 cp. Sab. tribal name נחסן).",Exodus 6:23; Numbers 1:7; Numbers 2:3; Numbers 7:13; Numbers 7:17; Numbers 7:10; Numbers 7:14; Ruth 4:20; I Chronicles 2:10; I Chronicles 2:11,
1195,נְחֻשְׁתָּא,1,feminine,,"mother of king Jehoiakin; 𝔊 Νεσθα [Nestha], A Ναισθα [Naistha], 𝔊L Νεεσθαν [Neesthan].",II Kings 24:8,
1196,נְחֻשְׁתָּן,1,,,"given to bronze serpent prob. = bronze-god (so Thes, v. also BaudRel. i. 288; cf. v (×2));—chief arg. ag. this are vocalization of 𝔊 Νεσθαλει [Nesthalei], A 𝔊L Νε [Ne](ε [e])σθαν [sthan], and comparat. unimportance of material of wh. image was made; others think of נָחָשׁ serpent (Nö ZMG xiii (1888), 482 תן + נחשׁ, Kload loc. יתן + נחשׁ); LagBN 188, 205 thinks loan-wd.",II Kings 18:4; II Kings 18:4; Numbers 21:9,"BDB, נְחֹ֫שֶׁת"
1197,נַ֫חַת³,1,masculine,,,,
1198,נְטָעִים,1,locative (place name),,"𝔊 Αζαειμ [Azaeim], A Αταειμ [Ataeim], 𝔊L Εταειμ [Etaeim].",I Chronicles 4:23,
1199,נְטֹפָה,1,locative (place name),,"in Judah (dropping, dripping, cf. LewySem. Fremdwörter 40);— =; 𝔊 Νετωφα [Netōpha], 𝔊L Νετωφατι [Netōphati] (as adj. gent. ).",Ezra 2:22; Nehemiah 7:25; Nehemiah 12:28,
1200,נִינְוֵה,1,locative (place name),,"Nineveh, capital of Assyria (Assyrian Ninâ, Ninua, Ninû, cf. Schr COT Gloss. DlPar260);—, (J), =, called הָעִיר הַגְּדוֹלָה v; (cf. ); 𝔊 Νινευη [Nineuē], 𝔊L Νινευι [Nineui]. Site on E. bank of Tigris marked by mounds Neby Yunus and Kuyundjik, opposite Mosul. Cf. Layard Nineveh and its Remains, 1848; Monuments of N. 1849 f. Billerbeck u. Jeremias BAS iii. 1 (1895), 107 ff.",Genesis 10:11; Genesis 10:12; II Kings 19:36; Isaiah 37:37; Nahum 1:1; Nahum 2:9; Nahum 3:7; Zephaniah 2:13; Jonah 1:2; Jonah 3:3; Jonah 3:4; Jonah 3:5; Jonah 3:6; Jonah 3:7; Jonah 3:3; Jonah 4:11; Jonah 3:4,
1201,נִיסָן,1,,,"of 1st month (loan-wd. from Bab. Nisannu, cf. Schr COT Muss-ArnoltJBL xi. 1 (1892), 76; NH = BH; so Nab. Palm. v. Lzb323);—only post-exile: חֹדֶשׁ נ׳ (+ הַחֹדֶשׁ הָרִאשׁוֹן), = pre-exile הָאָבִיב (חֹדֶשׁ).—On sacredness of Nisan cf. also RSSem. i. 387; 2d ed. 406 f.",Nehemiah 1:1; Nehemiah 2:1; Esther 3:7,
1202,נְכוֹ,1,masculine,,"Necho (II), king of Egypt (Egyptian Nkw, i.e. (SteindorffBAS i. 346 f.) Nekawō; Assyrian Nikû Id.ib. SchrCOT 2 K 23:29 is grandfather of Bibl. Necho);—contemp. of Josiah and Nebuchad. [b.c. 611–605]: נְכוֹ (𝔊 Φαραω Νεχαω [Pharaō Nechaō]), נְכֹה; (𝔊 Φαραω Νεχαω [Pharaō Nechaō]); פַּרְעֹת נְכוֹ, פַּרְעֹה נְכֹה, (all 𝔊 id.).",II Chronicles 35:20; II Chronicles 35:22; II Chronicles 36:4; Jeremiah 46:2; II Kings 23:29; II Kings 23:33; II Kings 23:34; II Kings 23:35,
1203,נָכוֹן,1,masculine,,"only in גֹּרֶן נ׳; 𝔊 Νωδαβ [Nōdab], A Ναχων [Nachōn], 𝔊L Ορνα τοῦ Ἰεβουσαίου [Orna tou Iebousaiou];=כִּידֹן.",II Samuel 6:6; I Chronicles 13:9,
1204,נָכוֹן³,1,masculine,,"v. sub, and v..",,"BDB, כּוּן²; BDB, כִּידֹן"
1205,נְמוּאֵל,1,masculine,cf. GrayProp. N. 307,—,,
1206,נִמְרֹד,1,masculine,,"Nimrod (etym. and meaning wholly unknown; Thes (dub.) sub מָרַד rebel (of which Hebr. may have thought [cf. LagBN 105]); in fact prob. Bab. name; 1. = a god e.g. Marduk, WeComp. Hex. (2), 308 f.; Nimrod, Encycl. Brit. (9), xvii. 511, RSSem. i. 91 n.; 2d ed. 92; HomPSBA xv (1893), 291–300 proposes Narûdu = Namra-uddu, a star-god. 2. Nu-marad = ‘Man of Marad’ cf. DlPa 220 De [1887]; more plausibly = Nazi-maraddash, HptAndover Rev. July, 1884, 93 f. DlK (1884) SayAthen. Feb. 16, 1895, Acad. Mar. 2, 1895 (cf. Cheib. Mar. 9),—i.e. a Kashite kg., b. c. 1378, but dub., cf. HptBAS i (1889), 183, JeremiasIzdubar-Nimrod, 1891, 1 ff.;—son of כּוּשׁ (q.v.), hero and hunter, (J; kg. in Babylonia, builder of Nineveh, etc. v ), נִמְרוֹד; אֶרֶץ נִמְרֹד (‖ אֶרֶץ אַשּׁוּר); 𝔊 Νεβρωδ [Nebrōd].)",Genesis 10:8; Genesis 10:8; Genesis 10:9; Genesis 10:10; I Chronicles 1:10; Micah 5:5,
1207,נִמְרִים,1,locative (place name),,"in Moab (cf. Sab. נמרן attrib. of Barḳm., DHMZMG xxix (1875), 592, v. also CISiv. No. 103, p. 169; مَآءٌ نَمِيرٌ [maʾāʾun namīrun] wholesome water Lane2853, also Wel.c.);—only מֵי נִמְרִים; prob. = Βηνναμαρειμ [Bēnnamareim] LagOnom. 284, 33, in Wady Numêre at SE. end of Dead Sea, BuhlGeogr. 272.",Isaiah 15:6; Jeremiah 48:34,
1208,נִמְשִׁי,1,masculine,,"grandfather of Jehu; יֵהוּא בֶן־נ׳; 𝔊 Ναμεσθει, Ναμεσ [Namesthei, Names](σ [s])ει [ei].",II Kings 9:2; II Kings 9:14; I Kings 19:16; II Kings 9:20; II Chronicles 22:7,
1209,נִסְרֹךְ,1,divine name,,"Assyrian god, worshipped by Sennach., =; 𝔊 Εσδραχ [Esdrach], A Εσθραχ [Esthrach], 𝔊L Ασραχ [Asrach] (K); 𝔊 Νασαραχ [Nasarach], א Ασαρακ [Asarak], A Ασαραχ [Asarach] (Is); JosAnt. x. 1, 5 Αρασκη [Araskē]; no such god in cuneif. inscr.; see views in MeinhJesaiaerzählungen (1898) ad loc.; crpt. form of Nusku (= נסוך) according to HalJAs. xiii (1879), 387 = Mél. de Crit. 177 Muss-ArnoltJBL xi. 1 (1892), 86; Hbr. vii. 89 R. 17; Nusku is a solar deity, cf. JastrRel. Bab. 220 f.",II Kings 19:37; Isaiah 37:38,
1210,נֹעָה,1,feminine,,a daughter of Zelophahad (of Manasseh); 𝔊 Νουα [Noua].,Numbers 26:33; Numbers 27:1; Numbers 36:11; Joshua 17:3,
1211,נַעֲמָה,1,feminine,,,,
1212,נַעֲמָה²,1,locative (place name),,"city assigned to Judah in Philist. plain; 𝔊 Νωμαν [Nōman], A Νωμα [Nōma], 𝔊L Νομα [Noma].",Joshua 15:41,
1213,נָעֳמִי,1,feminine,,"mother-in-law of Ruth, + 18 times Ru; 𝔊B Νωεμειν [Nōemein]; A Νωεμμειν, Νοεμμειν [Nōemmein, Noemmein] v, usually Νοομει [Noomei](ν [n]); 𝔊L Νοομι [Noomi].",Ruth 1:2; Ruth 1:3; Ruth 1:8; Ruth 1:2; Ruth 1:3,
1214,נַעֲמָן²,1,masculine,,,,
1215,נַעֲרָה²,1,locative (place name),,"on border of Ephr.:—only c. ה loc., נַעֲרָ֫תָה (𝔊 αἱ κῶμαι αὐτῶν [ai kōmai autōn]; 𝔊L id. + Αναραθα [Anaratha]); appar. = נַעֲרָן, q.v. infr.; Νοοραθ [Noorath] lay 5 Rom. miles from Jericho LagOnom. 283, 11 cf. BuhlGeogr. 181.",Joshua 16:7,
1216,נַעֲרַי,1,masculine,,"one of David’s heroes, נ׳ בֶּן־אֶזְבָּ֑י; 𝔊 Νααραι [Naarai], A Νοορα [Noora], 𝔊L Ναραι [Narai] (= פַּעֲרַי הָאַרְבִּי ).",I Chronicles 11:37; II Samuel 23:35,
1217,נְעַרְיָה,1,masculine,,,,
1218,נַעֲרָן,1,locative (place name),,"in E of Ephr., (𝔊 Νααρναν [Naarnan], A Νααραν [Naaran], 𝔊L Νοαραν [Noaran]), appar. = [נַעֲרָה] q.v.",I Chronicles 7:28,
1219,נֹ֫פַח,1,locative (place name),,"appar. n.pr.loc. (= נֹבַח?) perhaps נֻפַּח (𝔊 προσεξέκαυσαν [prosexekausan]), v. Pu.",Numbers 21:30,"BDB, נָפַח"
1220,נָפִישׁ,1,masculine,,"son of Ishmael, according to (P), = (𝔊 Ναφες [Naphes], 𝔊L Ναφεις [Napheis]); = (Arab) tribe (𝔊 Ναφεισαδαιων [Napheisadaiōn], A 𝔊L Ναφισαιων [Naphisaiōn]).",Genesis 25:15; I Chronicles 1:31; I Chronicles 5:19,
1221,נֶפְתּוֹחַ²,1,locative (place name),,"Μαφθω, Ναφθω [Maphthō, Naphthō], in מֵי נ׳; (P), on border of Judah and Benj.; usually identif. with spring Liftâ, near Jerus. to the NW., v. BuhlGeogr. 101. נַפְתֻּחִים v. p. 661.",Joshua 15:9; Joshua 18:15,
1222,נַפְתֻּחִים,1,locative (place name),,"'= (𝔊 Νεφθαλ [Nephthal](ι [i])ειμ [eim], but 𝔊L in Ch Νεφθωσειμ [Nephthōseim]); = pʾtʾmḥï, the northern land, i.e. Lower Egypt, according to Brugsch Hierogl. WB. Suppl. 633, and especially Erman ZAW x (1890), 118, 119 reading פתמחים. Other conj. v. Di Gn.",Genesis 10:13; I Chronicles 1:11,
1223,נַפְתָּלִי,1,masculine,,"et trib. Naphtali, Νεφθαλει [Nephthalei](μ [m]), etc. (interpr. as my wrestling; perhaps orig. crafty, cunning one);—",Genesis 30:8,
1224,נְצִיב²,1,locative (place name),,"in Judah on border of Philist.; 𝔊 Νασειβ [Naseib], A𝔊L Νεσ [Nes](ε [e])ιβ [ib]; v. also LagBN 95 Anm.; mod. Beit Naṣîb, c. 8 m. NW. of Hebron BuhlGeogr. 193.",Joshua 15:43,
1225,נְצִיחַ,1,masculine,,"head of a family of Nethinim (𝔊 Νασους [Nasous], A Νεθιε [Nethie]) = 𝔊 Ασεια [Aseia], A Νεισεια [Neiseia]; 𝔊L Νεσια [Nesia] in both.",Ezra 2:54; Nehemiah 7:55,
1226,נֶ֫קֶב²,1,locative (place name),,"only in אֲדָמִי הַנּ׳ (𝔊 Αρμε καὶ Ναβωκ [Arme kai Nabōk]; A Αρμαι καὶ Νακεβ [Armai kai Nakeb]; 𝔊L Αδεμμη αννεκβ [Ademmē annekb]); on border of Naphtali; appar. a pass (Arabic نَقْبٌ [naqbun], road between mountains.)",Joshua 19:33,
1227,נְקוֹדָא,1,masculine,,"head of a family of Nethinim, =, 𝔊 Νεκωθα, Νεχωδα [Nekōtha, Nechōda].",Ezra 2:48; Ezra 2:60; Nehemiah 7:49; Nehemiah 7:61,
1228,נֵר²,1,masculine,,𝔊 Νηρ [Nēr]:,,
1229,נֵרְגַּל שַׂרְאֶ֫צֶר,1,masculine,so Baer Ginsb; van d. H. שַׁר׳,"chief soothsayer (רַב־מָ֑ג) in train of Nebuchad. (del. Gie, plausibly) v, (cf. SchrCOT ad loc.).",Jeremiah 39:3; Jeremiah 39:3; Jeremiah 39:13,
1230,נֵרִיָּהוּ,1,masculine,,"father of Baruch: נֵרִיָּהוּ, = father of Seraiah; נֵרִיָּה; 𝔊 Νηριου [Nēriou]; cf. Gray Prop. N. 294.",Jeremiah 36:14; Jeremiah 36:32; Jeremiah 43:6; Jeremiah 45:1; Jeremiah 51:59; Jeremiah 32:12; Jeremiah 32:16; Jeremiah 36:4; Jeremiah 36:8; Jeremiah 43:3,
1231,נָתָן,1,masculine,,𝔊 Ναθαν [Nathan];—,,
1232,נְתַן־מֶ֫לֶךְ,1,masculine,,"an official of Judah, Josiah’s time; 𝔊 Ναθαν βασιλέως [Nathan basileōs] (τοῦ εὐνούχου [tou eunouchou]), 𝔊L Ναθαν εὐνούχου τοῦ βασιλέως [Nathan eunouchou tou basileōs].",II Kings 23:11,
1233,נְתַנְאֵל,1,masculine,"v. GrayProp. N. 181, 192, 205; on n.pr. of this kind cf. RSSem i. 100 n., 2nd ed. 108, GrayProp. N. 264",—𝔊 Ναθαναηλ [Nathanaēl];—,,
1234,נְתַנְיָ֫הוּ,1,masculine,cf. GrayProp. N. 294,𝔊 Ναθανιας [Nathanias];—,,
1235,סְבָא,1,masculine,,"1st son of Cush, poet. and late;— (P) (𝔊 Σαβα [Saba], as שְׁבָא) = (𝔊 id., but B Σαβατ [Sabat]); = nation (or territory) (𝔊 Σαβα [Saba]; + שְׁבָא, 𝔊 Αραβων [Arabōn]), so (+ כּוּשׁ, ‖ מִצְרַיִם) (𝔊 Σοηνη [Soēnē]); clearly situated in south; most prob. = λιμὴν Σαβά [limēn Saba], and Σαβαὶ πόλις εὐμεγέθης [Sabai polis eumegethēs], in Adulic gulf on W. coast of Red Sea; v. Straboxvi. 4.8.10 Ptol iv. 7, 7 f. DiGn Bae ψ [ps] DuIs; > Meroë JosAnt. ii, 10, 2 al.",Genesis 10:7; I Chronicles 1:9; Psalms 72:10; Isaiah 43:3,
1236,סִבְּכַי,1,masculine,,"a captain of David; 𝔊 Σοβοχαι [Sobochai], etc.; =, + ‖ where read ס׳ for MT מְבֻנַּ׳ Th We Dr Klo Bu Kit Löhr cf. HPS (B ἐκ τῶν υἱῶν [ek tōn yiōn], but 𝔊L Σαβενι [Sabeni]); also.",II Samuel 21:18; I Chronicles 20:4; I Chronicles 11:29; II Samuel 23:27; I Chronicles 27:11,
1237,סִבְרַ֫יִם,1,locative (place name),,"city between the border of Damascus and that of Hamath; identif. by v. KasterenRev.Bibl. Internat. 1895, 23 ff. with Khirbet Sanbariye on the river Ḥâṣbâni, SW. of Hermon, cf. BuhlGeogr. 67, 238, but this appar. too far SW.; 𝔊 Σεβραμ [Sebram], A Σεφραμ [Sephram]. A city Šabaraʾin is named in Bab. Chron i. 28 (SchrKB ii. 276); but location not given.",Ezekiel 47:16,
1238,סְדֹם,1,locative (place name),,"Sodom, important Canaanitish city named (usually) with Gomorrha (עֲמֹרָה, q.v.);—𝔊 Σόδομα [Sodoma] (inflected Σοδόμων, Σοδόμοις [Sodomōn, Sodomois]):—ס׳ (on format. cf. LagBN 54), + 7 times, + סְדֹ֫מָה (ה loc.); (all J), + 8 times; from 8th cent. onwards, used as illustrating י׳’s judgments; as proverbial for open sin, so metaph. קְצִינֵי ס׳ (i.e. rulers as corrupt as in Sodom), גֶּפֶן ס׳ (i.e. wickedness like Sodom’s); Judah cp. with ס׳ to her disadvantage. Site prob. at S. end of Dead Sea, where are now Jebel Usdum (SW.), and Zoar SE. cf. Di RobBR ii. 187 ff. GASmGeogr. 505 ff. BlankenhornZPV xix (1896), 53 ff. BdPal. 3, 146 BuhlGeogr. 117, 271, 274. Vid. also.",Genesis 13:10; Genesis 13:12; Genesis 13:13; Genesis 18; Genesis 19; Genesis 10:19; Genesis 18:22; Genesis 19:1; Genesis 14; Amos 4:11; Isaiah 1:9; Isaiah 13:19; Deuteronomy 29:22; Jeremiah 49:18; Jeremiah 50:40; Zephaniah 2:9; Lamentations 4:6; Isaiah 3:9; Jeremiah 23:14; Isaiah 1:10; Deuteronomy 32:32; Ezekiel 16:46; Ezekiel 16:48; Ezekiel 16:49; Ezekiel 16:53; Ezekiel 16:55; Ezekiel 16:56; Genesis 19:20,"BDB, שִׂדִּים"
1239,סוֹא,1,masculine,"𝔊 Σηγωρ [Sēgōr], A Σωα [Sōa], 𝔊L Αδραμελεχ τὸν Αἰθίοπα τὸν κατοικοῦντα ἐν Αἰγύπτῳ [Adramelech ton Aithiopa ton katoikounta en Aigyptō] (!); JosAnt. ix, 14, 1 Σωαν [Sōan]; 𝔙 Sua; all acc.","called מֶלֶךְ מִצְרַיִם, with whom Hoshea had intrigue; poss. = Šab-ʾ-ê, or Sib-ʾ-ê mentioned by Sargon (KB ii. 54, 1. 25, 26 COTad loc.) as a ruler (appar.) under Pirʾu of Muṣuri; hence SchrCOT l.c. proposes to read סֶוֶא, and, further identif. Šab-ʾ-ê = סֶוֶא with Šabaku, founder of 25th (Ethiop.) dynasty, cf. WiedÄg. Gesch. 583 f.; very uncertain is Wkl’s conj. of סוא = Sib-ʾ-ê as gneral of kg. Pirʾu of Muṣri in N Arabic (WklMVG 1898, 3 ff.).",II Kings 17:4,
1240,סוֹדִי,1,masculine,,a Zebulunite ( = סוֹדִיָּה intimacy of Yah);—𝔊 Σουδ [Soud](ε [e])ι [i].—Vid. also p. 126 supr.,Numbers 13:10,"BDB, בְּסוֹדְיָ֑ה"
1241,סוּחַ,1,masculine,,"an Asherite; 𝔊 Χουχι [Chouchi], A 𝔊L Σουε [Soue].",I Chronicles 7:36,
1242,סוֹטַי,1,masculine,,"בְּנֵי־סֹטַי among returned captives = בְּנֵי סוֹטַי; 𝔊 Σατει, Σουτει [Satei, Soutei], 𝔊L Σωται [Sōtai].",Ezra 2:55; Nehemiah 7:56,
1243,סוּסִי,1,masculine,GrayProp. N. 92,—a Manassite; 𝔊 Σουσ [Sous](ε [e])ι [i];—but text dub. NesEg. 209 Diad loc. (cf. Grayl.c.).,Numbers 13:11,
1244,סוּף³,1,locative (place name),si vera l.,"named in defining loc. of Deut. law-giving (מוֹל סוּף, where מוֹל by dissimil. for מוּל); but read perhaps מִיַּם סוּף (𝔊 πλησίον τῆς ἐρυθρᾶς [plēsion tēs erythras], 𝔊L + θαλάσσης [thalassēs], 𝔙 contra mare rubrum), v. i.. v. CheEB Red Sea.",Deuteronomy 1:1,"BDB, סוּף²"
1245,סוּפָה²,1,locative (place name),,"E. of Jordan;—only in phr. וָהֵב בְּס׳ in ancient poet. fragment; TristrMoab 50 cp. Ṣāfieh (صافيه [ṣāfyh]), SE. oasis of Dead Sea, but ס = ص [ṣ] is most improb.",Numbers 21:14,
1246,סוּר³,1,,,"of a temple-gate;—שַׁעַר ס׳ (> ‖ שַׁעַר הַיְסוֹד, v. ), but del. ver. as gloss WeBleek’s Einl. 4:258 KmpKau Benz.",II Kings 11:6; II Chronicles 23:5,"BDB, יְסוֹד"
1247,סִיוָן,1,,,"of 3rd month, Sîwān = May–June (loan-word from Assyrian-Bab. Simânu, cf. SchrCOT Muss-ArnoltJBL xi (1892), 82 ff.; Palm. סיון Lzb328 Cook84);—בַּחֹדֶשׁ הַשְּׁלִישִׁי הוּא־חֹדֶשׁ ס׳.",Nehemiah 1:1; Esther 8:9,
1248,סִיחוֹן,1,masculine,,"Sihon (on format. cf. LagBN 198);—סִיחוֹן + 18 times, סִיחֹן v + 17 times;—king of Amorites, + 7 times (JE), (R) + 10 times Dt, + 4 times Ju (D) + (×2), (P), (×2). 𝔊 Σηων [Sēōn], 𝔊L Σιων [Siōn].",Numbers 21:27; Numbers 21:21; Numbers 21:21; Numbers 21; Numbers 32:33; Deuteronomy 1:4; Judges 2:10; Numbers 13:21; Numbers 13:27; Numbers 11:19; Numbers 11:20; Numbers 11:21; Jeremiah 48:45; I Kings 4:19; Nehemiah 9:22; Psalms 135:11; Psalms 136:19,
1249,סִין,1,locative (place name),,"Sin, i.e. Pelusium, E. frontier city of Egypt (Egyptian ʾImt = clay, of which סין is transl. (cf. Aramaic סְיָן clay), according to SteindorffBAS i. 599, who cp. Πηλούσιον [Pēlousion] (πηλός [pēlos] = dirt, mud), cf. BrugschDict. Géogr. 1081 ff.);— (𝔊 Σαιν [Sain] acc.), + v, but here Co Toy read plausibly סון, i.e. סְוָן = Syene (v. [ ], ), 𝔊 Συηνη [Syēnē].—On Pelusium v. Bd.Egyptian 4 (1898), 169.",Ezekiel 30:15; Ezekiel 30:16,"BDB, סְרֵן; BDB, סְרֵן"
1250,סִין²,1,locative (place name),,"wilderness between Elim and Sinai, מִדְבַּר־סִין, according to P; 𝔊 Σειν [Sein], A 𝔊L Σιν [Sin]; cf. EbGS 2. 155 ff. and especially Di.",Exodus 16:1; Exodus 17:1; Numbers 33:11; Numbers 33:12; Exodus 16:1,
1251,סִינַי,1,,,"mont. Sinai;—name of mt. of law-giving in J and especially P (חֹרֵב in E and especially D): ψ [ps] (poem), also (P) usually הַר־סִינַי (־סִינָ֑י +), rarely J, and perhaps, elsewhere mostly P; and (H), also; מִדְבַּר סִינַי (סִינָ֑י +), (all P);—in view of these facts, and of E’s use of חֹרֵב (q.v.), it is prob. that, (in E passages) are from R.—𝔊 Σ [S](ε [e])ινα [ina]. Identif. dub.; local tradition names Jebel Musa, mt. at S. end of peninsular between the two arms of Red Sea, so RobBR i, 90 ff., especially 119–122 cf. StanleySinai and Pal. 42 f. al., specif. its N. supr, Ras Ṣafṣâfeh; but LepsiusBriefe 345 ff., 416 ff. EbGSespecially 392 ff. al. advocate Serbal, NW. from Jebel Musa (on trad., cf. Ebib. 413 ff.); v. discussion Di. Against both is the working of Egyptian mines in the penins. as late as the 19th dyn. (v. EbGS 135, 148 ff., 159, etc.), involving presence of soldiers there. This, and connex. with Midian (cf. also ), have led to search for Sinai further NE, near head of Gulf of Aḳaba, or even in Seir, so SayMonuments 263 ff., cf. GFM; and Yakut, cited by Id.179 n. §, also v. GallAltisr. Kultst. 12; on sanctity of mt. v. further RSSem i. 110f., 2nd ed. 117 f. SmRel.Gesch. 30.",Judges 5:5; Psalms 68:9; Deuteronomy 33:2; Exodus 16:1; Leviticus 7:38; Exodus 19:20; Exodus 19:23; Exodus 34:2; Exodus 34:4; Exodus 24:16; Exodus 31:18; Exodus 34:29; Exodus 34:32; Leviticus 7:38; Leviticus 25:1; Leviticus 27:34; Leviticus 26:46; Numbers 3:1; Numbers 28:6; Nehemiah 9:13; Numbers 1:19; Exodus 19:1; Exodus 19:2; Leviticus 7:38; Numbers 1:1; Numbers 1:19; Numbers 3:4; Numbers 3:14; Numbers 9:1; Numbers 9:5; Numbers 10:12; Numbers 26:64; Numbers 33:15; Numbers 33:16; Exodus 19:11; Exodus 19:18; Exodus 19:1; Judges 5:5; Judges 5:5; Judges 6:1,
1252,סִיסְרָא,1,masculine,"GFM; PAOS xix (1898), 160 cp. Hittite names in -sira",—,Judges 4:2,
1253,סִיעָא,1,masculine,,"בְּנֵי־סִיעָא returned exiles = בְּנֵי־סִיעֲהָא; 𝔊 Ne Ασουια [Asouia], א Ιασουια [Iasouia], A Σιαια [Siaia], 𝔊L Ιωσιου [Iōsiou]; 𝔊 Ezr Σωηλ [Sōēl], A Ασαα [Asaa], 𝔊L Ιωσια [Iōsia].",Nehemiah 7:46; Ezra 2:44,
1254,סִכּוּת,1,divine name,,"read prob. סַכּוּת, = Assyrian Sakkut (epithet of Adar-Ninip = Saturn), SchrSK 1874, 332; COT, cf. TieleGesch. 528 BaeRel 239 RogersEncy. Bib. 749 (Vrss Thes al. = סֻכָּה, סֻכּוֹת).",Amos 5:26; Amos 5:26,
1255,סֻכּוֹת,1,locative (place name),,—,,
1256,סֻכּוֹת בְּנוֹת,1,divine name,,"Assyrian-Bab. deity, worshipped by Babylonians in Samaria; text of name corrupt; SchrCOT ad loc. (after H. Rawlinson) proposes Zîr-bânit, or Zarpanituv, wife of Marduk (cf. HptAndover Rev., May 1886 Muss-ArnoltJBL xi (1892), 167), rejecting Sakkut-binûtu = Marduk DlPar 215; JenZA iv. 352 makes בְּנוֹת = banîtu, epithet of Ištar; all doubtful.",II Kings 17:30,
1257,סֻכִּיִּים,1,masculine (pl),,"a people in army of Shishak according to (between לוּבִים and כּוּשִׁים); 𝔊 Τρωγλοδυται [Trōglodytai], so 𝔙; 𝔊L Σουχιειμ [Souchieim].",II Chronicles 12:3,
1258,סֶ֫לֶד,1,masculine,,"in Judah (×2), 𝔊 Σαλαδ [Salad], 𝔊L Σαλεδ [Saled].",I Chronicles 2:30,
1259,סַלּוּ,1,masculine,,"a priest, Zerub.’s time, according to (𝔊L Σαλουια [Salouia]), = סַלַּי v (𝔊L Σαλουαι [Salouai]; om. BA in both).",Nehemiah 12:7; Nehemiah 12:20,
1260,סָלוּא,1,masculine,,"a Simeonite, 𝔊 Σαλμων [Salmōn], A Σαλω [Salō], 𝔊L Σαλωμ [Salōm].",Numbers 25:14,
1261,סַלַּי,1,masculine,,,,
1262,סַלְכָה,1,locative (place name),,"city on E. border of Bashan; (all D); = Nab. צלחד (Lzb358 Cook101), mod. Ṣalḫad, Ṣarḫad on S. spur of Jebel Hauran, c. 63 m. due E. of Jordan; cf. BuhlGeogr. 252 Dr; 𝔊 Σελχα, Ελχα [Selcha, Elcha], etc. (Σ [S] lost often after ἕως [heōs]).",Deuteronomy 3:10; Joshua 12:5; Joshua 13:11; I Chronicles 5:11; Deuteronomy 3:10,
1263,סֶ֫לַע²,1,locative (place name),,"in Edom, מֵהַסּ׳ (del. מֵ, cf. GFM); הַסּ׳ captured in war (and called יָקְתְאֵל); מִסּ׳; site dub.; old identif. with Petra denied, plausibly, by BuhlEdom GFM (who thinks of an actual cliff), but held Benz BdPal (1898), 206; 𝔊 (ἡ [hē]) πέτρα [petra].",Judges 1:36; II Kings 14:7; Isaiah 16:1; Judges 1:36; II Kings 14:7,
1264,סַמְגַּר נְבוֹ,1,masculine,,"an officer of Nebuchad. according to MT = (assumed) Šumgir Nabu (SchrCOT), but prob. textual error; Gie (plausibly) takes סמגר as crpt. dittogr. of רב מג, and joins נבו to foll., נבושׂרסכים = נְבוּשַׁזְבַּן, cf. v and 𝔊 Σαμαγωθ [Samagōth] (Σαμαγαδ, Σαμαγαρ [Samagad, Samagar], etc.) καὶ Ναβουσαχαρ [kai Nabousachar].",Jeremiah 39:3; Jeremiah 39:13,
1265,סְנָאָה,1,masculine,,"appar. n.pr.m. בְּנֵי ס׳ =, בְּנֵי הַסּ׳; 𝔊 Σαανα, Σανανα [Saana, Sanana](τ [t]), etc., 𝔊L Σενναα [Sennaa]; MeyJudenth. 150, 154 reads סְנֻאָה (ס׳ for שׂ׳, cf. ) = sons of the hated (rejected) woman, i.e. the poorer classes of Jeruslem.",Ezra 2:35; Nehemiah 7:37; Nehemiah 3:3,"BDB, סְנוּאָה"
1266,סֶ֑נֶּה,1,rock,"'= thorny, cf. GASmGeogr. 250 n. HPS ad loc.","—a cliff opp. the cliff called בּוֹצֵץ, (Ginsb as here; Baer סֵ֑נֶּה, van d. H. סֶ֑נֶה); 𝔊 Σεννααρ [Sennaar].",I Samuel 14:4,
1267,סַנְחֵרִיב,1,masculine,,"Sennacherib (= Sinaḫê-irba, Sin multiplied brothers, SchrCOT );—son of Sargon and father of Esarhaddon, king of Assyria (b. c. 705–681; cf. TieleGesch. 285 ff.), =, (all as above, except סַנְחֵרִב ); 𝔊 Σενναχηρειμ [Sennachēreim], 𝔊L Σενναχειρειμ [Sennacheireim]; Σεναχήριβος [Senachēribos] JosAnt. x. 1 ff.; Σαναχάρβον [Sanacharbon] (acc.) Herodot.ii. 141.",II Kings 18:13; II Kings 18:13; II Kings 19:16; II Kings 19:20; II Kings 19:36; Isaiah 36:1; Isaiah 37:17; Isaiah 37:21; Isaiah 37:37; II Chronicles 32:1; II Chronicles 32:2; II Chronicles 32:9; II Chronicles 32:10; II Chronicles 32:22; II Kings 19:20,
1268,סַף⁴,1,masculine,,"a Philistine, (𝔊 τὸν Σεφ [ton Seph](ε [e]); 𝔊L τοὺς ἐπισυνηγμένους [tous episynēgmenous]), = סִפַּי (𝔊 τὸν Σαφουτ [ton Saphout], A Σαφφι [Saphphi], 𝔊L Σαπφι [Sapphi]).",II Samuel 21:18; I Chronicles 20:4,
1269,סְפָר²,1,locative (place name),,"in S. Arabia;—only c. ה loc. סְפָ֫רָה, 𝔊 Σωφηρα [Sōphēra]; usually indentif. with Ṭ̄afâr (ظَفَار [ẓafār] pronounced إِصْفَار, إِسْفَار [ʾiṣfār, ʾisfār] according to Thes), ancient city of Ḥimyarite kings (Ptol. Σαπφαρ μητσόπολις [Sapphar mētsopolis] v. SprengerAlte Geogr. Arabic § 301 et pass.), so Thes Tuch Comm. Gen. 2, 212, but dub. GlaserSkizze ii. 437, ס = צ improb. Diad loc. LagBN 61.",Genesis 10:30,
1270,סְפַרְוַ֫יִם,1,locative (place name),,"city conquered by king of Assyrian;—ס׳; = סְפַרְוָ֑יִם, עִיר סְפַרָוָ֑יִם =; סְפַרְוָ֑יִם also Qr (Kt. ספרים); 𝔊 Σεπφαρουαιν, Επφαρουαιμ [Seppharouain, Eppharouaim], etc., 𝔊L Σεπφαρειμ [Sepphareim];—usually indentif. with Sippara (on a canal), between Bagdad and Babyl., a city in two parts, Sipp. of Šamaš (mod.Abbu Habba), and Sipp. of Anunitu(m), on opp. side of canal, hence du. ס׳ = the two Sipparas, SchrCOT 2 K 17, 24, cf. Dl Par 209–212 Tiele Gesch. 88; this recently disputed, in view of mention with Hamath and other northern cities ( and especially ), v. Hal ZA ii. 401 ff. Di Wkl Alttest. Unters. 101 Benz al., who cp. Šabara’in, city conquered by Šalmanašarid IV (Wkl in SchrKB ii. 276); but this by no means certain.",II Kings 17:14; II Kings 18:34; Isaiah 36:19; II Kings 19:13; Isaiah 37:13; II Kings 17:31; II Kings 17:24; II Kings 18:34; Isaiah 36:19; II Kings 17:24,
1271,סֶ֫רֶד,1,masculine,,"son of Zebulun;— (𝔊 Σερεδ [Sered], 𝔊L Σεδεκ [Sedek]), (𝔊 Σαρεδ [Sared]).",Genesis 46:14; Numbers 26:26,
1272,סְתוּר,1,masculine,,"a spy, from Asher;—, 𝔊 Σαθουρ [Sathour], 𝔊L Θασουρ [Thasour].",Numbers 13:13,
1273,עֲבֵד נְגוֹ,1,masculine,"servant of (God) Nebo, נְגוֹ being corrupt (intent. or unintent.) for נבוֹ (q.v.), COT Bev","—Babylonian name of Azariah, one of the three companions of Daniel (v. also Biblical Aramaic); 𝔊 Theod Αβδεναγω [Abdenagō].",Daniel 1:7; Daniel 1:7; Daniel 1:7,
1274,עֶ֫בֶד²,1,masculine,servant of God = עַבְדְּאֵל,—,,
1275,עַבְדָּא,1,masculine,"servant of י׳ (= עֹבַדְיָה = ), but form dub., v. 𝔊",—,I Chronicles 9:16; Nehemiah 11:17,
1276,עַבְדְּאֵל,1,masculine,"servant of Ēl, cf.",name in Judah; 𝔊 Εσ [Es](δ [d])ριηλ [riēl].,Jeremiah 36:26,"BDB, עַבְדִּיאֵל"
1277,עַבְדּוֹן,1,,,I. n.pr.m.,,
1278,עַבְדּוֹן,9,locative (place name),,"son of Micah, 𝔊 Αβδοδομ [Abdodom], A 𝔊L Αβδων [Abdōn] (= עַכְבּוֹר ). II. n.pr.loc. Levitical city in Asher, 𝔊 Δαββων, Αβαραν [Dabbōn, Abaran], A 𝔊L Αβδων [Abdōn] ( Codd. read עַבְדֹּן for עֶבְרֹן), ʿAbde, Guérin Gal 2:37 cf. BuhlGeogr. 230.",II Chronicles 34:20; II Kings 22:12; Joshua 21:30; I Chronicles 6:59; I Chronicles 6:20; Joshua 19:28,
1279,עַבְדִּי,1,masculine,"'= עֹבַדְיָה servant of Yah; v. however, GrayProp. N. 149 ff. and cf. Old Aramaic עבדו, Nab.Palm. עבדי Lzb333, 334 Cook87",—,,
1280,עַבְדִּיאֵל,1,masculine,"servant of Ēl; on this and foll. cf. Ph. עבדאלם, Nab. עבדאלהא, Sin. עבדאלהי, etc., Lzb332 Cook87; Sab. עבדלת = [עבדאלת] Hal168 DHMZMG xxxvii (1883), 16; v. also GrayProp. N. 309, No. 53","—a Gadite; 𝔊 Αβδεηλ [Abdeēl], A 𝔊L Αβδιηλ [Abdiēl].",I Chronicles 5:15,
1281,עֹבַדְיָ֫הוּ,1,masculine,"servant of Yah, cf. GrayProp. N. 295, No. 90; also Ph. עבדבעל, Palm. עבדבל, Old Aramaic עבדההד Lzb333, OHeb. עבדיהו id.334",—,,
1282,עֵ֫בֶר²,1,masculine,,"Eber (perhaps eponym of Hebrews, form inferred from עִבְרִי, cf. reff. there);—",,
1283,עִבְרִי²,1,masculine,,"Levite name; 𝔊 Αβαι [Abai], A Ωβδι [Ōbdi], 𝔊L Αβαρια [Abaria].",I Chronicles 24:27,
1284,עֶבְרֹן,1,locative (place name),,"(𝔊 Ελβων [Elbōn], A 𝔊L Αχραν [Achran]); read probably עַבְדֹּן q.v.",Joshua 19:38,
1285,עֶגְלָה²,1,feminine,,"wife of David (on sense heifer cf., רָחֵל; v. also GrayProp. N. 92, No. 27);— (𝔊 Αιγαλ [Aigal], A Αιγας [Aigas], 𝔊L Αγλα [Agla]) = (𝔊 Αλα [Ala], A Αγλα [Agla], 𝔊L Εγλα [Egla]).",II Samuel 3:5; I Chronicles 3:3,"BDB, לֵאָה"
1286,עֶגְלוֹן,1,,"cf. GrayProp. N. 92, No. 27",—,,
1287,עֹדֵד²,1,masculine,restorer,"—𝔊 Ωδηδ, Αδαδ [Ōdēd, Adad]:",,
1288,עָדָה³,1,feminine,"ornament; or (Arabic غُدْوَةٌ, غَدْوَةٌ [ghudwahun, ghadwahun]) morning","𝔊 Αδ [Ad](δ [d])α [a];—wife,",,
1289,עִדּוֹ,1,masculine,,Iddo;—,,
1290,עֲדִיאֵל,1,masculine,"an ornament is Ēl; cf. Sab. n.pr. עדאל Hal 51, 2",—,,
1291,עָדִין²,1,masculine,,,,
1292,עֲדִינָא,1,masculine,,"Reubenite captain, David’s time, according to, 𝔊 Αδ [Ad](ε [e])ινα [ina].",I Chronicles 11:42,
1293,עֲדֻלָּם,1,locative (place name),,"old Canaanite city, 𝔊 Οδολλαμ [Odollam], with king (D), in the שְׁפֵלָה (P; 𝔊L Αδαλαμ [Adalam]), cf.; (re-) built by Rehob. according to (Οδολαμ [Odolam]); מְעָדַת ע׳ (read מְצֻדַת, מְצָדַת, v. sub ); site prob. ʿÎd-el-Mîye, c. miles WSW. from Bethlehem, v. GASmGeogr. 229 BuhlGeogr. 193 and reff.",Joshua 12:15; Joshua 15:35; Micah 1:15; Nehemiah 11:30; II Chronicles 11:7; I Samuel 22:1; II Samuel 23:13; I Chronicles 11:15; I Chronicles 11:13,"BDB, מְצֻרָה; BDB, ערר"
1294,עֶ֫דֶן,1,,? urb. et,"terr. conquered by Assyria (prob. = iv. עֵדֶן; pointed עֶדֶן, to differentiate from iii. ע׳, cf. WMMAs. u. Eur. 291);—בְּנֵי־ע׳ (𝔊 υἱοὺς Ἔδεμ [yious Edem]) = (in Telassar), ע׳ alone (+ חָרָן וְכַנֶּה); prob. = Adini on Middle Euphrates SchrCOT 2 K19, 12 DlPa 263 f..—בֵּית ע׳, v. p. 112.",II Kings 19:12; Isaiah 37:12; Ezekiel 27:23,
1295,עֵ֫דֶן²,1,masculine,,"Levite name (𝔊 Ιω [Iō](α [a])δαν [dan]), (𝔊 Οδομ [Odom], 𝔊L Ιαδαν [Iadan]).",II Chronicles 29:12; II Chronicles 31:15,
1296,עֵ֫דֶן³,1,territorial (land/region),prob. associated by Heb. with i. עֵדֶן,"—district in which lay garden of י׳, home of Adam and Eve: וַיִּטַּע גַּן־בְּעֵדֶן, river יֹצֵא מֵע׳ v, קִדְמַת־ע׳; גַּן־ע׳, (all 𝔊 Εδεμ [Edem]); cf. כְּגַן־ע׳ and כְּע׳ (‖ גַּן־י׳), all sim. of fertility; ע׳ גַּן־אֱלֹהִים, עֲצֵי ע׳ אֲשֶׁר בְּגַן הָאֱלֹהִים, עֲצֵי ע׳ v, (×2) (𝔊 Ez Jo ἡ τρυφή [hē tryphē]; Is παράδεισος [paradeisos]).",Genesis 2:8; Genesis 2:10; Genesis 4:16; Genesis 2:15; Genesis 3:23; Genesis 3:24; Ezekiel 36:35; Joel 2:3; Isaiah 51:3; Ezekiel 28:13; Ezekiel 31:9; Ezekiel 31:16; Ezekiel 31:18,
1297,עַדְנָא,1,masculine,,,,
1298,עַדְנָה,1,masculine,,,,
1299,עֵ֫דֶר²,1,masculine,cf. Nab. n.pr. עדרו = Arabic غُدَرُ [ghudaru] Lzb 337,"—a Levite, 𝔊 Αιδαθ, Ηλα [Aidath, Ēla], A 𝔊L Εδερ [Eder].",I Chronicles 23:23; I Chronicles 24:30,
1300,עֵ֫דֶר³,1,locative (place name),,"in extreme S. of Judah, site unknown; 𝔊 Αρα [Ara], A Εδραι [Edrai], 𝔊L Εβερ [Eber].",Joshua 15:21,
1301,עוֹבֵד,1,masculine,,"(worshipper; cf. Sab. עבד Os22 and DHMZMG xxxvii (1883), 14;—",,
1302,עוֹג,1,masculine,,"and ( ) עֹג n.pr.m. (orig. n.pr. div. according to RSSem i.91, 2nd ed. 93);—Og, giant king of Bashan (i.e., peculiarly, of a country, v. RSl.c.), usually + סִיחוֹן (q.v.); (JE), (P), (prob. all D); 𝔊 Ωγ [Ōg] (Γωγ [Gōg] B; ).",I Kings 4:19; Numbers 21:33; Numbers 32:33; Deuteronomy 1:4; Deuteronomy 3:1; Deuteronomy 3:3; Deuteronomy 3:4; Deuteronomy 3:10; Deuteronomy 3:11; Deuteronomy 3:13; Deuteronomy 4:47; Deuteronomy 29:6; Deuteronomy 31:4; Joshua 2:10; Joshua 9:10; Joshua 12:4; Joshua 13:12; Joshua 13:30; Joshua 13:31; I Kings 4:19; Nehemiah 9:22; Psalms 135:11; Psalms 136:20; Deuteronomy 3:1; Deuteronomy 4:47,
1303,עַוָּה²,1,locative (place name),,"city conquered by Assyrians;—עַוָּה (van d. H. עַוָּא) = עִוָּה; =; 𝔊 Αια [Aia](ν [n]), Ανα [Ana], and ( ) Ουδου [Oudou], A Αυτα [Auta], 𝔊L Αιναγ [Ainag], etc.; site in N. Syria WklAlttest. Unters. 102 f. Benz; SachauZA xii (1897), 48 proposes Emma (Tab. Pent.) = Ἴμμα [Imma] Ptol v. (×2), mod. ʿImm betw. Antioch and Aleppo.—i. עַוָּה v. sub.",II Kings 17:24; II Kings 18:34; II Kings 19:13; Isaiah 37:13; II Kings 19:13; II Kings 19:15,"BDB, עָוָה"
1304,עֲוִית,1,locative (place name),,"in Edom = Qr (Kt עיות); 𝔊 Γεθθαιμ [Geththaim], but 𝔊L Ευιθ [Euith].",Genesis 36:35; I Chronicles 1:46; I Chronicles 1:46,
1305,עוֹפַי,1,masculine,,"Kt, עֵיפַי Qr n.pr.m. a Neṭophathite, 𝔊 Ιωφε, Ωφε, Ωφετ [Iōphe, Ōphe, Ōphet].",Jeremiah 40:8,
1306,עוּתַי,1,masculine,,,,
1307,עֻזָּא,1,masculine,,"Οζα, Αζα [Oza, Aza]:",,
1308,עַזְבּוּק²,1,masculine,,"father of one Nehemiah, a wall-builder, Αζαβουχ [Azabouch], 𝔊L Εζδουκ [Ezdouk].",Nehemiah 3:16,
1309,עַזְגָּד,1,masculine,,"Ασγαδ, Αζγαδ [Asgad, Azgad] (Gad is mighty; GrayProp. N. 145);—",,
1310,עַזָּה,1,locative (place name),,"Gaza, Γαζα [Gaza] (Assyrian Ḫazzutu, etc., COTi. 97 DlPa 290, TelAm. Ḫazati, Azzati Wkl38*; Egyptian Gaḏatu̥ WMMAs. u. Eur. 87, 96, 159, 392; 𝔊 Γαζα [Gaza], so JosAnt. xiii. 5, 5, etc.; Herod. ii. 159; iii. 5 Κάδυτις [Kadytis]);—Philistine city (mod. غَزَّة [ghazzah], Ghazze, Razze), c. Lat. 31° 3ˊ N, Long. 34° 28ˊ E. c. 50 miles WSW. from Jerus., near the sea (RobBR ii. 36 ff. GASmGeogr. 181 ff. BuhlGeogr. 190 f.), (both עַזָּ֫תָה), southernmost of the famous five cities, (J), cf.; (D); also (D), (P); (×2);—On commercial importance v. DHMB und S 989 GattZPV vii (1884), 1 ff., 293 ff.; viii (1885), 69 ff., 179 ff..—For עַזָּה van d. H., read עַיָּה Baer Ginsb (q.v.), Be Oettli Kau KitHpt.; v..",Judges 16:1; Judges 16:21; Genesis 10:19; Judges 6:4; I Kings 5:4; II Kings 18:8; Deuteronomy 2:23; Joshua 10:41; Joshua 11:22; Joshua 15:47; Judges 1:18; I Samuel 6:17; Amos 1:6; Amos 1:7; Zephaniah 2:4; Jeremiah 25:20; Jeremiah 47:1; Jeremiah 47:5; Zechariah 9:5; I Chronicles 7:28,"BDB, עַי"
1311,עֻזָּה,1,masculine,,,,
1312,עַזּוּר,1,masculine,,"and (once) עַזֻּר n.pr.m. Αζωρ, Εζερ, Ιαζερ [Azōr, Ezer, Iazer]:",,
1313,עָזָז,1,masculine,,"Reubenite name, Οζουζ [Ozouz], 𝔊L Ιωαζαζ [Iōazaz]. (Ginsbmargin. עָזֵז, עָזָן, עַזָּן, cf. Baer100.)",I Chronicles 5:8,
1314,עֲזַזְיָ֫הוּ,1,masculine,י׳ is mighty,—Οζ [Oz](ε [e])ιας [ias] (= עֻזִּיָּהוּ):,,
1315,עֻזִּי,1,masculine,,Οζει [Ozei]:,,
1316,עֻזִּיָּא,1,masculine,'= foregoing; cf. GrayProp. N. 295,"—hero of David, Οζεια [Ozeia](ς [s]).",I Chronicles 11:44,
1317,עֻזִּיאֵל,1,masculine,my strength is Ēl,—Οζ [Oz](ε [e])ιηλ [iēl]:,,
1318,עֻזִּיָּהוּ,1,masculine,my strength is י׳; cf. OHeb. עזיו Lzb338,—,,
1319,עַזְמָ֫וֶת,1,masculine,,"A 𝔊L usually Αζμωθ, Ασμωθ [Azmōth, Asmōth]:",,
1320,עַזְמָ֫וֶת²,1,locative (place name),,v. p. 112 supr.,,"BDB, בֵּית־עַזְמָ֫וֶת"
1321,עַזָּן,1,masculine,,"οξα, οζα [oxa, oza], in Issachar.",Numbers 34:26,
1322,עֲזֵקָה,1,locative (place name),,"Αζηκα [Azēka], in the Shephelah of Judah, near שׂוֹכֹה, (JE), (P); not identified.",Joshua 10:10; Joshua 10:11; Joshua 15:35; I Samuel 17:1; Jeremiah 34:7; II Chronicles 11:9; Nehemiah 11:30,
1323,עֶ֫זֶר,1,masculine,,,,
1324,עֵ֫זֶר²,1,masculine,Ph. and OHeb. עזר Lzb338,—,,
1325,עֶזְרָא,1,masculine,,"Εσρας, Εσδρας, Εζδρας [Esras, Esdras, Ezdras];",,
1326,עֲזַרְאֵל,1,masculine,Ēl hath helped,"—Οζρειηλ, Εζριηλ [Ozreiēl, Ezriēl], etc.:",,
1327,עֶזְרָה²,1,masculine,,"Εσρει, Ιεζραα [Esrei, Iezraa], in Judah.",I Chronicles 4:17,
1328,עֶזְרִי,1,masculine,,"Εσδρει, Εζραι [Esdrei, Ezrai].",I Chronicles 27:26,
1329,עַזְרִיאֵל,1,masculine,my help is Ēl,"—Εσ [Es](δ [d])ριηλ [riēl], etc.:",,
1330,עֲזַרְיָ֫הוּ,1,masculine,י׳ hath helped,"Azariah (OHeb. עזריהו, Ph. עזרבעל, Old Aramaic הדדעזר, הדעדר, Lzb338, 258 Cook42);—Αζαριας [Azarias]:",,
1331,עַזְרִיקָם,1,masculine,,"Εζρεικαν, Εζρικαμ [Ezreikan, Ezrikam], etc.:",,
1332,עֲטָרָה²,1,feminine,,Αταρα [Atara].,I Chronicles 2:26,
1333,עֲטָרוֹת,1,locative (place name),,"and ( ) עֲטָרֹת n.pr.loc. Αταρωθ [Atarōth], etc.:",Numbers 32:34,
1334,עַי,1,locative (place name),,"Αγγαι [Angai] (Gn), Γαι [Gai]:",,
1335,עִיּוֹן,1,locative (place name),,"Αιν [Ain], in Naphtali;— =; (on v. p. 193 a supr.). Perhaps = Tell Dibbin, on the platau Merj ʿayyûn BuhlGeogr. 11, 110), between the Lîṭânî and the Ḥāsbânî (Id. ib. 237 f.).",I Kings 15:20; II Chronicles 16:4; II Kings 15:29; II Samuel 24:6,"BDB, דָּן"
1336,עֵיטָם,1,locative (place name),"perhaps animal-name, from עַיִט, cf. GrayProp. Names 93",—,,
1337,עֵילָם,1,gentilic (people group),,"et terr. Elam, Αιλαμ, Ἐλαμεῖται [Ailam, Elameitai], well-known country and people NE. of Lower Tigris (Assyrian Elamtu DlPa 320 ff. COT );—as early invaders of Palestin, allies of Assyrian; foe of Babylon; abode of dispersed Israelites; prophesied against, (×2) (Qr, Kt עולם), v, cf. כָּל־מַלְכֵי ע׳; called ‘son’ of Shem (P) =; purely local designation ע׳ הַמְּדִינָה.",Genesis 10:22; Genesis 14:1; Genesis 14:9; Isaiah 22:6; Isaiah 21:2; Isaiah 11:11; Jeremiah 49:34; Jeremiah 49:35; Jeremiah 49:36; Jeremiah 49:37; Jeremiah 49:38; Jeremiah 49:39; Ezekiel 32:24; Jeremiah 25:25; Genesis 10:22; I Chronicles 1:17; Daniel 8:2,
1338,עֵילָם²,1,masculine,,"Ηλαμ, Αιλαμ [Ēlam, Ailam]:",,
1339,עֵין גֶּ֫דִי,1,locative (place name),,"Ενγαδδει [Engaddei], etc.: מְצָדֹת עֵין גֶּדִ֑י, מִדְבַּר ע׳, כַּרְמֵי ע׳; ע׳ = חַצְצוֹן תָּמָר (q.v.) according to; עֵין גֶּ֨דִי֨; mod. ʿAin ǧidî, on W. shore of Dead Sea, GASmGeogr. 269 f., 512 BuhlGeogr. 41, 164 f.",Joshua 15:62; I Samuel 24:1; I Samuel 24:2; Song of Songs 1:14; II Chronicles 20:2; Ezekiel 47:10,
1340,עֵין גַּנִּים,1,locative (place name),,,,
1341,עֵין מִשְׁפָּט,1,locative (place name),,"'= (בַּרְנֵעַ) קָדֵשׁ q.v. (𝔊 τὴν πηγὴν τὴν κρίσεως [tēn pēgēn tēn kriseōs]; on signif. of name cf. RSSem i. 165, 2nd ed. 181).",Genesis 14:7,
1342,עֵין תַּפּוּחַ,1,locative (place name),,v. iii. sub.,,"BDB, תַּפּוּדַן; BDB, נָפַח"
1343,עֵין־דֹּר,1,locative (place name),,"in Manasseh (JE; om. 𝔊), = ע׳ דּוֹר (Αελδωρ [Aeldōr], 𝔊L Αενδωρ [Aendōr]), ע׳־דֹּאר (Gr ע׳ חֲרוֹד), Αενδωρ [Aendōr]; Endûr, c. miles NNE. from foregoing.",Joshua 17:11; I Samuel 28:7; Psalms 83:11; Psalms 83:14,
1344,עַ֫יִן³,1,locative (place name),,,,
1345,עֵינַ֫יִם,1,locative (place name),on form v. Ges§ 88 c,"—, (J), Αιναν [Ainan] = following.",Genesis 38:14; Genesis 38:21,
1346,עֵינָם,1,locative (place name),,"in the Shephelah of Judah, הָע׳ (Μαιανει [Maianei], A 𝔊L Ηναειμ [Ēnaeim]) = עֵינַיִם.",Joshua 15:34,
1347,עֵינָן,1,masculine,,"Αιναν [Ainan], name in Naphtali.—Vid. also.",Numbers 1:15; Numbers 2:29; Numbers 7:78; Numbers 7:83; Numbers 10:27,"BDB, חֲצַר עֵינוֹן"
1348,עֵיפָה²,1,,,,,
1349,עִיר נָחָשׁ,1,masculine,,as n.pr.m. v. ii..,,"BDB, נָחָשׁ²"
1350,עִיר⁴,1,masculine,,"in בְּנֵי ע׳, text dub., v. Be Kau.",I Chronicles 7:12,
1351,עִירָא,1,masculine,v. Sab. n.pr.m. עיר Hal169,—,,
1352,עִירָד,1,masculine,,a Cainite (×2) Γαιδαδ [Gaidad].,Genesis 4:18,
1353,עִירוּ,1,masculine,,"in Judah, Ηρ [Ēr](α [a]).",I Chronicles 4:15,
1354,עִירָם,1,masculine,,"in Edom =, Ζαφω [Zaphō](ε [e])ιν [in] (A Gn Ηραμ [Ēram]).",Genesis 36:43; I Chronicles 1:54,
1355,עַכְבּוֹר,1,masculine,"mouse, cf., v. GrayProp. N. 93; עכבר OH and Ph. as n.pr. Lzb 340 (cf. also on simil. Lat. n.pr. Cl-GannJAs 1883, Fev.–Mar. 128)",—𝔊 Αχοβωρ [Achobōr]:,,"BDB, עַכְבָּר"
1356,עַכּוֹ,1,locative (place name),,"Ακχω [Akchō], Acco, in Asher, Ju, + (P), reading ע׳ for MT עֻמָּה, Di Kau Benn Ency. Bib., after 𝔊 Codd.; a seaport N. of Carmel (= Acre, Ptolemais), mod. ʿAkka, cf. BuhlGeogr. 228 (Egyptian ʿA-ka, ’Ακη [Akē] WMMAs. u. Eur. 181; Assyrian Akkû, COTGloss, TelAm. Ak-ka).",Isaiah 1:31; Joshua 19:30,
1357,עָכָן,1,masculine,,"man of Judah;— (P), v, (JE), (P); = עָכָר (from עָבוֹר, v. also ); Αχαρ, Αχαν [Achar, Achan].",Joshua 7:1; Joshua 7:18; Joshua 7:19; Joshua 7:20; Joshua 7:24; Joshua 22:20; I Chronicles 2:7; Joshua 7:26,"BDB, עָכָר"
1358,עַכְסָה,1,feminine,,"daughter of Caleb, (JE) =, Ασχα, Αχσα, Αζα, Οξα [Ascha, Achsa, Aza, Oxa].",Joshua 15:16; Joshua 15:17; Judges 1:12; Judges 1:13; I Chronicles 2:49,
1359,עָכָר,1,masculine,,v..,,"BDB, עָכָן"
1360,עָכְרָן,1,masculine,,name in Asher; Εχραν [Echran].,Numbers 1:13; Numbers 2:27; Numbers 7:72; Numbers 7:77; Numbers 10:26,
1361,עֻלָּא,1,masculine,,"in Asher, Ωλα [Ōla].",I Chronicles 7:39,
1362,עַלְוָה²,1,masculine,,"in Edom (P) = Qr (Kt עליה), 𝔊 Γωλα [Gōla]; 𝔊LChr Αλουα [Aloua].",Genesis 36:40; I Chronicles 1:51,
1363,עַלְוָן,1,masculine,,"in Edom (P), 𝔊 Γωλων, Γωλαμ [Gōlōn, Gōlam] = Qr (Kt עלין), 𝔊 Σωλαμ [Sōlam], A Ιωλαμ [Iōlam], 𝔊L Αλουαν [Alouan].",Genesis 36:23; I Chronicles 1:40,
1364,עֵלִי,1,masculine,,"Eli, priest at Shiloh (+ v 𝔊 Th Klo HPS), v, + 28 times +; Ηλει [Ēlei].",I Samuel 1:3; I Samuel 1:3; I Samuel 1:9; I Samuel 1:12; I Samuel 1:1-4; I Samuel 14:3; I Kings 2:27,
1365,עַלְמוֹן,1,locative (place name),cf. Sab. n.pr. עלמן Hal192,"—priestly city in Benj. (P), 𝔊 Γαμαλα [Gamala], A Αλμων [Almōn], 𝔊L Ελμων [Elmōn]; = עָלֶמֶת in ‖ (𝔊 Γαλεμεθ [Galemeth], 𝔊L Αλαμωθ [Alamōth]); mod. ʿAlmît, c. 1 hour NE. of Jerusalem, v. BuhlGeogr. 175.",Joshua 21:18; I Chronicles 6:45,
1366,עָלֶ֫מֶת,2,masculine,,"a Benjamite, עָלָ֑מֶת; 𝔊 Σαλαμαιθ, Γαλεμαθ, Αλαμωθ [Salamaith, Galemath, Alamōth], etc.",I Chronicles 8:36; I Chronicles 9:42; I Chronicles 7:8,
1367,עָלֶ֫מֶת,4,locative (place name),'= עַלְמוֹן q.v.,Baer Ginsb (van d. H. עַלֶּמֶת).,I Chronicles 6:45,
1368,עָמוֹס,1,masculine,,"Amos the prophet;—, 𝔊 Αμως [Amōs].",Amos 1:1; Amos 7:8; Amos 7:10; Amos 7:11; Amos 7:12; Amos 7:14; Amos 8:2,
1369,עָמוֹק,1,masculine,,"a priest, Αμουκ [Amouk].",Nehemiah 12:7; Nehemiah 12:20,
1370,עַמִּיאֵל²,1,masculine,"my kinsman is God, GrayProp. N. 254",—𝔊 Αμ [Am](με [me])ιηλ [iēl]:,,
1371,עַמִּיהוּד,1,masculine,my kinsman is majesty,"—𝔊 (Σ [S])εμιουδ, Αμιουδ [emioud, Amioud], etc.:",,
1372,עַמִּיזָבָד,1,masculine,"my kinsman hath bestowed; cf., and, especially on Palm. equiv., v. GrayProp. N. 223f. also Lzb265 Cook46f.","—son of Benaiah, 𝔊 Ααιβαζαθ [Aaibazath], A Αμιραζαθ [Amirazath], 𝔊L Αμειναζαβαδ [Ameinazabad].",I Chronicles 27:6,"BDB, זָבָד; BDB, אֶלְזָבָד; BDB, יְהוֹזָבָד; BDB, זַבְדִּיאֵל; BDB, זְבַדְיָהוּ"
1373,עַמִּינָדָב,1,masculine,my kinsman is noble,—𝔊 Αμ [Am](ε [e])ιναδαβ [inadab]:,,
1374,עַמִּישַׁדָּ֑י,1,masculine,my kinsman is Shaddai,"—a Danite, 𝔊 Αμ [Am](ε [e])ισαδαι [isadai], 𝔊L Αμισαδε [Amisade].",Numbers 1:12; Numbers 2:25; Numbers 7:66; Numbers 7:71; Numbers 10:25,
1375,עָמָל²,1,masculine,,"name in Asher, 𝔊 Αμαα [Amaa], 𝔊L Αλαμ [Alam].",I Chronicles 7:35,
1376,עֲמָלֵק,1,gentilic (people group),,"Amalek (on—ָ v. LagBN 162 BaNB 160);—ancient people (×2), S. of Canaan—in Negeb (all JE), fierce and warlike Bedawin (cf. GASmGeogr. 282 GFM, ), foes of Isr. during Exodus + 6 times (E); later marauders in Isr. territory, defeated by Saul; + times, and by David (cf. adj.gent. infr.), =, cf.; also הָע׳ (where read עֲמָלֵק or הָעֲמָלֵקִי, v. Comm.); ע׳; as grandson of Esau (P) =; appar. connected with Ephr. territory (cf. infr.; yet GFM conj. עֵמֶק).—On Amalek v. NöAmalekites (1864); Ency. Bi. s.v..",Numbers 24:20; Numbers 13:29; Judges 6:3; Judges 6:33; Exodus 17:8; Exodus 17; Deuteronomy 25:17; Deuteronomy 25:19; Judges 3:13; Judges 6:3; Judges 6:33; Judges 7:12; Judges 10:12; I Samuel 14:48; I Samuel 15:2; I Samuel 14:28; I Samuel 18; I Samuel 30:18; II Samuel 8:12; I Chronicles 18:11; Psalms 83:8; II Samuel 1:1; I Chronicles 4:43; Genesis 36:12; I Chronicles 1:36; Genesis 36:16; Judges 5:14; Judges 12:15,
1377,עֲמַסְיָה,1,masculine,,"name in Judah, 𝔊 Μασαιας [Masaias], 𝔊L Αμασιας [Amasias] (cf. Ph. אשמנעמס, בעלעמס CISi. 139, 169, 719, v. also GrayProp. N. 296f.).",II Chronicles 17:16,
1378,עֲמֹרָה,1,locative (place name),,"Gomorrah, Γομορρα [Gomorra] (Γ [G] = غ [gh]; √ II. עמר according to LagBN54);—always c. סְדֹם q.v.; + 8 times Gn, in sim., cf.; fig. of iniquity.",Genesis 10:19; Amos 4:11; Isaiah 1:9; Isaiah 13:19; Deuteronomy 29:22; Jeremiah 49:18; Jeremiah 50:40; Zephaniah 2:9; Deuteronomy 32:32; Isaiah 1:10; Jeremiah 23:14,
1379,עָמְרִי,1,masculine,,,,
1380,עַמְרָם,1,masculine,"√ עמר NöZMG xl (1886), 185; poss. רָם + עַם Thes, cf. GrayProp. N. 45, 47, 51",—,,
1381,עֲמָשָׂא,1,masculine,"cf., ? or read עַמִּשַׂי (ii. עַם + יִשַׂי), WeIsr. u. Jüd. Gesch. 24, cf. GrayProp. N. 44, 323",—,,"BDB, עָמַס; BDB, עמשׂ"
1382,עֲמָשַׂי,1,masculine,cf. foreg.,—,,
1383,עֲנָב,1,locative (place name),,"in hill-country of Judah, Αναβ [Anab](ωθ [ōth]), Ανωβ[ν [n]], mod. ʿAnab, 1/2 miles SW. from Hebron, BuhlGeogr. 164.",Joshua 11:21; Joshua 15:50; Joshua 15:18,
1384,עֲנָה,1,masculine,,Horites:—,,
1385,עָנוּב,1,masculine,,"Εννων [Ennōn], 𝔊L Άνωβ [Anōb].",I Chronicles 4:8,
1386,עֲנָמִים,1,gentilic (people group),,"in (or near) Egypt =, Αινειαμιειμ, Αινεμετιειμ [Aineiamieim, Ainemetieim], etc.; form dub. and locality unknown, v conj. in Di.",Genesis 10:13; I Chronicles 1:11,
1387,עָנָן²,1,masculine,,"Ηναμ, Η [Ēnam, Ē](ι [i])ναν [nan] (cf. n.pr.m. Sab. ענן SabDenkm30; Palm. ענני).",Nehemiah 10:27,
1388,עֲנַנְיָה,1,,,,,
1389,עָנֵר,1,,,,,
1390,עֲנָת,1,masculine,,"father of Shamgar, Αναθ [Anath] (Δειναχ, Κεναθ [Deinach, Kenath]);—v. also, (cf. Tel Am. n. pr. Anati, Wkl125, 43; Assyrian n. pr. deae Anatu (JastrRel. Bab. 153; hence) in Syria and Ph.—also Egypt—ענת (Muss-ArnoltJBL xi (1892), 80 PietschmannPhön. 149 f. HalJAs. 7, x (1877), 374; xiii (1879), 208)).",Judges 3:31; Judges 5:6,"BDB, בֵּית־עֲנוֹת; BDB, עֲנָתוֹת"
1391,עֲנָתוֹת,1,,,and ( ) עֲנָתֹת n.pr. Αναθωθ [Anathōth];,I Kings 2:26,
1392,עֶפְרוֹן,1,,,Εφρων [Ephrōn]:—,,
1393,עֶ֫צֶם²,1,locative (place name),,"Ασομ [Asom], etc., in Negeb of Judah, עָ֑צֶם, Simeon (עֶצֶם).",Joshua 15:29; Joshua 19:3; I Chronicles 4:29,
1394,עַקּוּב,1,masculine,,"𝔊B usually (Ι [I])ακουν[μ [m]], A 𝔊 L Ακ [Ak](κ [k])ουβ [oub]:—",,
1395,עֶקְרוֹן,1,locative (place name),,"Eḳrȏn, Ακκαρων [Akkarōn] (in Assyrian Amḳarruna COTGloss., DlPa 289 who proposes עַקָּרוֹן);—Philistine city, one of the famous five; (D) + 4 times Jos (P), (×2) + 5 times 1 S; mod. ʿÁkir RobBR i. 227 ff. GASmGeogr. 193 BuhlGeogr. 187 f.",Amos 1:8; Joshua 13:3; Judges 1:8; I Samuel 10; II Kings 1:2; II Kings 1:3; II Kings 1:6; II Kings 1:16; Jeremiah 25:20; Zephaniah 2:4; Zechariah 9:5; Zechariah 9:7,
1396,עִקֵּשׁ²,1,masculine,,"a Tekoan =; Εισκα, Εκκις [Eiska, Ekkis], etc.",II Samuel 23:26; I Chronicles 11:28; I Chronicles 27:9,
1397,עֵר,1,masculine,,Hρ [r] (cf. Qal Pt.);—,,"BDB, עוּר"
1398,עָר,1,locative (place name),,"in Moab, S. of Arnon (Ηρ [Ēr], elsewhere chiefly Αροηρ [Aroēr]);—ע׳; עָר מוֹאָך;—usually interpreted as capital city (עָר = עִיר) of Moab (DHMZMG xxxvii (1883), 398 cp. Sab. ער fortified height, cf. MordtmHim. Inschr. 29 HalEt.Sab. 159, so Arabic ٱلْعُرُّ [alʿurru], dial. of Yemen); BuhlGeogr. 269 f. thinks name of district S. of Arnon.",Numbers 21:15; Numbers 21:15; Deuteronomy 2:9; Deuteronomy 2:18; Deuteronomy 2:29; Numbers 21:28; Isaiah 15:1,
1399,עֲרָב,1,gentilic (people group) (coll),,"steppe-dwellers of N. Arabia (WetzstZvölkerpsych. vii. 463 f.; extended later (so Herod. ii.11 etc.) to whole peninsula, cf. Arabic العَرَبُ [ālʿarabu] the Arabs, Bedúwy the people, DoughtyArab. Deserta, i. 224; Sab. ערבן, ערב, אערב CIS iv. p. 123, Assyrian Aribu, Arubu, Arabi, people in N. Arabia, DlPa 295 f. 304 f. COT; also Urbi DlPa 305 f. of nomad ‘Arab’ tribes);—מַלְכֵי ע׳ הַשּׁסֹכְנִים בַּמִּדְבָּר (v. ), + ‖ (v. id.); ע׳ also + (v. id.); v. especially NöArabia in Ency. Bib.",Jeremiah 25:24; Jeremiah 25:24; II Chronicles 9:14; I Kings 10:15; Ezekiel 27:21; Ezekiel 30:5,"BDB, עֵ֫רֶב"
1400,עֲרָד,1,locative (place name),,"Can. city in the Negeb, Αραδ [Arad] (Egyptian ʿa-ru-dâ WMMAs. u. Eur. 168, 170);—, מֶלֶךְ־ע׳ (JE) =, (D, Α [A](ι [i])ραθ [rath], A 𝔊L Αδερ [Ader]); prob. mod. Tel Arad, 1/2 miles S. of Hebron; cf. GFM BuhlGeogr. 182.",Judges 1:16; Numbers 21:1; Numbers 33:40; Joshua 12:14; Joshua 12:16; Judges 1:16,
1401,עֲרָד²,1,masculine,,"Benjamite, Ωρηρ [Ōrēr], A Αρωδ [Arōd], 𝔊L Αραδ [Arad].",I Chronicles 8:15,
1402,עֵרִי,1,masculine,,"a son of Gad, Αηδις, Αδδει [Aēdis, Addei].",Genesis 46:16; Numbers 26:16,
1403,עֲרֹעֵר,1,locative (place name),,"Αροηρ [Aroēr], MI26 ערער;—",,
1404,עָרְפָּה,1,feminine,,"sister-in-law of Ruth, Ορφα [Orpha].",Ruth 1:4; Ruth 1:14,
1405,עֲשָׂהאֵל,1,masculine,,"Ασαηλ [Asaēl], 𝔊L Ασσαηλ [Assaēl] (on this and foll. cf אֶלְעָשָׂה);—",,
1406,עֵשָׂו,1,masculine,,"Esau, Ησαυ [Ēsau];—Esau, elder son of Isaac, + 7 times; + 24 times 27, 28; + 15 times; (×2); identif. with אֱדוֹם, ancestor of Edomites v, cf.; dwelling in Mt. Seir (25 times in all, ); בְּנֵי עֵשָׂו = Edomites; עֵשָׂו = Edom, בֵּית עֵשָׂו v (×2), הַר עֵשָׂו v.",Genesis 25:25; Genesis 25:26; Genesis 25:25; Genesis 26:34; Genesis 27:1; Genesis 32:4; Genesis 32; Genesis 33; Genesis 35; Joshua 24:4; Malachi 1:2; Malachi 1:3; I Chronicles 1:34; Genesis 36:1; Genesis 36:8; Genesis 36:19; Genesis 36:9; Genesis 36:43; I Chronicles 1:35; Genesis 36:8; Genesis 36; Deuteronomy 2:5; Joshua 24:4; Deuteronomy 2:4; Deuteronomy 2:8; Deuteronomy 2:12; Deuteronomy 2:22; Deuteronomy 2:29; Jeremiah 49:8; Obadiah 1:6; Obadiah 1:18; Obadiah 1:8; Obadiah 1:9; Obadiah 1:19; Obadiah 1:21,
1407,עֲשִׂיאֵל,1,masculine,,"Simeonite, Ασιηλ [Asiēl].",I Chronicles 4:35,
1408,עֲשָׂיָה,1,masculine,,"Ασαιας [Asaias], etc.; 𝔊L in Kgs. Αζαριας [Azarias];—",,
1409,עָשָׁן²,1,locative (place name),,"in Shephelah of Judah, in Simeon according to, Levit. city; Ασαν [Asan], etc.; = בּוֹר עָשָׁן, q.v. p. 92 supr.",Joshua 15:42; Joshua 19:7; I Chronicles 4:32; I Chronicles 6:44,
1410,עֵ֫שֶׂק,1,spring/fountain,,"in SW. Pal. (expl. as contention);—locality unknown, 𝔊 Ἀδικία [Adikia].",Genesis 26:20,
1411,עֵ֫שֶׁק,1,masculine,,"Benjamite, Ασηλ, Ασεκ [Asēl, Asek].",I Chronicles 8:39,
1412,עַשְׁתָּרוֹת³,1,locative (place name),,"Ασταρωθ [Astarōth], etc., E. of Jordan (name from worship of diff. forms of ʿAštart; in Egypt. ʿastiratu, as E. Jordan loc. WMMAs. u. Eur. 162, 313; cf. TelAm. n. pr. loc. Aštarti);—in Bashan (near Edrei) (-רֹת), (all + אֶדְרֶ֑עִי); = בְּעֶשְׁתְּרָה (i.e. בֵּית עַשְׁתָּרָה); also עַשְׁתְּרֹת קַרְנַיִם (𝔊 Ασταρωθ Καρναιν [Astarōth Karnain], cf. GFM JBL xvi (1897), 155 f. who expl. name as ʿAshtereth of the two-peaked mt.); cf. further, קַרְנַיִם;—site prob. either Tel ʿAštara, 21 miles E. of Sea of Galilee, or Muzeirib, 8 miles further S.; poss. both occur in OT; cf. especially Dr Ashtaroth in HastDB Di Gn 14:5 BuhlGeogr. 248 ff. GASm Ency. Bib. 335 f.",Deuteronomy 1:4; Joshua 12:4; Joshua 13:12; Joshua 13:31; Joshua 9:10; I Chronicles 6:56; Joshua 21:27; Genesis 14:5; Amos 6:13,
1413,עַשְׁתֹּ֫רֶת,1,goddess,,"ʿAštōreth, ʿAštart, ʿAštéreth (v. infr.) (MI17 עשתר כמש; Ph. עשתרת (+ often in n. pr.), n. pr. עבד עשתר Cook Acad. Jan. 18, 1896 Sab. n. pr. dei עתֿתר v. especially OsZMG xx (1866), 279 f. DHM ib. xxxvii (1883), 376 FellSab. Götternamen, ZMG liv (1900), 231 ff., especially 237 ff.; Assyrian Ištar; Old Aramaic Palm. עתר (= עתֿתר) in n. pr.; in Egyptian ʿastirati WMMAs. u. Eur. 313; Gk. Ἀστάρτη [Astartē]; on other Gk. equivalents (e.g. Ἀφροδίτη [Aphroditē]) cf. LewyFremdw. 148, 186 f. 250);——ֶֹ prob. artificial, to suggest בֹּשֶׁת, orig. -תַּרְתְּ, -תֶּרֶת, cf. Ištar, Ασταρτη [Astartē], etc.; ע׳ + 2 times; pl. -תָּרוֹת + 3 times + -רֹת; read prob. sg. (Dr al.);—ʿAštart, ʿAštereth (Ασταρτη [Astartē], pl. Ασταρται [Astartai], but; Ασταρωθ [Astarōth]), ancient Sem. goddess (with male counterpart in Moab., Sab. and appar. Ph.); Phoenician diety, עשׁתרת אֱלֹהֵי צִדֹנִים, ע׳ שִׁקֻּץ צ׳; so prob. בֵּית ע׳ (reading sg.; v. especially Dr); elsewhere pl., of various local goddesses, called עַשְׁתָּרוֹת (cf. Assyrian ilâni u ištarat = gods and Ištars (i.e. goddesses), usually + בעל(ים), as Canaanitish deities; ‖ אֱלֹהֵי הַנֵּכָר.—Vid. especially Dr Ashtoreth in HastDB; on Ištar JastrRel. Bab. pass. especially 202 f.; on ʿAthtar BaeRel. 117 f.; on Ph. ʿAštart Pietschm Gesch. Phön. 184 f.; on ʿAshtoreth Barton JBL x (1891), 73 ff. GFM Ency. Bib.",I Kings 11:5; Judges 2:13; I Samuel 7:4; I Samuel 31:10; Judges 10:6; I Samuel 7:4; I Kings 11:5; I Kings 11:33; II Kings 23:13; I Samuel 31:10; Judges 2:13; Judges 10:6; I Samuel 7:4; I Samuel 12:10; I Samuel 7:3,
1414,עַתַּי,1,masculine,Ι [I],εθθει [eththei],,
1415,עֲתָיָה,1,masculine,,"Αθεα [Athea], 𝔊L Αθαρασθας [Atharasthas] (very dub.); = עוּתַי.",Nehemiah 11:4; I Chronicles 9:4,
1416,עָתְנִי,1,masculine,,"Levite, Γοονει [Goonei], (Γ [G])οθνι [othni].",I Chronicles 26:7,
1417,עָתְנִיאֵל,1,masculine,,"son of Ḳenaz, a hero in Isr., Γοθονιηλ [Gothoniēl]; (×2); name of family.",Joshua 15:17; Judges 1:13; Judges 3:9; Judges 3:11; I Chronicles 4:13; I Chronicles 27:15,
1418,פָּארָן,1,locative (place name),,"Paran, Φαραν [Pharan] (cf. n.pr. פארן Sin. Inscr.);—usually מִדְבַּר פ׳ home of Ishmael (E), traversed by Isr. in Exodus (E), (all P); it lay NE. from (the traditional) Sinai, with Gulf of Akaba and the ʿArabah as its E. border (s. איל פארן); here was הַר פ׳,—perhaps coast-range of mts. along W. shore of Gulf of Akaba; פ׳ alone (×2) (betw. Midian and Egypt); (loc. dub.).— v. ii. sub.—Vid. RobBR i, 177 f. PalmerDesert of Exodus, 284 ff., Di Dr Dt.",Genesis 21:21; Numbers 12:16; Numbers 10:12; Numbers 13:2; Numbers 13:26; Deuteronomy 33:2; Habakkuk 3:3; I Kings 11:18; Deuteronomy 1:1; I Samuel 25:1,"BDB, מָעוֹן³; BDB, עוּן"
1419,פְּדַהְאֵל,1,masculine,"Ēl hath ransomed; cf. Ph. בעלפדה; Assyrian Pudu-ilu, Pudi-ilu COTGloss.",—prince of Naphtali; Φαδαηλ [Phadaēl].,Numbers 34:28,
1420,פְּדָהצוּר,1,masculine,the Rock hath ransomed,Manassite; Φαδασσουρ [Phadassour].,Numbers 1:10; Numbers 2:20; Numbers 7:54; Numbers 7:59; Numbers 10:23,
1421,פָּדוֹן,1,masculine,ransom; cf. Ph. פדי,head of family of Nethinim; Φαδων [Phadōn].,Ezra 2:44; Nehemiah 7:46,
1422,פְּדָיָהוּ,1,masculine,"י׳ hath ransomed; in late Bab. Padâma, HilprUniv. Pa. Exp. ix. 27, 68",—פְּדָיָה:,,
1423,פּוּאָה,1,masculine,,"in Issachar, Φουα [Phoua], etc.;—פּוּאָה (v. GFM); פֻּוָּה.",Judges 10:1; I Chronicles 7:1; Genesis 46:13; Numbers 26:3,
1424,פּוּט,1,gentilic (people group),,"prob. Libyans, or Lib. tribe; usually named with African peoples:; (𝔊 usually Λίβυες [Libyes]); (P) = (Φουδ [Phoud]); + (for MT פּוּל; 𝔊 Φουδ [Phoud]),—vid. Di JenZA x. 325 ff..",Nahum 3:9; Jeremiah 46:9; Ezekiel 27:10; Ezekiel 30:5; Ezekiel 38:5; Genesis 10:6; I Chronicles 1:8; Isaiah 66:19; Genesis 10:6,
1425,פּוֹטִי פֶ֫רַע,1,masculine,,"priest of On, Joseph’s father-in-law (Egyptian Pʾ-diʾ-pʾ-Rʿ, i.e. he whom the Ra gave, v. SetheDe aleph prosthetico in ling. aeg. (1892), 31; Dr in HastingsDB);—, (E), (P), Πετεφρης [Petephrēs], A Πετρεφης [Petrephēs].",Genesis 41:45; Genesis 41:50; Genesis 46:20,
1426,פּוּטִיאֵל,1,masculine,,"Eleazar’s father-in-law, Φουτιηλ [Phoutiēl].",Exodus 6:25,
1427,פּוֹטִיפַר,1,masculine,,"Joseph’s master (abbrev. from foll.);— (E), (RJ), Πετεφρης [Petephrēs], etc.",Genesis 37:36; Genesis 39:1,
1428,פּוּל,1,masculine,,"'= תִּגְלַת פְּלֶאסֶר (q.v.) (Assyrian Pulu; Babylonian name of TP, SchrSBAk 1887, 592; KB ii, 287, cf. 277 TieleGesch. 266f.; cf. (through Pers. trad., EMeyEntstehung, 30) Πῶρος [Pōros], Canon of Ptol. KAT2, 490); (×2), Φουα[λ [l]].—, v..",II Kings 15:19; I Chronicles 5:26; Isaiah 66:19,"BDB, פּוּט"
1429,פּוּעָה,1,feminine,,"a midwife, Φουα [Phoua].",Exodus 1:15,
1430,פּוֹרָתָא,1,masculine,,"son of Haman, Φαραδαθα, Βαρδαθα [Pharadatha, Bardatha].",Esther 9:8,
1431,פַּ֫חַת מוֹאָב,1,masculine,,"post-exile name;—בֶּן־פ׳ מ׳ (Φααβ[θ [th]]μωαβ [mōab], 𝔊L Ερωμαθ [Erōmath]), בְּנֵי־פ׳ מ׳ =; (all Φααθμωαβ [Phaathmōab], etc.); פ׳ מ׳ (both Φααδ[θ [th]]μωαβ [mōab], etc.).",Nehemiah 3:11; Ezra 2:6; Nehemiah 7:11; Ezra 8:4; Ezra 10:30; Nehemiah 10:15,
1432,פִּי הַחִירֹת,1,locative (place name),,"on E. border of Egypt, (𝔊 ἡ ἔπαυλις [hē epaulis]), (Ε [E](π [p])ιρωθ [irōth]) + v (read מִפִּי ה׳ Sam. 𝔖 𝔙 𝔗, or מִפְּנֵי פִי ה׳, for MT מִפְּנֵי ה׳, cf. Di). Site unknown.",Exodus 14:2; Exodus 14:9; Numbers 33:7; Numbers 33:8,
1433,פִּינְחָס,1,masculine,"Egyptian Pe-nehasi, the negro, according to Lauth Moses (1868), 71, ZMG xxv (1871), 139 f. cf. NesEg 112, AJSL xiii (1897) 174 Baen, yet v. Di",—,Exodus 6:25,
1434,פִּינֹן,1,masculine,,"Edomite, Φινες, Φινων, Φινα [Phines, Phinōn, Phina];—cf..",Genesis 36:41; I Chronicles 1:52,"BDB, פּוּנֹן"
1435,פִּישׁוֹן,1,river,"Thes sub פושׁ, cf. especially NesMarg. 5, but dub.","—one of the rivers of Eden, Φ [Ph](ε [e])ισων [isōn], (on theories of identif. v. Comm., also reff. sub גִּיחוֹן).",Genesis 2:11,
1436,פִּיתוֹן,1,masculine,,"descendant of Saul = פִּיתֹן, Φιθων, Φαιθων [Phithōn, Phaithōn], 𝔊L Φιθωθ [Phithōth].",I Chronicles 8:35; I Chronicles 9:41,
1437,פְּלָאיָה,1,masculine,,𝔊L Φαλαιας [Phalaias].,Nehemiah 8:7; Nehemiah 10:11,
1438,פֶּ֫לֶג,1,masculine,,"son of Eber, Φαλεκ [Phalek], 𝔊L Φαλεγ [Phaleg]:, פָּ֑לֶג.",Genesis 10:25; Genesis 11:17; Genesis 11:18; Genesis 11:19; I Chronicles 1:19; I Chronicles 1:25; Genesis 11:16,
1439,פִּלְדָּשׁ,1,masculine,,"Nahorite, Φαλδας [Phaldas].",Genesis 22:22,
1440,פַּלּוּא,1,masculine,"DHMEpigr. Denkm. 9, 1 cp. Liḥy. n.pr. פלה","—son of Reuben, Φαλλου [Phallou](ς [s]), etc.; v. also.",Genesis 46:9; Exodus 6:14; Numbers 26:5; Numbers 26:8; I Chronicles 5:3,"BDB, פֶּ֫לֶת"
1441,פִּלְחָא,1,masculine,Baer פִּלְחָה,"n.pr.m. post-exilic name; Φαδαεις [Phadaeis], 𝔊L Φαλλαει [Phallaei].",Nehemiah 10:25,
1442,פִּלְטָ֑י,1,masculine,,"priest, Φελητει [Phelētei], etc.",Nehemiah 12:17,
1443,פַּלְטִי²,1,masculine,,Φαλτει [Phaltei] (perhaps abbrev. from פַּלְטִיאֵל);—,,
1444,פַּלְטִיאֵל,1,masculine,,Φαλτ [Phalt](ε [e])ιηλ [iēl]:,,
1445,פְּלַטְיָ֫הוּ,1,masculine,,"Φαλτιας, Φαλεττι [Phaltias, Phaletti](α [a]), etc.:—",,
1446,פְּלָיָה,1,masculine,late Assyrian Pi-lîâma HilprUniv. Pa. Exp. ix. 68,"—, Φαρα, Φαλαια, Φαδια [Phara, Phalaia, Phadia].",I Chronicles 3:24,
1447,פָּלָל,1,masculine,,"a wall-builder, Φαλαλ [Phalal], א Φαλακ [Phalak], A Φαλαξ [Phalax], 𝔊L Φαλλη [Phallē].",Nehemiah 3:25,
1448,פְּלַלְיָה,1,masculine,י׳ hath interposed,"—priest, Φαλ [Phal](λ [l])αλια [alia](ς [s]).",Nehemiah 11:12,
1449,פְּלֶ֫שֶׁת,1,territorial (land/region),,"Philistia, poet. and late;—פְּלָ֑שֶׁת (ישְׁבֵי) (Φυλιστιειμ [Phylistieim]; elsewhere (οἱ [oi]) ἀλλόφυλοι [allophyloi]), elsewhere פְּלֶשֶׁת, =; Assyrian Palastu, Pilistu, COT DlPa 288 f. Gk. Παλαιστίνη [Palaistinē] Herod. ii. 104, 106, vii. 89 JosAnt. i, 6, 2 (also Φυλιστίνου [Phylistinou]); v. Rel Pal. 73 f.",Exodus 15:14; Joel 4:4; Isaiah 14:29; Isaiah 14:31; Psalms 60:10; Psalms 108:10; Psalms 83:8; Psalms 87:4; Genesis 10:14,
1450,פֶּ֫לֶת,1,masculine,,,,
1451,פְּנוּאֵל,1,,"face of God, cf. GFM; late Assyrian Panîli HilprUniv. Pa. Exp. ix. 68","—Φανουηλ [Phanouēl], but in Gn εἶδος [eidos] (τοῦ [tou]) Θεοῦ [Theou]:",Judges 8:8,
1452,פְּנִנָּה,1,feminine,proposes sg. of foregoing?,"wife of Elkanah (×2), Φεννανα [Phennana].",I Samuel 1:2; I Samuel 1:4,
1453,פָּסֵחַ,1,masculine,limper,—,,
1454,פָּ֑עוּ,1,locative (place name),,"in Edom, פָּ֑עוּ = פָּ֑עִי; Φογωρ [Phogōr], 𝔊L Ch Φαουα [Phaoua].",Genesis 36:39; I Chronicles 1:50,
1455,פְּעוֹר,1,,,Φογωρ [Phogōr]:,,
1456,פְּעֻלְּתַי,1,masculine,,"Levite, Ιαφθοσλααθι [Iaphthoslaathi], A Φολλαθι [Phollathi], 𝔊L Φελλαθι [Phellathi].",I Chronicles 26:5,
1457,פַּעֲרַי,1,masculine,,(cf. Ph. n.pr.m. פער) = נַעֲרַי q.v.,II Samuel 23:35,
1458,פְּקוֹד,1,gentilic (people group),,"et terr. a people in Bab. army (Φακουκ [Phakouk]; A και Φουδ [kai Phoud]); יוֹשְׁבֵי פ׳; = Assyrian Puḳûdu, tribe in SE. Babylonia, bordering Elam WklSargon i. 241 SchrCOT Je DlPa 240 f.",Ezekiel 23:23; Jeremiah 50:21,
1459,פֶּ֫קַח,1,masculine,,"usurping king of Israel, Φακεε [Phakee] (opening (? of eyes), or cf. Syriac ܦܶܩܚܳܐ [פקחא] flower; cf. n.pr.m. פקח, פקחי, on old Isr. seals; in Assyrian Paḳaḫa (acc.) SchrCOT );—.",II Kings 15:30; II Kings 15:25; II Kings 15:27; II Kings 15:29; II Kings 15:30; II Kings 15:31; II Kings 15:32; II Kings 15:37; II Kings 16:1; II Kings 16:5; Isaiah 7:1; II Chronicles 28:6,
1460,פְּקַחְיָה,1,masculine,,"king of Israel (י׳ hath opened the eyes);—, Φακεσιας, Φακειας [Phakesias, Phakeias].",II Kings 15:22; II Kings 15:23; II Kings 15:26,
1461,פִּרְאָם,1,masculine,,"Canaanite king of Jarmuth, Φειδων [Pheidōn], 𝔊L Φεδαμ [Phedam], A Φερααμ [Pheraam].",Joshua 10:3,
1462,פָּרָה⁴,1,locative (place name),,"in Benj., הַפּ׳, Φαρα, Αφρα [Phara, Aphra].",Joshua 18:23,
1463,פְּרוּדָא,1,masculine,,"post-exil. name (Φαδουρα [Phadoura]), = פְּרִידָא (Φερειδα [Phereida]; 𝔊L as Ezr).",Ezra 2:55; Nehemiah 7:56,
1464,פָּרוּחַ,1,masculine,,"in Issachar, 𝔊 Φουασουδ [Phouasoud], A Φαρρον [Pharron], 𝔊L Βαρσαουχ [Barsaouch].",I Kings 4:17,
1465,פַּרְמַשְׁתָּא,1,masculine,,"son of Haman, Μαρμασιμ [Marmasim](ν [n])α [a].",Esther 9:9,
1466,פַּרְנָךְ,1,masculine,,"of Zebulun, Φαρ [Phar](α [a])ναχ [nach].*",Numbers 34:25,
1467,פָּרַס,1,territorial (land/region),,"Persia, Περσῶν [Persōn] (genit.), τῇ Περσίδι [tē Persidi] (𝔊 et Θ [Th]), Μήδων [Mēdōn] (OPers. Pârsa, Persian, Persia, SpiegAPK 231, NPers. پَارْسِ, فَارْسِ [pārsi, fārsi]; Arabic فَارِسُ [fārisu] );—פ׳ +, פָּרָ֑ס v +;—in late lit., v (×2), = (×2); + 11 times Ezr Dn + (c. מָדַי); פ׳; is doubted by Toy (who, reads כּוּשׁ, after Gr), but Krae defends.",Daniel 11:2; II Chronicles 36:20; II Chronicles 36:22; II Chronicles 36:20; II Chronicles 36:20; II Chronicles 36:22; II Chronicles 36:23; Ezra 1:1; Ezra 1:2; Daniel 10:1; Esther 1:3; Esther 1:14; Esther 1:18; Esther 1:19; Esther 10:2; Daniel 8:20; Ezekiel 27:10; Ezekiel 38:5; Ezekiel 27:10,
1468,פַּרְעֹשׁ²,1,masculine,,"Φορος, Φαρες [Phoros, Phares], etc. (flea; cf. GrayProp. N. 94);—",,
1469,פֶּ֫רֶץ²,1,,,,,
1470,פֶּ֫רֶשׁ,1,masculine,,"Manassite, A 𝔊L Φαρες [Phares].",I Chronicles 7:16,
1471,פַּרְשַׁנְדָּתָא,1,masculine,,"a son of Haman, Φαρσαν και Νεσταιν, Φαρσανεσταν [Pharsan kai Nestain, Pharsanestan], etc.",Esther 9:7,
1472,פְּרָת,1,,,"flum. Euphrates, Ευφρατης [Euphratēs] (Assyrian Purattu DlPa 169 ff., whence OPers. Ufrâtu, SpiegAPK 211);—the greatest river of W. Asia; פ׳, נְהַר פ׳ (both secondary phrases in J), נְהַר פ׳ also (Qr, v. ); (D); נהר om., (where Ew Hi Marti, after SchickZPV iii. 11, think of some other פְּרָת, but Gf Gie and most defend Euphrates), (cf. supr.); name not certainly attested before D Je; on earlier הַנָּהָר for this river v..",Genesis 2:14; Genesis 15:18; II Samuel 8:3; Jeremiah 46:2; Jeremiah 46:6; Jeremiah 46:10; Deuteronomy 1:7; Deuteronomy 11:24; Joshua 1:4; II Kings 23:29; II Kings 24:7; I Chronicles 5:9; I Chronicles 18:3; Jeremiah 13:4; Jeremiah 13:5; Jeremiah 13:6; Jeremiah 13:7; Jeremiah 51:63; II Chronicles 35:20; Genesis 2:14,"BDB, נָהָר; BDB, נ"
1473,פַּשְׁחוּר,1,masculine,,"Πασχωρ, Φα [Paschōr, Pha](δυ [dy])σσουρ [ssour], etc.:",,
1474,פְּתוּאֵל,1,masculine,,"father of prophet Joel (𝔊 Βαθουηλ [Bathouēl], i.e. בְּתוּאֵל).",Joel 1:1,
1475,פְּתַחְיָה,1,masculine,,,,
1476,פִּתֹם,1,locative (place name),,"Pithom, Π [P](ε [e])ιθω [ithō], A Πιθωμ [Pithōm] (Egyptian Patum, Per-Atum, house of (god) Atum) one of the עָרֵי מִסְכְּנוֹת built by Isr. for Pharaoh; identif. by Naville with Tel el-Maskhûta, near E. end of Wady Tumilat, Naville Pithom, 1885 Di-Ry ad loc. Di SBAk, 1885, 889 ff. BädEgypt (4), 159.",Exodus 1:11,
1477,פַּתְרוֹס,1,territorial (land/region),,"'= Upper Egypt, Παθουρης, Φαθουρης [Pathourēs, Phathourēs], etc. (Egyptian p(ĕ)-tĕ-res, south land, in Assyrian Paturisi, ErmanZAW x (1890), 118 f. Steind BAS i. 344 WMM Hastings DB; also (on Assyrian) Schr KGF 283 f. DlPa 310);—always in connexion with מִצְרַיִם, etc.:, אֶרֶץ פ׳; מִפַּתְרֹס proposes also (for מִתְרַפֵּס) NeJBL x (1891), 152 (plausibly), cf. Che ib. xi (1892), 125 Kau ψψ [psps] crit. n..",Isaiah 11:11; Jeremiah 44:15; Ezekiel 30:14; Jeremiah 44:1; Ezekiel 29:14; Psalms 68:31,
1478,צַאֲנָן,1,locative (place name),,"Σεννααρ [ν [n]], perhaps = צְנָן in the Shephelah of Judah, Σεννα [Senna](μ [m]).",Micah 1:11; Joshua 15:37,
1479,צִבְיָא,1,masculine,,"in Benjamin, Ιεβια [Iebia], A Σεβια [Sebia], 𝔊L Σαβια [Sabia].",I Chronicles 8:9,
1480,צִבְיָה,1,feminine,"'= צְבִיָּה gazelle, cf. Sta§ 192 b","—mother of Jehoash of Judah, Αβια [Abia] =, Αβια [Abia], 𝔊L Σαβια [Sabia].",II Kings 12:2; II Chronicles 24:1,
1481,צְבֹיִים,1,locative (place name),,near Sodom; = צְבֹיִם = צְבֹאִים Kt (צְבוֹיִם Qr); Σεβωειμ [Sebōeim].,Genesis 14:2; Genesis 14:8; Deuteronomy 29:22; Genesis 10:19; Hosea 11:8,
1482,צִבְעוֹן,1,masculine,,"a Horite (hyena; RSK 219; GrayProp. N. 95 and reff.);—, (in these gloss according to Di Holz), v (×2), Σεβεγων [Sebegōn].",Genesis 36:2; Genesis 36:14; Genesis 36:20; Genesis 36:24; Genesis 36:29; I Chronicles 1:38; I Chronicles 1:40,
1483,צְבֹעִים,1,locative (place name),,"in Benj.;—גֵּי הצ׳ (perhaps valley of hyenas, so Thes, cf. LagBN 36 Grayl.c.);— (according to BuhlGeogr. 98 = Wady el-Kelt, between Jerus. and Jericho), Σαμειν [Samein], 𝔊L Σαβαιν [Sabain]; cf. צ׳, A Σεβοειμ [Seboeim], 𝔊L Σεβωειν [Sebōein].",I Samuel 13:18; Nehemiah 11:34,
1484,צָדוֹק,1,masculine,,"and ( ) צָדֹק54 n.pr.m. (just, righteous; cf. Sab. n.pr. צדק CIS iv, No. 287, 1. 2. 11. 15 etc., DHMHof museum. No. 32);—Σαδωκ, Σαδδουκ [Sadōk, Saddouk] (cf. LagBN 225 ff.):—",I Kings 1:26,
1485,צִדְקִיָּ֫הוּ,1,masculine,,"-יָּה7 n.pr.m. (י׳ is righteousness; cf. Sab. צדקאל DHMib., on No. 32);—Σεδεκια [Sedekia](ς [s]):",,
1486,צוֹבָא,1,territorial (land/region),,"Σουβα [Souba], rarely Σωβα [Sōba](λ [l]): an Aramaean kingdom, time of (Saul and) David אֲרַם צוֹבָא, (elsewhere צוֹבָה), אֲרַם צוֹבָה (title); הֲדַדְעֶזֶר מֶלֶךְ צ׳, =; צ׳ also; חֲמַת צ׳; orig. home of one of David’s heroes (perhaps read also for n.pr.m. מִבְחָר ‖, cf. Dr); מַלְכֵי צ׳ (only here in Saul’s time); NöAram., in Ency. Bib., cf. ZMG xxv (1871), 113 ff. places between Hamath and Damascus (about Ḥums, Emesa), and so DlPa 279 f., who cp. Assyrian city Ṣubitu, cf. SchrCOT..",II Samuel 10:6; II Samuel 10:8; Psalms 60:2; II Samuel 8:3; II Samuel 8:5; II Samuel 8:12; I Chronicles 18:3; I Chronicles 18:5; I Kings 11:23; I Chronicles 18:9; I Chronicles 19:6; II Chronicles 8:3; II Samuel 23:36; I Chronicles 11:38; I Samuel 14:47; II Samuel 8:3,
1487,צוּעָר,1,masculine,,"Σωγαρ [Sōgar], in Issachar (little one);—always in נְתַנְאֵל בֶּן־צ׳.",Numbers 1:8; Numbers 2:5; Numbers 7:18; Numbers 7:23; Numbers 10:15,
1488,צוּף³,1,masculine,,"Ephr. ancestor of Elḳanah and Samuel, בֶּן־צ׳ (ἐν Νασειβ [en Naseib], 𝔊L υἱοῦ Σωφ [yiou Sōph]), Qr 𝔊 𝔙 (Kt ציף); appar. = צוֹפַי v (Levite), Σουφ [Souph](ει [ei]): hence prob. אֶרֶץ צוּף (in Benj., τὴν [tēn] (γὴν [gēn]) Σ [S](ε [e])ιφ [iph](α [a])).",I Samuel 1:1; I Chronicles 6:20; I Chronicles 6:11; I Samuel 9:5,
1489,צוֹפַח,1,masculine,,"in Asher, צוֹפָ֑ח v, Σωχαθ, Σωφας[ρ [r]], 𝔊L Σουφα [Soupha].",I Chronicles 7:35; I Chronicles 7:36,
1490,צוּר⁵,1,masculine,,Σουρ [Sour] (Rock);—,,
1491,צוּרִיאֵל,1,masculine,my rock is Ēl,"—a Levite, Σουριηλ [Souriēl].",Numbers 3:35,
1492,צֹ֫חַר,1,masculine,,,,
1493,צִיבָא,1,masculine,,"and ( ) צִבָא16 n.pr.m. Σ [S](ε [e])ιβα [iba]: servant of Saul’s house, (×2) + 14 times.",II Samuel 16:4; II Samuel 9:2; II Samuel 9:9; II Samuel 9:10; II Samuel 9:11,
1494,צִידוֹן,1,locative (place name),,"and (; ) צִידֹן n.pr.loc. Sîdôn, Σιδων [Sidōn], ancient Phoenician city, on coast N. of Tyre (in Assyrian Ṣidun(n)u, COTGloss; TelAm. Ṣiduna, Ph. צדן, Old Aramaic צידן; in Egypt. Dï-(d)u-na, WMMAs. u. Kur. 184);—‘first-born’ of Canaan =; northern limit of Canaanite, cf.; defined as צ׳ רַבָּה (so infr.); also; (אֱלֹהֵי צ׳); named with Tyre (cf. v ), (cf. v ), and בְּתוּלַת בַּת־צ׳ v (cf. v, etc.), (cf. v, ).—Vid. PietschPhöniz. 54 ff. PrutzAus Phönicien (1876). 98 ff. RobBR ii. 478 ff. de LuynesVoyage à la Mer Morte i. 18 ff., and Pl. vi–xi. BdPal. 3 (1898), 313 ff..",Genesis 10:15; Genesis 10:19; Genesis 49:3; Genesis 10:15; I Chronicles 1:13; Genesis 10:19; Genesis 49:13; Joshua 11:8; Joshua 19:28; Judges 1:31; Judges 10:6; Judges 18:28; I Kings 17:9; Joshua 19:28; Joshua 19:29; II Samuel 24:6; II Samuel 24:7; Isaiah 23:2; Isaiah 23:4; Isaiah 23:12; Isaiah 23:5; Jeremiah 25:22; Jeremiah 27:3; Jeremiah 47:4; Ezekiel 27:8; Ezekiel 28:21; Ezekiel 28:22; Ezekiel 28:2; Ezekiel 28:12; Zechariah 9:2; Joel 4:4,
1495,צִיּוֹן,1,locative (place name),,"Σ [S](ε [e])ιων [iōn]; Ṣîyyôn, Zion (Syriac ܨܶܗܝܘܿܢ [צהיון], older form, according to LagBN 84, cf. 198);—צ׳ +; צִיּו֫נָה;—stronghold (of Jebusites), מְצֻדַת צ׳ captured by David, and made his residence = (both + הִיא עִיר דָּוִד), on S. part of E. hill of Jerusalem, distinct from site of temple = (both מֵעִיר ד׳ הִיא צ׳), not elsewhere in narrative, but often in poets and proph.: as name of Jerus., from political point of view (sometimes = inhabitants), (‖ הַר־שֹׁמְרוֹן), ‖ יְרוּשָׁלַםִ, =, and (בַּת־צ׳); (‖ בַּת־יְרוּשׁ׳), (‖ id.), also (יוֹשֶׁבֶת צ׳); = Jerus. also; +, so especially in phr. בְּנוֹת צ׳, בְּנֵי צ׳; (‖ יִשְׂרָאֵל), cf., יָֽלְדָה צ׳ אֶת־בָּנֶיהָ, and even הַר־צ׳ = (both ‖ יְרוּשׁ׳), (‖ אֲרִיאֵל v ), (‖ בְּנוֹת יֶהוֹדָה); so also הַר־בַּת צ׳ and Qr (Kt בית: ‖ גִּבְעַת־יְרוּשׁ׳); cf. מְרוֹם־צ׳; in foll. הַר־צ׳ might refer to temple-hill (+ יְרוּשׁ׳), (+ גִּבְעָתָהּ = יְרוּשׁ׳ v ); (+ יְרוּשׁ׳); specif. of Jerus. as abode of י׳ and place of his worship; =; (all ‖ יְרוּשׁ׳), (‖ שָׁלֵם); partic. of sanctuary (‖ קֹדֶשׁ), = +; of Jerus. הַר־צ׳ (‖ קִרְיַת מֶלֶךְ רָ֑ב), (‖ שֵׁבֶט יְהוּדָה), (‖ יְרוּשׁ׳), etc.; הַרֲרֵי צ׳ in same sense †; particularly of sanctuary and (‖ הַר־קָדְשִׁי); צ׳ הַר־קָדְשִׁי is seat of king.—Vid. also בַּת־צ׳, הַר־צ׳, ישֶׁבֶת צ׳, sub.",II Samuel 5:7; Jeremiah 4:6; II Samuel 5:7; I Chronicles 11:5; I Kings 8:1; II Chronicles 5:2; Amos 6:7; Micah 3:10; Micah 3:12; Jeremiah 26:18; Isaiah 4:3; Isaiah 30:19; Isaiah 40:9; Isaiah 41:27; Isaiah 52:1; Isaiah 62:1; Isaiah 64:9; Zephaniah 3:16; Zechariah 1:14; Zechariah 1:17; Psalms 51:20; Isaiah 52:2; Micah 4:8; Lamentations 2:13; Jeremiah 51:35; Isaiah 14:32; Isaiah 33:5; Isaiah 3:16; Isaiah 3:17; Isaiah 4:4; Song of Songs 3:11; Lamentations 4:2; Joel 2:23; Psalms 149:2; Zechariah 9:13; Isaiah 66:8; II Kings 19:31; Isaiah 37:32; Isaiah 29:8; Isaiah 29:7; Obadiah 1:17; Obadiah 1:21; Psalms 48:12; Psalms 125:1; Isaiah 16:1; Isaiah 10:32; Jeremiah 31:12; Isaiah 10:12; Isaiah 31:4; Isaiah 31:5; Lamentations 5:18; Joel 3:5; Amos 1:2; Isaiah 31:9; Zechariah 8:3; Micah 4:2; Isaiah 2:3; Joel 4:16; Psalms 102:22; Psalms 135:21; Psalms 147:12; Psalms 76:3; Psalms 20:3; Psalms 14:7; Psalms 53:7; Psalms 48:3; Psalms 78:68; Isaiah 24:23; Psalms 133:3; Isaiah 4:5; Joel 2:1; Joel 4:17; Psalms 2:6,"BDB, בַּת; BDB, הַר²; BDB, יָשַׁב"
1496,צִיחָא,1,masculine,,"an overseer of Nethinim, who are called בְּנֵי צִיחָא = בְּנֵי צִחָא; Σηα, Σιααυ, Σιαλ, Σουλαι [Sēa, Siaau, Sial, Soulai], etc.",Nehemiah 11:21; Ezra 2:43; Nehemiah 7:45,
1497,צִיץ⁴,1,locative (place name),,"in מַעֲלֵה הַצּ׳; ה perhaps radical, cf. Wady Ḥaṣâṣâ, and plateau Ḥaṣâṣâ, N. of Engedi, BuhlGeogr. 97; 𝔊 Ασαε [Asae], 𝔊L τῆς ἐξοχῆς Ασισα [tēs exochēs Asisa].",II Chronicles 20:16,
1498,צִלָּה,1,feminine,,"wife of Lam., Σελλα [Sella].",Genesis 4:19; Genesis 4:22; Genesis 4:23,
1499,צַלְמוֹן,1,mountain,,,,
1500,צַלְמוֹן²,1,masculine,,"a hero of David (= עִילַי ), (Σ [S])ελλω [ellō], 𝔊L Ελιμαν [Eliman].",II Samuel 23:28; I Chronicles 11:29,
1501,צַלְמֻנָּע,1,masculine,,"a king of Midian, + זֶבַח, + 10 times, Σελμανα, Σαλμ [Selmana, Salm].",Judges 8:5; Judges 8; Psalms 83:12,
1502,צָלָף,1,masculine,NH caper-plant,"—father of a wall-builder, Σελε [Sele](φ [ph]), etc.",Nehemiah 3:30,
1503,צְלָפְחָד,1,masculine,,"of Manasseh, (×2), (×2), Σαλπααδ [Salpaad], etc.",Numbers 26:33; Numbers 27:1; Numbers 27:7; Numbers 36:2; Numbers 36:6; Numbers 36:10; Numbers 36:11; Joshua 17:3; I Chronicles 7:15,
1504,צֶ֫לֶק,1,masculine,,"Ammonite hero of David =, Ελειε, Σελ [Eleie, Sel](λ [l])η [ē](κ [k]), Σαλααδ [Salaad], etc.",II Samuel 23:37; I Chronicles 11:39,
1505,צְמָרַיִם,1,locative (place name),,,,
1506,צִן,1,locative (place name),,"Σ [S](ε [e])ιν [in]; name of wilderness S. of Canaan, where lay Kadesh Barnea, c. ה loc. צִ֫נָה (where LagBN 47 חצן), (van d. H. צִ֫נָּה in Jos); elsewhere מִדְבַּר־צִן; (×2); (all P).",Numbers 34:4; Joshua 15:3; Numbers 13:21; Numbers 20:1; Numbers 27:14; Numbers 33:36; Numbers 34:3; Deuteronomy 32:51; Joshua 15:1,
1507,צָעִיר²,1,locative (place name),,"prob. on border of Edom, צָעִ֫ירָה, εἰς Σειωρ [eis Seiōr] (𝔊L ἐκ Σιωρ [ek Siōr]).",II Kings 8:21,
1508,צֹ֫עַן,1,locative (place name),,"Τανις [Tanis]: Tanis, in Egypt (Egyptian D̲aʿnĕ(t) SteindBAS 600, in Assyrian Ṣiʾinu, Saʾanu Ibid. 598 ff. DlPa 315); it was built 7 years after Hebron according to; mod. Ṣân, in NW. part of Delta; v. also EbGS 512 ff. Bd.Lower Egyptian 3 (1895), 228 PetrieTanis (1885).",Numbers 13:22; Isaiah 19:11; Isaiah 19:13; Isaiah 30:4; Ezekiel 30:14; Psalms 78:12; Psalms 78:43,
1509,צַעֲנַנִּים,1,locative (place name),,"only c. בְּ, pointed as prep., and so most (but ב perhaps radical, v. GFM); on border of Naphtali, near Ḳedesh;—בְּצ׳ (Βεσεμεειν, Σεενανειμ [Besemeein, Seenaneim], etc.) + Qr (Kt בצענים), 𝔊 πλεονεκτούντων [pleonektountōn] (√ בָּצַע), ἀναπαυομένων [anapauomenōn].",Joshua 19:33; Judges 4:11,
1510,צֹ֫עַר,1,locative (place name),,"Zoar (understood as insignificance, cf. );—Σηγωρ [Sēgōr], 𝔊L Σιγωρ [Sigōr], but Ζογορ [Zogor](α [a]); on 𝔊 cf. furhter LagBN 54 f.: city at SE. end of Dead Sea, צֹעַר, (both = בֶּלַע); צוֹעַר, (×2); c. ה loc., צֹ֫עֲרָה v + (for MT צעוריה), 𝔊 Ζογορα [Zogora], JDMich Ew Gf Gie al.—cf. BuhlGeogr. 271. 274 GASmGeogr. 506 f. 678 (App.).",Genesis 19:20; Genesis 13:10; Jeremiah 48:34; Genesis 13:10; Genesis 14:2; Genesis 14:8; Deuteronomy 34:3; Isaiah 15:5; Jeremiah 48:34; Genesis 19:22; Genesis 19:30; Genesis 19:23; Jeremiah 48:4,
1511,צְפוֹ,1,masculine,,"Σωφαρ [Sōphar]: in Edom (? gaze, gazing);—צְפוֹ, + v (ins. prob. after עירם; cf. LagSept. Stud. ii. 10, 1, 178; 37, 1, 270 NesMar. 12) = צְפִי.",Genesis 36:11; Genesis 36:15; Genesis 36:43; I Chronicles 1:36,
1512,צָפוֹן²,1,locative (place name),,"on E. bank of Jordan, in tribe of Gad, צ׳ (Σαφαν[ων [ōn]]), צָפ֫וֹנָה (βοῤῥᾶν [borran], 𝔊L Σεφηνα [Sephēna]); according to Talm. = mod. Amateh, N. of Jabbok, GFM BuhlGeogr. 259 (who doubts); Ṣapuna appears TelAm WklNo. 174.",Joshua 13:27; Judges 12:1,
1513,צִפּוֹר²,1,masculine,,"father of Balak, king of Moab (bird; perhaps specif. sparrow, cf. GrayProp. N. 94; Palm. n.pr.m. צפרא);—צ׳, צִפֹּר; Σεπφωρ [Sepphōr].",Numbers 22:2; Numbers 22:4; Numbers 22:16; Joshua 24:9; Judges 11:25; Numbers 22:10; Numbers 23:18,
1514,צִפְיוֹן,1,masculine,,"Σαφων [Saphōn]: son of Gad (? gaze);—, = צְפוֹן (v. בַּעַל צ׳).",Genesis 46:16; Numbers 26:15,
1515,צָֽפְנַת פַּעְנֵחַ,1,masculine,"Ṣapnĕtĕph ʿōnḫ, i.e. the god speaks and he lives, Egyptian D̲(d)-pnt(r)-ĕf-ʿnḫ, v. SteindÄZ 1889, 41 f.; 1892, 50 ff., so EbSmith DB (2), 1798 b Brugsch, v. DrHast. ii. 775 a n. §, Crumib. i. 665 b Griffithib. iii. 819 b","—Egyptian name given to Joseph, Ψονθομφανηχ [Psonthomphanēch], 𝔊L Ψομ [Psom]´.",Genesis 41:45,
1516,צֹפַר,1,masculine,,"and ( ) צוֹפַר n.pr.m. Job’s third friend, צ׳ הַנַּעֲמָתִי; Σωφαρ [Sōphar].",Job 2:11; Job 2:11; Job 11:1; Job 20:1; Job 42:9,
1517,צִפֹּרָה,1,feminine,,wife of Moses (bird);—; Σεπφωρα [Sepphōra] (cf. LagBN 90 Anm.*).,Exodus 2:21; Exodus 4:25; Exodus 18:2,
1518,צְפַ֑ת,1,locative (place name),,"Σεφεκ[ρ [r]]: Canaanite city = חָרְמָה q.v.; identif. by many (v. especially Palmer Desert of Exod. 374 ff.) with Sebaita (c. Lat. 30° 54ˊ N., Long. 34° 40ˊ E.), by RobBR ii. 181 with pass eṣ-Ṣŭfâh, further E.; against both v. GFM",Judges 1:17,
1519,צְפַ֫תָה,1,locative (place name),,"in Judah (van d. H. צְפָתָה, so Kit); בְּגֵיא צ׳ לְמָרֵשָׁה; 𝔊 κατὰ βορρᾶν [kata borran], whence Hi al. proposes צָפֹנָה, so BuhlLex.",II Chronicles 14:9,
1520,צִֽקְלַג,1,locative (place name),,"and (, צִיק׳) n.pr.loc. (צִֽקְלָ֑ג a +, צִֽקְלָג֖, צִיקְלָ֔ג );—assigned to Judah, to Simeon; Philistine city given to David (×2); (×3), (van d. H. v ); Σεκελακ, Σικελαγ [Sekelak, Sikelag], etc.; usually identified with Zuheilikah, 19 miles SW. from Bêt Jibrin, 11 miles ESE. from Gaza (cf. BuhlGeogr. 185).",I Chronicles 12:1; I Chronicles 12:21; I Samuel 27:6; II Samuel 2:1; I Chronicles 12:1; Joshua 15:31; Joshua 19:5; I Samuel 27:6; I Samuel 30:1; I Samuel 30:14; I Samuel 30:26; II Samuel 1:1; II Samuel 4:10; I Chronicles 4:30; I Chronicles 12:1; I Chronicles 12:21; I Chronicles 12:20,
1521,צֵר,1,locative (place name),,in Naphtali; Τυρος [Tyros].,Joshua 19:35,
1522,צֹר,1,locative (place name),,"Τυρος [Tyros]: Tyre, famous Phoenician city (Ph. צר; Assyrian Ṣurru, so TelAm; Egyptian Ḏa-(ï̥)rạ, Ḏa-ru̥ WMMAs. u. Eur. 185);—צֹר + 32 times, צוֹר + 8 times (Gi);—city of Hiram, friend of David and Sol.; of artif. Hiram; בַּת־צֹר of city personif. (another view in Che); צ׳ also in name of Ph. fortress, מִבְצַר־צ׳, עִיר מ׳ צ׳ (P); threatened by proph., and (with especially ref. to commercial greatness) (מַשָּׂא צֹר), v, (×2), (מַלְכֵי־צֹר), (מֶלֶךְ צֹר), (×2); (נְגִיד צֹר), v (מֶלֶךְ צוֹר); besieged by Nebuch.; cf.; (ישְׁבֵי צ׳); of Tyrians as proselytes (predict.);—לְצוֹר is prob. corrupt, read לָצוּד or לָצַיִד 𝔊 We GASm, cf. Now.—צ׳ often + צִידוֹן q.v.;—see, on Tyre, PietschmPhön. 60 ff. RobBR ii. 461 ff. de LuynesVoyage à la Mer Morte (1874) i. 28 ff., and Pl. xiii–xviii BdPal. 3 (1898), 307 ff.—ii. צֹר (flint, knife) v..",II Samuel 24:7; I Kings 5:15; II Samuel 5:11; I Kings 5:15; I Kings 9:11; I Kings 9:12; I Chronicles 14:1; II Chronicles 2:2; II Chronicles 2:10; I Kings 7:13; Psalms 45:13; II Samuel 24:7; Joshua 19:29; Amos 1:9; Amos 1:10; Isaiah 23:1; Isaiah 23:5; Isaiah 23:8; Isaiah 23:15; Isaiah 23:17; Jeremiah 25:22; Jeremiah 27:3; Jeremiah 47:4; Ezekiel 26:2; Ezekiel 26:3; Ezekiel 26:4; Ezekiel 26:7; Ezekiel 26:15; Ezekiel 27:2; Ezekiel 27:3; Ezekiel 27:8; Ezekiel 27:32; Ezekiel 28:2; Ezekiel 28:12; Ezekiel 29:18; Ezekiel 29:18; Zechariah 9:2; Zechariah 9:3; Joshua 4:4; Psalms 83:8; Psalms 87:4; Hosea 9:13,"BDB, צָרַר³"
1523,צְרֵדָה,1,locative (place name),,"home of Jerob., Σαρειρα [Sareira], A Σαριδα [Sarida]; v. [ ].",I Kings 11:26,"BDB, צְרֵרָה; BDB, צָֽרְתָן"
1524,צְרוּיָה,1,feminine,,"Σαρουια [Sarouia]: mother of Abishai, Joab and Asahel;—צ׳ +, צְרֻיָה;—according to a she was David’s sister; called אֵם יוֹאָב; elsewhere after cstr. בֶּן־ (בְּנֵי): בֶּן־צ׳ of Abishai; of Joab; =; and v =; pl. of all three; Abishai and Joab.",I Samuel 26:6; II Samuel 14:1; II Samuel 16:10; II Samuel 23:37; I Chronicles 2:16; II Samuel 17:25; I Samuel 26:6; II Samuel 16:9; II Samuel 18:2; II Samuel 19:22; II Samuel 21:17; I Chronicles 18:12; II Samuel 2:13; II Samuel 8:16; I Chronicles 18:15; II Samuel 14:1; II Samuel 23:18; II Samuel 23:37; I Chronicles 11:39; I Kings 1:7; I Kings 2:5; I Kings 2:22; I Chronicles 11:6; I Chronicles 26:28; I Chronicles 27:24; II Samuel 2:18; I Chronicles 2:16; II Samuel 3:39; II Samuel 16:10; II Samuel 19:23,
1525,צְרוֹר³,1,masculine,,"grandfather of Ḳish, Αρεδ [Ared], 𝔊L Σαρα [Sara].",I Samuel 9:1,
1526,צְרִי,1,masculine,,"a musician, (Σ [S])ουρ [our](ε [e])ι [i], = יִצְרִי (q.v.) v (Ιεσδρει [Iesdrei], 𝔊L Ασειρηλα [Aseirēla]).",I Chronicles 25:3; I Chronicles 25:11,
1527,צָרְעָה,1,locative (place name),,"Σαραα [Saraa], etc. (cf. also LagBN 85), in the Shephelah of Judah (TelAm. Ṣarḫa, named with Aialuna, Ajalon);—, but assigned to; mod. Ṣarʿa, 15 miles W. from Jerus., cf. GASmGeogr. 218 BuhlGeogr. 195.",Joshua 15:33; Joshua 19:41; Judges 13:2; Judges 13:25; Judges 16:31; Judges 18:2; Judges 18:8; Judges 18:11; II Chronicles 11:10; Nehemiah 11:29,
1528,צָֽרְפַת,1,locative (place name),,"Σαρεπτα [Sarepta]: on coast S. of Sidon (? smelting-place; on strange form cf. LagBN 84; Assyrian Ṣariptu DlPa 284 COT; Egyptian Ḏa-ï̥ra-pu-ti̥ WMMAs. u. Eur. 184);—צ׳; צָֽרְפָ֫תָה, (so Gi; -פַ֫תָה van d. H. Baer); mod. Ṣarfend RobBR ii. 474 ff. PietschmPhön. 58 f..",I Kings 17; I Kings 9; Obadiah 1:20; I Kings 17:9; I Kings 17:10,
1529,צֶ֫רֶת,1,masculine,,"in Judah, Αρεθ [Areth], A Σαρεθ [Sareth], 𝔊L Σαρηθ [Sarēth].",I Chronicles 4:7,
1530,צָֽרְתָן,1,locative (place name),,"in Jordan valley, near ford, BuhlGeogr. 181; exact site unknown; Καθιαιρειν [Kathiairein], 𝔊L Καριαθιαρειμ [Kariathiareim]), (Σειρα [Seira], 𝔊L Σαρθαν [Sarthan]) = צְרֵדָ֫תָה (Αναμε [i.e. ἀνὰ μέσον [ana meson]] σιρδαθαι [sirdathai]; Σα [Sa](ρι [ri])δαθα [datha]; is Chr right?); צָֽרְתַ֫נָה (Σεσαθαν [Sesathan], 𝔊L Σαρθαν [Sarthan])—cf. צְרֵרָתָה, appar. same place; identity with צְרֵדָה is usually assumed, but not proven.",Joshua 3:16; I Kings 7:46; II Chronicles 4:17; I Kings 4:12; Judges 7:22; I Kings 11:26,
1531,קַבְצְאֵל,1,locative (place name),,"[יְקַבְצְאֵל] n.pr.loc. in S. of Judah (gathering of Ēl, of Ēl gathereth, cf. Sab., of ʿAṯtar, sub √ supr.);—ק׳ =, Καβ [Kab](ε [e])σεηλ [seēl], etc., וּבִיקַב׳, 𝔊L Καβσεηλ [Kabseēl].",Joshua 15:21; II Samuel 23:20; I Chronicles 11:22; Nehemiah 11:25,
1532,קִבְצַיִם,1,locative (place name),Thes two heaps,"—Levite city in Ephr. 𝔊B om., A Καβσαειμ [Kabsaeim], 𝔊L Καβσεμ [Kabsem]), = יָקְמְעָם [q.v. sub ].",Joshua 21:22; I Chronicles 6:53,"BDB, קוּם"
1533,קִבְרוֹת הַתַּאֲוָה,1,locative (place name),,"Μνήματα [Mnēmata] (τῆς [tēs]) ἐπιθυμίας [epithymias]: a station in wilderness (the graves of desire, cf. and תַּאֲוָה p. 16 supr.);—, קִבְרֹת הַתּ׳.",Numbers 11:34; Numbers 11:34; Numbers 11:35; Numbers 33:16; Numbers 11:17; Deuteronomy 9:22,
1534,קַדְמִיאֵל,1,masculine,,"Καδμιηλ [Kadmiēl], 𝔊L Κεδμιηλ [Kedmiēl]; Levite name (Ēl is the ancient one; cf. Sab. אלקדם DHMZMG xxxvii (1883), 374);— =.",Ezra 2:40; Nehemiah 7:42; Ezra 3:9; Nehemiah 9:4; Nehemiah 9:5; Nehemiah 10:10; Nehemiah 12:8; Nehemiah 12:24,
1535,קֵדָר,1,gentilic (people group),swarthy? black-tented?,Κηδαρ [Kēdar]:,,
1536,קִדְרוֹן,1,,,"of wady just E. of Jerusalem (Thes. turbidus);—נַחַל ק׳; usually as place for refuse =; (×2); so שַׁדְמוֹת ק׳; Κεδρων [Kedrōn]; cf. Rob Phys. Geogr. 87 ff. BuhlGeogr. 93 BdPal. 3 (1898), 94.",II Samuel 15:23; I Kings 2:37; I Kings 15:13; II Chronicles 15:16; II Kings 23:6; II Kings 23:12; II Chronicles 29:16; II Chronicles 30:14; Jeremiah 31:40; II Kings 23:4,
1537,קֶ֫דֶשׁ,1,locative (place name),sanctuary,Καδης [Kadēs]:,,
1538,קָדֵשׁ²,1,locative (place name),"sacred; but perhaps orig. קֶדֶשׁ, and pointing artif. to disting. from ק׳ in N",—,,
1539,קְהָת,1,masculine,,"Κααθ [Kaath]: son of Levi, cf.; and בֶּן־ק׳; בְּנֵי ק׳ + 4 times Ch; as a division of Levites, + 9 times; מִשְׁפְּחוֹת ב׳ ק׳, מִשְׁפַּחַת לִב׳ ק׳ v.—Van d. H. has קֳהָת + 7 times",Genesis 46:11; Exodus 6:16; Numbers 3:17; I Chronicles 5:27; I Chronicles 6:1; I Chronicles 23:6; Exodus 6:18; Numbers 26:58; Numbers 16:1; I Chronicles 6:23; Exodus 6:18; Numbers 3:19; Numbers 3:29; Joshua 21:20; Joshua 21:26; I Chronicles 6:51; I Chronicles 6:55; Numbers 3:19,
1540,קֹוֶה,1,territorial (land/region),,"or קֹוֵא n.pr.terr. Ḳuë in Cilicia (cf. KAT2. 257); מִקֹּוֶה from Ḳuë, for MT מִקְוֵה (×2) and ‖ מִקְוֵא (×2); so Wkl Alttest. Unters. 173 Gr Benz Kit, cf. 𝔊 ἐκ Θεκουε [ek Thekoue] (also ἐκ Κωα [ek Kōa] Field Hexapla i. 616), 𝔙 de Coa, Κωδ [Kōd] LagOnom. 273, Jer Coa id. ibid. 111.",I Kings 10:28; II Chronicles 1:16,
1541,קוֹלָיָה,1,masculine,voice of י׳,—,,
1542,קוֹץ²,1,masculine,,,,
1543,קוּשָׁיָ֫הוּ,1,masculine,"form dub.; KitHpt קִישׁ׳, cf. and 𝔊; PeiZAW xvii (1897), 348 finds here a god Ḳûs, but very precarious","—Levite, (υἱὸς [yios]) Κ [K](ε [e])ισαίου [isaiou], = קִישִׁי, Κεισαι[ν [n]], 𝔊L Κουσει [Kousei].",I Chronicles 6:29; I Chronicles 15:17; I Chronicles 6:29,
1544,קְטוּרָה,1,feminine,,"a wife of Abraham, after Sarah’s death; Χεττουρα [Chettoura].",Genesis 25:1; Genesis 25:4; I Chronicles 1:32; I Chronicles 1:33,
1545,קָטָן²,1,masculine,the small,"—הַקּ׳, post-ex. name, Ακ [Ak](κ [k])αταν [atan].",Ezra 8:12,
1546,קִטְרוֹן,1,locative (place name),,"in Zebulun, Κεδρων [Kedrōn], A Χεβρων [Chebrōn]; = קַטָּת ? site unknown.",Judges 1:30; Joshua 19:15,
1547,קַ֫יִן²,1,,,,,
1548,קַ֫יִן³,1,masculine,,"Cain, Καιν [Kain], eldest son of Adam and Eve (expl. from קָנָה acquire; but in fact = ii. ק׳, as heros eponymos, according to WeComp. 11 StaG 285 ff. BuUrg. 193 Holz especially StaZAW xiv (1894), 250 ff.; xv (1895), 157 ff., CheEncy. Bib. cain);—ק׳, (×2), (×2), (×2), קָ֑יִן v, (all J).",Genesis 4:1; Genesis 50; Genesis 4:1; Genesis 4:2; Genesis 4:3; Genesis 4:5; Genesis 4:8; Genesis 4:9; Genesis 4:13; Genesis 4:15; Genesis 4:16; Genesis 4:17; Genesis 4:6; Genesis 4:24; Genesis 4:25,
1549,קִינָה,1,locative (place name),,"in S. Judah (a settlement of ii. קַיִן 1?), Ικαμ [Ikam], A 𝔊L Κ [K](ε [e])ινα [ina].",Joshua 15:22,
1550,קֵינָן,1,masculine,,"a Sethite (Sab. n.pr. dei קינן CISiv, no. 8, 1. 2);—; Καιναν [Kainan].",Genesis 5:9; Genesis 5:10; Genesis 5:12; Genesis 5:13; Genesis 5:14; I Chronicles 1:2,
1551,קִיר²,1,locative (place name),,"in n.pr.loc. of Moabite cities (cf. = city MI 11, 12, 24, pl. קרן l:29);—𝔊 usually om., or reads τὸ τεῖχος [to teichos];—",,"BDB, קער"
1552,קִיר³,1,territorial (land/region),,"et gent. ק׳ orig. house of Aramaic; קִ֫ירָה as place of exile; (𝔊 τὴν πόλιν [tēn polin]); קִיר as people in Assyrian army (v vid. i. ad fin.).—Location dub., v. conspectus of older views Dr; plausible is some tribe in S. Babylonia, E. of Tigris WklAT Unters. 178, cf. HalRÉJ; xi. 60;—WMMHast. DB kir everywhere del., or em. קוֹעַ, but v. i. קִיר 3.",Amos 9:7; Amos 1:5; II Kings 16:9; Isaiah 22:6; Isaiah 22:5; Amos 1:5,"BDB, קִיר"
1553,קִישׁ,1,masculine,"prob. *קַיְשְׁ, Arabic قَيْس [qays], Aramaic קישׁא, NöZMG xi (1886), 167; orig. n.pr.dei as Arabic قيس [qys], wh. now only in n.pr. pers. WeHeid. 2, 67",—Κ [K](ε [e])ις [is]:,,
1554,קִישׁוֹן,1,,,"of wady running NW. through plain of Megiddo (Esdraelon), Κ [K](ε [e])ισων [isōn] (? stream of (god) Kish RSSem i. 155; 2nd ed. 170);—always נַחַל ק׳; (×2), also; mod. Nahrel-Muḳaṭṭaʿ; v. BuhlGeogr. 106, 209, GASmGeogr. 382.",Judges 4:7; Judges 4:13; Judges 5:21; Psalms 83:10; I Kings 18:40,
1555,קַלַּי²,1,masculine,,"priest, 𝔊L Καλμει [Kalmei].",Nehemiah 12:20,
1556,קְלִיטָא,1,masculine,,"Levite; (𝔊L in both Καλλιτας [Kallitas]) (where called also קֵלָיָה, v. ), Κωλιευ [Kōlieu], A Κωλιτας [Kōlitas], 𝔊L as Ne.",Nehemiah 8:7; Nehemiah 10:11; Ezra 10:23,"BDB, קוֹלָיָה"
1557,קְמוּאֵל,1,masculine,,Καμουηλ [Kamouēl]:,,
1558,קָנָה²,1,,,,,
1559,קְנַז,1,masculine,,"in Edom, Κενεζ [Kenez]: son of Eliphaz =; cf. v =, and father of Othniel, (v. BuRS 9 MeyEntstehung 115f.).",Genesis 36:11; I Chronicles 1:36; Genesis 36:15; Genesis 36:42; I Chronicles 1:53; Joshua 15:17; Judges 1:13; Judges 3:9; Judges 3:11; I Chronicles 4:13; I Chronicles 4:15,
1560,קְנָת,1,locative (place name),,"Κααθ, Κα [Kaath, Ka](α [a])ναθ [nath], E. of Jordan (JE); perhaps Ḳanawat on W. slope of Hauran mountains (BuhlGeogr. 252).",Numbers 32:42; I Chronicles 2:23,
1561,קְעִילָה,1,locative (place name),,"Κεειλα [Keeila]: in Judah, toward Philistines, ק׳ + 13 times (קְעִלָה, v, ); (P), cf. (geneal. scheme); post-ex. פֶּלֶךְ קְעִילָה; mod. Kîlā, c. 8 m. NW. from Hebron, GASmGeogr. 230 BuhlGeogr. 193; cl. TelAm. Ḳilti Wkl No. 165, 11, 18, etc..",I Samuel 23:1; I Samuel 23:23; I Samuel 23:3; I Samuel 23:13; Joshua 15:44; II Chronicles 4:19; Nehemiah 3:17; Nehemiah 3:18,
1562,קָצִין,1,locative (place name),,"[עֵת] n.pr.loc. on border of Zebulun, only c. ה loc., עִתָּה ק׳; site unknown.",Joshua 19:13,
1563,קְצִיעָה²,1,feminine,"cassia, from fragrance","—Job’s second daughter, Κασ [Kas](σ [s])ιαν [ian] (acc.).",Job 42:14,
1564,קְצִיץ,1,locative (place name),from above √?,"—only in עֵמֶק ק׳ in Benj., Αμεκασεις [Amekaseis], etc.",Joshua 18:21,
1565,קָרֵחַ,1,masculine,,"in Judah (bald one);—, Καρηθ [Karēth], 𝔊L Καρηε [Karēe]; + 12 times Je, Καρηε [Karēe].",II Kings 25:23; Jeremiah 40:8,
1566,קֹ֫רַח,1,masculine,,Κορε [Kore] (baldness?);—,,
1567,קְרִיּוֹת,1,locative (place name),formed as pl. intens. from קִרְיָה?,—,,
1568,קִרְיַת אַרְבַּע,1,locative (place name),,"older name of Hebron; πόλις Αρβο [polis Arbo](κ [k]), Καρ [Kar](ι [i])αθαρβοκ [atharbok], etc. (prob. = fourfold city (otherwise; ), v. especially GFM);— (JED), (ק׳ אַרְבַּ֑ע), also; (all P); ק׳ הָא׳ (P).—Vid..",Joshua 14:15; Joshua 15:13; Joshua 21:11; Joshua 14:15; Judges 1:10; Genesis 23:2; Joshua 15:13; Joshua 15:54; Joshua 20:7; Joshua 21:11; Genesis 35:27; Nehemiah 11:25,"BDB, חֶבְרוֹן"
1569,קִרְיַת חֻצוֹת,1,locative (place name),,"in Moab, πόλεις ἐπαύλεων [poleis epauleōn], site unknown.",Numbers 22:39,
1570,קִרְיַת יְעָרִים,1,locative (place name),,"πόλ [pol](ε [e])ις Ιαρειμ[ν [n]], Καριαθιαρειμ [Kariathiareim], etc. (city of forests);—city of the Gibeonites, assigned to Judah cf. (×2), on border of Benj. (הַר יְעָרִים v, 𝔊 πόλιν Ιαρειν [polin Iarein], v. ), assigned to Benj. v (יְעָרִים om. by textual error before עָרִים, v. 𝔊); near Beth Shemesh, long the abode of ark; named in genealogical list; named also = ק׳ עָרִים (read יְעָרִים); c. art. ק׳ הַיְּעָרִים; abbreviated (in poet.) (שְׂדֵי־) יָ֑עַר; called also קִרְיַת־בַּעַל (Καριαθβααλ [Kariathbaal]); + v (where read for ק׳ יְעָרִים, so 𝔊 Di Benn Steuern); this abbrev. into בַּעֲלָה, [(Ιε [Ie])βααλ [baal]], also v, and מִבַּעֲלֵי יְהוּדָה (read בַּעַל יְה׳, or בַּעֲלַת יְה׳), בַּעֲלָ֑תָה ‖ (v. on these ii. ). Identif. uncertain; RobBR ii. 11 conj. Kiryat el-ʿEnab, 8 m. + W. of Jerusalem (cf. Καριαθιαρειμ [Kariathiareim] LagOnom.271); ʿErma (HendersonPal. 85, 112, 210 ConderSurvey Mem. iii. 43 ff.), cf. GASmGeogr. 225 f. BuhlGeogr. 166 f.",Joshua 9:17; Joshua 15:60; Judges 18:12; Joshua 15:9; Joshua 15:10; Joshua 18:14; Joshua 18:28; I Samuel 6:21; I Samuel 7:1; I Samuel 7:2; I Chronicles 13:5; I Chronicles 13:6; II Chronicles 1:4; I Chronicles 2:50; I Chronicles 2:52; I Chronicles 2:53; Nehemiah 7:28; Ezra 2:25; Jeremiah 26:20; Psalms 132:6; Joshua 15:60; Joshua 18:14; Joshua 18:15; Joshua 15:9; Joshua 15:10; Joshua 15:11; Joshua 15:29; II Samuel 6:2; I Chronicles 13:6,"BDB, יְעָרִים; BDB, בַּעֲלָה²"
1571,קִרְיַת־סֵ֫פֶר,1,locative (place name),,"πόλις [polis] (τῶν [tōn]) γραμμάτων [grammatōn], + (𝔊B ) Καριασσωφαρ [Kariassōphar]: ancient name of דְּבִיר (v. ii. 2 c) (perhaps ק׳־סֹפֵר scribe-town, cf. 𝔊 supr., also 𝔖 and Egyptian Bai-ti̥ṯu-pa-ï̥rḁ, house of scribe, WMMAs. u. Eur. 174 BuhlGeogr. 274, cf. GFM Ju);—; another name is ק׳־סַנָּה (but 𝔊 πόλις γραμμάτων [polis grammatōn], hence read perhaps ק׳־ספר, so Steuern), in S. Judah; on site (prob. Dhoherîye, 5 h. SW. from Hebron) v. ii. 2 c and BuhlGeogr. 164.",Judges 1:11; Joshua 15:15; Joshua 15:16; Judges 1:11; Judges 1:12; Joshua 15:49,"BDB, ד; BDB, דְּבִיר²"
1572,קִרְיָתַ֫יִם,1,locative (place name),,"Καριαθαιμ [Kariathaim] (perhaps double city (du.), yet in gen. on יִם—ַ in n.pr.loc. v. Ges§ 88 c);—",,
1573,קֶרֶן הַפּוּךְ,1,feminine,"horn of antimony, i.e. beautifier, v.",—Job’s third daughter.,Job 42:14,"BDB, פּוּחַ"
1574,קַרְקַע²,1,locative (place name),floor,"—c. art. + ה loc., הַקַּרְקָ֑עָה, on extreme S. border of Judah; τὴν κατὰ δυσμὰς Καδης [tēn kata dysmas Kadēs].",Joshua 15:13,
1575,קַרְתָּה,1,locative (place name),,"Καδης, Καριθα [Kadēs, Karitha], etc.: Levit. city in Zebulun, site unknown.",Joshua 21:34,
1576,קִשְׁיוֹן,1,locative (place name),,"Levit. city in Issachar; (in ‖ קֶדֶשׁ q.v.); Κεισων [Keisōn], 𝔊L Κεσιων [Kesiōn], A Κεσ [Kes]ʹ, Κισ [Kis]ʹ.",Joshua 19:20; Joshua 21:28; I Chronicles 6:57,
1577,רָ(א)מוֹת,1,,,,,
1578,רֹאֶה³,1,masculine,,v. infr.,I Chronicles 2:52,"BDB, רְאָיָה"
1579,רְאוּבֵן,1,masculine,,"Reuben, Ρουβην[ιν [in]] (behold a son! but makes = רָאָה בְּעָנְיִי(!); JosAnt. i, 19, 7 al. Ρουβηλος [Roubēlos], 𝔖 ܪܘܽܒܝܺܠ [רוביל], ר׳ then perhaps = Arabic رِيبَالٌ [rībālun] lion, cf. Di);—",Genesis 29:32,
1580,רְאוּמָה,1,feminine,,"concubine of Nahor (J); A Ρεηρα [Reēra], 𝔊L Ρεημα [Reēma].",Genesis 22:23,
1581,רְאָיָה,1,masculine,י׳ hath seen,—,,
1582,רֹאשׁ⁴,1,gentilic (people group),,"Rôsh (so 𝔊 and most; > chief Ew Sm al. (𝔙 principem capitis) Mosoch);—only in phr. נְשִׂיא רֹאשׁ (אֶרֶץ מָגוֹג) גּוֹג מֶשֶׁךְ וְתֻבָ֑ל, Ρως [Rōs]; not identified.",Ezekiel 38:2; Ezekiel 38:3; Ezekiel 39:1,
1583,רַבָּה,1,locative (place name),,"Rabba (proposes great or populous, sc. city);—",,
1584,רִבְקָה,1,feminine,,"Rebekah, daughter of Bethuel and wife of Isaac; + 24 times;—𝔊 Ρεβεκκα [Rebekka].",Genesis 22:23; Genesis 24:15; Genesis 24:24; Genesis 24:25; Genesis 24:26; Genesis 24:27; Genesis 28:5; Genesis 29:12; Genesis 35:8; Genesis 49:31,
1585,רֶ֫גֶם,1,masculine,"Thes cp. Arabic رَجْمٌ [rajmun] friend; v. also Sab. רגם Hal 63, 4","—, Ραγεμ, Ρεγεμ [Ragem, Regem], 𝔊L Ρεγμα [Regma].",I Chronicles 2:47,
1586,רֶ֫גֶם מֶ֫לֶךְ,1,masculine,,exilic; Αρβεσεερ ὁ Βασιλεύς [Arbeseer ho Basileus].,Zechariah 7:2,
1587,רַדַּי,1,masculine,,"fifth son of Jesse, according to; Ζαδδαι [Zaddai], A Ραδδαι [Raddai], 𝔊L Ρεδαι [Redai].",I Chronicles 2:14,
1588,רַדַּי²,1,,,v..,,"BDB, רָדַד"
1589,רוּמָה,1,locative (place name),,"מִן־ר׳; (ἐκ [ek]) Κρουμα, Α Ρυμα [Krouma, A Ryma], 𝔊L Λοβεννα [Lobenna]; poss. = [אֲרוּמָה] (q. l. perhaps also v, see GFM), yet cf. Kit Benz.",II Kings 23:36; Judges 9:41; Judges 9:31,
1590,רוּת,1,feminine,,v. sub.,,"BDB, רעה"
1591,רוּת²,1,feminine,,"Ruth (for רְעוּת, i.e. friendship, Syriac ܪܥܽܘܬ [רעות], Thes LagBN 84, 156; Or. ii. 41 Kö ii. 1, 481);—Moabitess, ancestress of David; Ρουθ [Routh].",Ruth 1:4; Ruth 1:14; Ruth 1:16; Ruth 1:22; Ruth 2:2; Ruth 2:8; Ruth 2:21; Ruth 2:22; Ruth 3:9; Ruth 4:5; Ruth 4:10; Ruth 4:13,
1592,רָחָב²,1,feminine,,"harlot in Jericho;—, (all JE); Ρααβ [Raab] (so Heb 3:11; Jas 2:25, but Mt 1:5 Ραχαβ [Rachab]).",Joshua 2:1; Joshua 2:3; Joshua 6:17; Joshua 6:23; Joshua 6:25,
1593,רְחַבְעָם,1,masculine,,"Rehoboam (word-play on רחב Ecclus );—king of Judah, son of Solomon; Ροβοαμ [Roboam]:, + 16 times, + ‖, + 21 times, + (×2); also.",I Kings 11:43; I Kings 12:1; I Kings 12:3; I Kings 12:6; I Kings 12; I Kings 14; I Kings 15:6; II Chronicles 9:31; II Chronicles 10:1; II Chronicles 10:3; II Chronicles 10:6; II Chronicles 10; II Chronicles 11; II Chronicles 12; II Chronicles 13:7; I Chronicles 3:10,Ben Sira 47:23
1594,רְחוֹב²,1,,,"Πααβ, Ποωβ [Paab, Poōb], etc.:",,
1595,רַ֫חַם,1,masculine,girl(-like)?,"—in Judah; Ραμεε [Ramee], A Ραεμ [Raem]῾, 𝔊L Ρααμ [Raam].",I Chronicles 2:44,
1596,רֵכָב,1,masculine,bond of riders? cf. Arabic رِكَابٌ [rikābun] camels used in journeying,—,,
1597,רֵכָה,1,locative (place name),,"in Judah;—, Ρηχαβ [Rēchab].",I Chronicles 4:12,
1598,רָם,1,masculine,,,,
1599,רָמָה²,1,locative (place name),,"usually c. art. הָר׳ the Height, Rama, הָרָמָה (except ):",Jeremiah 31:15; Nehemiah 11:33,
1600,רִמּוֹן²,1,,,"dei, in Aramaic (Old Aramaic רמן in n.pr. Lzb 369 Cook 108; Assyrian Rammânu, god of wind, rain and storm (Schr COT, Zim KAT 3, 442 ff. Muss-ArnoltJBL xi (1892), 172 JastrRel. Bab. 156 ff.); Sab. רמן (CISiv, no. 140, 209 H. Derenb in Kohut-Studies120 ff.); etym. dub.; √ thunder Schr; √ ramâmu, roar DlHWB 624 and most; = i. רִמּוֹן HomA. u. A. 98);—בֵּית ר׳, בֵּית רִמֹּן v (×2); Ρεμμαν[θ [th]];—v. also p. 213, p. 372.",II Kings 5; II Kings 18; II Kings 5:18; II Kings 5:18,"BDB, רעם; BDB, הֲדַדְרִמּוֹן; BDB, טַבְרִמּוֹן"
1601,רִמּוֹן³,1,masculine,,in Benj.; Ρεμμων [Remmōn].,II Samuel 4:2; II Samuel 4:5; II Samuel 4:9,
1602,רִמּוֹן⁴,1,locative (place name),,,,
1603,רַמְיָה,1,masculine,proposes י׳ hath loosened?,"—one with foreign wife, Ραμιά [Ramia](ς [s]).",Ezra 10:25,
1604,רְמַלְיָ֫הוּ,1,masculine,,"father of Peḳaḥ, king of Israel, בֶּן־ר׳; contempt. (פֶּקַח om.); υἱὸς Ῥομελίου [yios Rhomeliou].",II Kings 15:25; II Kings 15:27; II Kings 15:30; II Kings 15:32; II Kings 15:37; II Kings 16:1; II Kings 16:5; Isaiah 7:1; II Chronicles 28:6; Isaiah 7:4; Isaiah 7:5; Isaiah 7:9; Isaiah 8:6,
1605,רָמָתַיִם,1,locative (place name),,"הָר׳, v. ii. רָמָה 2.",I Samuel 1:1,
1606,רִנָּה²,1,masculine,,"in Judah; Ανα [Ana], A Ραννων [Rannōn], 𝔊L Ρεννα [Renna].",I Chronicles 4:20,
1607,רֶ֫סֶן²,1,locative (place name),,"in Assyria, near Nineveh; Δασεμ [Dasem] (prob. = rêš êni, head of spring; cf. DlPa 261 COT ).",Genesis 10:12; Genesis 10:12,
1608,רְעוּ,1,masculine,"proposes name of a god, Duval ZA vi. 126 MezḤarrân 23, cf. Hom A. u. A ii. 208","—son of Peleg:, (P); Ραγαυ [Ragau].",Genesis 11:18; Genesis 11:19; Genesis 11:20; Genesis 11:21; I Chronicles 1:25,
1609,רְעוּאֵל,1,masculine,,Ραγουηλ [Ragouēl]:,,
1610,רְעֵלָיָה,1,masculine,,"companion of Zerub., (Ρεελεια [Reeleia], 𝔊L Δεμίου [Demiou]), = רַעַמְיָה (Νααμια [Naamia], א Δαεμια [Daemia], 𝔊L Δαιμίας [Daimias], A Ρεελμα [Reelma]).",Ezra 2:2; Nehemiah 7:7,
1611,רַעְמָה²,1,masculine,GiIntr. 124 ff.,"n.pr.m. ‘son’ of Cush, ה—ָ (×2) = א—ָ (×2) (Baer, v. his note; van d. H. Gi ה—ָ v b); Ρεγχμα, Ρεγμα [Renchma, Regma]; ה—ָ as trading people, Ραμα, Ραγμα [Rama, Ragma]. Identified by many with city Ῥεγ [Rheg](α [a])μα [ma] (Ptol vi. 7, 14), ῾Ρηγμα [Rēgma] (Steph. Byz.), in SE. Arabia, on Pers. Gulf (so even DHMZMG xxx (1876), 122 GlasSkizze ii. 251, 325), but this is رجمة [rjmh] in inscr. (Glasib. 252); רעֿמה near Meʿîn in SW. Arabia (HomSüdar. Chrest. 131 Hal 535, 11, cf. DHMl.c.); perhaps = Ῥαμμανῖται [Rhammanitai] of Strabo xvi. 4. 24, v. Di.",Genesis 10:7; I Chronicles 1:9; Ezekiel 27:22; Genesis 10:7,
1612,רָפָא²,1,masculine,,"in Benj., Ραφη[α [a]].—II. רָפָא v..—Vid. also בֵּית ר׳ p. 112.",I Chronicles 8:2,"BDB, רָפָה"
1613,רְפָאִים³,1,gentilic (people group),,"old race of giants (perhaps = I. ר׳, as extinct and powerless; v. especially WRS in Dr; or as shadowy, vaguely known, SchwallyZAW xviii (1896), 127 ff. v. also Stal.c.);—ancient inhab. of Canaan [W. of Jordan?]; (JE), cf. (v. supr.); hence עֵמֶק ר׳, plain S. of Jerus.; (P); ר׳ E. of Jordan (‖ עֲנָקִים; tall, cf. v ), v (‖ id.; tall; = Zamzummim); in Bashan, Og the last of them (of huge size); (D); אֶרֶץ ר׳. 𝔊 Ραφαειν[μ [m]]; οἱ γίγαντες [oi gigantes] + 4 times; τῶν Τιτάνων [tōn Titanōn], + (𝔊L).",Deuteronomy 2:11; Genesis 15:20; Joshua 17:15; I Chronicles 20:4; II Samuel 5:18; II Samuel 5:22; II Samuel 23:13; I Chronicles 11:15; I Chronicles 14:9; Isaiah 17:5; Joshua 15:8; Joshua 18:16; Deuteronomy 2:11; Deuteronomy 2:10; Deuteronomy 2:20; Genesis 14:5; Deuteronomy 3:11; Joshua 12:4; Joshua 13:12; Deuteronomy 2:20; Deuteronomy 3:13; Genesis 14:5; II Samuel 5:18; II Samuel 5:22; II Samuel 23:13,"BDB, רָפָה³"
1614,רָפָה,1,masculine,,"in Saul’s line, Ραφαι [Raphai](α [a]), 𝔊L Αραχα [Aracha]; v..—II. ר׳ v..",I Chronicles 8:37,"BDB, רְפָיָה; BDB, רָפָה²"
1615,רָפָה³,1,masculine,,"II. רָפָא as n.pr.m., always c. art. Hā-Rāphā (perhaps der. from n.pr.gent. II. רְפָאִים, q.v.);—הָֽרָפָה, c. prep. לְהָ׳ v = לְהָרָפָא;—only as parent, בִּילִידֵי הָר׳, (= מִילִידֵי הָֽרְפָאִים ); יֻלַּד לְהָר׳ v, ‖.—1. רָפָה v. sub.",II Samuel 21:16; II Samuel 21:18; II Samuel 20:22; I Chronicles 20:6; I Chronicles 20:8; II Samuel 21:16; II Samuel 21:18; I Chronicles 20:4; II Samuel 21:20; II Samuel 21:22; I Chronicles 20:6; I Chronicles 20:8,"BDB, רָפָא"
1616,רָפוּא,1,masculine,,"in Benj., Ραφου[αυ [au]].",Numbers 13:9,
1617,רְפָיָה,1,masculine,,,,
1618,רְפָיָה²,1,masculine,,v. sub. v..,,"BDB, רָפָא; BDB, רִפָּיוֹן; BDB, רָפָה²"
1619,רְצִין,1,masculine,,,,
1620,רֶ֫צֶף,1,locative (place name),,"conquered by Assyrian (Assyrian Raṣappa, COT SchrKGF 167 DlPa 297; prob. = Ῥησάφα [Rhēsapha] Ptol v. 18);— =, Ραφε [Raphe](ι [i])ς, Ραφεθ [s, Rapheth]; mod. Ruṣâfa, between Palmyra and the Euphrates Dll.c. Peters Nippur i. 105.",II Kings 19:12; II Kings 19:12; Isaiah 37:12,
1621,רִצְפָּה²,1,feminine,,"concubine of Saul, Ρεσφα [Respha].",II Samuel 3:7; II Samuel 21:8; II Samuel 21:10; II Samuel 21:11,
1622,רֶ֫קֶם,1,,,,,
1623,רַקַּת,1,locative (place name),,"in Naphtali; 𝔊 (ομαθα [omatha]) δακεθ [daketh], A Ρεκκαθ [Rekkath], 𝔊L Ρακκαθ [Rakkath]; a Jewish trad. identified with Tiberias, TalmJer. Megilla 2b NbrGeogr. 208 f. BuhlGeogr. 225 GASmGeogr. 447.",Joshua 19:35,
1624,רֶ֫שֶׁף²,1,masculine,,"in Ephr.; Σαραφ [Saraph], A Ρασεφ [Raseph], 𝔊L Ρασηφ [Rasēph].",I Chronicles 7:25,
1625,שָׁאוּל,1,masculine,"'= asked (of י׳), cf. infr.; Palm. n.pr. שאילא Lzb371 Cooke283",—Σαουλ [Saoul]:,,"BDB, שְׁאַלְתִּיאֵל"
1626,שְׁאַלְתִּיאֵל,1,masculine,I have asked (him) of God; on acc. cf. (late),"—first son of Jehoiachin and uncle of Zerubbabel according to (cf. v, ); but Z.’s father; (attempts at explan. in Be Kit Benz).—Σαλαθιηλ [Salathiēl].",Psalms 137:3; I Chronicles 3:17; I Chronicles 3:18; I Chronicles 3:19; Haggai 1:1; Haggai 2:23; Ezekiel 3:2; Ezekiel 3:8; Nehemiah 12:1,
1627,שֶׁאֱרָה,1,feminine,,"‘daughter’ of Ephraim;—בִּתּוֹ שׁ׳ (v. also n.pr.loc. p. 25a supr.); 𝔊b ἐκείνοις τ [ekeinois t]. καταλοίποις [kataloipois], but 𝔊L (cf. 𝔊a) ἡ θυγάτηρ αὐτοῦ Σαραα [hē thygatēr autou Saraa].",I Chronicles 7:24,"BDB, אֻזֵּן שֶׁאֱרָה"
1628,שְׁבָא,1,gentilic (people group),,"et terr. Shebâ, in SW. Arabia (Sab. סבא DHMZMG xxxvii (1883), 9, סבא vb. = make campaign MordtHI 72 or expedition Sab.Denkm.No. 12, 1, 5, 14; cf. DSMargoliouth HastDB sheba F.B. Ency. Bib. sheba and reff.);—Sheba: מַלְכַּת־שׁ׳, =; מַלְכֵי שׁ׳; famous for trade, רֹכְלֵי שׁ׳, הֲלִיכֹת שׁ׳ (‖ תֵּמָא); yielding costly wares, זְהַב שׁ׳, לְבוֹנָה מִשּׁ׳ (‖ מֵאֶרֶץ מֶרְחָק, cf. foll.), paying homage and tribute to Israel in future; descended from (Yoḳtan and) Shem (J) =, from (Yoḳshan and) Abr. and Ḳeṭûrâh (J?) = (i.e. a northern branch of Sheba, + דְּדָן, q.v.), but from כּוּשׁ (P) =; marauders, N. Arabia.",I Kings 10:1; I Kings 10:4; I Kings 10:10; I Kings 10:13; II Chronicles 9:1; II Chronicles 9:3; II Chronicles 9:9; II Chronicles 9:12; Psalms 72:10; Ezekiel 27:22; Ezekiel 27:23; Job 6:19; Ezekiel 38:13; Psalms 72:15; Jeremiah 6:20; Isaiah 60:6; Genesis 10:28; I Chronicles 1:22; Genesis 25:3; I Chronicles 1:32; Genesis 10:7; I Chronicles 1:9; Job 1:15,
1629,שְׁבוּאֵל,1,masculine,,"son of Gershom; (שְׁבֻ׳), = שׁוּבָאֵל (×2), of Herman = שׁוּבָאֵל v (cf. Benz on these lists).—𝔊 in all usually Σουβαηλ [Soubaēl], 𝔊L usually —βιηλ [biēl].",I Chronicles 23:16; I Chronicles 26:24; I Chronicles 24:20; I Chronicles 25:4; I Chronicles 25:20,
1630,שְׁבָט,1,,,"mens. Shebāṭ, 11th month (post-ex.) = Feb.–March; loan-word from Bab. Šabâṭu (COT (×2) DlWB), (der. from šabâṭu, strike, kill, destroy (DlProl. 38; WB), Lyon Bib. Sacr. Apr. 1884, 384 JenZA iv (1889), 273 Muss-ArnJBL xi (1892), 171 f. al., as month of destroying rain; another conjecture in ZimKAT 3. 594 n.; this month called שבט also in Nab. Palm., v. Lzb SAC 111).",Nehemiah 1; Zechariah 1:7,
1631,שֶׁבְנָא,1,masculine,,"secretary and major-domo of Hezekiah; -נָא; =, = -נָה.—Σομνας [Somnas].",Isaiah 22:15; Isaiah 36:22; Isaiah 37:2; II Kings 18:37; II Kings 19:2; Isaiah 36:3; Isaiah 36:11; II Kings 18:18; II Kings 18:26,
1632,שֶׁבַע,1,locative (place name),,"si vera l. n.pr.loc. in Simeon, בְּאֵר־שֶׁבַע וְשֶׁבַע; Σαμαα [Samaa], 𝔊L Σαβε [Sabe]; prob. del. וְשׁ׳ Di al. (om. ‖ ).—בְּאֵר שׁ׳ v. p. 92a.",Joshua 19:2; I Chronicles 4:23,
1633,שֶׁ֫בַע²,1,masculine,,,,
1634,שֶׁ֫בֶר²,1,masculine,,"a Calebite; Σαβερ [Saber], A Σεβερ [Seber], 𝔊L Σαβαρ [Sabar].",I Chronicles 2:48,
1635,שַׁבְּתַי,1,,,"Levite;—; Σαβ [Sab](β [b])αθαι [athai], etc.",Ezra 10:15; Nehemiah 8:7; Nehemiah 11:16,
1636,שָׁגֵה,1,masculine,שָׁגֵא van d. H.,"n.pr.m. father of a hero of David.—B Σωλα [Sōla], A Σαγη [Sagē], 𝔊L Σαμαια [Samaia].",I Chronicles 11:34,
1637,שְׂגוּב,1,masculine,exalted,—,,
1638,שְׁדֵיאוּר,1,masculine,,"in Reuben (read prob. שַׁדַּי אוּר, שׁ׳ is flame, v. NöZMG xv (1860), 809 NeEg.. 46 GrayProp. N. 169, 197);—only in אֱלִיצוּר בֶּן־שׁ׳; (all P); Σεδιουρ [Sediour].",Numbers 1:5; Numbers 2:10; Numbers 7:30; Numbers 7:35; Numbers 10:18,
1639,שַׁדְרַךְ,1,masculine,,"Bab. name given to חֲנַנְיָה, one of Daniel’s comrades (from and meaning dub.; Dl (cf. COT Dr) Šudur-Aku, command of Aku; JenTh LZ 1895, 329 thinks Pers. [*Khšatraka]; KohlerZA iv (1889), 50 conj. מרדך, so WklAltor. Forsch. iii. 47. 57 ZimKAT3. 396).",Daniel 1:7,
1640,שֹׁ֫הַם²,1,masculine,,"Levite;—שׁ׳; Ισ [Is](σ [s])οαμ, Ιεσσαμ [oam, Iessam].",I Chronicles 24:27,
1641,שְׁוָא,1,masculine,,,,
1642,שׁוֹבָב²,1,masculine,,"Σωβαβ [Sōbab], etc.:",,
1643,שׁוֹבַךְ,1,masculine,,"Aramaean general, (Σωβακ [Sōbak], 𝔊L Σαβεε [Sabee]), = שׁוֹפַךְ, (Σωφαρ, Σαφαθ [Sōphar, Saphath]; A Σωφαχ, Σωβαχ [Sōphach, Sōbach], 𝔊L Σωφακ [Sōphak]).",II Samuel 10:16; II Samuel 10:18; I Chronicles 19:16; I Chronicles 19:18,
1644,שׁוֹבָל,1,masculine,,,,
1645,שׁוֹבָל²,1,,,v..,,"BDB, שׁבל"
1646,שׁוֹבֵק,1,masculine,,"one of those sealed; Σωβηκ [Sōbēk], 𝔊L Σωβειρ [Sōbeir].",Nehemiah 10:25,
1647,שָׁוֵה²,1,locative (place name),,in n.pr.loc. עֵמֶק שׁ׳ (v. ); Σαυη [Sauē].,Genesis 14:17,"BDB, עָוָה"
1648,שׁוּחַ²,1,masculine,,"son of Abr. and Ḳeturah; Σωυε, Σωε, Σουε [Sōue, Sōe, Soue].—In Assyrian Šuḫi is named as Aramaean land on Euphr. (left bank Tiele Gesch. 153 KG 142 f.; it had, however, dependencies on left bank) by TP I. (KB i. 33), Ašurnaṣirp. (id. ib. 99, 101).",Genesis 25:2; I Chronicles 1:32,
1649,שׁוּחָה²,1,,,"‘son’ of חוּר, (Ασχα, Σουα [Ascha, Soua]), = חוּשָׁה v (Ωσαν, Ουσα [Ōsan, Ousa]), v..",I Chronicles 4:11; I Chronicles 4:4,"BDB, ח"
1650,שׂוֹכֹה,1,locative (place name),,in Judah:,,
1651,שׁוּנִי,2,masculine,,"in Gad; Σαυν [Saun](ε [e])ις, Σουνει, Σωυνι [is, Sounei, Sōuni].",Genesis 46:16; Numbers 26:15,
1652,שׁוּנֵם,1,locative (place name),,"in Issachar;— (P); Σουναν[μ [m]], Σωμαν, Σουμαν [Sōman, Souman], 𝔊L Jos Συνημ [Synēm]; in Egyptian Ša-n-m-â, Ša-na-mḁ WMMAs. u. Eur. 170; mod. Sûlem, N. of Zerʿîn (Jezreel), BuhlG. 217, cf. GASmG 400 ff..",Joshua 19:18; I Samuel 28:4; II Kings 4:8,
1653,שׁוֹעַ,1,gentilic (people group),,"adj. (free), independent, noble (in station) (according to most from second √ שׁוע = ישׁע, in sense of Arabic وَسِع [wasiʿ] (cf. infr.); but actual existence of such a √ not proven; Thes allows שׁוֹעַ = יְשׁוֹעַ)—noble, of rank (and, by implic., of character) (‖ נָדִיב, opp. כִּילַי), (Di al. rich, but ‖ שָׂרִים, opp. דַּל).—ii. שׁוֹעַ, v. sub [ ]. iii. שׁוֹעַ n.pr.gent., v. שׁ׳.",Isaiah 32:5; Job 34:19; Isaiah 22:5; Ezekiel 23:23,"BDB, תְּשׁוּעָה; BDB, שָׁוַע"
1654,שׁוּעַ,1,masculine,,"father of Judah’s wife, 𝔊 Σαυα [Saua], and (after cstr. בַּת) v; v. p. 124 supr., and cf. on meaning p. 4, p. 46.",Genesis 38:2; Genesis 38:12; I Chronicles 2:3,"BDB, בַּת־שׁוּעַ; BDB, אֲבִישׁוּעַ; BDB, אֱלִישׁוּעַ"
1655,שׁוֹעַ⁴,1,gentilic (people group),,"usually identified with Assyrian Sutû, Sutî, nomads of Mesop. and (later) E. of Tigris, DlPa 234 ff. COT ad loc. Wkl KAT.3. 22 DrHast.DB Koa.",Ezekiel 23:23,
1656,שׁוּעָא,1,feminine,,"a woman of Asher; 𝔊 Σωλα [Sōla], 𝔊L Σουα [Soua].",I Chronicles 7:32,
1657,שׁוּעָל²,1,locative (place name),,district in Israel;—אֶרֶץ שׁ׳ (דֶּרֶךְ עָפְרָה); not identified.—Vid. also p. 347 b supr.,I Samuel 13:17,"BDB, חֲצַר שׁוּעָל"
1658,שׁוּעָל³,1,masculine,,"in Asher;—, Σουλα [Soula], A Σουαλ [Soual], 𝔊L Σουαν [Souan].",I Chronicles 7:36,
1659,שׁוּר⁵,1,locative (place name),,"SW. of Palestine, on E. border of Egypt;— (J; דֶּרֶךְ שׁ׳), (E), towards Egypt (J), שׁ֫וּרָה; מִדְבַּר־שׁ׳ (J).—Often supposed to denote properly the ‘wall’ or line of fortresses, built by Egyptian Kings across isthmus of Suez; but dub.: cf. Dr Hast.DB Shur.",Genesis 16:7; Genesis 20:1; Genesis 25:18; I Samuel 15:7; I Samuel 27:8; Exodus 15:22,
1660,שׁוּשַׁן²,1,locative (place name),,"Susa, winter residence of Persian kings; Σουσαν, ἐν Σουσοις [Sousan, en Sousois] (cuneif. Šûšan DlPa 326 COT Billerbeck Susa Say Hast. DB Shushan);—שׁ׳ הַבִּירָה (9th month, כִּסְלֵו), (in Elam), (12th month, אֲדָר, v ); הַבּ׳ om., שׁוּשָׁ֑ן, and (month אֲדָר), (×2); הָעִיר שׁ׳.",Nehemiah 1:1; Nehemiah 1:1; Daniel 8:2; Esther 1:2; Esther 1:5; Esther 2:3; Esther 2:5; Esther 2:8; Esther 3:15; Esther 8:14; Esther 9:6; Esther 9:11; Esther 9:12; Esther 9:1; Esther 4:8; Esther 4:16; Esther 9:13; Esther 9:14; Esther 9:15; Esther 9:18; Esther 3:15; Esther 8:15,
1661,שׁוּשַׁק,1,masculine,,"Kt, Qr שִׁישַׁק q.v.",I Kings 14:25,
1662,שׁוּתֶ֫לַח,1,masculine,,"in Ephraim, שׁוּתָ֑לַח v; Σουταλα, Σωθαλα [Soutala, Sōthala], etc., 𝔊L Σουθαλα [Southala](αμ [am]).",Numbers 26:35; I Chronicles 7:21; I Chronicles 7:20; Numbers 26:36,
1663,שִׂטְנָה²,1,,,putei (hostility) (J).,Genesis 26:21,
1664,שִׁטְרַי,1,masculine,,"an official of David, Kt (> Qr שִׁרְטִי); Ασαρταις, Σατραι [Asartais, Satrai].",I Chronicles 27:29,
1665,שִׂיאֹן,1,mountain,,"i.e. Hermon, הַר שׂ׳ הוּא חֶרְמוֹן (cf. Di Dr).",Deuteronomy 4:48,
1666,שִׁיזָא,1,masculine,,"in Reuben, Σαιζα, Σιζαι [Saiza, Sizai].",I Chronicles 11:42,
1667,שִׁיחוֹר,1,river,,"on border of Egypt, prob. E. branch of Nile;—הַשּׁ׳, שׁ׳ מִצְרַיִם; clearly = Nile, זֶרַע שִׁחֹר (‖ קְצִיר יְאוֹר), מֵי שִׁחוֹר; cf. DlPa 311 WilsonHast. DB Shihor (usually derived from I. שׁחר, as black water, but doubtful).",Joshua 13:3; I Chronicles 13:5; Isaiah 23:3; Jeremiah 2:18,
1668,שִׁילוֹ,1,locative (place name),,"שִׁילֹנִי etc., v..",,"BDB, שִׁלוֹ"
1669,שִׁימוֹן,1,masculine,,"in Judah, Σεμ [Sem](ε [e])ιων, Σαμι [iōn, Sami].",I Chronicles 4:20,
1670,שִׁישָׁא,1,masculine,,"Solomon’s time, Σαβα, Σεισα [Saba, Seisa], 𝔊L Σαφατ [Saphat]; cf..",I Kings 4:3,"BDB, שְׂרָיָה(וּ)"
1671,שִׁישַׁק,1,masculine,,"king of Egypt, Solomon’s time (10th cent. b.c.); Qr (Kt שושק), =, שִׁישָׁ֑ק v (×2); = Šešonḳ I, first king of 22nd dynasty, BlauZMG xv (1861), 233 ff. SteindBAS i. 351; = Sošenḳ WMMAs. u. Eur. 166 ff.; Ency. Bib. Shishak; cf. GriffithHast.DB Shishak.",I Kings 11:40; I Kings 14:25; II Chronicles 12:2; II Chronicles 12:9; II Chronicles 12:5; II Chronicles 12:7,
1672,שָֽׂכְיָה,1,masculine,so Baer Gi; var. שַׂכְיָא; van d. H. שָׁבְיָה; KitHpt dub.,"n.pr.m. in Benj.; Σαβια, Σεβια [Sabia, Sebia], 𝔊L Σεχια [Sechia]; 𝔖 𝔙 Sechia.",I Chronicles 8:10,
1673,שֶׁ֫כֶם,1,masculine,,in Manasseh (Συχεμ [Sychem]):; בְּנֵי־שׁ׳.,Numbers 26:31; I Chronicles 7:19; Joshua 17:2,
1674,שְׁכֶם²,1,locative (place name),,49 et m.14 (Συχεμ [Sychem]; 𝔊L often Σίκιμα [Sikima] LagBN 57):,,
1675,שְׁכֶם²,5,masculine,on connexion with 1 cf.,"‘son’ of Ḥamor, also; + 10 times 34.",Judges 9:28; Genesis 33:19; Genesis 34:2; Joshua 24:32,
1676,שָׂכָר²,1,masculine,,,,
1677,שֵׁלָה²,1,masculine,,"son of Judah, Σηλωμ[ν [n]]:, (J), (P); (P).",Genesis 38:5; Genesis 38:11; Genesis 38:14; Genesis 38:26; Genesis 46:12; Numbers 26:20; I Chronicles 2:3; I Chronicles 4:21,
1678,שִׁלוֹ,1,locative (place name),"orig. שִׁלוֹן, v. adj.gent. (otherwise BaNB § 224 b), which also shews that √ שׁול, שׁיל, was posited when text of K was fixed, cf. Dr","—שִׁלוֹ; (on destruction of S. v. We ), מִשְׁכַּן שׁ׳; שִׁילוֹ (×2); שִׁלֹה, (all P or R); (var. שִׁלוֹ in all these [21 times] given by Gi as Qr).—Σηλωμ, Σηλω [Sēlōm, Sēlō](ν [n]).—Mod. Seilûn, c. 9½ m. NNE. of Bethel, BuhlG. 178 DrHast.DB shiloh. Also תַּאֲנַתשִׁלֹה; s. p. 1061.",II Samuel 15:12; Judges 21:19; I Samuel 1:24; I Samuel 3:21; I Samuel 14:3; Jeremiah 7:14; II Samuel 8:17; Jeremiah 26:9; Jeremiah 41:5; Psalms 78:60; Judges 21:21; Jeremiah 7:12; Joshua 18:1; Joshua 18:8; Joshua 18:9; Joshua 18:10; Joshua 19:51; Joshua 21:2; Joshua 22:9; Joshua 22:12; Judges 18:31; Judges 21:12; I Samuel 1:3; I Samuel 1:9; I Samuel 2:14; I Samuel 3:21; I Samuel 4:3; I Samuel 4:4; I Samuel 4:12; I Kings 2:27; I Kings 14:2; I Kings 14:4; Jeremiah 26:6,
1679,שַׁלּוּם,1,masculine,less often שַׁלֻּם,"n.pr.m. Σελ [Sel](λ [l])ουμ, Σαλ [oum, Sal](λ [l])ουμ, Σελλημ [oum, Sellēm], etc.;—",,
1680,שַׁלּוּן,1,masculine,,wall-builder = שַׁלּוּם according to Thes.,Nehemiah 3:15,
1681,שֶׁ֫לַח²,1,masculine,,"son of Arphachshad, Σαλα [Sala]: שׁ׳; שָׁ֑לַח.",Genesis 10:24; Genesis 11:13; Genesis 11:14; Genesis 11:15; I Chronicles 1:18; Genesis 10:24; Genesis 11:12; I Chronicles 1:18; I Chronicles 1:24,
1682,שֶׁ֫לַח³,1,,,in בְּרֵכַת הַשּׁ׳ = שִׁלֹחַ.,Nehemiah 3:15,
1683,שִׁלְחִי,1,masculine,,"father of Jehoshaphat’s mothers;— =; Σεμεει, Σαλαλα, Σαλει [Semeei, Salala, Salei], etc.",I Kings 22:42; II Chronicles 20:31,
1684,שַׁלֶּ֫כֶת²,1,,,"of a temple-gate, W. side (? gate of casting forth; yet cf. Kit);—.",I Chronicles 26:16,
1685,שָׁלֵם³,1,locative (place name),,"abbrev. from יְרוּשָׁלַם (q.v.), and perhaps (Gunk Dr) intended as archaism, cf. (poet.) (‖ צִיּוֹן); v. JosAnt. i, 10, 2; 𝔊 Σαλημ [Salēm] and (ψ [ps]) εἰρήνη [eirēnē].",Genesis 14:18; Psalms 76:3,
1686,שְׁלֹמֹה,1,masculine,,"Solomon (Σαλωμων [Salōmōn], rarely Σαλομων [Salomōn], 𝔊L mostly Σολομων [Solomōn]; cf. LagBN 53, 96);—king of Israel, son of David and Bathsheba; + [name 2 times S; 162 times K; 109 times Ch; 7 times Ezr Ne]; born in Jerus.; designated by D. as successor, anointed and proclaimed before D.’s death, +; king after D.’s death; + [phr. הַמֶּלֶךְ שׁ׳ + 36 times K, 11 times Ch; שׁ׳ הַמּ׳; שׁ׳ מֶלֶךְ יְהוּדָה, מ׳ יִשׂ׳; ]; builder of temple; + often; wise, +; author of proverbs (and songs) according to Proverbs מִשְׁלֵי שׁ׳; (cf., ), v. also לִשׁ׳; (titles), (title); of written provision for priests, etc., cf.; elsewhere (outside of K Ch) name occurs †; (Wkl Altor. Forsch. ii. 196 proposes Šalmaites, Nab. שלמו Lzb 376, cf. Levy TW ii.489 Jastr 1587), and in phr. בְּנֵי עַדֵי שׁ׳, =.",II Samuel 12:24; I Kings 1:11; II Samuel 5:14; I Chronicles 3:5; I Chronicles 14:4; I Kings 1:30; I Kings 1:33; I Kings 1:34; I Kings 1:39; I Kings 2:12; I Kings 2:17; I Chronicles 29:28; II Chronicles 1:1; I Kings 1:34; Jeremiah 52:20; Song of Songs 3:9; Song of Songs 3:11; I Kings 2:17; I Kings 12:2; I Chronicles 29:24; II Chronicles 10:2; I Kings 12:23; II Chronicles 11:3; II Kings 23:13; II Kings 24:13; II Chronicles 30:26; II Chronicles 35:3; Nehemiah 13:26; I Kings 5:22; I Kings 6:1; I Kings 6:2; I Chronicles 5:26; I Kings 3:10; I Kings 5:9; I Kings 5:10; I Kings 5:14; I Kings 10:1; I Kings 10:2; I Kings 10:3; I Kings 10:4; II Chronicles 1:7; II Chronicles 1:11; Proverbs 1:1; Proverbs 10:1; Proverbs 25:1; I Kings 5:12; I Kings 5:13; Psalms 72:1; Psalms 127:1; Song of Songs 1:1; II Chronicles 35:4; II Chronicles 8:14; Nehemiah 12:45; Jeremiah 52:20; Song of Songs 1:5; Song of Songs 3:7; Song of Songs 3:9; Song of Songs 3:11; Song of Songs 8:11; Song of Songs 8:12; Ezra 2:55; Ezra 2:58; Nehemiah 7:56; Nehemiah 7:59; Nehemiah 11:3,
1687,שְׁלֹמוֹת,1,masculine,,i. שְׁלֹמִית (שְׁלוֹ׳ ) n.pr.m.,Ezra 8:10,
1688,שְׁלֹמִי,1,masculine,,in Asher; Σελεμ [Selem](ε [e])ι [i].,Numbers 34:27,
1689,שַׂלְמַי,1,masculine,,"head of post-ex. family;—שׁ׳ Qr (Kt. שׂמלי [cf. NH n.pr. שִׂמְלַי Dalman, Liḥy. שמל DHMEpigr. Denkm. Ar. No. 13]; so Baer; van d. H. Gi Qr שַׁלְמַי; Σαμααν [Samaan], A𝔊L Σελαμ [Selam](ε [e])ι [i]) = שַׂלְמָ֑י (Σελαμει [Selamei]; א Σαμαει [Samaei]).",Ezra 2:46; Nehemiah 7:47,
1690,שְׁלֻמִיאֵל,1,masculine,,in Simeon; Σαλαμιηλ [Salamiēl].,Numbers 1:6; Numbers 2:12; Numbers 7:36; Numbers 7:41; Numbers 10:19,
1691,שְׁלֹמִית,1,feminine,,"Σαλ [Sal](ω [ō])μιθ [mith], etc.:",,
1692,שַׁלְמַנְאֶ֫סֶר,1,masculine,,"king of Assyria (proposes -אסרד, = Assyrian Šulman-ašaridu, ‘(God) Šulman is chief,’ SchrZK ii (1885), 197 ff. Muss-ArnoltJBL xi (1892), 79);— =; Σαλ [Sal](α [a])μανασ [manas](σ [s])αρ [ar], 𝔙 Salmanasar. This was שׁ׳ V, b.c. 727–722, SayHast DB s. v. JohnsEncy. Bib. s. v..",II Kings 17:3; II Kings 18:9,
1693,שָׁלִ֫שָׁה,1,locative (place name),,"doubtful;—אֶרֶץ־שׁ׳, B 𝔊L Σελχα [Selcha], A Σαλισσα [Salissa];? cf..",I Samuel 9:4; II Kings 4:42,"BDB, בַּ֫עַל שָׁלִשָׁה"
1694,שֵׁם²,1,masculine,,"first son of Noah;—; (×2), (all P); (all J); Σημ [Sēm].",Genesis 5:32; Genesis 6:10; Genesis 7:13; Genesis 10:1; Genesis 10:22; Genesis 10:31; Genesis 11:10; Genesis 11:11; Genesis 9:18; Genesis 9:23; Genesis 9:26; Genesis 9:27; Genesis 10:21; I Chronicles 1:4; I Chronicles 1:17; I Chronicles 1:24,
1695,שַׁמָּא²,1,masculine,,"in Asher, Σεμ [Sem](μ [m])α [a], etc.",I Chronicles 7:37,
1696,שִׁמְאָה,1,masculine,,"in Benjamin Σεμαα, Σαμαα [Semaa, Samaa], etc., = following.",I Chronicles 8:32,
1697,שִׁמְאָם,1,masculine,,"'= foreg., Σαμα [Sama](α [a]).",I Chronicles 9:38,
1698,שַׁמְגַּר,1,masculine,,"a ‘judge,’ son of Anath, Σαμα[ε [e]]γαρ [gar] (on this name (Hittite?) cf. GFM; NöZMG xiii (1888), 479 conj. שׁמגד.)",Judges 3:31; Judges 5:6; Judges 3:31,
1699,שַׁמָּה³,1,masculine,,,,
1700,שַׁמְהוּת,1,masculine,,"captain of Israel, Σαλαωθ [Salaōth], A 𝔊L Σαμαωθ [Samaōth]; prob. = ii. שַׁמָּה 3 b, q.v.",I Chronicles 27:8,
1701,שְׁמוּאֵל,1,masculine,,"Samuel (= name of Ēl Thes al. (or, his name is Ēl HomHeb. Trad. 98 f. WklKAT3 225 Now ), cf.; v. Dr; PrätZMG 1903, 777 ff. caritative from יִשְׁמָעֵאל; Palm. שמואל Lzb 377; v. further GieAT1 Schätzung d. Gottesn. (1901), 102 ff.);—",I Samuel 1:20; I Samuel 1:20,"BDB, פְּנוּאֵל; BDB, רְעוּאֵל"
1702,שַׁמּוּעַ,1,masculine,,,,
1703,שַׁמּוֹת²,1,masculine,,v. foregoing.,,
1704,שַׁמַּי²,1,masculine,,in Judah:,,
1705,שְׁמִידָ֑ע,1,masculine,,"in Manasseh (the name knoweth? cf. Sab. ידעסמהו DHMZMG xxxvii (1883), 16);— (Συμαερ [Symaer]), Συμαρειμ [Symareim], etc.; 𝔊L Σαμ [Sam](ε [e])ιδα [ida](ε [e]).",Numbers 26:22; Joshua 17:2; I Chronicles 7:19,
1706,שָׁמִיר²,1,locative (place name),,,,
1707,שָׁמִיר³,1,masculine,,"Levite, Qr, Σαμηρ, Σεμμηρ [Samēr, Semmēr] (Kt שמור).",I Chronicles 24:24,
1708,שַׂמְלָה,1,masculine,,"kg. of Edom, (P; Σαμ [Sam](α [a])λα [la]) =, (Σαμαα, Σαβαα [Samaa, Sabaa]).",Genesis 36:36; Genesis 36:37; I Chronicles 1:47; I Chronicles 1:48,
1709,שְׁמַע,1,locative (place name),,"in S. Judah, Σα [Sa](λ [l])μα [ma](α [a]).",Joshua 15:26,
1710,שָׁמָע,1,masculine,,"a hero of David, Σαμαθα, Σαμμα [Samatha, Samma] (cf. OSem. שמע on scarab ClGann JAs 1883 Fev.-Mars, 135, No. 9; also on seal from Megiddo (1904), cf. Kau Mitth. u. Nachr. DPV, 1904, 2 ff.).",I Chronicles 11:44,
1711,שֶׁ֫מַע²,1,masculine,,"usually Σαμα [Sama](α [a]), Σεμαα [Semaa] (cf. Sab. n.pr. סמע Hal509);—",,
1712,שִׁמְעָא,1,masculine,,,,
1713,שִׁמְעָה,1,masculine,,v. שִׁמְעָא 1.,,
1714,שִׁמְעוֹן,1,masculine,"cf. n.pr. שמעון in Palm. Lzb 378; meaning doubtful; RS al. cp. سِمْعٌ [simʿun], said to mean offspring of hyena and wolf; v. HoggEB iv. 4531",—,,
1715,שִׁמְעִי,1,masculine,,I. שִׁמְעִי43 n.pr.m. usually Σεμεει [Semeei]:,,
1716,שִׁמְעָת,1,feminine,,"mother of one of Joash’s murderers, (Ιεμουαθ [Iemouath]), called Ammonitess (Σαμα [Sama](αθ [ath])).",II Chronicles 24:26; II Kings 12:22; II Chronicles 24:26,
1717,שֶׁ֫מֶר,1,masculine,"proposes clan-name, cf. StaZAW v (1885), 166f., cf. Sab. שמר Os 13, but NAram شِمْر [shimr] DHMZMG xxxvii (1885). 14 SabDenkm 30","—Σεμ [Sem](μ [m])ηρ [ēr], etc.:",,
1718,שֹׁמֵר,1,masculine,,,,
1719,שִׁמְרוֹן,1,locative (place name),,"Canaanite city, with king:, in Zebulun, Συμοων, Σομερων [Symoōn, Somerōn], etc., = שׁ׳ מְראוֹן Kt (שׁ׳ מְרוֹן Qr).",Joshua 11:1; Joshua 19:15; Joshua 12:20,
1720,שֹׁמְרוֹן,1,locative (place name),,"capital of N. Isr. from Omri’s time (belonging to clan שֶׁמֶר, StaZAW v (1885), 165–175; originally שַׁמְרוֹן or שַׁמְרַיִן; Assyrian Samerîna COT );—שׁ׳ (name expl. as from שֶׁמֶר, orig. owner of site), v, +; שֹׁמְר֫וֹנָה; personified as woman; king of N. Isarel is מֶלֶךְ שׁ׳; מ׳ יִשׂ׳ אֲשֶׁר בְּשׁ׳, cf. מָלַךְ עַל־יִשׂ׳ בְּשׁ׳ + 9 times; thence name of territory, שְׂדֵה שׁ׳, עָרֵי שׁ׳ (point of view of later editor); הָרֵי שׁ׳,—cf. הַר־שׁ׳; perhaps שׁ׳ alone; חֵיל שׁ׳.—𝔊 usually Σαμαρεια [Samareia], but Σεμερω, Σαεμερων, Σομορων [Semerō, Saemerōn, Somorōn]; = mod. Sebastieh; vid. GASmG. 346 ff. Buhl G 207 f. CowleyEncy. Bib. s. v. WilsonHast. DB s. v..",I Kings 16:24; I Kings 16:24; I Kings 16:28; I Kings 16:29; I Kings 16:32; I Kings 20:1; I Kings 20:10; I Kings 20:43; II Kings 6:19; II Kings 14:14; Ezekiel 16:46; Ezekiel 16:51; Ezekiel 16:53; Ezekiel 16:55; Ezekiel 23:4; Ezekiel 23:33; I Kings 21:2; II Kings 1:3; I Kings 21:18; I Kings 22:52; Obadiah 1:19; I Kings 13:32; II Kings 17:24; II Kings 17:26; II Kings 23:19; Amos 3:9; Jeremiah 31:5; Amos 4:1; Amos 6:1; I Kings 16:24; Jeremiah 23:13; I Kings 18:2; II Kings 17:24; II Kings 17:28; II Chronicles 25:13; Nehemiah 3:34; I Kings 16:24,
1721,שִׁמְרוֹן²,1,masculine,,"son of Issachar; Ζαμβραμ, Σαμβρα, Σεμερων [Zambram, Sambra, Semerōn], etc.",Genesis 46:13; Numbers 26:24; I Chronicles 7:1,
1722,שִׁמְרִי,1,masculine,,"usually Σαμαρει [Samarei], etc.:",,
1723,שִׁמְרִית,1,feminine,,"Moabitish mother of one of Joash’s murderers (m. Σομαιωθ [Somaiōth], A Σαμαριθ [Samarith]; f. 𝔊L Σαμιραμωθ [Samiramōth]), ‖ שֹׁמֵר n.pr.m..",II Chronicles 24:26; II Kings 12:21,
1724,שִׁמְשׁוֹן,1,masculine,,"Samson (Assyrian n.pr. Šamšânu, HilprMurâshu 27, 70; on שמש in Arabic n.pr. trib. cf. NöZMG xi (1886), 166);—Σαμψων [Sampsōn]:, + 35 times.",Judges 13:24; Judges 14:1; Judges 14:3; Judges 14; Judges 15; Judges 16,
1725,שֵׁן³,1,locative (place name),,"הַשּׁ׳, v. p. 446a.",I Samuel 7:12,"BDB, יְשָׁנָה"
1726,שִׁנְאָב,1,masculine,,"king of Admah, Σεννααρ [Sennaar] (v. v, 𝔊 id.).",Genesis 14:2; Genesis 14:1,"BDB, שִׁנְעָר"
1727,שְׂנִיר,1,mountain,,"Σανειρ [Saneir]: Amorite name of Ḥermon, whence came cypress-trees, prob. northern peak(s) of Ḥ. (where + חֶרְמוֹן); so Arabic سنير [snyr], Abulfed. Par. 68, Syriac ܣܢܺܝܪ [סניר], Ecclus 24:13 al., Assyrian Saniru COT DlPa 104. Vid. also Dr BuhlGeogr. 110 f. and reff. [van d. H. erron. שׁ׳ Dt Ct].",Deuteronomy 3:9; Ezekiel 27:5; I Chronicles 5:23; Song of Songs 4:8; Deuteronomy 3:9; Deuteronomy 3:9,
1728,שֵׂעִיר,1,,,"Sēʿîr (= שָׂעִיר goat? cf. GrayProp. N. 94; but note play in שֵׂעָר, שָׂעִר; NöZMG xl (1886), 165; Ency. Bib. ii. 1183 cp. n.pr. mont. الاشعر [ālāshʿr] (the ‘hairy,’ i.e. ‘well-wooded,’ cf. شَعَارٌ [shaʿārun] trees), n.pr.gent. (orig.n.pr.loc.) أَلَاشْعَرُ [ʾalāshʿaru]; LagBN 92 thinks שׂ׳ orig.n.pr.m., but land much earlier in OT; perhaps = TelAm. land Šêri, ZimZA vi (1891), 257 JastrJBL xi (1892), 114 WklTelAm. 181, 26 BuhlEdom. 28 f.);—",Genesis 25:25; Genesis 27:11; Genesis 27:23,
1729,שַׁ֫עַף,1,masculine,,"in clan of Caleb, Σαγαε [Sagae], A Σαγαφ [Sagaph], 𝔊L Σααφ [Saaph];—",,
1730,שַׁעֲרַ֫יִם,1,locative (place name),,,,
1731,שְׁפוֹ,1,masculine,,"in Edom, Σωφ [Sōph], 𝔊L Σωφαν [Sōphan]; = ii. שְׁפִי, Σωβ [Sōb], 𝔊L Σαπφει [Sapphei].",Genesis 36:23; I Chronicles 1:40,
1732,שָׁפָט,1,masculine,he hath judged,—usually Σαφατ[θ [th]]:,,
1733,שִׁפְטָן,1,masculine,judgment,"—prince of Ephraim; Σαβαθα [Sabatha](ν [n]), 𝔊L Σαφαταν [Saphatan].",Numbers 34:24,
1734,שָׁפִיר,1,locative (place name),,"in Philist. plain, (= שָׁמִיר ?); 𝔊 καλῶς [kalōs] (!).",Micah 1:11; Joshua 15:48,
1735,שָׁפָן²,1,masculine,,Σαφ [Saph](φ [ph])αν [an]:,,
1736,שִׁפְעִי,1,masculine,,"in Simeon; Σεφει [Sephei], 𝔊L Σωφει [Sōphei].",I Chronicles 4:37,
1737,שִׁפְרָה²,1,feminine,,"Hebrew midwife, (E); Σεπφωρα [Sepphōra] (cf. LagBN 90).",Exodus 1:15,
1738,שֵׁרֵֽבְיָה,1,masculine,,a Levite with Ezra (? י׳ hath sent burning heat; or cp. Syriac ܫܪܒ [שרב] Pa. propagavit);—Σαραβια [Sarabia](ς [s]):.,Ezra 8:18; Ezra 8:24; Nehemiah 8:7; Nehemiah 9:4; Nehemiah 9:5; Nehemiah 10:13; Nehemiah 12:8; Nehemiah 12:24,
1739,שָׂרָה⁴,1,feminine,,"wife of Abraham (princess);—Σαρρα [Sarra]: (where formal change from שָׂרַי), v; (×2), (×2); (all P), + 9 times, (all J), (×2), (all E); an ancestress of Hebrews.",Genesis 17:15; Genesis 17:17; Genesis 17:19; Genesis 17:21; Genesis 21:1; Genesis 21:3; Genesis 23:1; Genesis 23:2; Genesis 23:19; Genesis 25:10; Genesis 25:12; Genesis 49:31; Genesis 18:6; Genesis 18:18; Genesis 21:1; Genesis 21:2; Genesis 24:36; Genesis 24:67; Genesis 20:2; Genesis 20:14; Genesis 20:16; Genesis 20:18; Genesis 21:6; Genesis 21:7; Genesis 21:9; Genesis 21:12; Isaiah 51:2,
1740,שְׂרוּג,1,masculine,,descendant (i.e. younger branch) of Peleg; Σερουχ [Serouch] (𝔊L Ch Σερουγ [Seroug]).,Genesis 11:20; Genesis 11:21; Genesis 11:22; Genesis 11:23; I Chronicles 1:26,
1741,שָׁרוֹן,1,locative (place name),,"Sharon (plausibly connected with √ ישׁר by Thes Ges 12 al., cf. GASmGeogr. 52; = יְשָׁרוֹן*; Ph. שרן)—strictly n.m. plain, level;—",Isaiah 65:10,
1742,שָׁרוֹן²,1,locative (place name),,,,
1743,שָׂרַי²,1,feminine,,"wife of Abram (NöZMG xiii (1888), 484 Ges§ 801 Köii. 1, 427 make = foregoing, with old fem. ending י—ַ; >LagBN 92, Anm.*, emphasizing diff. in 𝔊, der.froma √ شرى [shrā], and cp. شراة [shrāh], name of a barren mt.; cf. RS יִשְׂרָאֵל supr., sub );—𝔊 Σαρα [Sara];— (J), v (P), (×2), (×2) (all J), (P); שָׂרָ֑י (J), (J), (P).",Genesis 11:30; Genesis 11:31; Genesis 12:5; Genesis 12:11; Genesis 12:17; Genesis 16:1; Genesis 16:2; Genesis 16:3; Genesis 16:5; Genesis 16:6; Genesis 16:8; Genesis 17:15; Genesis 11:29; Genesis 16:2; Genesis 17:15,"BDB, שָׂרָה²"
1744,שָׂרִיד²,1,locative (place name),,"on border of Zebulun;—עַד־שׂ׳ (P; Εσεδεκγωλα [Esedekgōla], A ἕως Σαρθιδ [heōs Sarthid], 𝔊L Σαρειδ [Sareid]), מִשּׂ׳ v (P; ἀπὸ Σεδδουκ [apo Seddouk]; A Σαριδ [Sarid]).",Joshua 19:10; Joshua 19:12,
1745,שָׂרָף³,1,masculine,,"a Judahite;—; Σαια [Saia], A 𝔊L Σαραφ [Saraph].",I Chronicles 4:22,
1746,שֹׂרֵק²,1,locative (place name),van d. H. שׂוֹ׳,"n.pr.loc. in נַ֫חַל שׂ׳ (proposes Wady of choice vines);—𝔊 Σωρηχ[κ [k]]; prob. Wady Ṣurâr (GASmGeogr. 218 ff.), on N. side of which is ruin Sûrîk, 3/4 h. W. of Ṣur‘ah (Ẓor‘ah), Surveyiii. 53 GFMad loc.",Judges 16:4,
1747,שָׁרָר,1,masculine,,"'= ii. שָׂכָר, q.v.",II Samuel 23:33,
1748,שֵׁשַׁי,1,masculine,,"a son of Anaḳ (Aramaic form, cf. GFM Ju);—; (both JE); Σεσ [Ses](σ [s])ει, Σουσαι, Σουσει [ei, Sousai, Sousei].",Numbers 13; Numbers 22; Joshua 15:14; Judges 1:10,
1749,שָׁשַׁי,1,masculine,,Jew with foreign wife; Σεσ [Ses](ε [e])ει [ei].,Ezra 10:40,
1750,שֵׁשַׁךְ,1,,,"terr. = בָּבֶל (Jer Rabb. and mod.; by Atbaš (את׳בש׳) v. improb.), late Bab. Šešku, name of Babylon (Delitzsch Paradies 215);— and hence (perhaps gloss) (v. Gie).",Jeremiah 51:41; Jeremiah 25:26,
1751,שֵׁשָׁן,1,masculine,,"in Judah (×2) (with one son), v (×2), (no sons, but daughters, cf. Benz Kit); Σωσαν[μ [m]], 𝔊L Σισαν [Sisan].",I Chronicles 2:31; I Chronicles 2:34; I Chronicles 2:35,
1752,שָׁשָׁק,1,masculine,"Baer Gi; van d. H. שָׁשַׁק, שָׁשָׁ֑ק","n.pr.m. in Benjamin; Σωκηλ, Σωιηκ [Sōkēl, Sōiēk], A Σωσηκ [Sōsēk], 𝔊L Σισαχ [Sisach] (according to Simon. (Thes) = שַׁקְשַׁק one longed for (√ שׁקק)).",I Chronicles 8:14; I Chronicles 8:25,
1753,שֵׁת,1,masculine,,"third son of Adam; (where expl. from √ שִׁית), v; Σηθ [Sēth].—In כָּל־בְּנֵי־שֵׁת (poem in J), read prob. שֵׁאת tumult (cf. ), or שְׂאֵת (v. sub ), cf. Gray.—ii. שֵׁת, v..",Genesis 4:25; Genesis 4:26; Genesis 5:3; Genesis 5:4; Genesis 5:6; Genesis 5:7; Genesis 4:8; I Chronicles 1:1; Numbers 24:17; Lamentations 3:47,"BDB, נָשָׂא; BDB, שׁתה"
1754,שֵׁתָר,1,masculine,,a prince of Persia; Σαρσαθαιος [Sarsathaios].,Esther 1:14,
1755,תַּאֲוָה,3,,,"desire, wish; of physical appetite, longing for dainty food מַאֲכַל ת׳; distinctly good sense, (? cf. infr.) (לְשִׁמְךָ וּלְזִכְרְךָ ת׳־נָ֑פֶשׁ); bad sense, lust, appetite, covetousness (ת׳ נַפְשׁוֹ), (as acc. cogn.); particularly of longing for dainties of Egypt (both acc. cogn.) & in n.pr. given to place where it occurred קִבְרוֹת הַתַּאֲוָה (q.v.).",Proverbs 13:12; Proverbs 13:19; Proverbs 18:1; Job 33:20; Psalms 10:17; Psalms 38:10; Proverbs 11:23; Proverbs 19:22; Isaiah 26:8; Psalms 10:3; Psalms 112:10; Proverbs 21:25; Proverbs 21:26; Numbers 11:4; Psalms 106:14; Psalms 78:30; Numbers 11:34; Numbers 11:35; Numbers 33:16; Numbers 33:17; Deuteronomy 9:22,
1756,תַּאֲנַת שִׁלֹ֑ה,1,locative (place name),,"on border of Ephr.; Θηνασα καὶ Σελλησα [Thēnasa kai Sellēsa], A τηναθσηλω [tēnathsēlō], 𝔊L Θηναθασηλω [Thēnathasēlō]; according to SurveyWP ii. 232, 245 WilsonHast. DB Taanath-shiloh BuhlGeogr. 202 = mod. Taʿna, c. 7 miles ESE. from Nablûs.",Joshua 16:6,
1757,תָּבוֹר,1,,,,,
1758,תִּבְנִי,1,masculine,,"rival of Omri (WeIsr. u. Jüd. Gesch., 3rd ed., 70, cp. Sidon. Thabnit);—, (×2); Θαμνει [Thamnei], 𝔊L Θαβεννει [Thabennei].",I Kings 16:21; I Kings 16:22,
1759,תַּבְעֵרָה,1,locative (place name),,"in the wilderness (burning, cf. ).",Numbers 11:3; Numbers 11:3; Deuteronomy 9:22,
1760,תַּדְמֹר,1,locative (place name),,"built by Solomon, according to Qr =; Tadmor = Palmyra (RSEncy. Brit. (9) Palmyra Mommsen Röm. Gesch. v. 423, cf. LagBN 125); but read in both places תָּמָר Th RSl.c. Mommsen l.c. Kmp Benz Kit Bur ReckendZMG xiii (1888), 402 Lagl.c. GASmGeogr. 270, N. 2; 580, N. 2; v. II..",I Kings 9:18; II Chronicles 8:8,"BDB, תָּמָר²"
1761,תּוֹחַ,1,masculine,,"ancestor of Samuel [Levite !]; Θειε, Θοουε [Theie, Thooue], 𝔊L Νααθ [Naath]; ‖ תֹּ֫חוּ; Θοκε, Θοου [Thoke, Thoou], 𝔊L Θωε [Thōe].",I Chronicles 6:19; I Samuel 1:1,
1762,תּוֹלָע²,1,masculine,,"in Issachar; a judge of Israel; assigned to earlier time by; (both P), (×2).",Judges 10:1; Genesis 46:13; Numbers 26:23; I Chronicles 7:1; I Chronicles 7:2,
1763,תְּחִנָּה²,1,masculine,,one in the line of Judah.,I Chronicles 4:12,
1764,תַּחְפַּנְחֵס,1,locative (place name),,"Egyptian city, so Qr (Kt תחפנס); = תְּחַפְנְחֵס; Ταφνα [Taphna](ι [i])ς [Ταφναι [Taphnai]]; identif. with Gk. Daphnae, mod. Tel Defenneh, c. 18 m. ESE. from Tanis, c. 9 m. W. of El-Ḳanṭara, BädEgypt, 5th ed. (1902), 169 Petrie Defenneh (Tanis II), 1888.",Jeremiah 43:7; Jeremiah 43:8; Jeremiah 43:9; Jeremiah 44:1; Jeremiah 46:14; Jeremiah 2:16; Ezekiel 30:18,
1765,תַּחְפְּנֵיס,1,feminine,,"Egyptian queen;—, -נֵס v; Θεκ[χ [ch]]εμεινα [emeina].",I Kings 11:19; I Kings 11:20; I Kings 11:20,
1766,תַּ֫חַשׁ²,1,masculine,,"‘son’ of Nahor; Τοχος [Tochos]; identif. by WklMitth. d. Vorderas. Gesellsch. 1896, 207 with Tīḫesï̥ (Egypt.), which WMMAs. u. Eur. 258 puts N. of Kadesh on Orontes.",Genesis 22:24,
1767,תַּ֫חַת²,1,,,,,
1768,תֵּימָא,1,territorial (land/region),,"et gent. (O Aramaic תימא Lzb 385; in Assyrian Têma DlPa 301 f. Schr KGF 261 ff.; = south country, √ ימא (cf. according to NöEncy. Bib. ishmael);—ישְׁבֵי אֶרֶץ ת׳, people; ת׳ ‘son’ of Ishmael ‖; אָרְחוֹת תֵּמָא (l.אֹרְ׳); Θαιμαν [Thaiman]. Mod. Teyma, NW. Arabia, DoughtyArab. Des. i, pass., especially 284–299 WilsonHast. DB tema, and on inscr. found there EutNab. Inschr. 35 CIS ii, No. 113.114 NöSBAk 1884, 813 f. HalRÉJ xii, 111 ff. Cooke 195 ff.",Isaiah 21:14; Jeremiah 25:23; Genesis 25:15; I Chronicles 1:30; Job 6:19,"BDB, תֵּימָן²"
1769,תֵּימָן²,1,,m. et,"loc. a N. district of Edom, poet. often = Edom (‖ אֱדוֹם v, and בָּצְרָה), (‖ הַר־עֵשָׂו); (all ‖ אֱדוֹם (‖ הַר־פָּארָן; prob. also; (both D); in (P) as name of an Edomite chief, son of אֱלִיפַז and grandson of Esau v =; v =; so תֵּומָ֯ן.—Vid. further BuhlEdomiter 30; cf. (p. 1066).",Amos 1:12; Amos 1:11; Obadiah 1:9; Jeremiah 49:7; Jeremiah 49:20; Ezekiel 25:13; Habakkuk 3:3; Joshua 12:3; Joshua 13:4; Genesis 3:6; Genesis 36:11; I Chronicles 1:36; I Chronicles 1:42; I Chronicles 1:53; Genesis 36:15,"BDB, תֵּימָא"
1770,תֵּימְנִי,1,masculine,,appar. n.pr.m. in Judah.,I Chronicles 4:6,
1771,תִּֽירְיָא,1,masculine,in Judah,"van d. H., appar. der. from √ ירא, cf. MV Buhl; but Baer תִּרְיָא (𝔊B om.; A Θηρια [Thēria], 𝔊L Εθρια [Ethria]).",I Chronicles 4:16,
1772,תִּירְיָא,1,masculine,,"in Judah; Ζαιρα [Zaira], A Θηρια [Thēria], 𝔊L Εθρια [Ethria].",I Chronicles 4:16,
1773,תֹּ֫כֶן²,1,locative (place name),,"in Simeon; Θοκκα [Thokka], A Θοχχαν [Thochchan], 𝔊L Ενθεκεμ [Enthekem].",I Chronicles 4:32,
1774,תֵּל אָבִיב,1,locative (place name),,"in Babylonia, on the ‘river Chebar,’.",Ezekiel 3:15,
1775,תֵּל חַרְשָׁא,1,locative (place name),,"in Babylonia;— =; Θααρησα [Thaarēsa], (Θελ [Thel])αρησα [arēsa], etc., 𝔊L Ezr Θαλαα καὶ Ρησα [Thalaa kai Rēsa].",Ezra 2:59; Nehemiah 7:60,
1776,תֵּל מֶ֫לַח,1,locative (place name),,"in Babylonia;— =; Θερμελεθ, Θελμελεθ[χ [ch]].",Ezra 2:59; Nehemiah 7:60,
1777,תַּלְמַי,1,masculine,,,,
1778,תִּמְנָה,1,locative (place name),"prob.=portion, territory","—(תִּמְנָה; תִּמְנָ֫תָה [as nomin. v. GFM ]; c. ה loc. תִּמְנָ֫תָה; 𝔊 Θαμνα, Θαμναθα [Thamna, Thamnatha]):—",Joshua 15:10; Joshua 15:57; II Chronicles 28:18; Judges 14:1; Joshua 19:43; Judges 14:1; Judges 14:2; Judges 14:5; Genesis 38:12; Genesis 38:13; Genesis 38:14; Judges 14:1; Judges 14:5,
1779,תִּמְנָע,1,masculine,,and f. Edomite name. 𝔊 Θαμνα [Thamna]:—,,
1780,תִּמְנָע,3,masculine,,תִּמְנָע n.pr.m.,,
1781,תָּמָר²,1,,,,,
1782,תַּנְחֻ֫מֶת,1,masculine,? LagBN 126 f. thinks f.,"parent of Seraiah, a Hebr. captain, after fall of Jerus. = (Lagl.c. conj. תסחמת, Egyptian name).",Jeremiah 40:8; II Kings 25:23,
1783,תֹּ֫עוּ,1,masculine,,"king of Hamath, (×2) = תֹּ֫עוּ (which We Dr al. prefer).",II Samuel 8:9; II Samuel 8:10; I Chronicles 18:9; I Chronicles 18:10,
1784,תַּפּוּדַן,1,locative (place name),,,,
1785,תֹּ֫פֶל,1,locative (place name),,"in, or near, the ʿArabah;—; = mod. Ṭafîleh, 15 m. SE. of Dead Sea RobBR ii. 187 v. BurckhardtTravels 402 f., but Ṭ = ת improb. v. Di Dr; 𝔊 Τοφολ [Tophol] (cf. LagBN 54).",Deuteronomy 1:1,
1786,תִּפְסַח,1,locative (place name),,"on Euphrates (prob. ford (though LagBN 131 doubts); LewyFremdw. 146 cp. Λάμψακος [Lampsakos] (on Bosphorus), expl. as לַפֶּסַח);—, NE. limit of Sol.’s dominion; = Gk. Θάψακος [Thapsakos]XenophAnab. i. 4 etc.; identif. with Kal’at Dibse, at the great easterly bend of the river, c. Lat. 35° 55ˊ N, Long. 38° 20ˊ E, JPPetersNation, May 23, 1889; Nippur i. 96 ff.",I Kings 5:4,
1787,תָּפְתֶּה,1,locative (place name),si vera l.,"id.;—as a place of burning, in fig. of י׳’s judgment on Assyria (Klo Che Buhl Marti al. תֹּפֶת, joining ה to following as interrogative).",Isaiah 30:33,
1788,תִּקְוָה³,1,masculine,hope; cf. LagBN 131,—,,
1789,תְּקוֹעַ,1,locative (place name),,"in S. Judah (connex. with above √ dub.);—, as ‘son’ of Ashḥur; תְּק֫וֹעָה; מִדְבַּר ת׳; 𝔊 Θεκωε [Thekōe] (also -ουε [oue]); mod. Tekûʾa, c. 5 m. S. of Bethlehem; v. RobBR i. 486f. BuhlG. 157f. TaylorHast.DB Tekoa GASmTwelve Proph. i. 74 f. Dr.",Amos 1:1; Jeremiah 6:1; II Chronicles 11:6; I Chronicles 2:24; I Chronicles 4:5; II Samuel 14:2; II Chronicles 20:20; Amos 1:1,
1790,תִּרְהָקָה,1,masculine,,"king of Egypt, of Ethiop. dynasty: =; Θαρακα [Tharaka]; 𝔊L Θαρθακ [Tharthak]; = Egyptian T-h-r-ḳ, Assyrian Tarḳu, SteindorffBAS i. 345f. COT WiedemannÄg. Gesch. 590 ff. BrugschEgypt under Pharaohs (new ed. 1891), 410 ff. WMM Ency. Bib. Tirhakah GriffithHast. DB Id.",II Kings 19:9; Isaiah 37:9; II Kings 19:9,
1791,תֶּ֫רַח,1,,,,,
1792,תִּרְחֲנָה,1,,,"[m.? f.?] child of Caleb; Θαραμ, Θαρχνα [Tharam, Tharchna], 𝔊L Θαραανα [Tharaana].",I Chronicles 2:48,
1793,תִּרְעָתִים,1,masculine (pl),,a Kenite family; Θαργαθυμ [Thargathym].,I Chronicles 2:55,
1794,תִּרְצָה,1,feminine,,"et loc. (pleasure, beauty);—",,
1795,תַּרְשִׁישׁ²,1,,,,,
1796,תַּרְתָּ֑ק,1,divine name,,"of הָעַוִּים; Θαρθακ [Tharthak]; not identified, cf.PinchesHast. DB Tartak.",II Kings 17:31,
