rank,name,normalized_name,count,example_1,example_2,example_3
1,Rebbi Joḥanan,R' Yoḥanan,3434,Berakhot 2:4.15,Berakhot 2:5.4,Berakhot 2:5.9
2,Rebbi Yose,R' Yose,2761,Berakhot 1:1.2,Berakhot 1:1.3,Berakhot 1:1.14
3,Rebbi Jehudah,R' Yehudah,1722,Peah 1:1.39,Peah 1:3.1,Peah 2:1.10
4,Rebbi Eleazar,R' Elazar,1320,Berakhot 1:3.3,Berakhot 1:5.5,Berakhot 2:1.14
5,Rebbi Simeon ben Laqish,R' Shimon ben Lakish,1181,Berakhot 1:1.25,Berakhot 1:1.27,Berakhot 1:5.4
6,Rebbi Simeon,R' Shimon,1090,Berakhot 1:1.31,Berakhot 1:1.35,Berakhot 1:5.14
7,Rebbi Meïr,R' Meir,1082,Berakhot 1:1.32,Berakhot 1:1.33,Berakhot 1:2.3
8,Rebbi Eliezer,R' Eliezer,905,Berakhot 1:1.1,Berakhot 1:1.37,Berakhot 1:2.1
9,Rebbi Aqiba,R' Akiva,787,Berakhot 1:1.32,Berakhot 1:1.34,Berakhot 1:2.6
10,Samuel,Shmuel,786,Berakhot 1:1.12,Berakhot 1:1.26,Berakhot 1:5.4
11,Rebbi Mana,R' Mana,760,Berakhot 1:1.15,Berakhot 1:1.28,Berakhot 1:2.8
12,Rebbi Abbahu,R' Abbahu,758,Berakhot 2:1.13,Berakhot 2:3.8,Berakhot 2:3.9
13,Rebbi Jeremiah,R' Yirmeyah,721,Berakhot 1:2.9,Berakhot 1:5.14,Berakhot 1:5.15
14,Rebbi Jonah,R' Yonah,689,Berakhot 1:2.7,Berakhot 2:1.20,Berakhot 2:3.11
15,Rebbi Ḥiyya,R' Ḥiyya,676,Berakhot 1:1.2,Berakhot 1:5.14,Berakhot 2:1.8
16,Rebbi Abba,R' Abba,605,Berakhot 1:1.16,Berakhot 1:1.27,Berakhot 1:2.8
17,Rebbi Yose ben Rebbi Abun,R' Yose ben R' Abun,562,Berakhot 1:1.9,Berakhot 1:1.30,Berakhot 3:5.8
18,Rebbi Joshua ben Levi,R' Yehoshua ben Levi,536,Berakhot 1:1.30,Berakhot 1:5.2,Berakhot 1:5.8
19,Rebbi Ḥanina,R' Ḥanina,527,Berakhot 1:1.12,Berakhot 1:1.13,Berakhot 1:1.22
20,Rebbi Zeïra,R' Ze'ira,454,Berakhot 1:1.4,Berakhot 1:1.20,Berakhot 1:1.29
21,Rebbi Aḥa,R' Aḥa,445,Berakhot 1:1.15,Berakhot 1:1.29,Berakhot 1:2.8
22,Rebbi Ze‘ira,R' Ze'ira,443,Shabbat 14:4.5,Yevamot 1:1.9,Yevamot 1:1.11
23,in the name of Rav,Rav,436,Berakhot 1:2.7,Berakhot 1:5.14,Berakhot 1:6.3
24,Rebbi Joshua,R' Yehoshua,419,Berakhot 1:1.24,Berakhot 1:2.7,Berakhot 2:9.3
25,Rebbi Jacob bar Aḥa,R' Ya'akov bar Aḥa,413,Berakhot 2:3.14,Berakhot 2:5.8,Berakhot 2:5.9
26,Rebbi Ismael,R' Yishmael,408,Berakhot 1:1.16,Berakhot 1:3.3,Berakhot 1:4.3
27,Rebbi Yasa,R' Yasa,380,Berakhot 1:1.29,Berakhot 2:1.11,Berakhot 2:4.15
28,Rebbi Zeˋira,R' Ze'ira,374,Shabbat 1:1.7,Shabbat 1:1.14,Shabbat 1:1.15
29,Rebbi Immi,R' Immi,368,Berakhot 1:1.30,Peah 1:1.2,Peah 3:7.2
30,Rabban Simeon ben Gamliel,Rabban Shimon ben Gamliel,367,Berakhot 3:1.10,Berakhot 3:5.10,Berakhot 7:1.8
31,Rebbi Yannai,R' Yannai,313,Berakhot 2:3.3,Berakhot 2:3.5,Berakhot 2:6.5
32,Rebbi Ze`ira,R' Ze'ira,306,Eruvin 5:8.3,Eruvin 6:5.2,Eruvin 6:8.3
33,Rebbi Hoshaia,R' Hoshaya,288,Berakhot 4:6.7,Berakhot 6:8.2,Peah 1:1.8
34,Rabban Gamliel,Rabban Gamliel,283,Berakhot 1:1.1,Berakhot 1:1.31,Berakhot 1:1.32
35,Rav Huna,Rav Huna,273,Berakhot 3:4.5,Berakhot 3:5.8,Berakhot 5:3.4
36,Rebbi Hila,R' Hila,253,Demai 6:8.9,Kilayim 8:1.4,Sheviit 6:3.4
37,Rebbi Ḥiyya bar Abba,R' Ḥiyya bar Abba,245,Berakhot 1:5.16,Berakhot 2:3.6,Berakhot 2:4.10
38,Rav said,Rav,243,Berakhot 1:1.23,Berakhot 2:3.2,Berakhot 2:4.2
39,Rebbi Yudan,R' Yudan,238,Berakhot 1:2.9,Berakhot 1:5.14,Berakhot 1:5.22
40,Rebbi Ḥaggai,R' Ḥaggai,221,Berakhot 2:4.6,Berakhot 2:6.2,Berakhot 2:6.5
41,Rebbi Abun,R' Abun,218,Berakhot 1:1.23,Berakhot 1:5.3,Berakhot 1:5.15
42,Rav Ḥisda,Rav Ḥisda,218,Berakhot 1:2.4,Berakhot 2:1.11,Berakhot 2:4.4
43,Rebbi Yose ben Ḥanina,R' Yose ben Ḥanina,217,Berakhot 4:1.19,Berakhot 5:1.7,Berakhot 5:3.4
44,Rebbi Simon,R' Shimon,216,Berakhot 1:1.18,Berakhot 1:5.2,Berakhot 1:5.3
45,Rebbi Meїr,R' Meir,216,Sheviit 5:2.1,Terumot 1:1.22,Terumot 1:1.23
46,Rav Jehudah,Rav Yehudah,213,Berakhot 8:1.7,Peah 4:4.2,Peah 7:3.4
47,Rebbi Ḥizqiah,R' Ḥizkiah,201,Berakhot 1:1.15,Berakhot 1:1.27,Berakhot 1:6.5
48,The House of Shammai,Beit Shammai,186,Berakhot 8:1.1,Berakhot 8:2.1,Berakhot 8:3.1
49,Ḥizqiah,Ḥizkiah,185,Berakhot 1:5.10,Berakhot 2:4.12,Berakhot 3:4.8
50,Rebbi Abun bar Ḥiyya,R' Abun bar Ḥiyya,180,Berakhot 2:4.16,Peah 3:3.3,Peah 6:4.2
51,Rebbi Jonathan,R' Yonatan,174,Berakhot 2:3.15,Berakhot 5:1.19,Berakhot 6:7.2
52,Rebbi Simeon ben Eleazar,R' Shimon ben Elazar,151,Berakhot 1:1.33,Berakhot 3:1.7,Berakhot 3:5.10
53,Rebbi Isaac,R' Yitzḥak,144,Berakhot 2:3.6,Berakhot 2:3.10,Berakhot 4:1.30
54,Rebbi Yoḥanan,R' Yoḥanan,143,Berakhot 1:1.4,Berakhot 1:1.15,Berakhot 1:1.25
55,Bar Qappara,Bar Kappara,143,Berakhot 1:5.14,Berakhot 1:6.8,Berakhot 2:1.5
56,Rebbi Levi,R' Levi,140,Berakhot 1:1.18,Berakhot 1:1.27,Berakhot 1:5.3
57,Rebbi Samuel bar Rav Isaac,R' Shmuel bar Rav Yitzḥak,140,Berakhot 2:5.7,Berakhot 2:8.11,Berakhot 2:9.4
58,Rebbi La,R' La,138,Peah 1:1.10,Peah 1:1.41,Peah 4:7.6
59,Rebbi Ila,R' Ila,138,Terumot 2:1.14,Terumot 2:1.19,Terumot 8:4.5
60,Rebbi Ḥuna,R' Ḥuna,136,Berakhot 1:1.37,Berakhot 1:2.7,Berakhot 1:5.5
61,Rebbi Abba bar Mamal,R' Abba bar Mamal,136,Berakhot 4:1.25,Berakhot 4:1.27,Demai 7:1.4
62,Rav Ḥuna,Rav Ḥuna,134,Berakhot 1:5.21,Berakhot 2:1.11,Berakhot 2:5.7
63,Rebbi Phineas,R' Pinḥas,130,Berakhot 1:1.6,Berakhot 1:1.27,Berakhot 2:1.17
64,Rebbi Eliezer ben Jacob,R' Eliezer ben Ya'akov,129,Peah 8:8.13,Kilayim 2:5.3,Kilayim 2:7.1
65,Rebbi Samuel bar Naḥman,R' Shmuel bar Naḥman,127,Berakhot 1:5.2,Berakhot 1:5.5,Berakhot 4:4.11
66,The rabbis of Caesarea,the rabbis of Caesarea,124,Berakhot 4:1.23,Berakhot 6:5.5,Berakhot 9:1.28
67,Rebbi Abin,R' Abin,124,Peah 1:4.7,Peah 2:4.3,Peah 5:5.4
68,Rebbi Eleazar ben Azariah,R' Elazar ben Azaryah,123,Berakhot 1:2.6,Berakhot 1:3.3,Berakhot 1:6.1
69,Rebbi Samuel,R' Shmuel,122,Berakhot 1:5.6,Berakhot 3:2.5,Berakhot 3:5.16
70,Rebbi Ḥananiah,R' Ḥananiah,118,Berakhot 5:3.4,Peah 2:4.11,Peah 3:7.2
71,Rebbi Ḥinena,R' Ḥinena,113,Berakhot 6:1.11,Berakhot 6:6.4,Berakhot 9:2.14
72,Rebbi Nathan,R' Natan,111,Berakhot 1:1.26,Berakhot 1:1.27,Berakhot 1:1.28
73,Rebbi Yose ben Rebbi Jehudah,R' Yose ben R' Yehudah,111,Peah 1:4.9,Peah 7:5.9,Demai 1:1.10
74,Rebbi said,R' Yehuda HaNasi,103,Berakhot 1:5.3,Berakhot 4:4.5,Berakhot 5:2.8
75,Rebbi Assi,R' Assi,103,Berakhot 4:4.7,Kilayim 9:3.9,Sheviit 3:4.6
76,Cahana,Kahana,100,Berakhot 2:8.9,Demai 3:3.3,Kilayim 1:6.4
77,Rebbi Eleazar ben Rebbi Simeon,R' Elazar ben R' Shimon,99,Berakhot 5:1.20,Peah 7:3.18,Peah 7:5.9
78,Rebbi Jacob bar Idi,R' Ya'akov bar Idi,87,Berakhot 2:1.16,Berakhot 4:2.3,Berakhot 4:6.3
79,Rebbi Ḥanania,R' Ḥanania,86,Berakhot 2:3.6,Peah 1:1.54,Terumot 1:2.2
80,Rebbi Tarphon,R' Tarfon,85,Berakhot 1:4.2,Berakhot 6:8.1,Peah 1:1.23
81,Rebbi Yose the Galilean,R' Yose the Galilean,85,Berakhot 2:1.9,Berakhot 3:1.25,Berakhot 5:2.4
82,Rav Jeremiah,Rav Yirmeyah,82,Berakhot 1:1.4,Berakhot 2:1.9,Berakhot 3:1.3
83,Rebbi Ismael ben Rebbi Yose,R' Yishmael ben R' Yose,81,Berakhot 4:1.31,Demai 1:1.11,Kilayim 1:1.5
84,Rebbi Neḥemiah,R' Neḥemiah,80,Berakhot 1:1.14,Berakhot 1:1.15,Berakhot 3:4.12
85,Rebbi Joḥanan ben Nuri,R' Yoḥanan ben Nuri,80,Peah 8:1.2,Kilayim 4:2.3,Kilayim 4:2.8
86,Rebbi Huna,R' Huna,77,Berakhot 1:1.17,Berakhot 1:1.19,Berakhot 1:1.28
87,Simeon bar Abba,Shimon bar Abba,77,Berakhot 3:5.19,Berakhot 4:4.4,Berakhot 5:2.9
88,Rebbi Ḥelbo,R' Ḥelbo,74,Berakhot 1:1.26,Berakhot 1:5.7,Berakhot 1:5.14
89,Rebbi Berekhiah,R' Berekhiah,72,Berakhot 1:1.26,Berakhot 2:3.19,Berakhot 4:1.11
90,Rebbi Ammi,R' Ammi,72,Berakhot 1:1.27,Berakhot 1:5.4,Berakhot 1:5.9
91,Rebbi Abba bar Zavda,R' Abba bar Zavda,71,Berakhot 1:5.14,Berakhot 1:5.19,Berakhot 2:4.6
92,Rebbi Mattaniah,R' Mattaniah,70,Berakhot 2:1.12,Berakhot 2:4.16,Peah 3:7.7
93,Rebbi Shammai,R' Shammai,69,Berakhot 3:5.6,Demai 5:1.3,Sheviit 3:6.2
94,Abba Shaul,Abba Shaul,69,Peah 1:1.15,Peah 4:3.5,Peah 8:1.2
95,Rebbi Jehudah bar Pazi,R' Yehudah bar Pazi,69,Sheviit 6:3.5,Sheviit 10:1.13,Terumot 8:3.31
96,Rebbi Samuel ben Rav Isaac,R' Shmuel ben Rav Yitzḥak,65,Demai 2:2.5,Sheviit 1:2.3,Terumot 8:3.22
97,in the name of Rebbi,R' Yehuda HaNasi,64,Berakhot 1:6.7,Berakhot 3:4.12,Berakhot 5:2.10
98,Rebbi Zeїra,R' Ze'ira,64,Sheviit 3:2.5,Sheviit 4:1.3,Sheviit 4:2.4
99,Rebbi Yose bar Ḥanina,R' Yose bar Ḥanina,63,Berakhot 3:5.8,Berakhot 4:1.4,Berakhot 9:1.31
100,Rebbi Ḥiyya bar Ada,R' Ḥiyya bar Ada,61,Berakhot 2:8.4,Berakhot 6:1.25,Peah 5:3.5
101,Rebbi Hoshaiah,R' Hoshaiah,60,Berakhot 2:4.6,Berakhot 5:1.4,Berakhot 5:1.12
102,Rebbi Simeon ben Ioḥai,R' Shimon ben Yoḥai,60,Peah 1:1.31,Peah 1:1.52,Sheviit 9:1.12
103,Rebbi Tanḥuma,R' Tanḥuma,59,Berakhot 1:1.14,Berakhot 2:4.11,Berakhot 2:4.13
104,Rebbi Yehudah,R' Yehudah,57,Berakhot 1:1.22,Berakhot 1:2.6,Berakhot 2:1.1
105,Rav Hamnuna,Rav Hamnuna,57,Berakhot 1:2.7,Kilayim 4:2.5,Maasrot 4:2.2
106,Rebbi Yose ben Rebbi Ḥanina,R' Yose ben R' Ḥanina,57,Berakhot 8:2.5,Demai 5:1.2,Demai 6:2.5
107,The House of Hillel,Beit Hillel,57,Berakhot 8:5.3,Berakhot 8:7.1,Demai 6:5.1
108,Rebbi Abba Mari,R' Abba Mari,55,Berakhot 1:2.9,Berakhot 7:1.7,Demai 2:1.9
109,Rav Ḥiyya bar Ashi,Rav Ḥiyya bar Ashi,55,Berakhot 1:5.8,Berakhot 5:2.16,Berakhot 6:5.4
110,Rebbi Ṭarphon,R' Tarphon,53,Berakhot 1:4.1,Peah 3:6.1,Peah 3:6.2
111,Hillel,Hillel,53,Berakhot 1:4.4,Berakhot 9:3.9,Berakhot 9:5.19
112,Rebbi Jehudah ben Pazi,R' Yehudah ben Pazi,53,Berakhot 3:1.19,Kilayim 4:6.4,Terumot 3:1.4
113,Rebbi Isaac bar Naḥman,R' Yitzḥak bar Naḥman,50,Berakhot 1:5.11,Berakhot 4:1.26,Berakhot 5:2.10
114,Shammai,Shammai,50,Berakhot 8:5.3,Peah 6:2.4,Peah 6:2.5
115,Rebbi Yose bar Abun,R' Yose bar Abun,49,Berakhot 1:1.8,Berakhot 1:1.17,Berakhot 1:1.21
116,Rebbi Abba bar Cahana,R' Abba bar Kahana,48,Berakhot 6:1.3,Berakhot 6:6.4,Peah 1:1.12
117,Ben Azzai,Ben Azzai,48,Shabbat 1:1.11,Shabbat 1:1.12,Shabbat 1:1.13
118,Rebbi Jacob bar Zavdi,R' Ya'akov bar Zavdi,47,Berakhot 3:5.11,Berakhot 6:1.6,Berakhot 7:2.3
119,Rebbi Simeon bar Abba,R' Shimon bar Abba,46,Berakhot 2:1.14,Berakhot 2:6.5,Berakhot 4:4.6
120,Rebbi Jehudah ben Bathyra,R' Yehudah ben Bathyra,46,Challah 3:1.5,Bikkurim 1:6.1,Shabbat 5:2.5
121,Rebbi Simeon ben Yoḥai,R' Shimon ben Yoḥai,45,Berakhot 1:2.9,Berakhot 5:1.19,Berakhot 9:2.18
122,Rabban Joḥanan ben Zakkai,Rabban Yoḥanan ben Zakkai,45,Demai 3:1.2,Maasrot 2:2.4,Challah 1:1.21
123,Rebbi Eleazar ben Rebbi Yose,R' Elazar ben R' Yose,44,Berakhot 4:3.4,Demai 2:1.16,Demai 5:8.2
124,Rebbi Joshia,R' Yoshia,44,Kilayim 9:3.4,Sheviit 9:4.3,Terumot 10:5.4
125,Rebbi Zeriqan,R' Zerikan,43,Berakhot 1:1.27,Berakhot 2:3.7,Berakhot 5:1.2
126,Rav Hoshaia,Rav Hoshaya,43,Demai 2:1.6,Demai 6:1.3,Kilayim 8:3.4
127,Rav Naḥman bar Jacob,Rav Naḥman bar Ya'akov,41,Berakhot 2:1.7,Berakhot 4:4.5,Berakhot 4:6.5
128,Rebbi Joḥanan ben Beroqa,R' Yoḥanan ben Beroqa,41,Terumot 2:1.19,Terumot 8:3.29,Eruvin 7:8.2
129,Rebbi Jacob,R' Ya'akov,37,Berakhot 1:1.29,Berakhot 2:8.5,Berakhot 8:6.2
130,Samuel bar Abba,Shmuel bar Abba,36,Berakhot 2:7.4,Peah 7:5.7,Demai 3:4.8
131,Rebbi Idi,R' Idi,35,Berakhot 1:2.7,Berakhot 2:3.16,Berakhot 2:3.17
132,Rebbi Abba bar Cohen,R' Abba bar Kohen,35,Berakhot 1:4.2,Berakhot 2:7.2,Peah 7:5.13
133,Rebbi Abun bar Cahana,R' Abun bar Kahana,34,Demai 5:2.7,Sheviit 5:1.3,Terumot 2:3.3
134,Rebbi Abuna,R' Abuna,34,Demai 7:6.5,Kilayim 7:3.4,Sheviit 2:3.3
135,Rebbi Crispus,R' Crispus,33,Berakhot 3:1.9,Peah 1:1.11,Sheviit 1:1.3
136,Assi,Assi,32,Berakhot 2:6.4,Peah 3:8.2,Maasrot 1:2.9
137,Rebbi Ḥiyya bar Joseph,R' Ḥiyya bar Yosef,32,Kilayim 4:4.2,Kilayim 9:2.5,Orlah 3:3.3
138,Rebbi Judah,R' Yehudah,31,Berakhot 3:1.18,Berakhot 3:1.22,Berakhot 3:2.5
139,Rebbi Nehemiah,R' Nehemiah,31,Peah 1:1.41,Shabbat 2:3.3,Shabbat 8:4.1
140,Rebbi Ḥama bar Uqba,R' Ḥama bar Ukva,31,Kilayim 6:4.9,Kilayim 7:1.3,Kilayim 8:2.4
141,Rebbi Ḥama bar Ḥanina,R' Ḥama bar Ḥanina,30,Berakhot 1:5.16,Peah 8:8.14,Kilayim 9:3.13
142,Rav Sheshet,Rav Sheshet,30,Berakhot 4:4.5,Berakhot 7:1.5,Demai 1:4.7
143,Rebbi Jehudah the Prince,R' Yehudah the Prince,29,Peah 1:5.7,Peah 2:5.5,Shabbat 1:4.11
144,Rebbi Nasa,R' Nasa,29,Kilayim 2:3.4,Sheviit 4:2.6,Terumot 11:5.13
145,Rebbi Simai,R' Simai,28,Berakhot 1:5.14,Kilayim 9:3.11,Maasrot 1:1.7
146,Rebbi Judan,R' Yudan,28,Berakhot 7:2.4,Berakhot 9:1.18,Peah 8:4.4
147,Ulla bar Ismael,Ulla bar Yishmael,27,Demai 1:1.10,Demai 1:4.7,Kilayim 9:1.6
148,Rav Mattanah,Rav Mattanah,25,Berakhot 1:5.4,Berakhot 1:5.6,Berakhot 2:4.3
149,Rebbi Judah ben Pazi,R' Yehudah ben Pazi,24,Berakhot 1:4.2,Berakhot 3:1.10,Berakhot 3:3.9
150,Rebbi Avina,R' Avina,24,Berakhot 3:5.6,Berakhot 4:1.27,Berakhot 6:4.4
151,Rebbi Simeon ben Jehudah,R' Shimon ben Yehudah,24,Peah 5:6.2,Demai 5:1.2,Kilayim 2:3.3
152,Rebbi Tanḥum bar Ḥiyya,R' Tanḥum bar Ḥiyya,24,Demai 5:8.9,Sheviit 5:3.7,Maasrot 1:2.15
153,Rebbi Judah bar Pazi,R' Yehudah bar Pazi,24,Kilayim 4:2.9,Kilayim 7:6.3,Terumot 7:1.13
154,Rebbi Yose ben Rebbi Bun,R' Yose ben R' Bun,24,Eruvin 1:6.4,Eruvin 7:2.3,Eruvin 8:8.3
155,Rebbi Ḥalaphta ben Shaul,R' Ḥalafta ben Shaul,23,Berakhot 3:5.17,Peah 2:4.10,Demai 1:4.4
156,Bar Pedaiah,Bar Pedaiah,23,Peah 4:5.2,Terumot 4:7.4,Terumot 4:8.5
157,Rebbi Ḥanin,R' Ḥanin,23,Demai 6:2.11,Sheviit 6:1.14,Challah 1:6.2
158,Rebbi Abbin,R' Abbin,23,Shabbat 9:3.5,Shabbat 12:3.4,Shabbat 19:1.9
159,Rebbi Ḥama,R' Ḥama,22,Berakhot 2:7.2,Peah 8:8.7,Sheviit 2:2.5
160,Rebbi Pedat,R' Pedat,22,Berakhot 4:2.3,Sheviit 4:6.5,Sheviit 7:2.5
161,Rebbi Eleazar ben Arakh,R' Elazar ben Arakh,22,Demai 7:7.3,Challah 3:1.7,Chagigah 2:1.7
162,Ben Bathyra,Ben Bathyra,22,Shabbat 16:2.1,Shabbat 16:2.4,Shabbat 16:4.1
163,Menaḥem,Menaḥem,21,Berakhot 2:4.12,Berakhot 4:4.7,Peah 8:1.2
164,the father of Rebbi Mattaniah,the father of R' Mattaniah,21,Demai 5:3.3,Kilayim 3:1.7,Sheviit 10:1.5
165,Rebbi Simeon ben Rebbi,R' Shimon ben R',21,Sheviit 4:8.5,Terumot 8:3.25,Maaser Sheni 4:1.7
166,Rebbi Ḥiyya bar Ashi,R' Ḥiyya bar Ashi,20,Sheviit 4:8.4,Terumot 2:1.18,Maasrot 4:1.9
167,Ben Zoma,Ben Zoma,19,Berakhot 1:6.1,Berakhot 1:6.11,Berakhot 6:6.5
168,Rebbi Samuel ben Eudaimon,R' Shmuel ben Avdimi,19,Berakhot 3:2.4,Berakhot 7:1.7,Peah 7:3.2
169,Rebbi Isaac ben Eleazar,R' Yitzḥak ben Elazar,19,Berakhot 5:1.22,Berakhot 5:2.11,Berakhot 7:3.9
170,Rebbi Ezra,R' Ezra,19,Terumot 1:1.8,Terumot 7:1.10,Terumot 9:1.17
171,Rav Ada bar Aḥawa,Rav Ada bar Aḥava,19,Eruvin 4:3.2,Shekalim 8:4.4,Taanit 3:11.4
172,Rebbi Joshua ben Qorḥa,R' Yehoshua ben Qorḥa,19,Rosh Hashanah 4:5.1,Megillah 1:1.4,Yevamot 15:3.7
173,Rebbi Dosa,R' Dosa,18,Peah 1:1.18,Terumot 11:4.5,Maaser Sheni 1:1.17
174,Rebbi Avin,R' Avin,18,Peah 2:4.6,Peah 5:1.5,Peah 6:1.4
175,Rebbi Joḥanan the Alexandrian,R' Yoḥanan the Alexandrian,18,Terumot 2:1.19,Shabbat 3:1.10,Chagigah 3:1.3
176,Rebbi Miasha,R' Miasha,17,Berakhot 1:5.14,Berakhot 2:9.4,Peah 2:4.1
177,Rebbi Isaac ben Rebbi Eleazar,R' Yitzḥak ben R' Elazar,17,Berakhot 1:5.23,Berakhot 5:1.9,Berakhot 5:1.12
178,Rebbi Illa,R' Illa,17,Berakhot 2:1.4,Peah 6:6.2,Terumot 1:2.2
179,Ben Azai,Ben Azai,17,Berakhot 8:8.6,Berakhot 9:4.1,Berakhot 9:4.2
180,Rebbi Zachariah,R' Zachariah,17,Peah 8:8.7,Kilayim 1:8.2,Pesachim 1:1.9
181,Rebbi Onias from Hauran,R' Onias from Hauran,17,Sheviit 1:5.3,Sheviit 9:1.7,Maaser Sheni 5:1.6
182,Rebbi Eleazar ben Rebbi Ṣadoq,R' Elazar ben R' Tzadoq,17,Shabbat 1:4.11,Shekalim 4:1.2,Sukkah 4:6.5
183,Rebbi Jacob the Southerner,R' Ya'akov the Southerner,16,Berakhot 1:1.10,Berakhot 3:3.10,Terumot 3:1.4
184,Rav Joseph,Rav Yosef,16,Berakhot 1:1.29,Berakhot 2:1.6,Berakhot 2:1.20
185,Abba bar Jeremiah,Abba bar Yirmeyah,16,Berakhot 2:3.12,Berakhot 2:3.13,Berakhot 5:2.15
186,Rebbi Bevai,R' Bevai,16,Shabbat 1:10.2,Shekalim 2:3.2,Yoma 5:1.7
187,Bar Ziza,Bar Ziza,16,Bava Kamma 6:7.3,Shevuot 7:2.4,
188,bar Ḥana,bar Ḥana,15,Berakhot 2:1.15,Berakhot 5:3.4,Berakhot 6:2.4
189,Rebbi Eudaimon,R' Avdimi,15,Berakhot 2:4.6,Berakhot 5:2.6,Kilayim 6:4.4
190,Rebbi Abba bar Zamina,R' Abba bar Zamina,15,Berakhot 4:1.30,Berakhot 6:1.24,Berakhot 7:3.4
191,Rav Ḥananel,Rav Ḥananel,15,Berakhot 4:6.5,Berakhot 6:6.6,Megillah 1:9.9
192,the brother of Rebbi Yose,the brother of R' Yose,15,Berakhot 5:2.6,Berakhot 7:1.7,Terumot 8:4.5
193,Rebbi Samuel bar Eudaimon,R' Shmuel bar Avdimi,15,Peah 4:1.8,Demai 6:2.11,Terumot 9:1.3
194,Abba bar Abba,Abba bar Abba,15,Peah 8:8.6,Shabbat 6:6.3,Pesachim 5:2.10
195,Rebbi Simeon from Shezur,R' Shimon from Shezur,15,Demai 4:1.1,Demai 4:1.9,Demai 4:1.10
196,the rabbis of Caesarea,the rabbis of Caesarea,15,Demai 7:8.2,Challah 4:2.4,Shabbat 7:1.15
197,Rebbi Ilai,R' Ilai,15,Terumot 2:2.4,Yoma 1:1.18,Sukkah 2:5.6
198,Hillel the Elder,Hillel,15,Shabbat 19:1.8,Eruvin 10:1.8,Sukkah 5:4.2
199,Rebbi Samuel ben Naḥman,R' Shmuel ben Naḥman,14,Berakhot 1:5.4,Berakhot 9:2.12,Peah 1:1.49
200,Rebbi Cohen,R' Kohen,14,Berakhot 3:1.17,Demai 7:8.2,Challah 4:2.4
201,Rebbi Berekhia,R' Berekhia,14,Berakhot 5:2.3,Berakhot 9:5.2,Maasrot 5:2.3
202,Simeon ben Shetaḥ,Shimon ben Shetaḥ,14,Berakhot 7:2.7,Chagigah 2:2.5,Chagigah 2:2.6
203,Rebbi Josia,R' Yosia,14,Kilayim 8:1.4,Orlah 1:5.8,Orlah 3:1.9
204,Rebbi Abinna,R' Abinna,14,Maaser Sheni 1:3.4,Challah 1:1.26,Pesachim 5:5.4
205,Rebbi Haggai,R' Haggai,14,Pesachim 2:2.16,Pesachim 4:3.6,Pesachim 5:3.3
206,Rebbi Ze`ura,R' Ze'ura,14,Beitzah 2:1.4,Beitzah 2:1.7,Rosh Hashanah 2:2.3
207,Rebbi Yose ben Ḥalaphta,R' Yose ben Ḥalafta,13,Berakhot 3:2.5,Berakhot 3:4.5,Demai 1:1.8
208,Rebbi Naḥum,R' Naḥum,13,Berakhot 4:3.15,Berakhot 9:2.20,Shabbat 7:2.18
209,Rebbi Sabbatai,R' Sabbatai,13,Berakhot 8:2.5,Peah 1:1.22,Sheviit 2:5.6
210,R. Joḥanan,R' Yoḥanan,13,Peah 1:1.7,Peah 3:7.13,Peah 5:2.8
211,Rebbi Ḥaninah,R' Ḥaninah,13,Peah 1:3.2,Kilayim 5:5.4,Sheviit 6:1.18
212,Rebbi Yudan bar Shalom,R' Yudan bar Shalom,13,Demai 6:2.10,Kilayim 1:7.4,Terumot 7:1.8
213,Rebbi Mani,R' Mani,12,Berakhot 1:5.2,Berakhot 3:5.6,Berakhot 4:3.11
214,Rav Yehudah,Rav Yehudah,12,Berakhot 1:6.3,Berakhot 2:1.6,Berakhot 5:2.9
215,Rebbi Illaï,R' Illai,12,Berakhot 3:4.13,Peah 3:7.16,Demai 1:1.8
216,Rebbi Yannai ben Rebbi Ismael,R' Yannai ben R' Yishmael,12,Berakhot 4:3.10,Berakhot 4:3.15,Terumot 8:3.4
217,Rebbi Ulla,R' Ulla,12,Berakhot 5:3.9,Kilayim 9:6.4,Sheviit 5:3.3
218,Rebbi Simlai,R' Simlai,12,Berakhot 5:4.6,Berakhot 9:1.8,Peah 8:7.8
219,Rebbi Phineas ben Yaïr,R' Pinḥas ben Yaïr,12,Demai 1:3.5,Demai 1:3.6,Demai 1:3.7
220,Rebbi Jonah from Bostra,R' Yonah from Bostra,12,Kilayim 8:3.4,Kilayim 8:4.5,Kilayim 9:1.4
221,R. Ḥiyya,R' Ḥiyya,12,Kilayim 9:3.8,Ketubot 12:3.8,
222,Rebbi Abba bar Mamai,R' Abba bar Mamai,12,Sheviit 2:4.6,Sheviit 3:2.4,Sheviit 3:2.5
223,Rebbi Ḥinena bar Pappa,R' Ḥinena bar Pappa,12,Sheviit 4:3.3,Sheviit 4:8.2,Sheviit 5:4.7
224,Rebbi Ashian,R' Ashian,12,Terumot 1:5.9,Bikkurim 3:3.17,Shabbat 3:1.8
225,Rebbi Mana bar Tanḥum,R' Mana bar Tanḥum,12,Terumot 5:2.5,Terumot 8:3.30,Maaser Sheni 4:2.3
226,Rebbi Bisna,R' Bisna,12,Maasrot 5:3.8,Shabbat 2:6.5,Shabbat 4:2.6
227,Rebbi Simeon ben Yaqim,R' Shimon ben Yakim,12,Orlah 1:1.12,Eruvin 10:12.3,Pesachim 6:1.18
228,Rebbi Yose ben Abun,R' Yose ben Abun,12,Shabbat 1:3.2,Beitzah 1:1.8,Chagigah 1:8.7
229,Rebbi Naḥman,R' Naḥman,12,Pesachim 5:10.4,Shekalim 5:2.4,Moed Katan 1:5.5
230,The great Rebbi Ḥiyya,R' Ḥiyya the Great,11,Berakhot 1:1.21,Berakhot 1:5.12,Berakhot 1:5.19
231,Abba bar Rav Huna,Abba bar Rav Huna,11,Berakhot 2:1.11,Berakhot 6:8.2,Kilayim 9:1.6
232,Rebbi Abin bar Ḥiyya,R' Abin bar Ḥiyya,11,Berakhot 2:1.12,Peah 2:5.5,Peah 3:7.6
233,Rebbi Abba from Carthage,R' Abba from Carthage,11,Berakhot 4:3.8,Demai 5:2.8,Kilayim 1:9.4
234,Rebbi Ḥilqiah,R' Ḥilqiah,11,Berakhot 9:4.4,Berakhot 9:5.18,Maaser Sheni 4:1.10
235,Rebbi Abba bar Zemina,R' Abba bar Zemina,11,Demai 1:3.5,Kilayim 9:3.13,Kilayim 9:4.5
236,Ulla,Ulla,11,Demai 1:4.7,Kilayim 9:3.15,Shabbat 3:1.3
237,Rebbi Isaac bar Eleazar,R' Yitzḥak bar Elazar,11,Demai 2:1.9,Terumot 11:4.6,Maaser Sheni 5:3.9
238,Rebbi Tabi,R' Tabi,11,Terumot 2:1.13,Terumot 8:3.33,Challah 2:3.9
239,Rebbi Ismael the son of Rebbi Joḥanan ben Beroqa,R' Yishmael the son of R' Yoḥanan ben Beroqa,11,Challah 1:1.11,Shabbat 7:2.44,Pesachim 5:1.9
240,Rebbi Phineas ben Yair,R' Pinḥas ben Yair,11,Shabbat 1:3.11,Shekalim 3:3.5,Shekalim 5:1.6
241,Rebbi Onias,R' Onias,11,Shabbat 1:9.2,Shabbat 14:3.8,Shekalim 6:4.4
242,Rebbi Mattania,R' Mattania,11,Chagigah 3:2.4,Moed Katan 3:1.15,Yevamot 3:3.4
243,Rebbi Hiyya,R' Hiyya,11,Moed Katan 2:1.3,Yevamot 13:7.2,Sotah 2:1.3
244,Rebbi Samuel bar Naḥmani,R' Shmuel bar Naḥmani,10,Berakhot 1:1.29,Berakhot 2:1.18,Berakhot 4:1.7
245,Rebbi Yosa,R' Yosa,10,Berakhot 3:1.7,Kilayim 1:1.6,Sheviit 2:5.6
246,Rebbi Tanḥum,R' Tanḥum,10,Berakhot 4:2.6,Berakhot 4:6.7,Berakhot 5:1.15
247,in the name of Rab,Rav,10,Berakhot 4:6.7,Sheviit 9:5.5,Challah 1:1.27
248,Rebbi Abba bar Jacob,R' Abba bar Ya'akov,10,Berakhot 6:1.19,Kilayim 7:4.2,Sheviit 1:6.3
249,Rebbi Johanan,R' Yohanan,10,Peah 1:1.8,Peah 1:1.20,Demai 1:3.2
250,Rebbi Joshua ben Bathyra,R' Yehoshua ben Bathyra,10,Peah 3:6.2,Shabbat 8:1.9,Shabbat 12:5.1
251,Rebbi Vivian,R' Vivian,10,Sheviit 1:3.3,Sheviit 3:4.6,Sheviit 9:6.5
252,Rebbi Ayvo bar Naggari,R' Ayvo bar Naggari,10,Terumot 5:2.2,Pesachim 5:10.3,Yoma 3:2.7
253,Rebbi Uqba,R' Ukva,10,Eruvin 1:1.26,Yoma 1:2.7,Yoma 1:2.8
254,Issy,Issy,10,Eruvin 5:1.13,Pesachim 10:3.3,Beitzah 1:7.2
255,Rebbi Yose ben Kipper,R' Yose ben Kipper,10,Beitzah 4:3.6,Yevamot 10:1.2,Yevamot 10:6.5
256,Mar Uqba,Mar Ukva,9,Berakhot 1:2.5,Berakhot 2:3.11,Sheviit 3:3.8
257,Rebbi Yose bar Rebbi Abun,R' Yose bar R' Abun,9,Berakhot 2:4.4,Berakhot 3:5.17,Berakhot 6:1.16
258,Rebbi Lia,R' Lia,9,Berakhot 2:4.16,Berakhot 3:3.8,Berakhot 3:3.9
259,Rebbi Bun,R' Bun,9,Berakhot 2:8.6,Eruvin 2:1.4,Sanhedrin 5:1.5
260,Rebbi Simeon ben Yoẓadaq,R' Shimon ben Yotzadaq,9,Berakhot 3:1.25,Demai 2:5.3,Sheviit 4:2.4
261,Rebbi Ḥanina ben Dosa,R' Ḥanina ben Dosa,9,Berakhot 4:1.31,Berakhot 5:1.22,Berakhot 5:5.1
262,Rebbi Yudan ben Rebbi Ismael,R' Yudan ben R' Yishmael,9,Berakhot 4:2.5,Berakhot 5:1.20,Shabbat 1:4.11
263,Rebbi Ḥanina ben Gamliel,R' Ḥanina ben Gamliel,9,Berakhot 5:2.10,Sheviit 4:2.10,Orlah 1:3.7
264,Rebbi Cahana,R' Kahana,9,Berakhot 6:4.4,Kilayim 1:6.4,Challah 3:4.7
265,the great Rebbi Ḥiyya,R' Ḥiyya the Great,9,Berakhot 6:5.3,Peah 5:2.3,Peah 6:4.4
266,Rebbi Yose ben Shaul,R' Yose ben Shaul,9,Berakhot 7:2.2,Demai 1:4.6,Terumot 8:3.9
267,Rebbi Zeriqa,R' Zerika,9,Berakhot 7:5.5,Maaser Sheni 1:1.5,Eruvin 9:3.2
268,Rebbi Justus bar Shunem,R' Yustus bar Shunem,9,Berakhot 8:7.2,Sheviit 6:1.23,Terumot 11:4.9
269,Rebbi Simeon bar Ioḥai,R' Shimon bar Yoḥai,9,Peah 1:1.30,Peah 8:1.3,Sheviit 9:1.13
270,Rebbi Ḥananiah the son of Rebbi Hillel,R' Ḥananiah the son of R' Hillel,9,Kilayim 7:5.4,Terumot 1:2.4,Orlah 1:3.7
271,Rebbi Ḥananiah ben Gamliel,R' Ḥananiah ben Gamliel,9,Sheviit 6:4.4,Gittin 8:10.4,Gittin 8:10.5
272,Rebbi Abba bar Ḥiyya,R' Abba bar Ḥiyya,9,Terumot 5:1.3,Yevamot 6:1.4,Ketubot 5:1.4
273,Rebbi Maisha,R' Maisha,9,Maasrot 5:1.7,Orlah 1:3.10,Bikkurim 2:3.10
274,Rebbi Joshiah,R' Yoshiah,9,Shabbat 8:1.2,Shabbat 8:1.3,Shabbat 18:1.2
275,Rebbi Simon bar Zavdi,R' Shimon bar Zavdi,9,Pesachim 8:6.3,Pesachim 9:1.4,Pesachim 9:1.5
276,Rebbi Isaac bar Ḥaqula,R' Yitzḥak bar Ḥaqula,9,Sukkah 1:12.3,Sukkah 3:6.3,Yevamot 6:6.6
277,Abba Jehudah,Abba Yehudah,9,Horayot 3:4.3,,
278,the school of Hillel,Beit Hillel,8,Berakhot 1:3.1,Berakhot 1:3.2,Berakhot 1:3.3
279,Rebbi Judah the Prince,R' Yehudah the Prince,8,Berakhot 3:1.22,Peah 1:5.7,Beitzah 1:9.3
280,Rebbi Zakkai,R' Zakkai,8,Berakhot 3:5.10,Shabbat 7:1.4,Shabbat 7:2.8
281,Rebbi Ḥanina the son of Rebbi Abbahu,R' Ḥanina the son of R' Abbahu,8,Berakhot 4:4.6,Berakhot 7:3.7,Bikkurim 3:3.9
282,Rebbi Joshua the Southerner,R' Yehoshua the Southerner,8,Berakhot 5:3.10,Berakhot 9:5.16,Challah 1:1.17
283,"Rebbi Abba, son of Rebbi Ḥiyya bar Abba","R' Abba, son of R' Ḥiyya bar Abba",8,Berakhot 7:5.10,Berakhot 7:5.11,Peah 1:1.21
284,Rebbi Simeon ben Gamliel,R' Shimon ben Gamliel,8,Berakhot 9:2.23,Demai 6:6.2,Maaser Sheni 5:1.1
285,Rebbi Benaiah,R' Benaiah,8,Peah 1:1.17,Shabbat 12:3.4,Pesachim 8:8.9
286,Rebbi Meir,R' Meir,8,Peah 1:1.39,Kilayim 3:6.1,Terumot 7:3.1
287,Rebbi Simeon bar Yaqim,R' Shimon bar Yakim,8,Peah 7:1.3,Peah 7:1.6,Ketubot 6:6.4
288,Rav Naḥman,Rav Naḥman,8,Demai 1:2.3,Kilayim 2:3.4,Shabbat 2:1.15
289,Rebbi Isaac bar Tevele,R' Yitzḥak bar Tevele,8,Demai 2:1.21,Sheviit 2:4.3,Maaser Sheni 1:1.6
290,ben Laqish,ben Lakish,8,Kilayim 6:1.3,Terumot 3:1.4,Maasrot 3:1.6
291,Rebbi Eudaimon from Haifa,R' Avdimi from Haifa,8,Sheviit 2:5.8,Terumot 3:3.4,Bikkurim 3:3.9
292,Rebbi Yudan the Prince,R' Yudan the Prince,8,Terumot 1:1.23,Pesachim 4:5.2,Pesachim 10:1.2
293,Rebbi Samuel bar Abba,R' Shmuel bar Abba,8,Terumot 3:3.11,Eruvin 5:2.2,Yoma 4:6.3
294,Rebbi Neḥoniah ben Haqanah,R' Neḥoniah ben Haqanah,8,Terumot 7:1.12,Megillah 1:6.4,Ketubot 3:1.16
295,Rebbi Simeon ben Menassiah,R' Shimon ben Menassiah,8,Terumot 7:1.12,Megillah 1:6.4,Chagigah 1:7.1
296,Rebbi Abba the son of Rebbi Pappai,R' Abba the son of R' Pappai,8,Bikkurim 2:1.5,Eruvin 5:7.4,Eruvin 7:10.4
297,Rebbi Ḥanania the son of Rebbi Hillel,R' Ḥanania the son of R' Hillel,8,Shabbat 2:5.5,Shabbat 9:1.5,Eruvin 5:8.2
298,Rebbi Abba bar Zuṭra,R' Abba bar Zutra,8,Shabbat 14:4.5,Yevamot 4:11.2,Yevamot 4:11.4
299,Simeon ben Sheṭaḥ,Shimon ben Shetaḥ,8,Chagigah 2:2.6,Ketubot 8:11.5,Sanhedrin 6:3.4
300,Ḥefa,Ḥefa,8,Nedarim 2:3.2,Shevuot 3:7.5,Shevuot 3:7.6
301,Rebbi Simeon ben Ḥalaphta,R' Shimon ben Ḥalafta,7,Berakhot 1:1.21,Berakhot 4:5.7,Peah 7:3.15
302,Rebbi Bibi,R' Bibi,7,Berakhot 1:4.4,Berakhot 4:6.2,Peah 7:5.6
303,Ḥanan bar Abba,Ḥanan bar Abba,7,Berakhot 1:5.15,Berakhot 4:1.5,Berakhot 7:4.4
304,R. Yose,R' Yose,7,Berakhot 1:6.5,Kilayim 9:3.8,Sheviit 8:5.5
305,Rebbi Samuel bar Isaac,R' Shmuel bar Yitzḥak,7,Berakhot 2:6.5,Berakhot 8:2.7,Kilayim 9:1.7
306,Rebbi Jacob bar Abun,R' Ya'akov bar Abun,7,Berakhot 3:4.6,Peah 3:3.3,Sheviit 3:5.3
307,Rebbi Jacob bar Abba,R' Ya'akov bar Abba,7,Berakhot 4:1.32,Berakhot 7:3.2,Sheviit 6:1.19
308,Rebbi Tanḥum ben Rebbi Ḥiyya,R' Tanḥum ben R' Ḥiyya,7,Berakhot 5:1.16,Taanit 1:1.18,Taanit 2:1.14
309,Rebbi Hoshaya,R' Hoshaya,7,Berakhot 8:2.11,Berakhot 9:2.15,Pesachim 2:5.2
310,Bar Kappara,Bar Kappara,7,Berakhot 9:2.2,Demai 3:3.6,Demai 4:1.10
311,Rav Ḥasdai,Rav Ḥasdai,7,Berakhot 9:2.6,Eruvin 1:10.4,Eruvin 4:10.2
312,bar Qappara,bar Kappara,7,Peah 3:7.17,Shabbat 2:5.9,Shabbat 6:9.7
313,Rabbi Abbahu,Rabbi Abbahu,7,Kilayim 1:1.3,Kilayim 5:7.2,Terumot 6:1.3
314,Rebbi Ḥiyya the Elder,R' Ḥiyya the Elder,7,Kilayim 2:4.2,Eruvin 3:4.5,Pesachim 6:1.19
315,Rebbi Jehudah ben Baba,R' Yehudah ben Baba,7,Kilayim 6:4.3,Yevamot 16:3.6,Yevamot 16:5.1
316,Rebbi Eleazar bar Yose,R' Elazar bar Yose,7,Kilayim 9:3.3,Shabbat 7:4.2,Shabbat 14:4.2
317,Rav Aḥa,Rav Aḥa,7,Terumot 10:1.2,Maasrot 5:1.3,Shabbat 2:1.12
318,Rebbi Abina,R' Abina,7,Maasrot 5:2.5,Challah 1:3.18,Sotah 2:2.9
319,Rebbi Simeon ben Yoṣadaq,R' Shimon ben Yotzadaq,7,Shabbat 1:1.20,Sukkah 1:1.7,Ketubot 7:7.2
320,Ḥiyya the son of Rav,Ḥiyya the son of Rav,7,Shabbat 1:1.25,Eruvin 3:1.9,Eruvin 4:1.5
321,Rebbi Jehuda,R' Yehudah,7,Shabbat 6:2.5,Shabbat 6:2.6,Pesachim 1:6.3
322,Rebbi Jehudah ben Levi,R' Yehudah ben Levi,7,Shabbat 7:2.54,Shabbat 7:2.59,Shabbat 17:1.7
323,Rebbi Joḥanan bar Marius,R' Yoḥanan bar Marius,7,Shabbat 19:2.5,Pesachim 5:6.2,Pesachim 7:12.3
324,Rebbi Simeon bar Carsana,R' Shimon bar Carsana,7,Eruvin 1:4.2,Eruvin 1:7.3,Eruvin 3:4.5
325,Rebbi Dosa ben Hyrkanos,R' Dosa ben Hyrkanos,7,Eruvin 3:10.1,Eruvin 3:10.2,Rosh Hashanah 2:6.1
326,Rebbi Jehudah ben Laqish,R' Yehudah ben Lakish,7,Shekalim 6:1.5,Sotah 8:3.3,Sanhedrin 1:1.27
327,Ben Illem,Ben Illem,7,Yoma 1:1.22,Megillah 1:10.5,Horayot 3:2.30
328,Ben Nannas,Ben Nannas,7,Bava Metzia 8:8.2,Bava Batra 7:3.1,Bava Batra 10:10.1
329,Simeon ben Azzai,Shimon ben Azzai,7,Horayot 1:1.7,Horayot 1:2.2,Horayot 1:2.4
330,Rebbi Yehudah ben Pazi,R' Yehudah ben Pazi,6,Berakhot 1:1.23,Berakhot 4:1.28,Berakhot 7:2.2
331,Rav Abba bar Ḥana,Rav Abba bar Ḥana,6,Berakhot 1:1.31,Shabbat 4:2.8,Sukkah 3:10.3
332,Rabba,Rabba,6,Berakhot 2:1.16,Terumot 10:6.7,Shekalim 2:5.4
333,Rebbi Eleazar ben Antigonos,R' Elazar ben Antigonos,6,Berakhot 2:6.2,Berakhot 5:2.13,Berakhot 5:2.14
334,Rebbi Illai,R' Illai,6,Berakhot 2:8.7,Peah 5:2.3,Eruvin 2:8.1
335,Rebbi Nassa,R' Nassa,6,Berakhot 3:1.22,Berakhot 7:2.5,Kilayim 3:1.5
336,Rebbi Yose ben Yose,R' Yose ben Yose,6,Berakhot 3:4.15,Terumot 1:5.6,Shabbat 8:6.5
337,Rebbi Eudaimon of Haifa,R' Avdimi of Haifa,6,Berakhot 4:1.30,Kilayim 4:2.5,Eruvin 1:9.5
338,Abdan,Abdan,6,Berakhot 4:1.31,Berakhot 5:1.4,Taanit 4:1.14
339,Rebbi Aḥa bar Isaac,R' Aḥa bar Yitzḥak,6,Berakhot 4:3.12,Shabbat 3:3.9,Shabbat 6:2.7
340,Rebbi Shila,R' Shila,6,Berakhot 4:6.5,Shekalim 5:1.15,Sukkah 5:5.2
341,the brother of Rebbi Berekhiah,the brother of R' Berekhiah,6,Berakhot 7:1.8,Shabbat 15:3.6,Yoma 4:1.9
342,Samuel bar Shilat,Shmuel bar Shilat,6,Berakhot 7:2.6,Peah 8:4.4,Eruvin 3:1.6
343,Rebbi Simeon bar Laqish,R' Shimon bar Lakish,6,Berakhot 9:1.24,Peah 1:1.12,Peah 1:3.2
344,Rebbi Joshua ben Ḥananiah,R' Yehoshua ben Ḥananiah,6,Berakhot 9:2.9,Maaser Sheni 5:3.9,Maaser Sheni 5:4.5
345,Dama ben Netinah,Dama ben Netinah,6,Peah 1:1.22,Kiddushin 1:7.6,
346,Ḥiyya bar Ada,Ḥiyya bar Ada,6,Peah 2:2.4,Terumot 1:5.9,Pesachim 7:2.8
347,Rebbi Redifa,R' Redifa,6,Peah 4:6.5,Maaser Sheni 5:4.6,Eruvin 1:10.3
348,Rav Cahana,Rav Kahana,6,Peah 4:7.3,Terumot 1:1.23,Rosh Hashanah 2:5.3
349,Rebbi Aḥa bar Ulla,R' Aḥa bar Ulla,6,Demai 6:2.12,Maaser Sheni 5:3.7,Eruvin 3:1.8
350,Rebbi Joshua ben Qorḥah,R' Yehoshua ben Qorḥah,6,Kilayim 4:2.3,Maasrot 3:4.5,Eruvin 1:9.3
351,Rebbi Ḥinena bar Pappos,R' Ḥinena bar Pappos,6,Sheviit 5:1.4,Terumot 8:3.24,Shabbat 19:1.6
352,"Rebbi Ismael, the son of Rebbi Joḥanan ben Beroqa","R' Yishmael, the son of R' Yoḥanan ben Beroqa",6,Terumot 1:1.5,Terumot 2:1.19,Rosh Hashanah 3:1.5
353,Nathan bar Hoshaiah,Natan bar Hoshaiah,6,Terumot 7:1.6,Terumot 7:1.7,Ketubot 3:1.10
354,Rebbi Jonathan ben Rebbi Yose,R' Yonatan ben R' Yose,6,Maasrot 5:2.5,,
355,Rebbi Ḥiyya bar Julianus,R' Ḥiyya bar Julianus,6,Orlah 2:1.4,Yoma 2:2.3,Nedarim 3:1.3
356,Rav Ada bar Ahava,Rav Ada bar Ahava,6,Bikkurim 1:5.4,Shabbat 6:7.2,Shabbat 19:2.4
357,Rebbi Eleazar ben Thaddeus,R' Elazar ben Thaddeus,6,Shabbat 3:3.3,Eruvin 6:5.2,Sotah 1:1.10
358,Ḥanin bar Abba,Ḥanin bar Abba,6,Shabbat 6:2.5,Pesachim 4:3.7,Sukkah 1:2.3
359,Rav Eudaimon,Rav Avdimi,6,Shabbat 8:1.9,Eruvin 1:6.5,Shekalim 8:1.3
360,Rebbi Ṣadoq,R' Tzadoq,6,Shabbat 20:2.1,Shabbat 24:5.1,Pesachim 7:2.1
361,Mar Uqban,Mar Ukban,6,Eruvin 6:8.8,Eruvin 7:1.6,Eruvin 8:5.2
362,Rebbi Eleazar ben Rebbi Sadoq,R' Elazar ben R' Sadoq,6,Pesachim 3:6.4,Rosh Hashanah 2:5.1,Megillah 1:4.5
363,Rebbi Samuel bar Nahman,R' Shmuel bar Nahman,6,Pesachim 4:4.3,Yoma 1:1.9,Yoma 3:8.6
364,Rebbi Matthew ben Ḥarash,R' Matthew ben Ḥarash,6,Yoma 8:5.1,Yoma 8:7.4,Megillah 1:9.13
365,Rebbi Jehudah ben Tema,R' Yehudah ben Tema,6,Moed Katan 3:7.14,Nazir 2:4.2,Bava Metzia 7:7.3
366,Rabban Gamliel the Elder,Rabban Gamliel the Elder,6,Yevamot 16:7.1,Gittin 4:2.1,Gittin 4:2.6
367,Rebbi Simeon bar Yoḥai,R' Shimon bar Yoḥai,5,Berakhot 1:1.35,Berakhot 4:4.11,Berakhot 9:2.18
368,the school of Shammai,Beit Shammai,5,Berakhot 1:3.2,Berakhot 1:3.3,Berakhot 1:4.1
369,Rebbi Abba bar Aḥa,R' Abba bar Aḥa,5,Berakhot 1:6.4,Berakhot 3:4.12,Shabbat 1:4.15
370,Rebbi Aḥai,R' Aḥai,5,Berakhot 2:1.3,Kilayim 4:5.2,Ketubot 3:1.5
371,Rebbi Ḥisqiah,R' Ḥisqiah,5,Berakhot 2:3.9,Eruvin 10:1.4,Shekalim 1:1.5
372,Rebbi Hillel,R' Hillel,5,Berakhot 2:5.7,Sheviit 6:1.3,Terumot 1:5.8
373,Rebbi Yose bar Ḥalaphta,R' Yose bar Ḥalafta,5,Berakhot 2:8.5,Berakhot 3:4.14,Taanit 1:6.9
374,Rebbi Yose ben Rebbi Abin,R' Yose ben R' Abin,5,Berakhot 5:1.5,Shabbat 9:1.3,Ketubot 1:3.2
375,Rebbi Aqibah,R' Aqibah,5,Berakhot 5:2.11,Kilayim 1:3.2,Yevamot 10:4.2
376,Rebbi Abba the son of Rebbi Ḥiyya bar Abba,R' Abba the son of R' Ḥiyya bar Abba,5,Berakhot 5:3.7,Yoma 5:6.11,Megillah 1:9.11
377,Rebbi Tanḥum bar Yudan,R' Tanḥum bar Yudan,5,Berakhot 6:1.10,Berakhot 7:5.9,Yoma 1:1.10
378,the son of Rebbi Joshua,the son of R' Yehoshua,5,Berakhot 6:5.5,Shekalim 6:1.14,Sotah 8:3.11
379,Rav Ḥinena,Rav Ḥinena,5,Berakhot 8:6.11,Maasrot 1:1.5,Shabbat 1:1.25
380,Rebbi Nehorai,R' Nehorai,5,Berakhot 9:2.4,Berakhot 9:2.5,Kiddushin 4:12.1
381,Rebbi Yose ben Zimra,R' Yose ben Zimra,5,Peah 1:1.35,Yevamot 6:6.6,Ketubot 11:2.5
382,Rebbi Yudan from Kappadokia,R' Yudan from Kappadokia,5,Peah 1:4.3,Kilayim 8:1.5,Terumot 5:1.3
383,Rebbi Eleazar ben Rebbi Ẓadoq,R' Elazar ben R' Tzadoq,5,Peah 2:3.1,Sheviit 2:3.1,Maasrot 4:2.1
384,Aqiba ben Joseph,Akiva ben Yosef,5,Peah 4:6.7,Maasrot 3:1.14,Maaser Sheni 5:3.9
385,Rebbi Pedaiah,R' Pedaiah,5,Demai 5:5.2,Terumot 4:7.8,Maaser Sheni 2:3.3
386,Rav Abba,Rav Abba,5,Kilayim 1:1.6,Terumot 8:3.22,Shekalim 2:1.3
387,Rebbi Issy,R' Issy,5,Kilayim 8:3.8,Pesachim 7:11.3,Pesachim 7:13.4
388,Bar Delaiah,Bar Delaiah,5,Sheviit 2:4.4,Terumot 10:5.2,Eruvin 6:8.8
389,Rebbi Aḥa bar Jacob,R' Aḥa bar Ya'akov,5,Sheviit 6:1.6,Terumot 3:3.9,Yoma 2:2.4
390,Rebbi Ḥanina ben Antigonos,R' Ḥanina ben Antigonos,5,Sheviit 6:3.1,Bikkurim 2:1.8,Shabbat 4:2.9
391,Aphrodite,Aphrodite,5,Sheviit 8:8.8,Avodah Zarah 3:4.1,
392,"Rebbi Ḥananiah, the son of Rebbi Yose the Galilean","R' Ḥananiah, the son of R' Yose the Galilean",5,Sheviit 10:1.11,Rosh Hashanah 3:1.5,Rosh Hashanah 4:6.3
393,Rebbi Simeon bar Karsana,R' Shimon bar Karsana,5,Terumot 2:1.19,Shabbat 3:1.10,Shabbat 14:3.2
394,Abba bar Rav Ḥuna,Abba bar Rav Ḥuna,5,Terumot 8:1.16,Shabbat 11:5.2,Eruvin 3:3.4
395,Rebbi Isaac bar Bisna,R' Yitzḥak bar Bisna,5,Maasrot 1:5.4,Shekalim 3:2.9,Shekalim 8:1.3
396,bar Rav,bar Rav,5,Maasrot 4:3.2,Shabbat 2:3.2,Sotah 3:1.5
397,Rebbi Samuel bar Ḥiyya bar Jehudah,R' Shmuel bar Ḥiyya bar Yehudah,5,Maaser Sheni 3:2.5,Shabbat 1:1.25,Yevamot 8:1.8
398,Jonah ben Amittai,Yonah ben Amittai,5,Challah 2:1.8,Sukkah 5:1.3,
399,Rebbi Joshua from Sikhnin,R' Yehoshua from Sikhnin,5,Bikkurim 2:1.5,Megillah 1:11.3,Megillah 1:11.5
400,Rebbi Ḥanania ben Aqabia,R' Ḥanania ben Akavia,5,Bikkurim 3:3.12,Eruvin 8:8.3,Eruvin 8:8.4
401,Rebbi Aha,R' Aha,5,Shabbat 1:2.7,Shabbat 14:1.4,Eruvin 1:1.19
402,Rav Abun,Rav Abun,5,Shabbat 1:4.17,Pesachim 4:3.6,Beitzah 1:3.3
403,Rebbi Simeon ben Menassia,R' Shimon ben Menassia,5,Shabbat 3:3.8,Shabbat 3:4.3,Chagigah 1:7.1
404,Ḥiyya bar Ashi,Ḥiyya bar Ashi,5,Shabbat 3:7.6,Shabbat 7:2.32,Yevamot 4:11.5
405,Bar Ulla,Bar Ulla,5,Shabbat 4:2.7,Yoma 7:1.5,Beitzah 1:7.2
406,Rebbi Abba bar Ḥana,R' Abba bar Ḥana,5,Shabbat 4:2.10,Megillah 1:9.19,Bava Kamma 9:7.2
407,Rebbi Jacob bar Sosai,R' Ya'akov bar Sosai,5,Shabbat 6:4.2,Rosh Hashanah 1:8.4,Megillah 2:7.5
408,Rebbi Hoshaia ben Rebbi Shammai,R' Hoshaya ben R' Shammai,5,Shabbat 11:5.6,Megillah 3:2.6,Moed Katan 2:3.2
409,Rebbi Zeˋura,R' Ze'ura,5,Shabbat 12:1.4,Pesachim 1:8.8,Yoma 1:5.8
410,Bar Pazi,Bar Pazi,5,Shabbat 12:3.3,Avodah Zarah 2:7.4,Horayot 3:5.15
411,Ḥinena bar Shelemiah,Ḥinena bar Shelemiah,5,Shabbat 17:2.3,Eruvin 1:3.6,Sukkah 1:1.10
412,Ben Koziba,Ben Koziba,5,Shabbat 19:2.4,Taanit 4:5.13,Yevamot 8:1.13
413,Rebbi Jehudah bar Pazy,R' Yehudah bar Pazy,5,Eruvin 3:5.3,Megillah 1:1.4,Megillah 1:9.5
414,Rebbi Simeon ben Josadaq,R' Shimon ben Josadaq,5,Pesachim 1:5.6,Pesachim 2:2.17,Pesachim 2:3.2
415,Rebbi Banaia,R' Banaia,5,Pesachim 4:1.5,Taanit 4:2.5,Taanit 4:5.7
416,Bar Pedaya,Bar Pedaya,5,Pesachim 6:1.18,Pesachim 7:12.2,Taanit 4:1.3
417,Rebbi Aḥa bar Pappus,R' Aḥa bar Pappus,5,Beitzah 5:2.6,Rosh Hashanah 4:4.2,Rosh Hashanah 4:8.3
418,Rebbi Ḥanina ben Rebbi Abbahu,R' Ḥanina ben R' Abbahu,5,Taanit 1:1.16,Yevamot 2:4.9,Yevamot 4:11.6
419,Rebbi Eleazar from Modiin,R' Elazar from Modiin,5,Taanit 4:5.13,Megillah 1:9.4,
420,Rebbi Jacob ben Rebbi Abun,R' Ya'akov ben R' Abun,5,Moed Katan 3:1.13,Yevamot 10:7.6,Ketubot 5:1.4
421,Rebbi Ze‘ura,R' Ze'ura,5,Ketubot 3:7.2,Ketubot 6:6.3,Ketubot 9:7.2
422,Ben Nanas,Ben Nanas,5,Ketubot 10:1.4,Ketubot 10:5.1,Ketubot 10:5.2
423,Rebbi Abin bar Cahana,R' Abin bar Kahana,5,Nedarim 1:3.11,Gittin 3:6.4,Avodah Zarah 1:1.5
424,Rebbi Dositheos ben Rebbi Yannai,R' Dositheos ben R' Yannai,5,Gittin 1:5.6,Kiddushin 3:4.7,Makkot 1:8.2
425,Rebbi Abba bar Mina,R' Abba bar Mina,5,Bava Metzia 1:4.3,Bava Metzia 1:5.3,Bava Metzia 4:1.3
426,Rav Ada bar Aḥava,Rav Ada bar Aḥava,4,Berakhot 1:2.7,Berakhot 3:5.17,Pesachim 9:1.7
427,R. Zeïra,R' Ze'ira,4,Berakhot 1:6.5,Berakhot 8:2.13,Kilayim 9:1.11
428,Rebbi Ilaï,R' Illai,4,Berakhot 1:6.7,Berakhot 5:1.21,Peah 6:2.4
429,Abbahu,Abbahu,4,Berakhot 2:1.13,Maaser Sheni 4:2.3,Bikkurim 3:3.20
430,Zeïra,Ze'ira,4,Berakhot 2:1.16,Berakhot 7:3.4,Peah 2:4.3
431,Rebbi Alexander,R' Alexander,4,Berakhot 2:4.10,Rosh Hashanah 4:8.3,Yevamot 7:5.5
432,Rabban Gamliël,Rabban Gamliel,4,Berakhot 2:6.1,Berakhot 2:9.3,Berakhot 2:9.4
433,Rebbi Josiah,R' Josiah,4,Berakhot 2:6.5,Berakhot 3:4.13,Yevamot 7:1.4
434,Resh Laqish,Resh Lakish,4,Berakhot 2:7.2,Berakhot 2:8.4,Berakhot 5:2.4
435,the people of Sepphoris,the people of Sepphoris,4,Berakhot 2:7.8,Moed Katan 3:5.18,Gittin 1:2.2
436,Rebbi Judah bar Titus,R' Yehudah bar Titus,4,Berakhot 3:4.11,Sheviit 5:4.4,Gittin 5:10.4
437,Rebbi Yehudah ben Bathyra,R' Yehudah ben Bathyra,4,Berakhot 3:4.13,,
438,Rebbi Joshua of Sikhnin,R' Yehoshua of Sikhnin,4,Berakhot 4:1.22,Yoma 4:1.3,Taanit 4:1.6
439,Rebbi Eudaimon of Sepphoris,R' Avdimi of Sepphoris,4,Berakhot 4:3.13,Taanit 2:2.13,Megillah 1:12.4
440,Rebbi Yose from Sidon,R' Yose from Sidon,4,Berakhot 4:4.3,Terumot 11:5.12,Yevamot 12:2.6
441,Rebbi Jose,R' Jose,4,Berakhot 5:1.18,Kilayim 1:6.3,Shabbat 1:8.4
442,Rebbi Eleazar ben Rebbi Yannai,R' Elazar ben R' Yannai,4,Berakhot 5:2.13,Berakhot 5:2.14,Maasrot 4:2.4
443,Rebbi Naḥum bar Simai,R' Naḥum bar Simai,4,Berakhot 8:6.4,Maasrot 1:2.3,Beitzah 5:5.2
444,Abba bar Ḥana,Abba bar Ḥana,4,Berakhot 8:8.4,Gittin 1:1.7,Niddah 2:7.6
445,Rebbi Benjamin ben Levi,R' Binyamin ben Levi,4,Peah 1:1.2,Terumot 1:1.9,Terumot 3:1.3
446,Rebbi Jehudah ben Ḥanina,R' Yehudah ben Ḥanina,4,Peah 1:1.12,Ketubot 4:8.6,Ketubot 4:8.7
447,Huna bar Ḥiyya,Huna bar Ḥiyya,4,Peah 1:1.28,Kiddushin 1:7.5,Kiddushin 1:7.12
448,Rebbi Jacob bar Zabdi,R' Ya'akov bar Zabdi,4,Peah 1:5.2,Sheviit 4:2.4,Ketubot 9:3.3
449,ben Levi,ben Levi,4,Peah 1:5.6,Eruvin 3:2.4,Avodah Zarah 1:9.7
450,Rebbi Jehudah ben Ḥagra,R' Yehudah ben Ḥagra,4,Peah 4:7.5,Ketubot 1:3.2,
451,Rebbi Ayvu bar Naggari,R' Ayvu bar Naggari,4,Peah 7:5.5,Maaser Sheni 5:2.13,Yevamot 1:1.14
452,R. Hoshaia,R' Hoshaya,4,Demai 1:3.21,Demai 1:3.22,
453,Rebbi Lazar,R' Lazar,4,Demai 2:1.3,Sheviit 4:2.6,Maasrot 2:3.4
454,Rebbi Yannai ben Rebbi Ismaël,R' Yannai ben R' Yishmael,4,Demai 2:2.5,Demai 4:1.6,Demai 4:2.2
455,"Rebbi Samuel, the son of Rebbi Yose ben Rebbi Abun","R' Shmuel, the son of R' Yose ben R' Abun",4,Demai 4:1.10,Beitzah 1:7.2,Rosh Hashanah 1:1.8
456,Rebbi Issi,R' Issi,4,Demai 4:3.4,Terumot 8:4.12,Maaser Sheni 4:5.4
457,Rebbi Ba,R' Ba,4,Demai 4:3.9,Maaser Sheni 3:6.9,Yoma 8:5.2
458,Rebbi Hillel ben Rebbi Vales,R' Hillel ben R' Vales,4,Kilayim 1:1.7,Kilayim 2:8.8,Kilayim 9:1.7
459,Rebbi Eleazar ben Simeon,R' Elazar ben Shimon,4,Kilayim 2:4.3,Sotah 2:4.3,Gittin 8:2.2
460,Rebbi Yose ben Meshullam,R' Yose ben Meshullam,4,Kilayim 6:4.3,Terumot 4:6.1,Terumot 4:6.2
461,R. Ismael,R' Yishmael,4,Kilayim 9:3.8,Ketubot 12:3.8,
462,R. Ḥaggai,R' Ḥaggai,4,Kilayim 9:3.10,Ketubot 12:3.10,
463,Rebbi Bar Qiria,R' Bar Qiria,4,Kilayim 9:3.17,Ketubot 12:3.17,
464,Rebbi Jacob bar Ada,R' Ya'akov bar Ada,4,Kilayim 9:4.6,Shabbat 12:1.7,Pesachim 6:1.12
465,Rav Hoshaiah,Rav Hoshaiah,4,Sheviit 5:2.5,Bikkurim 1:5.8,Gittin 2:6.2
466,Bar Qappara from the South,Bar Kappara from the South,4,Sheviit 5:2.5,Yoma 1:1.25,Beitzah 3:4.2
467,Ben Qappara,Ben Kappara,4,Sheviit 6:1.10,Yevamot 7:3.4,
468,Rav Amram,Rav Amram,4,Sheviit 10:1.14,Sheviit 10:1.16,Bava Metzia 1:1.3
469,Rebbi Ḥanina ben Rebbi Hillel,R' Ḥanina ben R' Hillel,4,Terumot 4:4.4,Yoma 8:6.6,Chagigah 2:5.4
470,Rebbi Yudan bar Pazi,R' Yudan bar Pazi,4,Terumot 5:2.2,Shabbat 9:3.7,Sukkah 2:8.3
471,Rebbi Abbai,R' Abbai,4,Terumot 5:2.2,Rosh Hashanah 1:8.4,Megillah 2:7.5
472,Rebbi Ḥanina the son of Rebbi Hillel,R' Ḥanina the son of R' Hillel,4,Terumot 5:2.2,Challah 3:4.7,Shabbat 3:3.14
473,Rebbi Immi the Babylonian,R' Immi the Babylonian,4,Terumot 7:1.5,Ketubot 3:1.9,Gittin 2:1.4
474,Rebbi Joshua ben Zeidal,R' Yehoshua ben Zeidal,4,Terumot 8:3.4,Avodah Zarah 2:3.2,
475,Rebbi Isaac bar Gufta,R' Yitzḥak bar Gufta,4,Maasrot 1:4.12,Shabbat 3:5.3,Pesachim 7:7.9
476,Rebbi Hilai,R' Hilai,4,Maasrot 2:3.4,Sotah 2:4.3,Sotah 3:3.4
477,Rebbi Gorion,R' Gorion,4,Maaser Sheni 2:2.7,Megillah 3:1.4,Moed Katan 3:5.19
478,the son of the daughter of Jacob,the son of the daughter of Ya'akov,4,Maaser Sheni 5:1.6,Shekalim 1:1.14,Moed Katan 1:2.8
479,Rebbi Uziel the son of Rebbi Onias from Hauran,R' Uziel the son of R' Onias from Hauran,4,Maaser Sheni 5:1.6,Shekalim 1:1.14,Moed Katan 1:2.8
480,Rebbi Joshua from Ono,R' Yehoshua from Ono,4,Orlah 1:2.8,Shabbat 1:4.3,Shabbat 1:4.13
481,Rav Assi,Rav Assi,4,Shabbat 1:3.4,Yevamot 4:11.2,Yevamot 11:5.5
482,Rebbi Abba bar Bina,R' Abba bar Bina,4,Shabbat 2:6.7,Yoma 4:4.9,Ketubot 1:2.2
483,Rabban Gamliel ben Rebbi,Rabban Gamliel ben R',4,Shabbat 6:1.11,Ketubot 13:3.2,Bava Batra 9:1.3
484,Rebbi Nisa,R' Nisa,4,Shabbat 7:1.15,Eruvin 1:10.3,Nazir 6:1.7
485,Rebbi Samuel bar Sosartai,R' Shmuel bar Sosartai,4,Shabbat 7:2.24,Beitzah 4:1.5,Megillah 2:1.4
486,Rebbi Jehudah bar Ilai,R' Yehudah bar Ilai,4,Shabbat 8:1.6,Pesachim 10:1.12,Sotah 7:5.4
487,Rebbi Samuel bar Yudan,R' Shmuel bar Yudan,4,Shabbat 12:1.5,Pesachim 7:7.9,Sanhedrin 1:3.4
488,Rebbi Ada,R' Ada,4,Shabbat 12:1.8,Pesachim 6:1.13,Avodah Zarah 4:8.7
489,Rebbi Simeon ben Rebbi Yannai,R' Shimon ben R' Yannai,4,Shabbat 13:7.3,Shabbat 16:8.2,Beitzah 5:1.4
490,Rebbi Ḥasdai,R' Ḥasdai,4,Eruvin 1:8.2,Eruvin 4:5.2,Eruvin 5:3.3
491,Rebbi Jehudah ben Bava,R' Yehudah ben Bava,4,Eruvin 2:4.1,Eruvin 2:4.4,Eruvin 2:5.1
492,Rebbi Eleazar ben Simon,R' Elazar ben Shimon,4,Eruvin 3:3.3,Sukkah 2:4.5,
493,Ḥananiah the son of Rebbi Joshua,Ḥananiah the son of R' Yehoshua,4,Eruvin 4:1.7,Sukkah 4:3.6,Taanit 1:1.11
494,Rebbi Ḥananiah ben Antigonos,R' Ḥananiah ben Antigonos,4,Eruvin 4:6.2,Chagigah 3:3.2,Yevamot 13:2.3
495,bar Aḥa,bar Aḥa,4,Eruvin 7:6.3,Eruvin 7:10.2,Yevamot 16:5.5
496,Boethos ben Zenon,Boethos ben Zenon,4,Pesachim 2:4.12,Bava Metzia 5:2.1,Bava Metzia 5:2.2
497,Rebbi Ḥilkiah,R' Ḥilkiah,4,Shekalim 1:4.5,Shekalim 2:3.4,Taanit 4:5.2
498,Ben Gever,Ben Gever,4,Shekalim 5:1.1,Shekalim 5:1.15,Sukkah 5:5.2
499,Rebbi Ḥanania ben Gamliel,R' Ḥanania ben Gamliel,4,Shekalim 6:1.14,Sotah 8:3.11,Makkot 3:12.1
500,Rav Ada,Rav Ada,4,Shekalim 8:4.4,Taanit 1:3.3,Yevamot 8:1.9
501,Rebbi Simeon ben Halaphta,R' Shimon ben Halaphta,4,Yoma 3:2.5,Yoma 4:2.2,Yoma 8:3.15
502,Rebbi Mattanah,R' Mattanah,4,Yoma 7:1.3,Taanit 4:1.8,Megillah 4:3.4
503,Rebbi Yudan the Patriarch,R' Yudan the Patriarch,4,Yoma 8:5.4,Taanit 2:1.6,Megillah 1:4.14
504,Rebbi Eleazar ben Proteus,R' Elazar ben Proteus,4,Sukkah 3:10.5,Megillah 4:4.8,Ketubot 11:6.5
505,Levi bar Sisi,Levi bar Sisi,4,Sukkah 4:3.7,Yevamot 1:1.17,Yevamot 12:6.6
506,Rebbi Samuel the son of Rebbi Yose ben Rebbi Abun,R' Shmuel the son of R' Yose ben R' Abun,4,Rosh Hashanah 1:1.13,Ketubot 7:7.5,Sotah 9:5.10
507,Rebbi Zebida,R' Zebida,4,Rosh Hashanah 2:5.2,Bava Kamma 9:7.2,Sanhedrin 1:2.11
508,Rebbi Ḥiyya bar Marius,R' Ḥiyya bar Marius,4,Rosh Hashanah 2:5.2,Taanit 1:1.2,Ketubot 9:1.12
509,Rebbi Abbamari,R' Abbamari,4,Taanit 1:1.8,Taanit 1:3.2,Ketubot 4:4.9
510,Rebbi Isaac bar Tevlai,R' Yitzḥak bar Tevlai,4,Taanit 1:5.2,Bava Metzia 2:2.3,Makkot 1:7.2
511,Rebbi Simeon ben Ḥalfuta,R' Shimon ben Ḥalfuta,4,Taanit 2:1.13,Taanit 4:2.10,Avodah Zarah 2:7.10
512,Rebbi Jehudah ben Rebbi Illai,R' Yehudah ben R' Illai,4,Taanit 4:5.12,Bava Batra 6:2.3,Sanhedrin 5:1.6
513,Rebbi Isaac the son of Rebbi Ḥiyya,R' Yitzḥak the son of R' Ḥiyya,4,Megillah 1:9.5,Yevamot 4:1.3,Yevamot 12:4.5
514,Ashian bar Nidba,Ashian bar Nidba,4,Megillah 1:9.6,Megillah 1:9.9,
515,Rebbi Menaḥem ben Rebbi Yose,R' Menaḥem ben R' Yose,4,Megillah 3:1.2,Yevamot 1:1.6,Yevamot 15:4.4
516,Rebbi Ḥiyya bar Gamda,R' Ḥiyya bar Gamda,4,Megillah 3:7.2,Nazir 7:1.2,Sanhedrin 5:1.9
517,Rebbi Dositheus,R' Dositheus,4,Chagigah 1:8.6,Nedarim 10:8.11,
518,the brother of Rebbi Jehudah bar Zavdi,the brother of R' Yehudah bar Zavdi,4,Moed Katan 3:5.11,Kiddushin 4:2.4,Bava Batra 3:1.4
519,Rebbi Ḥinena bar Pappus,R' Ḥinena bar Pappus,4,Moed Katan 3:5.26,Moed Katan 3:7.15,Moed Katan 3:7.18
520,Rebbi Huna bar Ḥiyya,R' Huna bar Ḥiyya,4,Moed Katan 3:7.11,Gittin 6:1.3,
521,the father of Rebbi Hoshaia,the father of R' Hoshaya,4,Moed Katan 3:8.11,Bava Metzia 1:8.2,Niddah 3:2.9
522,Rebbi Yose ben Jehudah,R' Yose ben Yehudah,4,Yevamot 10:7.8,Sotah 1:1.8,Gittin 4:7.1
523,Rebbi Meĩr,R' Meir,4,Yevamot 16:4.2,Sotah 4:3.2,Nedarim 11:7.1
524,Joḥanan ben Jonathan,Yoḥanan ben Yonatan,4,Yevamot 16:5.5,,
525,Rebbi Simeon ben Menasia,R' Shimon ben Menasia,4,Ketubot 5:1.6,Sanhedrin 11:3.5,Niddah 2:7.2
526,Rebbi Isaac ben Ḥaqula,R' Yitzḥak ben Ḥaqula,4,Gittin 8:7.3,Gittin 9:7.2,Bava Metzia 8:7.2
527,Rebbi Isaac bar Tebelai,R' Yitzḥak bar Tebelai,4,Bava Batra 4:8.2,Bava Batra 4:8.3,Bava Batra 6:1.4
528,Rebbi Ḥiyya bar Josef,R' Ḥiyya bar Yosef,3,Berakhot 1:1.15,Maaser Sheni 1:3.2,Challah 1:3.12
529,Rebbi Ḥinnena,R' Ḥinnena,3,Berakhot 1:1.20,Moed Katan 2:1.5,Yevamot 13:1.10
530,Rebbi Taḥlifa,R' Taḥlifa,3,Berakhot 1:1.29,Shabbat 2:1.9,Taanit 2:1.5
531,brother of Rebbi Berekhiah,brother of R' Berekhiah,3,Berakhot 1:5.6,Pesachim 3:3.2,Beitzah 1:8.3
532,Rebbi Ḥizkiah,R' Ḥizkiah,3,Berakhot 2:1.8,Shekalim 1:4.9,Moed Katan 3:7.13
533,Rebbi Muna,R' Muna,3,Berakhot 2:1.9,Yoma 2:4.2,
534,Rebbi Alexandri,R' Alexandri,3,Berakhot 2:3.18,Berakhot 9:1.20,Megillah 1:9.8
535,Rebbi Jacob bar Abbai,R' Ya'akov bar Abbai,3,Berakhot 2:3.19,Sheviit 2:4.4,Sanhedrin 10:2.6
536,Rebbi Levi bar Sisi,R' Levi bar Sisi,3,Berakhot 2:4.6,Berakhot 2:8.8,
537,Rebbi Aḥa bar Ḥanina,R' Aḥa bar Ḥanina,3,Berakhot 2:4.10,Yevamot 16:6.2,Gittin 6:6.2
538,Rebbi Simeon bar Ḥalaphta,R' Shimon bar Ḥalafta,3,Berakhot 2:4.14,Berakhot 4:1.22,Taanit 4:1.6
539,"Rebbi Yose, son of Rebbi Ḥanina","R' Yose, son of R' Ḥanina",3,Berakhot 2:7.5,Berakhot 8:6.7,Moed Katan 3:5.17
540,Rebbi Oshaya,R' Oshaya,3,Berakhot 2:7.8,Berakhot 8:6.12,Berakhot 8:8.5
541,Rebbi Bun bar Ḥiyya,R' Bun bar Ḥiyya,3,Berakhot 2:8.6,Pesachim 2:1.3,Yevamot 1:1.15
542,The maternal uncle of Rebbi Ada,maternal uncle of R' Ada,3,Berakhot 4:1.20,Berakhot 4:1.24,Taanit 4:1.8
543,Bar Shelemiah the scribe,Bar Shelemiah the scribe,3,Berakhot 4:1.30,Taanit 4:1.13,Megillah 3:5.4
544,Rebbi Samuel bar Rav Naḥman,R' Shmuel bar Rav Naḥman,3,Berakhot 4:3.9,Challah 4:3.3,Nazir 1:3.2
545,Rebbi Yannai the son of Rebbi Ismael,R' Yannai the son of R' Yishmael,3,Berakhot 4:3.11,Eruvin 1:1.22,Taanit 2:2.11
546,Rebbi Ḥana,R' Ḥana,3,Berakhot 4:6.2,Sotah 7:4.7,Gittin 1:2.6
547,Rebbi Ada from Caesarea,R' Ada from Caesarea,3,Berakhot 4:6.7,Rosh Hashanah 4:4.3,Rosh Hashanah 4:10.5
548,Rebbi Jacob from Kefar,R' Ya'akov from Kefar,3,Berakhot 5:2.4,Taanit 1:1.6,Sanhedrin 2:5.3
549,Rav Aḥa bar Jacob,Rav Aḥa bar Ya'akov,3,Berakhot 5:5.2,Shabbat 1:1.19,Sukkah 1:1.6
550,Rebbi Benjamin bar Jephet,R' Binyamin bar Jephet,3,Berakhot 6:1.8,Pesachim 2:5.4,Sanhedrin 1:1.13
551,Rebbi Benjamin bar Yephet,R' Binyamin bar Yephet,3,Berakhot 6:1.8,Pesachim 2:5.4,
552,Rebbi Samuel bar Immi,R' Shmuel bar Immi,3,Berakhot 6:1.9,Kiddushin 3:2.6,Bava Metzia 5:8.2
553,Rebbi Oshaiah,R' Oshaiah,3,Berakhot 6:1.26,Sotah 5:3.2,Sanhedrin 3:11.2
554,Ben Sirach,Ben Sirach,3,Berakhot 7:2.7,Nazir 5:3.4,Sanhedrin 10:1.20
555,Rebbi Tanḥum bar Jeremiah,R' Tanḥum bar Yirmeyah,3,Berakhot 7:3.4,Maasrot 5:3.10,Sanhedrin 7:10.4
556,the son of Rav,the son of Rav,3,Berakhot 8:8.3,Shabbat 11:2.4,
557,Rebbi Tanḥum bar Ḥanilai,R' Tanḥum bar Ḥanilai,3,Berakhot 9:1.21,Taanit 4:5.5,
558,Rav Ada bar Abimi,Rav Ada bar Avimi,3,Berakhot 9:2.20,,
559,Rebbi Gamliel bar Ininia,R' Gamliel bar Ininia,3,Peah 1:1.12,Peah 1:1.13,Ketubot 4:8.7
560,Rebbi Ḥiyya from Kefar,R' Ḥiyya from Kefar,3,Peah 1:1.35,Terumot 11:5.11,Shabbat 2:1.20
561,R. Simeon ben Laqish,R' Shimon ben Lakish,3,Peah 1:1.47,Kilayim 1:6.4,Sotah 1:8.10
562,Abba Saul,Abba Saul,3,Peah 1:1.54,Ketubot 7:6.1,Ketubot 7:6.5
563,Rav Abba bar Ḥuna,Rav Abba bar Ḥuna,3,Peah 3:7.13,Peah 3:7.14,
564,Rebbi Simeon bar Cahana,R' Shimon bar Kahana,3,Demai 3:2.4,Challah 4:5.4,Pesachim 3:2.4
565,the great Rebbi Yose,R' Yose the Great,3,Demai 3:3.6,Shekalim 7:2.6,Sukkah 2:5.3
566,Rebbi Yose ben Rebbi Ḥaninah,R' Yose ben R' Ḥaninah,3,Demai 6:2.6,Nedarim 11:3.4,Kiddushin 2:9.3
567,Zavdi ben Levi,Zavdi ben Levi,3,Demai 7:1.4,,
568,Rebbi Ḥinenah,R' Ḥinenah,3,Kilayim 1:2.6,Sotah 1:2.10,Nedarim 6:1.7
569,Rabbi Aqiba,Rabbi Akiva,3,Kilayim 6:1.1,Nedarim 1:1.1,Nedarim 1:1.11
570,Ḥuna bar Ḥiyya,Ḥuna bar Ḥiyya,3,Sheviit 2:5.3,,
571,R. Ḥanina,R' Ḥanina,3,Sheviit 6:1.18,Moed Katan 1:7.6,Avodah Zarah 1:1.9
572,Simeon ben Gamliel,Shimon ben Gamliel,3,Sheviit 9:5.5,Bikkurim 3:6.2,Ketubot 12:5.1
573,Jehudah ben Rebbi,Yehudah ben R',3,Terumot 2:1.15,Yoma 2:1.7,
574,bar Abba,bar Abba,3,Terumot 3:1.5,Gittin 7:1.4,Bava Batra 8:5.2
575,Abba Palaemon,Abba Palaemon,3,Terumot 3:3.12,,
576,Rebbi Jehudah bar Shalom,R' Yehudah bar Shalom,3,Terumot 5:2.7,Eruvin 5:5.2,Shevuot 7:5.4
577,Rebbi Zeira,R' Zeira,3,Terumot 7:3.6,Orlah 1:1.13,Nedarim 4:10.3
578,Rebbi Simeon ben Rebbi Yose ben Laqonia,R' Shimon ben R' Yose ben Laqonia,3,Maasrot 3:4.4,Eruvin 3:4.5,Pesachim 6:1.19
579,bar Immi,bar Immi,3,Maasrot 4:3.2,Yevamot 10:6.6,Bava Kamma 9:2.2
580,Rebbi Zevida,R' Zevida,3,Maaser Sheni 1:3.5,Yoma 8:7.3,Sukkah 1:2.3
581,Ḥiyya bar Abun,Ḥiyya bar Abun,3,Maaser Sheni 4:4.5,Maaser Sheni 4:4.6,Moed Katan 1:1.4
582,Abba bar Taḥlifa,Abba bar Taḥlifa,3,Maaser Sheni 4:4.5,Maaser Sheni 4:4.6,Gittin 6:1.6
583,Rebbi Yudan ben Rebbi Shalom,R' Yudan ben R' Shalom,3,Maaser Sheni 4:5.4,Shabbat 12:4.4,Rosh Hashanah 1:1.5
584,Rebbi Ḥasida,R' Ḥasida,3,Maaser Sheni 5:5.19,Sotah 9:11.9,Nedarim 5:5.2
585,Rebbi Eleazar ben Jehudah from Birtota,R' Elazar ben Yehudah from Birtota,3,Challah 2:1.11,Orlah 1:3.1,
586,Simeon ben Cahana,Shimon ben Kahana,3,Challah 4:5.3,Challah 4:5.4,Yevamot 2:11.4
587,Rebbi Jona,R' Jona,3,Orlah 1:2.7,Shabbat 14:4.5,Avodah Zarah 2:2.4
588,Rebbi Yose ben Rebbi,R' Yose ben R',3,Orlah 1:4.2,Eruvin 10:10.2,
589,Rebbi Hilfai,R' Hilfai,3,Orlah 2:3.2,Yoma 2:1.13,Yoma 2:1.16
590,Rebbi Yose ben Rabbi Abun,R' Yose ben Rabbi Abun,3,Orlah 3:2.4,Pesachim 1:4.6,Pesachim 3:8.4
591,Benjamin bar Astor,Binyamin bar Astor,3,Bikkurim 1:4.3,,
592,Rav Bevai,Rav Bevai,3,Bikkurim 1:5.3,Shabbat 8:1.9,Shekalim 8:1.3
593,Rebbi Joḥanan ben Marius,R' Yoḥanan ben Marius,3,Bikkurim 2:1.12,Shabbat 5:3.4,Kiddushin 1:3.10
594,Rebbi Eleazar ben Rebbi Ẓadog,R' Elazar ben R' Tzadog,3,Bikkurim 2:1.15,,
595,Rebbi Jacob bar Ḥama,R' Ya'akov bar Ḥama,3,Bikkurim 2:2.3,Bikkurim 2:2.4,Kiddushin 2:7.9
596,Rebbi Yoshia,R' Yoshia,3,Bikkurim 3:3.17,Shekalim 1:1.2,Rosh Hashanah 1:1.14
597,Yose ben Joḥanan from Jerusalem,Yose ben Yoḥanan from Jerusalem,3,Shabbat 1:4.16,Pesachim 1:6.3,Sotah 9:10.1
598,Ben Derosai,Ben Derosai,3,Shabbat 1:5.4,Shabbat 1:10.2,
599,Rebbi Isaac bar Marion,R' Yitzḥak bar Marion,3,Shabbat 2:6.9,Sukkah 2:5.5,Yevamot 6:6.6
600,Yose ben Ḥanina,Yose ben Ḥanina,3,Shabbat 3:7.8,Sukkah 4:6.2,
601,Rebbi Eleazar bar Ḥanina,R' Elazar bar Ḥanina,3,Shabbat 3:7.8,Ketubot 7:7.5,Kiddushin 2:4.5
602,Rebbi Tevele,R' Tevele,3,Shabbat 6:2.5,Yevamot 12:2.4,Gittin 4:6.3
603,Rebbi Jacob of Kefar,R' Ya'akov of Kefar,3,Shabbat 9:1.4,Sotah 7:1.3,Avodah Zarah 3:6.4
604,Rabban Simeon,Rabban Shimon,3,Shabbat 14:1.3,Megillah 4:4.8,Bava Metzia 1:1.4
605,Jesus ben Pandera,Jesus ben Pandera,3,Shabbat 14:4.12,Avodah Zarah 2:2.7,Avodah Zarah 2:2.11
606,Yose ben Simai,Yose ben Simai,3,Shabbat 16:7.2,Yoma 8:5.8,Nedarim 4:9.2
607,Rebbi Jonah from Kefar,R' Yonah from Kefar,3,Shabbat 16:7.2,Yoma 8:5.8,Nedarim 4:9.2
608,Rebbi Avuna,R' Avuna,3,Shabbat 19:6.2,Beitzah 5:2.16,Rosh Hashanah 1:1.13
609,Rebbi Tebi,R' Tebi,3,Shabbat 19:6.2,Yevamot 8:1.17,Ketubot 6:6.4
610,Abba bar Huna,Abba bar Huna,3,Eruvin 1:1.22,Gittin 7:6.4,Shevuot 2:3.4
611,Ḥanania the son of Rebbi Joshua,Ḥanania the son of R' Yehoshua,3,Eruvin 1:1.24,Sanhedrin 10:4.2,
612,Rav Ḥisdai,Rav Ḥisdai,3,Eruvin 1:6.3,Sotah 9:15.7,Horayot 1:8.5
613,Rebbi Mar,R' Mar,3,Eruvin 1:6.4,Megillah 4:11.3,Sotah 4:3.4
614,Rav Abin,Rav Abin,3,Eruvin 2:1.3,Avodah Zarah 1:6.6,Avodah Zarah 3:11.3
615,Rebbi Samuel bar Sosarta,R' Shmuel bar Sosarta,3,Eruvin 3:4.5,Yevamot 16:9.2,
616,Rebbi Dositheos ben Yannai,R' Dositheos ben Yannai,3,Eruvin 5:3.1,Gittin 9:7.2,Bava Metzia 6:3.2
617,Jehudah ben Tabbai,Yehudah ben Tabbai,3,Pesachim 1:6.3,Chagigah 2:2.1,Chagigah 2:2.5
618,Rebbi Benjamin bar Levi,R' Binyamin bar Levi,3,Pesachim 2:1.16,Pesachim 7:6.2,Sukkah 5:1.3
619,Rebbi Yohanan,R' Yohanan,3,Pesachim 2:5.4,,
620,Rebbi Elazar,R' Elazar,3,Pesachim 7:5.4,Ketubot 11:5.2,Gittin 7:7.2
621,Rebbi Eleazar ben Matthew,R' Elazar ben Matthew,3,Pesachim 8:7.2,Shekalim 5:1.8,Yevamot 10:5.1
622,Rabbi Ḥiyya,Rabbi Ḥiyya,3,Shekalim 1:1.4,Shekalim 1:1.8,Megillah 1:5.9
623,Rebbi Ḥanan,R' Ḥanan,3,Shekalim 3:2.8,Shekalim 3:2.9,Avodah Zarah 3:1.6
624,Senaah ben Benjamin,Senaah ben Binyamin,3,Shekalim 4:1.2,Taanit 4:4.2,Megillah 1:4.5
625,Ben Aḥiyyah,Ben Aḥiyyah,3,Shekalim 5:1.1,Shekalim 5:1.11,Shekalim 5:2.1
626,Ben Arza,Ben Arza,3,Shekalim 5:1.1,Shekalim 5:1.17,
627,Hugdas ben Levi,Hugdas ben Levi,3,Shekalim 5:1.1,Shekalim 5:1.18,Yoma 3:9.1
628,Ben Illem from Sepphoris,Ben Illem from Sepphoris,3,Yoma 1:1.22,Megillah 1:10.5,Horayot 3:2.30
629,Simeon ben Qimḥit,Shimon ben Qimḥit,3,Yoma 1:1.23,Megillah 1:10.6,Horayot 3:2.31
630,Phineas the son of Eleazar,Pinḥas the son of Elazar,3,Yoma 1:1.24,Megillah 1:10.7,Horayot 3:2.32
631,Rebbi Borqai,R' Borqai,3,Yoma 5:6.9,Kiddushin 3:2.6,Avodah Zarah 3:5.10
632,Rebbi Eleazar the Southerner,R' Elazar the Southerner,3,Yoma 6:6.7,Megillah 1:8.4,Chagigah 3:2.5
633,Queen Helena,Queen Helena,3,Sukkah 1:1.3,Nazir 3:6.1,
634,Levi ben Sisi,Levi ben Sisi,3,Sukkah 5:4.3,Rosh Hashanah 1:1.12,Taanit 3:8.3
635,Rebbi Taḥlifa from Caesarea,R' Taḥlifa from Caesarea,3,Rosh Hashanah 4:8.3,Sotah 5:6.5,Nedarim 1:2.2
636,Rebbi Simeon ben Yoḥay,R' Shimon ben Yoḥay,3,Taanit 1:1.17,Megillah 1:1.5,Megillah 2:4.2
637,Rebbi Tanḥum bar Ilai,R' Tanḥum bar Ilai,3,Taanit 2:1.8,Chagigah 1:2.2,
638,Simeon ben Shataḥ,Shimon ben Shataḥ,3,Taanit 3:10.1,Taanit 3:10.2,Moed Katan 3:1.8
639,Rebbi Simeon ben Yohai,R' Shimon ben Yohai,3,Taanit 4:5.4,Taanit 4:5.13,Chagigah 2:1.17
640,Rebbi Joshua ben Qorha,R' Yehoshua ben Qorha,3,Megillah 1:1.4,Bava Batra 8:2.3,Sanhedrin 1:1.28
641,Rebbi Jonathan from Bet,R' Yonatan from Bet,3,Megillah 1:9.3,Yevamot 1:1.24,Sotah 7:2.3
642,Rebbi Ḥananel,R' Ḥananel,3,Megillah 2:2.6,Moed Katan 3:4.4,Yevamot 16:3.7
643,Rav Ḥama bar Guria,Rav Ḥama bar Guria,3,Megillah 2:4.6,Yevamot 4:15.3,Kiddushin 3:12.8
644,the grandson of Rebbi Eleazar ben Proteus,the grandson of R' Elazar ben Proteus,3,Megillah 4:4.8,Ketubot 11:6.5,Sanhedrin 1:2.45
645,Jacob bar Aḥa,Ya'akov bar Aḥa,3,Megillah 4:12.4,Yevamot 15:3.9,Bava Metzia 4:7.2
646,Jeremiah bar Abba,Yirmeyah bar Abba,3,Chagigah 1:8.4,Ketubot 1:10.4,Nedarim 10:8.9
647,Eleazar ben Arakh,Elazar ben Arakh,3,Chagigah 2:1.7,,
648,Jehudah ben Ṭabbai,Yehudah ben Tabbai,3,Chagigah 2:2.5,Sanhedrin 6:6.3,Sanhedrin 6:6.4
649,Rebbi Yose ben Nehorai,R' Yose ben Nehorai,3,Moed Katan 1:6.2,Sotah 9:5.3,Shevuot 8:1.13
650,Rebbi Abun bar Bisna,R' Abun bar Bisna,3,Yevamot 1:1.24,Yevamot 3:10.2,Yevamot 6:2.2
651,Ben Ṣion,Ben Tzion,3,Yevamot 8:3.11,Kiddushin 4:1.15,
652,Rebbi Yose ben Jacob,R' Yose ben Ya'akov,3,Yevamot 10:1.11,Bava Kamma 8:1.6,Avodah Zarah 1:1.4
653,Rav Isaac,Rav Yitzḥak,3,Yevamot 11:5.5,Sanhedrin 10:2.19,Shevuot 4:1.23
654,Rebbi Jacob ben Dositheos,R' Ya'akov ben Dositheos,3,Yevamot 11:7.4,Sanhedrin 2:1.5,Horayot 3:3.3
655,Rebbi Judah ben Baba,R' Yehudah ben Baba,3,Yevamot 16:3.1,Yevamot 16:3.7,
656,Rebbi Yoḥanan ben Nuri,R' Yoḥanan ben Nuri,3,Ketubot 1:10.1,Ketubot 1:10.3,
657,Rebbi Justinus,R' Justinus,3,Ketubot 9:1.8,Bava Batra 8:5.3,
658,Rebbi Ḥiyya ben Julianus,R' Ḥiyya ben Julianus,3,Ketubot 13:2.3,Nedarim 4:2.3,Nazir 4:4.9
659,Nathan bar Hoshaia,Natan bar Hoshaya,3,Ketubot 13:3.2,Ketubot 13:3.3,Bava Batra 9:1.3
660,"Rebbi Eliezer, the son of Rebbi Yose the Galilean","R' Eliezer, the son of R' Yose the Galilean",3,Sotah 5:3.1,Sotah 5:3.2,Kiddushin 1:9.3
661,King Diocletian,King Diocletian,3,Nazir 7:1.13,Avodah Zarah 1:4.4,Avodah Zarah 5:4.6
662,Ganiba,Ganiba,3,Gittin 6:5.5,Avodah Zarah 2:8.11,
663,Yose ben Yannai,Yose ben Yannai,3,Gittin 9:7.2,Bava Batra 10:1.7,
664,Rebbi Hoshaia the Elder,R' Hoshaya the Elder,3,Bava Kamma 2:1.5,Sanhedrin 10:1.12,
665,Rav Qarna,Rav Qarna,3,Bava Kamma 9:2.2,Bava Batra 2:2.2,Bava Batra 5:5.2
666,Rebbi Simeon ben Yehoṣadaq,R' Shimon ben Yehotzadaq,3,Bava Metzia 2:1.2,Sanhedrin 3:5.9,Sanhedrin 3:5.10
667,Ḥiyya bar Rav,Ḥiyya bar Rav,3,Bava Batra 3:3.8,Avodah Zarah 4:8.6,
668,Samuel the Elder,Shmuel the Elder,3,Sanhedrin 2:3.8,Sanhedrin 4:7.4,Sanhedrin 5:1.3
669,Rebbi Azariah,R' Azaryah,2,Berakhot 1:1.25,Shabbat 7:1.13,
670,Rebbi Samuel ben Naḥmani,R' Shmuel ben Naḥmani,2,Berakhot 1:1.29,Berakhot 5:2.4,
671,Rav Abba bar Jeremiah,Rav Abba bar Yirmeyah,2,Berakhot 1:1.30,Berakhot 2:3.15,
672,Rebbi Ḥanina ben Aqabiah,R' Ḥanina ben Aqabiah,2,Berakhot 1:2.9,,
673,Rebbi Levi ben Sisi,R' Levi ben Sisi,2,Berakhot 1:5.12,Berakhot 2:8.8,
674,Rebbi Samuel bar Nathan,R' Shmuel bar Natan,2,Berakhot 1:5.16,Avodah Zarah 5:13.2,
675,Rebbi Ḥunah,R' Ḥunah,2,Berakhot 2:1.6,Sukkah 2:8.3,
676,Rebbi Tavyome,R' Tavyome,2,Berakhot 2:1.8,Peah 1:1.34,
677,Rebbi Ismaël,R' Yishmael,2,Berakhot 2:1.16,Peah 1:1.41,
678,Jacob bar Idi,Ya'akov bar Idi,2,Berakhot 2:1.16,Eruvin 1:1.3,
679,Maisha,Maisha,2,Berakhot 2:3.14,Berakhot 8:2.10,
680,R. Joshua ben Levi,R' Yehoshua ben Levi,2,Berakhot 2:3.14,Niddah 3:3.2,
681,R. Pappai,R' Pappai,2,Berakhot 2:3.17,Megillah 1:9.8,
682,Naḥman the Old,Naḥman the Old,2,Berakhot 2:4.7,Megillah 2:1.3,
683,King Messiah,King Messiah,2,Berakhot 2:4.11,Berakhot 2:4.12,
684,said in the name of Rab,Rav,2,Berakhot 2:6.4,Berakhot 6:1.21,
685,"Rebbi Yose, son of Rebbi Ḥalaphta","R' Yose, son of R' Ḥalafta",2,Berakhot 2:7.8,Moed Katan 3:5.18,
686,Rebbi Simon bar Zevid,R' Shimon bar Zevid,2,Berakhot 2:8.7,,
687,the father of Samuel,the father of Shmuel,2,Berakhot 2:8.8,Yevamot 10:6.6,
688,Rebbi Isaac the son of Rebbi Ḥiyya the Scribe,R' Yitzḥak the son of R' Ḥiyya the Scribe,2,Berakhot 3:1.13,Yevamot 13:13.3,
689,the brother of Rebbi Abba bar Cohen,the brother of R' Abba bar Kohen,2,Berakhot 3:1.19,Nazir 7:1.11,
690,grandson of Rebbi Judah the Prince,grandson of R' Yehudah the Prince,2,Berakhot 3:1.22,Nazir 7:1.6,
691,Rebbi Yehudah bar Abba,R' Yehudah bar Abba,2,Berakhot 4:1.12,Taanit 4:5.3,
692,Rebbi Ḥuẓpit,R' Ḥutzpit,2,Berakhot 4:1.33,Sheviit 10:3.1,
693,Rebbi Zenon,R' Zenon,2,Berakhot 4:1.33,Taanit 4:1.16,
694,Rebbi Jacob ben Sisi,R' Ya'akov ben Sisi,2,Berakhot 4:1.33,Taanit 4:1.16,
695,Rebbi Huna of Sepphoris,R' Huna of Sepphoris,2,Berakhot 4:3.12,Taanit 2:2.12,
696,Rebbi Huna from Sepphoris,R' Huna from Sepphoris,2,Berakhot 4:6.7,Gittin 4:9.3,
697,"Rebbi Eliezer, son of Rebbi Yose the Galilean","R' Eliezer, son of R' Yose the Galilean",2,Berakhot 5:1.2,Kiddushin 1:9.3,
698,Zeïra bar Ḥinena,Ze'ira bar Ḥinena,2,Berakhot 5:1.4,Sheviit 1:3.3,
699,ben Gamliel,ben Gamliel,2,Berakhot 5:3.4,Berakhot 9:1.25,
700,Rebbi Ḥinena bar Isaac,R' Ḥinena bar Yitzḥak,2,Berakhot 6:1.9,Taanit 2:4.3,
701,Rebbi Ḥalaphta ben Saul,R' Ḥalafta ben Saul,2,Berakhot 6:1.26,Demai 2:3.5,
702,Rebbi Yehuda,R' Yehuda,2,Berakhot 6:2.2,Bikkurim 1:6.3,
703,King Yannai,King Yannai,2,Berakhot 7:2.7,Nazir 5:3.4,
704,bar Cahana,bar Kahana,2,Berakhot 8:2.9,Gittin 7:3.5,
705,the grandson of Rebbi Joshua ben Levi,the grandson of R' Yehoshua ben Levi,2,Berakhot 8:2.10,Beitzah 1:7.3,
706,R. Abbahu,R' Abbahu,2,Berakhot 8:2.13,,
707,"Rebbi Eleazar, son of Rebbi Ẓadoq","R' Elazar, son of R' Tzadoq",2,Berakhot 8:3.4,,
708,R. Levi,R' Levi,2,Berakhot 8:5.8,,
709,Jonathan ben Gershom,Yonatan ben Gershom,2,Berakhot 9:2.12,Sanhedrin 11:5.4,
710,Shabuel ben Gershom,Shabuel ben Gershom,2,Berakhot 9:2.12,Sanhedrin 11:5.5,
711,Rebbi Yose bar Jacob,R' Yose bar Ya'akov,2,Berakhot 9:2.21,Taanit 1:3.4,
712,Rebbi Yudan from Migdal,R' Yudan from Migdal,2,Berakhot 9:2.21,Taanit 1:3.4,
713,Rebbi Ḥanina bar Yaqqa,R' Ḥanina bar Yaqqa,2,Berakhot 9:2.24,Taanit 1:3.7,
714,King Monobaz,King Monobaz,2,Peah 1:1.19,Yoma 3:8.1,
715,"Rebbi Yudan, son of Rebbi Simeon bar Ioḥai","R' Yudan, son of R' Shimon bar Yoḥai",2,Peah 1:1.30,Kiddushin 1:7.13,
716,Rebbi Isaac ben Ḥaqolah,R' Yitzḥak ben Ḥaqolah,2,Peah 1:4.10,Nedarim 7:1.5,
717,Rebbi Yudan bar Rebbi Simeon,R' Yudan bar R' Shimon,2,Peah 2:4.8,Megillah 4:1.5,
718,ben Bathyra,ben Bathyra,2,Peah 3:6.1,Avodah Zarah 5:13.2,
719,Abba Cohen Bar Dalaia,Abba Kohen Bar Dalaia,2,Peah 4:2.3,Gittin 8:3.2,
720,"Rebbi Jonathan, the son of Rebbi Isaac bar Aḥa","R' Yonatan, the son of R' Yitzḥak bar Aḥa",2,Peah 5:1.3,Shekalim 1:2.3,
721,Rebbi Avin bar Ḥiyya,R' Avin bar Ḥiyya,2,Peah 5:2.4,Peah 6:3.3,
722,Ben Bavai,Ben Bavai,2,Peah 8:6.5,Shekalim 5:1.16,
723,the son of Rebbi Ḥiyya bar Abba,the son of R' Ḥiyya bar Abba,2,Demai 1:2.5,Shabbat 3:4.2,
724,R. Simeon ben Yoẓadaq,R' Shimon ben Yotzadaq,2,Demai 1:2.6,,
725,Rebbi Ismael ben Rebbi Joḥanan ben Beroqa,R' Yishmael ben R' Yoḥanan ben Beroqa,2,Demai 2:4.4,Yevamot 8:2.2,
726,Rebbi Joshua ben Qabusai,R' Yehoshua ben Qabusai,2,Demai 3:4.7,Pesachim 6:1.7,
727,Rebbi Ḥuna from Sepphoris,R' Ḥuna from Sepphoris,2,Demai 5:8.3,Taanit 4:2.6,
728,Rebbi Samuel bar Rebbi Isaac,R' Shmuel bar R' Yitzḥak,2,Demai 7:1.7,Sheviit 9:1.10,
729,Rebbi Hillel ben Pazi,R' Hillel ben Pazi,2,Demai 7:7.3,Sanhedrin 7:5.2,
730,Bar Dalaiah,Bar Dalaiah,2,Kilayim 1:6.3,Kilayim 8:4.7,
731,Rebbi Judan bar Shalom,R' Yudan bar Shalom,2,Kilayim 1:7.4,Nedarim 7:6.2,
732,the son of Rebbi,the son of R',2,Kilayim 1:7.6,Kilayim 2:8.8,
733,Rebbi Levy,R' Levy,2,Kilayim 1:8.2,Sanhedrin 3:12.3,
734,Rebbi Eleazar ben Taddeus,R' Elazar ben Taddeus,2,Kilayim 1:9.3,,
735,Abba bar Ḥiyya,Abba bar Ḥiyya,2,Kilayim 2:1.3,Kilayim 2:1.4,
736,Rebbi Jonathan ben Yose,R' Yonatan ben Yose,2,Kilayim 2:6.9,Sotah 4:3.3,
737,Rebbi Judah ben Ḥaninah,R' Yehudah ben Ḥaninah,2,Kilayim 4:2.3,Eruvin 1:9.3,
738,Ḥananiah ben Ḥakhinai,Ḥananiah ben Ḥakhinai,2,Kilayim 4:6.1,Chagigah 2:1.9,
739,Rav Vivian,Rav Vivian,2,Kilayim 5:5.4,Orlah 1:3.17,
740,Rebbi Eleazar bar Rebbi Zadoq,R' Elazar bar R' Zadoq,2,Kilayim 7:2.1,,
741,R. Eleazar,R' Elazar,2,Kilayim 8:1.7,Kiddushin 3:1.6,
742,Rebbi Niḥa bar Sava,R' Niḥa bar Sava,2,Kilayim 9:1.2,Yevamot 9:1.2,
743,Rebbi Dositheos,R' Dositheos,2,Kilayim 9:3.3,Ketubot 12:3.3,
744,Rebbi Ḥananiah from Sepphoris,R' Ḥananiah from Sepphoris,2,Kilayim 9:3.3,Ketubot 12:3.3,
745,Rebbi Nahman,R' Nahman,2,Kilayim 9:3.6,Yoma 3:6.9,
746,Joseph ben Israel,Yosef ben Israel,2,Kilayim 9:3.10,Ketubot 12:3.10,
747,Rebbi Reuben ben Strobilos,R' Reuben ben Strobilos,2,Kilayim 9:3.14,Ketubot 12:3.14,
748,Rebbi Ḥananiah ben Rebbi Hillel,R' Ḥananiah ben R' Hillel,2,Sheviit 1:6.2,,
749,Rebbi Isaac ben Tevele,R' Yitzḥak ben Tevele,2,Sheviit 2:3.5,Yevamot 4:7.4,
750,Rebbi Ḥuna bar Ḥiyya,R' Ḥuna bar Ḥiyya,2,Sheviit 2:5.3,Bikkurim 3:3.7,
751,Naḥman bar Jacob,Naḥman bar Ya'akov,2,Sheviit 3:3.8,Avodah Zarah 1:2.6,
752,Ḥananiah ben Gamliel,Ḥananiah ben Gamliel,2,Sheviit 3:6.2,Gittin 8:10.5,
753,the son of Samuel ben Naḥmani,the son of Shmuel ben Naḥmani,2,Sheviit 6:1.3,Kiddushin 1:8.3,
754,Imma Shalom,Imma Shalom,2,Sheviit 6:1.7,Gittin 1:2.6,
755,R. Simeon,R' Shimon,2,Sheviit 6:1.18,Sheviit 9:1.7,
756,Rebbi Ḥiyya bar Madia,R' Ḥiyya bar Madia,2,Sheviit 6:1.21,Bava Batra 8:8.5,
757,Rebbi Levi from Sennabaris,R' Levi from Sennabaris,2,Sheviit 6:2.4,Sheviit 9:5.8,
758,Rebbi Yoshaia,R' Yoshaia,2,Sheviit 7:1.6,,
759,Rabbi Yose bar Ḥalaphta,Rabbi Yose bar Ḥalafta,2,Sheviit 8:5.5,Nedarim 11:1.7,
760,"Rebbi Ismael, the son of Rebbi Joḥanan ben Baroqa","R' Yishmael, the son of R' Yoḥanan ben Baroqa",2,Sheviit 10:1.11,Nedarim 6:8.10,
761,Rebbi Jacob ben Aḥa,R' Ya'akov ben Aḥa,2,Sheviit 10:2.3,Gittin 4:3.4,
762,Rebbi Joḥanan ben Gudgada,R' Yoḥanan ben Gudgada,2,Terumot 1:1.10,Yevamot 14:2.1,
763,Rebbi Tanḥum bar Illa,R' Tanḥum bar Illa,2,Terumot 2:1.20,Shabbat 3:1.11,
764,Rebbi Samuel bar Natan,R' Shmuel bar Natan,2,Terumot 2:1.20,Shabbat 3:1.11,
765,Nathan bar Hoshiah,Natan bar Hoshiah,2,Terumot 7:1.6,Ketubot 3:1.10,
766,Rebbi Samuel ben Rebbi Isaac,R' Shmuel ben R' Yitzḥak,2,Terumot 8:1.10,Sotah 5:2.4,
767,Bar Yudani,Bar Yudani,2,Terumot 8:3.6,Avodah Zarah 2:3.4,
768,"Rebbi Isaac, the son of Rebbi Ḥiyya","R' Yitzḥak, the son of R' Ḥiyya",2,Terumot 8:4.6,Pesachim 1:8.9,
769,Rebbi Benjamin ben Gidul,R' Binyamin ben Gidul,2,Terumot 9:1.4,Maasrot 1:4.7,
770,Rebbi Ẓadoq,R' Tzadoq,2,Terumot 10:5.1,Terumot 10:5.7,
771,Rebbi Simeon bar Ḥiyya,R' Shimon bar Ḥiyya,2,Terumot 10:5.4,Shabbat 6:1.11,
772,Rebbi Ḥanania from Akhbar,R' Ḥanania from Akhbar,2,Terumot 11:5.8,Shabbat 2:1.17,
773,R. Ḥiyya’s from Sepphoris,R' Ḥiyya’s from Sepphoris,2,Terumot 11:5.8,Shabbat 2:1.17,
774,Bar Neḥemiah,Bar Neḥemiah,2,Terumot 11:5.9,Shabbat 2:1.18,
775,Jonathan ben Akhmai,Yonatan ben Akhmai,2,Terumot 11:5.11,Shabbat 2:1.20,
776,Rebbi Ayvo bar Nagari,R' Ayvo bar Nagari,2,Maasrot 1:2.3,Shekalim 4:4.10,
777,"Rebbi Ḥanina, the son of Rebbi Hillel","R' Ḥanina, the son of R' Hillel",2,Maasrot 1:4.12,Shabbat 3:5.3,
778,R. Jehudah,R' Yehudah,2,Maasrot 1:4.13,Pesachim 10:1.2,
779,Rebbi Samuel bar Sisarta,R' Shmuel bar Sisarta,2,Maasrot 1:5.4,Shabbat 9:2.3,
780,Rebbi Sheshet,R' Sheshet,2,Maasrot 2:1.7,Eruvin 3:2.5,
781,Rebbi Saul,R' Saul,2,Maasrot 3:2.3,Maaser Sheni 4:1.6,
782,Ulla ben Rebbi Israel,Ulla ben R' Israel,2,Maasrot 5:2.5,,
783,Samuel ben Abba,Shmuel ben Abba,2,Maasrot 5:3.4,Challah 1:5.2,
784,Bar Koziba,Bar Koziba,2,Maaser Sheni 1:1.19,Taanit 4:5.13,
785,Ben Bag,Ben Bag,2,Maaser Sheni 1:2.2,Pesachim 9:5.3,
786,Rebbi Naḥman bar Jacob,R' Naḥman bar Ya'akov,2,Maaser Sheni 4:1.10,Yevamot 1:6.7,
787,Samuel ben Rav Isaac,Shmuel ben Rav Yitzḥak,2,Maaser Sheni 4:3.4,Sotah 1:8.4,
788,Rebbi Isaac the Elder,R' Yitzḥak the Elder,2,Maaser Sheni 5:1.2,,
789,Eleazar ben Azariah,Elazar ben Azaryah,2,Maaser Sheni 5:4.1,Pesachim 6:1.7,
790,Rebbi Aḥa bar Pappos,R' Aḥa bar Pappos,2,Maaser Sheni 5:5.5,Ketubot 6:3.3,
791,Eleazar ben Paḥora,Elazar ben Paḥora,2,Maaser Sheni 5:5.18,Sotah 9:11.8,
792,Rabban Joḥanan,Rabban Yoḥanan,2,Challah 1:1.22,Rosh Hashanah 4:2.2,
793,father of Rebbi Samuel bar Rav Isaac,father of R' Shmuel bar Rav Yitzḥak,2,Challah 1:1.23,Rosh Hashanah 1:4.3,
794,Rebbi Sidor,R' Sidor,2,Challah 2:1.8,Shabbat 7:2.6,
795,Rebbi Zabida,R' Zabida,2,Challah 3:2.2,Sotah 7:4.9,
796,Rebbi Simeon ben Karsana,R' Shimon ben Karsana,2,Challah 4:3.4,Avodah Zarah 1:1.10,
797,Rebbi Ḥama bar Yose,R' Ḥama bar Yose,2,Orlah 2:5.7,Avodah Zarah 3:4.2,
798,Rebbi Ḥiyya the Sepphorean,R' Ḥiyya the Sepphorean,2,Orlah 3:2.3,Ketubot 6:7.4,
799,Rebbi Ḥizqia,R' Ḥizqia,2,Bikkurim 3:3.9,Nedarim 8:1.7,
800,Rebbi Simeon ben Nanas,R' Shimon ben Nanas,2,Bikkurim 3:5.1,Shabbat 16:6.1,
801,Rebbi Abba the son of Rebbi Pappaeus,R' Abba the son of R' Pappaeus,2,Shabbat 1:1.7,Yoma 4:1.3,
802,Rebbi Ḥananiah bar Samuel,R' Ḥananiah bar Shmuel,2,Shabbat 1:1.19,Sukkah 1:1.6,
803,Rav Ada bar Ahavah,Rav Ada bar Ahavah,2,Shabbat 1:2.5,Shabbat 14:4.14,
804,Rebbi Ḥananiah ben Aqiba,R' Ḥananiah ben Akiva,2,Shabbat 1:2.11,,
805,Ḥananiah ben Ḥizqiah,Ḥananiah ben Ḥizkiah,2,Shabbat 1:4.1,Shabbat 1:4.2,
806,Isaac bar Samuel,Yitzḥak bar Shmuel,2,Shabbat 1:4.12,Avodah Zarah 2:8.8,
807,Rebbi Simlai the Southerner,R' Simlai the Southerner,2,Shabbat 1:4.12,,
808,Rebbi Jehudah ben Tabbai,R' Yehudah ben Tabbai,2,Shabbat 1:4.16,,
809,Rebbi Uziel the son of Rebbi Onias of Barat,R' Uziel the son of R' Onias of Barat,2,Shabbat 1:7.3,Beitzah 3:2.3,
810,Rav Berona,Rav Berona,2,Shabbat 2:1.21,,
811,Rav Anan,Rav Anan,2,Shabbat 3:1.3,Yevamot 9:8.2,
812,Rebbi Abba the son of Rebbi Pappaios,R' Abba the son of R' Pappaios,2,Shabbat 3:1.9,Niddah 2:5.2,
813,Rebbi Jeremiah ben Rebbi Simeon,R' Yirmeyah ben R' Shimon,2,Shabbat 3:1.13,Shabbat 4:3.2,
814,Rebbi Joḥanan ben Rebbi Marius,R' Yoḥanan ben R' Marius,2,Shabbat 3:1.14,Shabbat 3:3.3,
815,Rebbi Ḥanina ben Aqabia,R' Ḥanina ben Akavia,2,Shabbat 3:3.7,,
816,Abba bar Mamal,Abba bar Mamal,2,Shabbat 3:3.9,Gittin 4:9.5,
817,Rebbi Romanos,R' Romanos,2,Shabbat 3:7.13,Megillah 1:11.4,
818,Rabbi Abba,Rabbi Abba,2,Shabbat 4:1.2,Rosh Hashanah 4:6.5,
819,Rebbi Yudan bar Ismael,R' Yudan bar Yishmael,2,Shabbat 6:2.2,Bava Batra 7:1.2,
820,Rebbi Ḥanina of Sepphoris,R' Ḥanina of Sepphoris,2,Shabbat 7:2.4,Pesachim 6:1.7,
821,Rebbi Aḥa bar Rav,R' Aḥa bar Rav,2,Shabbat 7:2.19,Shabbat 12:2.2,
822,Rebbi Ḥanina from Antonia,R' Ḥanina from Antonia,2,Shabbat 7:2.36,Beitzah 1:10.4,
823,ben Rebbi Abun,ben R' Abun,2,Shabbat 7:2.36,Shabbat 7:2.46,
824,Zeˋir bar Ḥinena,Zeˋir bar Ḥinena,2,Shabbat 7:2.54,Shabbat 7:4.3,
825,Boetius ben Zenon,Boetius ben Zenon,2,Shabbat 8:6.5,Avodah Zarah 5:3.1,
826,Isaac bar Orion,Yitzḥak bar Orion,2,Shabbat 10:6.3,,
827,Rebbi Isaac bar Mesharshia,R' Yitzḥak bar Mesharshia,2,Shabbat 12:4.4,Gittin 2:3.2,
828,Rebbi Simeon ben Joṣadaq,R' Shimon ben Yotzadak,2,Shabbat 13:3.3,Nedarim 4:10.4,
829,Rebbi Ḥiyya the Mede,R' Ḥiyya the Mede,2,Shabbat 14:4.5,Avodah Zarah 2:2.4,
830,Rebbi Joshua ben Levy,R' Yehoshua ben Levy,2,Shabbat 14:4.7,Avodah Zarah 2:2.6,
831,Bar Koḥa the carpenter,Bar Koḥa the carpenter,2,Shabbat 14:4.10,Avodah Zarah 2:2.9,
832,Eleazar ben Dama,Elazar ben Dama,2,Shabbat 14:4.12,Avodah Zarah 2:2.11,
833,ben Dama,ben Dama,2,Shabbat 14:4.12,Avodah Zarah 2:2.11,
834,Abba bar Cahana,Abba bar Kahana,2,Shabbat 17:7.3,Sukkah 5:4.4,
835,Rebbi Issac bar Naḥman,R' Issac bar Naḥman,2,Shabbat 19:2.4,Yevamot 8:1.13,
836,Rebbi Joḥanan ben Dahavai,R' Yoḥanan ben Dahavai,2,Shabbat 19:3.5,Yevamot 8:1.15,
837,Joḥanan ben Zakkai,Yoḥanan ben Zakkai,2,Shabbat 22:3.1,Sanhedrin 1:2.47,
838,Abba Shaul ben Botnit,Abba Shaul ben Botnit,2,Shabbat 24:5.1,Beitzah 3:8.3,
839,Rav Oshaia,Rav Oshaia,2,Eruvin 1:1.2,Bava Metzia 3:5.3,
840,Rebbi Naḥman bar Isaac,R' Naḥman bar Yitzḥak,2,Eruvin 1:1.3,Eruvin 6:2.2,
841,Rav Naḥman bar Isaac,Rav Naḥman bar Yitzḥak,2,Eruvin 1:1.3,Bava Kamma 9:1.3,
842,Rebbi Abba bar Pappai,R' Abba bar Pappai,2,Eruvin 1:1.10,Eruvin 10:9.2,
843,Rebbi Daniel the son of Rav Qatina,R' Daniel the son of Rav Qatina,2,Eruvin 1:10.5,Eruvin 2:1.8,
844,Rebbi Abba the son of Rav Pappai,R' Abba the son of Rav Pappai,2,Eruvin 2:8.3,Eruvin 3:3.6,
845,Samuel bar Rav Isaac,Shmuel bar Rav Yitzḥak,2,Eruvin 5:1.15,Avodah Zarah 3:1.7,
846,Simeon bar Ḥiyya,Shimon bar Ḥiyya,2,Eruvin 5:5.3,Avodah Zarah 4:8.6,
847,Rebbi Justus ben Rebbi Simon,R' Yustus ben R' Shimon,2,Eruvin 6:4.5,Shekalim 2:1.3,
848,Rebbi Hamnuna,R' Hamnuna,2,Eruvin 6:7.3,,
849,ben Rebbi Simeon,ben R' Shimon,2,Eruvin 8:3.5,Yevamot 8:3.8,
850,Rebbi Abba bar Ḥinena,R' Abba bar Ḥinena,2,Eruvin 8:4.3,Gittin 3:1.3,
851,Rebbi Tevelai,R' Tevelai,2,Eruvin 8:6.2,Sanhedrin 3:7.2,
852,Ḥanania bar Aqabia,Ḥanania bar Akavia,2,Eruvin 8:8.5,Sukkah 1:10.2,
853,Rebbi Benjamin,R' Binyamin,2,Pesachim 2:5.4,Sanhedrin 1:1.13,
854,Rebbi Jacon bar Aḥa,R' Jacon bar Aḥa,2,Pesachim 3:2.6,Moed Katan 3:5.12,
855,The rabbis of Caesaria,the rabbis of Caesarea,2,Pesachim 3:7.6,Chagigah 1:7.6,
856,Bar Nata,Bar Nata,2,Pesachim 4:1.5,Taanit 4:2.5,
857,Jonathan the son of Saul,Yonatan the son of Saul,2,Pesachim 6:1.7,,
858,Rebbi Hillel from Kifra,R' Hillel from Kifra,2,Pesachim 8:8.6,Moed Katan 1:5.4,
859,Rav Ḥiyya bar Joseph,Rav Ḥiyya bar Yosef,2,Pesachim 8:8.7,Megillah 1:9.12,
860,Giddul bar Benjamin,Giddul bar Binyamin,2,Pesachim 8:8.7,Shekalim 4:2.3,
861,Rebbi Yose ben Halaphta,R' Yose ben Halaphta,2,Pesachim 10:1.2,,
862,ben Nuri,ben Nuri,2,Pesachim 10:5.5,Rosh Hashanah 2:6.1,
863,Rebbi Joḥanan ben Zakkai,R' Yoḥanan ben Zakkai,2,Shekalim 2:3.5,Rosh Hashanah 4:1.1,
864,ben Azzai,ben Azzai,2,Shekalim 3:1.4,Rosh Hashanah 1:1.16,
865,Rebbi Yose bar Bevin,R' Yose bar Bevin,2,Shekalim 3:2.4,Shekalim 3:2.8,
866,Rav Yose,Rav Yose,2,Shekalim 3:2.9,Sanhedrin 3:9.21,
867,King Agrippas,King Agrippas,2,Shekalim 5:1.14,Sotah 7:7.1,
868,Ben Bevay,Ben Bevay,2,Shekalim 5:1.16,Yoma 2:2.3,
869,Simeon ben Lagos,Shimon ben Lagos,2,Shekalim 5:1.21,Yoma 3:9.4,
870,Rebbi Ḥama ben Rebbi Ḥanina,R' Ḥama ben R' Ḥanina,2,Shekalim 5:2.5,Rosh Hashanah 1:3.5,
871,son of David,son of David,2,Shekalim 6:1.6,Sotah 8:3.4,
872,Abba Yose ben Ḥanin,Abba Yose ben Ḥanin,2,Shekalim 6:2.2,,
873,Bar Delaia,Bar Delaia,2,Shekalim 7:3.6,Beitzah 4:4.5,
874,Rebbi Simeon from Mitzpeh,R' Shimon from Mitzpeh,2,Yoma 2:2.4,,
875,Ben Gamia,Ben Gamia,2,Yoma 3:7.1,Yoma 5:1.6,
876,Rebbi Simeon ben Iohai,R' Shimon ben Yohai,2,Yoma 3:7.4,,
877,Rebbi Phineas bar Ḥama,R' Pinḥas bar Ḥama,2,Yoma 3:7.8,Bava Batra 3:8.4,
878,Ben Qamsar,Ben Qamsar,2,Yoma 3:9.1,Yoma 3:9.5,
879,Rebbi Isaac ben Haqula,R' Yitzḥak ben Haqula,2,Yoma 4:1.7,Bava Batra 10:1.8,
880,Rebbi Menahem,R' Menahem,2,Yoma 4:4.1,Shevuot 3:8.9,
881,Rebbi Ephes,R' Ephes,2,Yoma 5:7.3,Kiddushin 3:5.2,
882,Rebbi Isaac bar Nahman,R' Yitzḥak bar Nahman,2,Yoma 8:1.9,Niddah 3:5.4,
883,Ḥinena bar Shelemia,Ḥinena bar Shelemia,2,Sukkah 1:5.3,Sukkah 1:6.3,
884,Rebbi Isaac ben Elyashiv,R' Yitzḥak ben Elyashiv,2,Sukkah 1:11.2,Avodah Zarah 3:1.6,
885,Rebbi Avinna,R' Avinna,2,Sukkah 3:1.5,Sukkah 4:4.2,
886,Rebbi Jehudah the Patriarch,R' Yehudah the Patriarch,2,Sukkah 3:1.8,Yevamot 8:1.7,
887,Rebbi Parnakh,R' Parnakh,2,Sukkah 3:1.8,Taanit 3:11.5,
888,Jehudah bar Naḥman,Yehudah bar Naḥman,2,Sukkah 5:1.3,,
889,Rebbi Joshua ben Ḥanania,R' Yehoshua ben Ḥanania,2,Sukkah 5:2.2,Sanhedrin 7:13.7,
890,Rav Qatina,Rav Qatina,2,Beitzah 1:7.2,Megillah 1:9.11,
891,Rav Avun,Rav Avun,2,Beitzah 3:6.3,Beitzah 4:5.4,
892,Rebbi Eleazar ben Shamua,R' Elazar ben Shamua,2,Beitzah 4:3.6,Sotah 2:4.3,
893,Rebbi Ḥanania the son of Rebbi Abbahu,R' Ḥanania the son of R' Abbahu,2,Beitzah 5:2.15,Megillah 1:6.2,
894,The great Jehudah,Yehudah the Great,2,Rosh Hashanah 1:1.5,Bava Metzia 2:8.3,
895,Rebbi Judah from Kappadokia,R' Yehudah from Kappadokia,2,Rosh Hashanah 1:8.4,Megillah 2:7.5,
896,Rebbi Simeon ben Laqisch,R' Shimon ben Laqisch,2,Rosh Hashanah 2:5.2,Sanhedrin 1:2.11,
897,Rebbi Shila from Kefar,R' Shila from Kefar,2,Rosh Hashanah 2:8.4,Gittin 9:11.2,
898,Rebbi Tanḥum from Edrei,R' Tanḥum from Edrei,2,Taanit 1:1.5,,
899,Rebbi Ḥuna of Sepphoris,R' Ḥuna of Sepphoris,2,Taanit 2:1.2,Kiddushin 1:1.15,
900,Rebbi Judah ben Rebbi Simon,R' Yehudah ben R' Shimon,2,Taanit 2:4.2,Moed Katan 3:5.28,
901,Rebbi Ḥalafta,R' Ḥalafta,2,Taanit 2:10.1,Bava Metzia 2:3.3,
902,Rebbi Samuel bar Ina,R' Shmuel bar Ina,2,Taanit 2:13.2,Megillah 1:4.13,
903,Rebbi Joshua ben Yair,R' Yehoshua ben Yair,2,Taanit 3:4.5,,
904,Rav Ada bar Aḥawah,Rav Ada bar Aḥava,2,Taanit 3:11.4,Sotah 6:4.3,
905,Rebbi Naftali,R' Naftali,2,Taanit 4:1.4,Megillah 4:8.2,
906,Rebbi Ephes the Southerner,R' Ephes the Southerner,2,Taanit 4:2.9,,
907,Yonadav ben Rekhav,Yonadav ben Rekhav,2,Taanit 4:2.13,Taanit 4:4.1,
908,Rebbi Eleazar from Merom,R' Elazar from Merom,2,Taanit 4:3.2,Megillah 4:2.2,
909,Rebbi Philippos ben Protos,R' Philippos ben Protos,2,Megillah 1:1.11,Megillah 4:2.2,
910,Rav Ḥisday,Rav Ḥisday,2,Megillah 1:6.2,,
911,Rebbi Ada bar Simeon,R' Ada bar Shimon,2,Megillah 1:9.7,Megillah 1:9.8,
912,King Ptolemy,King Ptolemy,2,Megillah 1:9.15,,
913,Yose bar Menashia,Yose bar Menashia,2,Megillah 2:4.4,,
914,Rebbi Eleazar ben Rebbi Simon,R' Elazar ben R' Shimon,2,Megillah 2:7.3,,
915,Ḥanania bar Šelemiah,Ḥanania bar Šelemiah,2,Megillah 4:4.8,Sanhedrin 1:2.45,
916,Rebbi Simeon ben Yosina,R' Shimon ben Yosina,2,Megillah 4:5.3,Yevamot 13:1.11,
917,Rebbi Josias,R' Josias,2,Megillah 4:12.4,,
918,Jehudah bar Safra,Yehudah bar Safra,2,Chagigah 1:6.2,,
919,Rebbi Jabes,R' Jabes,2,Chagigah 2:1.4,,
920,Rebbi Yosef,R' Yosef,2,Chagigah 2:1.7,Kiddushin 1:6.3,
921,Elisha ben Abuya,Elisha ben Abuya,2,Chagigah 2:1.9,Chagigah 2:1.10,
922,Yose ben Yoezer,Yose ben Yoezer,2,Chagigah 2:2.1,Chagigah 2:7.1,
923,Yose ben Joḥanan,Yose ben Yoḥanan,2,Chagigah 2:2.1,Ketubot 8:11.5,
924,Simeon ben Shetah,Shimon ben Shetah,2,Chagigah 2:2.1,Chagigah 2:2.6,
925,The son of Ma`yan,The son of Ma`yan,2,Chagigah 2:2.6,Sanhedrin 6:6.5,
926,the son of Ma`yan,the son of Ma`yan,2,Chagigah 2:2.6,Sanhedrin 6:6.5,
927,Rebbi Banaiah,R' Banaiah,2,Chagigah 3:1.4,Bava Batra 1:5.3,
928,Rebbi Yose bar Petrus,R' Yose bar Petrus,2,Moed Katan 3:5.20,Avodah Zarah 3:1.11,
929,Rebbi Benjamin bar Gidal,R' Binyamin bar Gidal,2,Yevamot 1:1.10,,
930,Rebbi Ḥanina from Sepphoris,R' Ḥanina from Sepphoris,2,Yevamot 1:6.5,Nedarim 9:1.5,
931,Rebbi Ḥanina ben Beroqa,R' Ḥanina ben Beroqa,2,Yevamot 1:6.7,Kiddushin 4:1.11,
932,Rav Bebai,Rav Bebai,2,Yevamot 1:6.9,Sotah 3:4.9,
933,Rebbi Ḥalaphta from Haifa,R' Ḥalafta from Haifa,2,Yevamot 3:9.3,Gittin 9:3.3,
934,Rebbi Ḥizqyah,R' Ḥizqyah,2,Yevamot 4:11.4,Niddah 1:3.7,
935,Rebbi Abba bar Jeremiah,R' Abba bar Yirmeyah,2,Yevamot 4:11.6,Yevamot 7:5.4,
936,Rebbi Simeon ben Azai,R' Shimon ben Azai,2,Yevamot 4:15.1,Yevamot 4:15.2,
937,Rebbi Zera,R' Zera,2,Yevamot 8:1.7,Ketubot 1:9.5,
938,Rebbi Jacob from Gebal,R' Ya'akov from Gebal,2,Yevamot 8:2.6,Kiddushin 4:3.3,
939,Rebbi Samuel ben Rebbi Yose ben Rebbi Abun,R' Shmuel ben R' Yose ben R' Abun,2,Yevamot 8:3.8,Kiddushin 4:1.12,
940,Pashḥur ben Immer,Pashḥur ben Immer,2,Yevamot 8:3.11,Kiddushin 4:1.15,
941,Rebbi Yose the Sidonian,R' Yose the Sidonian,2,Yevamot 9:4.4,Ketubot 11:7.3,
942,"Rebbi Ḥananiah, the son of Rebbi Hillel","R' Ḥananiah, the son of R' Hillel",2,Yevamot 10:1.12,Sotah 1:2.10,
943,Rebbi Zevidah,R' Zevidah,2,Yevamot 10:4.2,Gittin 8:6.2,
944,Gidul bar Miniamin,Gidul bar Miniamin,2,Yevamot 15:6.2,Sotah 6:4.2,
945,Jehudah ben Baba,Yehudah ben Baba,2,Yevamot 16:7.1,,
946,Rebbi Naḥman ben Jacob,R' Naḥman ben Ya'akov,2,Ketubot 2:2.3,Bava Batra 3:4.2,
947,Rav Ḥama,Rav Ḥama,2,Ketubot 2:9.4,Kiddushin 3:9.2,
948,Rebbi Ḥiyya bar Yosef,R' Ḥiyya bar Yosef,2,Ketubot 2:9.6,Sotah 1:3.4,
949,Rebbi Jehudah ben Ḥananiah,R' Yehudah ben Ḥananiah,2,Ketubot 4:8.3,Ketubot 4:8.4,
950,Rebbi Radifa,R' Radifa,2,Ketubot 7:7.5,Kiddushin 2:4.5,
951,Rebbi Ḥanina ben Aqiba,R' Ḥanina ben Akiva,2,Ketubot 8:2.1,Ketubot 8:2.2,
952,Yose ben Yo‘ezer from Ṣereda,Yose ben Yo‘ezer from Tzereda,2,Ketubot 8:11.5,Sotah 9:10.1,
953,Rebbi Levi bar Ḥaita,R' Levi bar Ḥaita,2,Ketubot 9:1.4,Sotah 7:1.5,
954,Rebbi Jehuda the Prince,R' Yehudah the Prince,2,Ketubot 9:2.2,,
955,Bar Tapqan,Bar Tapqan,2,Ketubot 10:5.3,,
956,Rav Mattaniah,Rav Mattaniah,2,Ketubot 10:6.2,Sanhedrin 1:2.21,
957,Rebbi Reuben,R' Reuben,2,Ketubot 11:7.5,Sanhedrin 1:1.12,
958,Rav Ze‘ira,Rav Ze'ira,2,Ketubot 13:3.6,Bava Kamma 5:4.3,
959,Pappos ben Jehudah,Pappos ben Yehudah,2,Sotah 1:7.3,Kiddushin 4:4.2,
960,Ben Barakhel,Ben Barakhel,2,Sotah 5:6.3,,
961,Yose ben Yoezer from Ṣereda,Yose ben Yoezer from Tzereda,2,Sotah 9:10.3,,
962,Joseph ben Joḥanan from Jerusalem,Yosef ben Yoḥanan from Jerusalem,2,Sotah 9:10.3,,
963,Abba bar Rav Jeremiah,Abba bar Rav Yirmeyah,2,Sotah 9:12.2,Gittin 8:2.3,
964,the house Gadia,the house Gadia,2,Sotah 9:13.4,Sotah 9:16.4,
965,Jonathan ben Uzziel,Yonatan ben Uzziel,2,Nedarim 5:6.3,Nedarim 5:6.4,
966,Bar Piqa,Bar Piqa,2,Nazir 9:2.10,,
967,Rebbi Nahorai,R' Nahorai,2,Nazir 9:6.1,,
968,Rebbi Mamal,R' Mamal,2,Gittin 1:5.7,Kiddushin 3:4.7,
969,Rebbi Abba the son of Rebbi Ḥiyya,R' Abba the son of R' Ḥiyya,2,Gittin 3:5.3,Bava Batra 8:1.4,
970,Rebbi Abba bar Hamnuna,R' Abba bar Hamnuna,2,Gittin 8:3.9,Gittin 9:3.6,
971,Shaul ben Barukh,Shaul ben Barukh,2,Gittin 9:7.2,,
972,Rebbi Yossi,R' Yossi,2,Kiddushin 3:10.2,Horayot 1:1.3,
973,Rebbi Isaac bar Tevelai,R' Yitzḥak bar Tevelai,2,Bava Kamma 2:5.3,,
974,R. Isaac,R' Yitzḥak,2,Bava Kamma 5:4.3,Bava Kamma 6:3.2,
975,Alexander the Macedonian,Alexander the Macedonian,2,Bava Metzia 2:5.7,Avodah Zarah 3:1.17,
976,Rebbi Samuel ben Sosartai,R' Shmuel ben Sosartai,2,Bava Metzia 4:2.5,Sanhedrin 7:1.6,
977,Rebbi Bina,R' Bina,2,Bava Metzia 6:1.3,Sanhedrin 3:5.10,
978,Rebbi Joḥanan ben Matthew,R' Yoḥanan ben Matthew,2,Bava Metzia 7:1.1,Bava Metzia 7:1.4,
979,Rav Naḥman bar Rav Isaac,Rav Naḥman bar Rav Yitzḥak,2,Bava Batra 3:3.4,Niddah 2:5.2,
980,Jehudah ben Pappos,Yehudah ben Pappos,2,Bava Batra 5:1.6,,
981,Rebbi Mallukh,R' Mallukh,2,Bava Batra 8:1.4,,
982,Rebbi Dositheos ben Jehudah,R' Dositheos ben Yehudah,2,Bava Batra 8:2.6,Bava Batra 10:1.6,
983,Yose ben Simeon,Yose ben Shimon,2,Bava Batra 10:7.1,,
984,Rebbi Nehemiah the Tanna,R' Nehemiah the Tanna,2,Sanhedrin 1:4.7,Sanhedrin 1:4.9,
985,Rebbi Ḥanina the scribe,R' Ḥanina the scribe,2,Sanhedrin 2:1.3,Horayot 3:1.2,
986,Rebbi Nissai,R' Nissai,2,Sanhedrin 3:5.11,Sanhedrin 3:9.23,
987,Rebbi Eumachos,R' Eumachos,2,Sanhedrin 3:12.3,,
988,Joshua ben Ḥanania,Yehoshua ben Ḥanania,2,Sanhedrin 7:13.3,Sanhedrin 7:13.4,
989,Ben Bagbag,Ben Bagbag,2,Sanhedrin 8:3.2,Sanhedrin 11:2.2,
990,Rebbi Samuel ben Sosarta,R' Shmuel ben Sosarta,2,Sanhedrin 8:3.4,Sanhedrin 11:2.4,
991,Ḥanania ben Shila,Ḥanania ben Shila,2,Sanhedrin 8:8.3,,
992,Joshua ben Nun,Yehoshua ben Nun,2,Sanhedrin 10:2.5,Sanhedrin 10:8.3,
993,Jonah ben Amitai,Yonah ben Amitai,2,Sanhedrin 11:5.3,,
994,Rebbi Ṃeïr,R' Meir,2,Makkot 1:2.1,,
995,Rebbi Yudan the Cappadocian,R' Yudan the Cappadocian,2,Shevuot 4:2.4,Shevuot 5:2.4,
996,Eliezer ben Hyrcanos,Eliezer ben Hyrcanos,2,Avodah Zarah 3:1.12,Horayot 3:5.14,
997,Rebbi [Joḥanan],R' Yoḥanan,2,Avodah Zarah 3:2.4,Avodah Zarah 3:5.8,
998,Proclos ben Ploslos,Proclos ben Ploslos,2,Avodah Zarah 3:4.1,Avodah Zarah 3:4.2,
999,Rebbi Ḥanina bar Pappa,R' Ḥanina bar Pappa,2,Avodah Zarah 4:10.4,,
1000,the father of Rebbi Hoshaiah,the father of R' Hoshaiah,2,Niddah 2:1.6,,
1001,The Hause of Shammai,Beit Shammai,2,Niddah 2:6.1,Niddah 2:6.3,
1002,Isaac bar Jonathan,Yitzḥak bar Yonatan,2,Niddah 2:7.7,,
1003,Rebbi Abba bar Pappus,R' Abba bar Pappus,1,Berakhot 1:1.6,,
1004,R. Yehudah ben Pazi,R' Yehudah ben Pazi,1,Berakhot 1:1.10,,
1005,Rebbi Samuel bar Ḥiyya bar Yehudah,R' Shmuel bar Ḥiyya bar Yehudah,1,Berakhot 1:1.13,,
1006,Rebbi Ḥanina the Colleague of the Rabbis,R' Ḥanina the Colleague of the Rabbis,1,Berakhot 1:1.16,,
1007,Rebbi Ḥanina bar Andrei,R' Ḥanina bar Andrei,1,Berakhot 1:1.18,,
1008,R. Samuel ben Soṭar,R' Shmuel ben Sotar,1,Berakhot 1:1.18,,
1009,Rebbi Yehudah ben Rebbi Ilaï,R' Yehudah ben R' Illai,1,Berakhot 1:1.23,,
1010,Rebbi Eleazar ben Rebbi Menaḥem,R' Elazar ben R' Menaḥem,1,Berakhot 1:1.27,,
1011,R. Samuel ben Naḥmani,R' Shmuel ben Naḥmani,1,Berakhot 1:1.29,,
1012,Rebbi Zeïra the Tanna,R' Ze'ira the Tanna,1,Berakhot 1:1.31,,
1013,the brother of Rav Ḥiyya bar Ashi,the brother of Rav Ḥiyya bar Ashi,1,Berakhot 1:1.31,,
1014,Rebbi Yehoshua,R' Yehoshua,1,Berakhot 1:2.1,,
1015,Rebbi Zabida the son of Rebbi Jacob bar Zabdi,R' Zabida the son of R' Ya'akov bar Zabdi,1,Berakhot 1:2.7,,
1016,The school of Shammai,Beit Shammai,1,Berakhot 1:3.1,,
1017,Simeon ben Abba,Shimon ben Abba,1,Berakhot 1:4.2,,
1018,R. Yoḥanan,R' Yoḥanan,1,Berakhot 1:4.2,,
1019,"Rebbi Ḥananiah, the son of Rebbi Ada","R' Ḥananiah, the son of R' Ada",1,Berakhot 1:4.3,,
1020,Rebbi Tanḥum the son of Rebbi Ḥiyya,R' Tanḥum the son of R' Ḥiyya,1,Berakhot 1:4.3,,
1021,Rebbi Yose bar Rebbi Abin,R' Yose bar R' Abin,1,Berakhot 1:5.2,,
1022,Rebbi Nachman,R' Nachman,1,Berakhot 1:5.2,,
1023,Rebbi Yehudah bar Zebida,R' Yehudah bar Zebida,1,Berakhot 1:5.5,,
1024,Rebbi Ayvu,R' Ayvu,1,Berakhot 1:5.13,,
1025,Rebbi Eleazar bar Avina,R' Elazar bar Avina,1,Berakhot 1:5.13,,
1026,Rebbi Ḥalaphta ben Shaül,R' Ḥalafta ben Shaül,1,Berakhot 1:5.14,,
1027,Rebbi Samuel bar Inia,R' Shmuel bar Inia,1,Berakhot 1:5.14,,
1028,"Rebbi Eleazar, the son of Rebbi Yose","R' Elazar, the son of R' Yose",1,Berakhot 1:5.18,,
1029,Rebbi Aḥiyya ben Rebbi Zeïra,R' Aḥiyya ben R' Ze'ira,1,Berakhot 1:6.5,,
1030,Rebbi Abba ben Rebbi Aḥa,R' Abba ben R' Aḥa,1,Berakhot 1:6.7,,
1031,Rebbi Uri,R' Uri,1,Berakhot 2:1.6,,
1032,Symmachos bar Joseph,Symmachos bar Yosef,1,Berakhot 2:1.7,,
1033,Rebbi Simeon ben Jehozadak,R' Shimon ben Jehozadak,1,Berakhot 2:1.10,,
1034,Rebbi Zeiïa,R' Zeiïa,1,Berakhot 2:1.11,,
1035,Rebbi Ḥanina bar Pappai,R' Ḥanina bar Pappai,1,Berakhot 2:1.17,,
1036,Joshua ben Qorḥah,Yehoshua ben Qorḥah,1,Berakhot 2:3.1,,
1037,Rebbi Yoḥanan ben Zakkai,R' Yoḥanan ben Zakkai,1,Berakhot 2:3.5,,
1038,Rebbi Jacob ben Rebbi Idi,R' Ya'akov ben R' Idi,1,Berakhot 2:3.7,,
1039,(Rebbi) Abba [bar Jeremiah],Abba bar Jeremiah,1,Berakhot 2:3.13,,
1040,Elisha of the bird’s wings,Elisha of the bird’s wings,1,Berakhot 2:3.14,,
1041,Rebbi Simeon bar Yose bar Laqonia,R' Shimon bar Yose bar Laqonia,1,Berakhot 2:3.15,,
1042,Rabbi Ḥanina,Rabbi Ḥanina,1,Berakhot 2:4.4,,
1043,Rebbi Samuel bar Ḥanina,R' Shmuel bar Ḥanina,1,Berakhot 2:4.6,,
1044,Rav Naḥman bar Ada,Rav Naḥman bar Ada,1,Berakhot 2:4.7,,
1045,Rebbis say,Rabbis,1,Berakhot 2:4.11,,
1046,"Rebbi Yudan, the son of Rebbi Aivu","R' Yudan, the son of R' Aivu",1,Berakhot 2:4.12,,
1047,Ḥanina the son of Rebbi Abbahu,Ḥanina the son of R' Abbahu,1,Berakhot 2:4.12,,
1048,Rebbi Yudan the son of Rebbi Aivu,R' Yudan the son of R' Aivu,1,Berakhot 2:4.12,,
1049,the great Rebbi Aḥa,R' Aḥa the Great,1,Berakhot 2:4.16,,
1050,Rebbi Eleazar the son of Rebbi Yannai,R' Elazar the son of R' Yannai,1,Berakhot 2:6.2,,
1051,Rebbi Jacob bar Savdi,R' Ya'akov bar Savdi,1,Berakhot 2:6.3,,
1052,Rav Isaac bar Rav Meshirshia,Rav Yitzḥak bar Rav Meshirshia,1,Berakhot 2:6.3,,
1053,Benjamin from Ginzak,Binyamin from Ginzak,1,Berakhot 2:6.4,,
1054,Rebbi Samuel the Cappadocian,R' Shmuel the Cappadocian,1,Berakhot 2:6.5,,
1055,father of Rebbi Oshaya,father of R' Oshaya,1,Berakhot 2:7.2,,
1056,Rebbi Abun bar Rebbi Ḥiyya,R' Abun bar R' Ḥiyya,1,Berakhot 2:8.6,,
1057,Rabban Simeon ben Gamliël,Rabban Shimon ben Gamliel,1,Berakhot 2:9.1,,
1058,Rebbi Yehudah ben Pappos,R' Yehudah ben Pappos,1,Berakhot 2:9.3,,
1059,Yehudah ben Pappos,Yehudah ben Pappos,1,Berakhot 2:9.3,,
1060,Rebbi Yassa,R' Yassa,1,Berakhot 3:1.12,,
1061,The father-in-law of Rebbi Yannai the younger,father-in-law of R' Yannai the younger,1,Berakhot 3:1.15,,
1062,Rebbi Nehemiah the son of Rebbi Ḥiyya bar Abba,R' Nehemiah the son of R' Ḥiyya bar Abba,1,Berakhot 3:1.17,,
1063,Gedilah,Gedilah,1,Berakhot 3:1.19,,
1064,king Diocletian,king Diocletian,1,Berakhot 3:1.21,,
1065,Rebbi Yasa bar Ḥanina,R' Yasa bar Ḥanina,1,Berakhot 3:1.25,,
1066,Rebbi Yose bar Nahoraï,R' Yose bar Nahoraï,1,Berakhot 3:3.11,,
1067,Rebbi Eleazar bar Simeon,R' Elazar bar Shimon,1,Berakhot 3:4.8,,
1068,Tanḥum ben Rebbi Ḥiyya,Tanḥum ben R' Ḥiyya,1,Berakhot 3:4.9,,
1069,"Rebbi Zevadiah, the son of Rebbi Jacob bar Zavdi","R' Zevadiah, the son of R' Ya'akov bar Zavdi",1,Berakhot 3:5.4,,
1070,Rebbi Benjamin ben Yephet,R' Binyamin ben Yephet,1,Berakhot 3:5.11,,
1071,Rebbi Samuel bar Ḥalaphta,R' Shmuel bar Ḥalafta,1,Berakhot 3:5.17,,
1072,Rebbi Nathan bar Ṭobi,R' Natan bar Tobi,1,Berakhot 4:1.16,,
1073,"Rebbi Abba, the son of Rebbi Pappai","R' Abba, the son of R' Pappai",1,Berakhot 4:1.22,,
1074,Rebbi Yudan the Kappadokian,R' Yudan the Kappadokian,1,Berakhot 4:1.28,,
1075,Rebbi Neḥoniah ben Haqqanah,R' Neḥoniah ben Haqqanah,1,Berakhot 4:2.1,,
1076,Rebbi Yudan Antoraya,R' Yudan Antoraya,1,Berakhot 4:3.7,,
1077,Rebbi Tanḥum bar Ḥanina,R' Tanḥum bar Ḥanina,1,Berakhot 4:4.10,,
1078,Rebbi Eudaimon from Ḥaifa,R' Avdimi from Ḥaifa,1,Berakhot 4:4.11,,
1079,Rebbi Ḥananiah bar Pappus,R' Ḥananiah bar Pappus,1,Berakhot 4:4.11,,
1080,Rebbi Aḥawa the son of Rebbi Zeïra,R' Aḥava the son of R' Ze'ira,1,Berakhot 5:1.3,,
1081,"Rebbi Yudan, the son of Rebbi Ayvu","R' Yudan, the son of R' Ayvu",1,Berakhot 5:1.3,,
1082,Rebbi Ḥanina from Ein,R' Ḥanina from Ein,1,Berakhot 5:1.15,,
1083,the son of Beör,the son of Beör,1,Berakhot 5:1.16,,
1084,Rebbi Tanḥuma from Edreï,R' Tanḥuma from Edreï,1,Berakhot 5:2.3,,
1085,Rebbi Tanḥum from Edreï,R' Tanḥum from Edreï,1,Berakhot 5:2.3,,
1086,Rebbi Eleazar ben Rebbi Hoshaiah,R' Elazar ben R' Hoshaiah,1,Berakhot 5:2.12,,
1087,ben Rebbi Simai,ben R' Simai,1,Berakhot 5:2.12,,
1088,Rebbi Judah ben Pazy,R' Yehudah ben Pazy,1,Berakhot 5:3.5,,
1089,Rebbi Tanḥuma ben Rebbi Ḥiyya,R' Tanḥuma ben R' Ḥiyya,1,Berakhot 5:4.6,,
1090,Abbaye ben Rebbi Benjamin,Abbaye ben R' Binyamin,1,Berakhot 5:4.7,,
1091,the son of Rabban,the son of Rabban,1,Berakhot 5:5.3,,
1092,Rebbi Samuel ben Rebbi Naḥmani,R' Shmuel ben R' Naḥmani,1,Berakhot 5:5.3,,
1093,Rebbi Ḥiyya bar Pappus,R' Ḥiyya bar Pappus,1,Berakhot 6:1.6,,
1094,Rebbi Isaac bar Mari,R' Yitzḥak bar Mari,1,Berakhot 6:1.15,,
1095,Cahana bar Malkiah,Kahana bar Malkiah,1,Berakhot 6:1.16,,
1096,Bar Marina,Bar Marina,1,Berakhot 6:1.17,,
1097,the great Rebbi Isaac,R' Yitzḥak the Great,1,Berakhot 6:1.19,,
1098,Rav Ḥaggai,Rav Ḥaggai,1,Berakhot 6:5.3,,
1099,Rebbi Ḥanina bar Sisai,R' Ḥanina bar Sisai,1,Berakhot 6:5.4,,
1100,"Rebbi Abba, the son of Rebbi Ḥaggai","R' Abba, the son of R' Ḥaggai",1,Berakhot 6:5.5,,
1101,Isaac bar Abba from Meḥasiah,Yitzḥak bar Abba from Meḥasiah,1,Berakhot 6:6.6,,
1102,Rebbi Thaddeus,R' Thaddeus,1,Berakhot 6:8.2,,
1103,Rebbi Isaac ben Elyashib,R' Yitzḥak ben Elyashib,1,Berakhot 7:1.4,,
1104,Rav Ḥanan,Rav Ḥanan,1,Berakhot 7:1.5,,
1105,Aninia bar Sisai,Aninia bar Sisai,1,Berakhot 7:2.5,,
1106,Rav Samuel bar Shilat,Rav Shmuel bar Shilat,1,Berakhot 7:2.6,,
1107,Rebbi Jose the Galilean,R' Jose the Galilean,1,Berakhot 7:3.5,,
1108,Rav Hiyya bar Ashi,Rav Hiyya bar Ashi,1,Berakhot 7:3.8,,
1109,Rebbi Yosi,R' Yosi,1,Berakhot 7:5.9,,
1110,Rebbi Eleazar bar Joseph,R' Elazar bar Yosef,1,Berakhot 7:5.9,,
1111,Rebbi Vivan,R' Vivan,1,Berakhot 8:2.4,,
1112,"Rebbi Eleazar, the son of Rebbi Ẓadoq","R' Elazar, the son of R' Tzadoq",1,Berakhot 8:3.4,,
1113,ben Simon,ben Shimon,1,Berakhot 8:5.6,,
1114,Bar Nazira,Bar Nazira,1,Berakhot 8:5.8,,
1115,Rebbi Yoḥanan from Karẓion,R' Yoḥanan from Kartzion,1,Berakhot 8:6.4,,
1116,"Rebbi Zeïra, the son of Rebbi Abbahu","R' Ze'ira, the son of R' Abbahu",1,Berakhot 8:6.9,,
1117,"Rebbi Yehudah, the son of Rebbi Simon","R' Yehudah, the son of R' Shimon",1,Berakhot 8:6.9,,
1118,Rebbi Oshaia,R' Oshaia,1,Berakhot 8:6.12,,
1119,Rebbi Yehudah bar Simon,R' Yehudah bar Shimon,1,Berakhot 9:1.13,,
1120,Rebbi Eviathar,R' Eviathar,1,Berakhot 9:1.14,,
1121,"Rebbi Zeīra, son of Rebbi Abbahu","R' Ze'ira, son of R' Abbahu",1,Berakhot 9:1.22,,
1122,"Rebbi Yose, son of Rebbi Abun","R' Yose, son of R' Abun",1,Berakhot 9:1.29,,
1123,ben Zoma,ben Zoma,1,Berakhot 9:1.33,,
1124,Rebbi Yudan ben Shalom,R' Yudan ben Shalom,1,Berakhot 9:2.10,,
1125,ben Mosheh,ben Mosheh,1,Berakhot 9:2.12,,
1126,ben Manasseh,ben Manasseh,1,Berakhot 9:2.12,,
1127,Rebbi Yose bar Nahorai,R' Yose bar Nahorai,1,Berakhot 9:2.15,,
1128,Rebbi Lewi,R' Lewi,1,Berakhot 9:2.19,,
1129,Rebbi Yannai ben Ismael,R' Yannai ben Yishmael,1,Berakhot 9:2.20,,
1130,Rav Yehudah bar Ezechiel,Rav Yehudah bar Ezechiel,1,Berakhot 9:2.21,,
1131,R. Yudan,R' Yudan,1,Berakhot 9:2.21,,
1132,Rebbi Ismael ben Eleazar,R' Yishmael ben Elazar,1,Berakhot 9:2.24,,
1133,father of Rebbi Abba,father of R' Abba,1,Berakhot 9:3.2,,
1134,Yose ben Nehorai,Yose ben Nehorai,1,Berakhot 9:3.7,,
1135,Rebbi Tanḥuma ben Yehudah,R' Tanḥuma ben Yehudah,1,Berakhot 9:5.4,,
1136,Rebbi Yudan bar Pelaya,R' Yudan bar Pelaya,1,Berakhot 9:5.5,,
1137,Simeon ben Azai,Shimon ben Azai,1,Berakhot 9:5.12,,
1138,Rebbi Yose ben Yehudah,R' Yose ben Yehudah,1,Berakhot 9:5.13,,
1139,Rebbi Chelbo,R' Chelbo,1,Berakhot 9:5.16,,
1140,Rebbi Abba bar Ilaï,R' Abba bar Illai,1,Berakhot 9:5.16,,
1141,Rebbi Yose ben Gezirah,R' Yose ben Gezirah,1,Berakhot 9:5.19,,
1142,Rav Ḥabiba,Rav Ḥabiba,1,Peah 1:1.14,,
1143,Rebbi Yeshebab,R' Yeshebab,1,Peah 1:1.16,,
1144,Bezalel ben Uri,Bezalel ben Uri,1,Peah 1:1.17,,
1145,Rebbi Johanan bar Maria,R' Yohanan bar Maria,1,Peah 1:1.20,,
1146,father of Rebbi Abba bar Mari,father of R' Abba bar Mari,1,Peah 1:1.35,,
1147,Bar Ḥovez,Bar Ḥovez,1,Peah 1:1.45,,
1148,Rebbi Nehemiaḥ bar Uqban,R' Nehemiaḥ bar Ukban,1,Peah 1:5.2,,
1149,Rebbi Hanan,R' Hanan,1,Peah 1:5.6,,
1150,the father of Rebbi Simeon,the father of R' Shimon,1,Peah 1:5.6,,
1151,Rebbi Simeon from Miẓpah,R' Shimon from Mitzpah,1,Peah 2:4.1,,
1152,Naḥum the scribe,Naḥum the scribe,1,Peah 2:4.1,,
1153,Rebbi Hoshaia ben Shammai,R' Hoshaya ben Shammai,1,Peah 2:5.3,,
1154,R. Judan bar Pazi from Bar,R' Yudan bar Pazi from Bar,1,Peah 3:7.12,,
1155,Rebbi Gurin,R' Gurin,1,Peah 3:7.16,,
1156,Rav Taḥlifa,Rav Taḥlifa,1,Peah 4:7.3,,
1157,Rebbi Abbahu bar Naggari,R' Abbahu bar Naggari,1,Peah 5:4.4,,
1158,Rebbi Avinah,R' Avinah,1,Peah 5:7.2,,
1159,Rav Periri,Rav Periri,1,Peah 7:3.12,,
1160,Rebbi Eleazer from the South,R' Eleazer from the South,1,Peah 8:2.3,,
1161,Rebbi Abba bar Abba bar Mamal,R' Abba bar Abba bar Mamal,1,Peah 8:5.5,,
1162,Rebbi Ilaī,R' Illai,1,Peah 8:5.5,,
1163,the father of Rabbi Oshaia,the father of Rabbi Oshaia,1,Peah 8:8.7,,
1164,Rebbi Ḥinena bar Pappai,R' Ḥinena bar Pappai,1,Peah 8:8.8,,
1165,"Rebbi Simeon, the son of Rebbi Abba","R' Shimon, the son of R' Abba",1,Demai 1:1.7,,
1166,Rebbi Yose the Great,R' Yose the Great,1,Demai 1:1.15,,
1167,Rebbi Neḥumai,R' Neḥumai,1,Demai 1:2.5,,
1168,Rebbi Ze'ira,R' Ze'ira,1,Demai 1:3.23,,
1169,Rebbi Jacob bar Aḥa bar Idi,R' Ya'akov bar Aḥa bar Idi,1,Demai 1:4.5,,
1170,Rebbi Alexander from Ẓedoqa,R' Alexander from Tzedoqa,1,Demai 2:1.4,,
1171,the rabbis of Cesarea,the rabbis of Caesarea,1,Demai 2:1.10,,
1172,Joshua ben Zeruz,Yehoshua ben Zeruz,1,Demai 2:1.11,,
1173,Rebbi Yose of Kefar,R' Yose of Kefar,1,Demai 2:1.13,,
1174,Rebbi Simeon ben Zachariah,R' Shimon ben Zachariah,1,Demai 2:1.15,,
1175,Rebbi Abba bar Kahana,R' Abba bar Kahana,1,Demai 2:1.20,,
1176,Ḥananiah ben Samuel,Ḥananiah ben Shmuel,1,Demai 2:1.21,,
1177,Ḥiyya ben Rebbi Abun,Ḥiyya ben R' Abun,1,Demai 2:3.8,,
1178,Rebbi Simeon from Carsan,R' Shimon from Carsan,1,Demai 3:1.10,,
1179,Rebbi Taypha the Red,R' Taypha the Red,1,Demai 3:4.3,,
1180,Rebbi Ḥiyya bar Abin,R' Ḥiyya bar Abin,1,Demai 3:4.6,,
1181,Bar Ḥaqulah,Bar Ḥaqulah,1,Demai 4:1.8,,
1182,Rebbi Abba bar Huna,R' Abba bar Huna,1,Demai 4:3.2,,
1183,Rebbi Eleazar ben Jehudah from Bartota,R' Elazar ben Yehudah from Bartota,1,Demai 5:1.2,,
1184,"Rebbi Abba, son of Rebbi Ḥiyya","R' Abba, son of R' Ḥiyya",1,Demai 5:1.4,,
1185,Rebbi Judah ben Levi,R' Yehudah ben Levi,1,Demai 5:8.8,,
1186,"Rebbi Ḥanina, the son of Rebbi Abbahu","R' Ḥanina, the son of R' Abbahu",1,Demai 6:1.5,,
1187,the father of Rebbi Mattania,the father of R' Mattania,1,Demai 7:4.4,,
1188,Rebbi Levinti,R' Levinti,1,Demai 7:7.5,,
1189,Rebbi Dositheos the son of Rebbi Yannai,R' Dositheos the son of R' Yannai,1,Demai 7:7.6,,
1190,Rebbi Yudan bar Menasheh,R' Yudan bar Menasheh,1,Kilayim 1:2.2,,
1191,the son of Rebbi Avi,the son of R' Avi,1,Kilayim 1:2.4,,
1192,Rebbi Zeīra,R' Ze'ira,1,Kilayim 2:3.3,,
1193,Abba Yose ben Joḥanan from Yanoaḥ,Abba Yose ben Yoḥanan from Yanoaḥ,1,Kilayim 2:4.3,,
1194,Rebbi Gamliel,R' Gamliel,1,Kilayim 2:8.8,,
1195,Rebbi Samuel bar Sisarṭa,R' Shmuel bar Sisarta,1,Kilayim 3:1.2,,
1196,Rebbi Samuel bar Abin,R' Shmuel bar Abin,1,Kilayim 3:2.4,,
1197,Rebbi Yose bar Zemina,R' Yose bar Zemina,1,Kilayim 4:4.3,,
1198,Rebbi Yose ben Zabida,R' Yose ben Zabida,1,Kilayim 5:1.4,,
1199,Rebbi Ḥinena bar Papa,R' Ḥinena bar Papa,1,Kilayim 5:7.5,,
1200,Rebbi Ismael from Kefar,R' Yishmael from Kefar,1,Kilayim 6:3.1,,
1201,Rebbi Hoshiah bar Shammai,R' Hoshiah bar Shammai,1,Kilayim 6:3.2,,
1202,brother of Rebbi Yose,brother of R' Yose,1,Kilayim 6:4.4,,
1203,Rebbi Yose the son of Rebbi Abun,R' Yose the son of R' Abun,1,Kilayim 7:1.3,,
1204,Issi ben Aqabia,Issi ben Akavia,1,Kilayim 8:2.3,,
1205,Rebbi Eliezer ben Rebbi Yose,R' Eliezer ben R' Yose,1,Kilayim 8:2.4,,
1206,Rebbi Ḥiyya from Biria,R' Ḥiyya from Biria,1,Kilayim 9:3.16,,
1207,Bar Rishon,Bar Rishon,1,Kilayim 9:4.5,,
1208,The father of Rav Safra,The father of Rav Safra,1,Kilayim 9:4.6,,
1209,Rebbi Abba bar Zabdi,R' Abba bar Zabdi,1,Sheviit 1:5.3,,
1210,father of Rebbi Hoshaia,father of R' Hoshaya,1,Sheviit 2:2.5,,
1211,Rebbi Yose ben Kippar,R' Yose ben Kippar,1,Sheviit 2:3.5,,
1212,Rebbi Eleazar ben Shammua‘,R' Elazar ben Shammua‘,1,Sheviit 2:3.5,,
1213,Rebbi Yaakov bar Zavdi,R' Yaakov bar Zavdi,1,Sheviit 2:3.5,,
1214,Rebbi Yudan bar Guria,R' Yudan bar Guria,1,Sheviit 2:3.5,,
1215,Rebbi Yose bar Zimra,R' Yose bar Zimra,1,Sheviit 2:4.2,,
1216,Rebbi Simeon bar Zevida,R' Shimon bar Zevida,1,Sheviit 2:5.9,,
1217,Qish the son of Abi’el,Qish the son of Abi’el,1,Sheviit 3:7.4,,
1218,Rebbi Yosah,R' Yosah,1,Sheviit 4:1.6,,
1219,Rebbi Yudan bar Pedaiah,R' Yudan bar Pedaiah,1,Sheviit 5:1.4,,
1220,Rebbi Tanḥum ben Ḥiyya,R' Tanḥum ben Ḥiyya,1,Sheviit 6:1.7,,
1221,Bar Sangura,Bar Sangura,1,Sheviit 6:1.9,,
1222,Rebbi Samuel ben Rabbi Isaac,R' Shmuel ben Rabbi Yitzḥak,1,Sheviit 6:1.14,,
1223,Rebbi Eviatar from Dama,R' Eviatar from Dama,1,Sheviit 6:1.15,,
1224,Rebbi Onias from Ḥauran,R' Onias from Ḥauran,1,Sheviit 6:1.15,,
1225,Rebbi Simon ben Laqish,R' Shimon ben Lakish,1,Sheviit 6:1.19,,
1226,Abba bar Benjamin,Abba bar Binyamin,1,Sheviit 6:3.5,,
1227,Rebbi Yehoshaiah,R' Yehoshaiah,1,Sheviit 7:1.15,,
1228,Rebbi Vardimos,R' Vardimos,1,Sheviit 8:5.5,,
1229,Rebbi Abba Bar Zemina,R' Abba Bar Zemina,1,Sheviit 9:1.8,,
1230,bar Ioḥai,bar Yoḥai,1,Sheviit 9:1.13,,
1231,Rebbi Isaac bar Redifah,R' Yitzḥak bar Redifah,1,Sheviit 9:4.3,,
1232,Rebbi Issa,R' Issa,1,Terumot 1:1.18,,
1233,Abba bar Avin,Abba bar Avin,1,Terumot 1:4.3,,
1234,Eliezer ben Gimel,Eliezer ben Gimel,1,Terumot 1:4.4,,
1235,Rebbi Joshia the son of Rebbi Yannai,R' Yoshia the son of R' Yannai,1,Terumot 2:1.13,,
1236,Bar Patti,Bar Patti,1,Terumot 2:2.5,,
1237,Rebbi Abba bar Jacob bar Idi,R' Abba bar Ya'akov bar Idi,1,Terumot 3:1.6,,
1238,Rebbi Hoshaia bar Shammai,R' Hoshaya bar Shammai,1,Terumot 3:3.8,,
1239,Rebbi Levi bar Ḥina,R' Levi bar Ḥina,1,Terumot 4:3.3,,
1240,Rebbi Ḥanina bar Issi,R' Ḥanina bar Issi,1,Terumot 4:3.4,,
1241,Rebbi Ḥinena the son of Rebbi Hillel,R' Ḥinena the son of R' Hillel,1,Terumot 4:5.2,,
1242,Rebbi Jehudah bar Ḥanina,R' Yehudah bar Ḥanina,1,Terumot 5:2.2,,
1243,Rabbi Abin,Rabbi Abin,1,Terumot 6:3.3,,
1244,Neḥoniah ben Haqanah,Neḥoniah ben Haqanah,1,Terumot 7:1.12,,
1245,Rebbi Jacob ben Zavdi,R' Ya'akov ben Zavdi,1,Terumot 8:1.7,,
1246,Rebbi Ḥiyya bar Titus,R' Ḥiyya bar Titus,1,Terumot 8:3.6,,
1247,Bar Neṭoza,Bar Netoza,1,Terumot 8:3.8,,
1248,Rebbi Ḥiyya the Great,R' Ḥiyya the Great,1,Terumot 8:3.25,,
1249,Rebbi Ismael the son of Rebbi Joḥanan ben Nuri,R' Yishmael the son of R' Yoḥanan ben Nuri,1,Terumot 8:3.29,,
1250,Rebbi Ilaї,R' Illai,1,Terumot 8:4.6,,
1251,Rebbi Samuel bar Berekhiah,R' Shmuel bar Berekhiah,1,Terumot 8:4.8,,
1252,Ulla bar Qoshav,Ulla bar Qoshav,1,Terumot 8:4.11,,
1253,Zeir bar Ḥinena,Zeir bar Ḥinena,1,Terumot 8:4.13,,
1254,Queen Zenobia,Queen Zenobia,1,Terumot 8:4.13,,
1255,Zeїr bar Ḥinena,Zeïr bar Ḥinena,1,Terumot 8:4.13,,
1256,Ada bar Gershon,Ada bar Gershon,1,Terumot 10:6.8,,
1257,Rebbi Birai,R' Birai,1,Terumot 10:6.8,,
1258,Rebbi Levi bar Plautus,R' Levi bar Plautus,1,Terumot 10:6.8,,
1259,Rabban Gamliel ben Rabbi,Rabban Gamliel ben Rabbi,1,Terumot 10:6.8,,
1260,the son of Rebbi Isaac,the son of R' Yitzḥak,1,Terumot 10:6.11,,
1261,Rebbi Mana ben Rebbi Tanḥum,R' Mana ben R' Tanḥum,1,Terumot 11:1.5,,
1262,Rebbi Joḥanan bar Maria,R' Yoḥanan bar Maria,1,Terumot 11:1.5,,
1263,Jehudah ben Keni,Yehudah ben Keni,1,Terumot 11:1.7,,
1264,Rebbi Paregoros from Caesarea,R' Paregoros from Caesarea,1,Terumot 11:2.6,,
1265,Rebbi Eliezer ben Rebbi Ismael,R' Eliezer ben R' Yishmael,1,Terumot 11:2.6,,
1266,"Rebbi Yudan, the son of Rebbi Yose ben Ḥanina","R' Yudan, the son of R' Yose ben Ḥanina",1,Terumot 11:4.12,,
1267,Issy ben Jehudah,Issy ben Yehudah,1,Maasrot 1:1.4,,
1268,Rebbi Tanḥum bar Marion,R' Tanḥum bar Marion,1,Maasrot 1:2.2,,
1269,Rebbi Tanḥum bar Ilaї,R' Tanḥum bar Illai,1,Maasrot 1:2.3,,
1270,Rebbi Simeon ben Barsana,R' Shimon ben Barsana,1,Maasrot 1:2.4,,
1271,Jonathan ben Ḥarasha from Genezareth,Yonatan ben Ḥarasha from Genezareth,1,Maasrot 1:2.6,,
1272,Rebbi Simeon the Pious,R' Shimon the Pious,1,Maasrot 1:2.6,,
1273,Nehorai bar Shania,Nehorai bar Shania,1,Maasrot 1:3.3,,
1274,The people of Sepphoris,The people of Sepphoris,1,Maasrot 1:3.5,,
1275,Rebbi Jacob ben Sisin,R' Ya'akov ben Sisin,1,Maasrot 1:4.6,,
1276,Ḥananiah the son of Rebbi Yasa,Ḥananiah the son of R' Yasa,1,Maasrot 1:5.2,,
1277,Issy ben Aqabiah,Issy ben Aqabiah,1,Maasrot 2:4.5,,
1278,Ulla ben Rebbi Ismael,Ulla ben R' Yishmael,1,Maasrot 3:1.2,,
1279,Rebbi Jacob ben Idi,R' Ya'akov ben Idi,1,Maasrot 3:1.2,,
1280,Rebbi Ulla ben Rebbi Ismael,R' Ulla ben R' Yishmael,1,Maasrot 3:1.5,,
1281,Rebbi Jehudah ben Rebbi Ilaї,R' Yehudah ben R' Illai,1,Maasrot 3:1.5,,
1282,Huna bar Ḥinena,Huna bar Ḥinena,1,Maasrot 4:3.2,,
1283,Rav Taḥlifa bar Immi,Rav Taḥlifa bar Immi,1,Maasrot 4:3.2,,
1284,Rebbi Ḥanina bar Papa,R' Ḥanina bar Papa,1,Maasrot 4:4.8,,
1285,Menaḥem ben Maximus,Menaḥem ben Maximus,1,Maasrot 5:3.11,,
1286,Ben Vivian,Ben Vivian,1,Maaser Sheni 1:3.6,,
1287,Rebbi Isaac ben Eliashiv,R' Yitzḥak ben Eliashiv,1,Maaser Sheni 2:2.8,,
1288,Ḥanina ben Haḵiniah,Ḥanina ben Haḵiniah,1,Maaser Sheni 2:4.3,,
1289,Rebbi Eleazar ben Mathia,R' Elazar ben Mathia,1,Maaser Sheni 2:4.3,,
1290,Rebbi Yose ben Hameshullam,R' Yose ben Hameshullam,1,Maaser Sheni 2:4.3,,
1291,Rebbi Simeon ben Menasiah,R' Shimon ben Menasiah,1,Maaser Sheni 2:4.3,,
1292,Abba Ḥilfai,Abba Ḥilfai,1,Maaser Sheni 4:1.4,,
1293,Rebbi Yudan bar Gadya,R' Yudan bar Gadya,1,Maaser Sheni 4:1.10,,
1294,Rebbi Yose ben Rebbi Simon,R' Yose ben R' Shimon,1,Maaser Sheni 4:2.3,,
1295,Rebbi Inaya bar Sisai,R' Inaya bar Sisai,1,Maaser Sheni 4:3.8,,
1296,Rebbi Abun bar Cohen,R' Abun bar Kohen,1,Maaser Sheni 4:6.5,,
1297,Rebbi Binjamin bar Gidul,R' Binjamin bar Gidul,1,Maaser Sheni 5:3.6,,
1298,Rebbi Huna bar Aḥa,R' Huna bar Aḥa,1,Maaser Sheni 5:5.8,,
1299,Rebbi Alexandros,R' Alexandros,1,Maaser Sheni 5:5.8,,
1300,Mar Zuṭra,Mar Zutra,1,Maaser Sheni 5:5.10,,
1301,Judah ben Patora,Yehudah ben Patora,1,Maaser Sheni 5:5.18,,
1302,Rebbi Aḥava ben Rebbi Zeïra,R' Aḥava ben R' Ze'ira,1,Challah 1:1.3,,
1303,ben Zakkai,ben Zakkai,1,Challah 1:1.22,,
1304,bar Ḥiyya,bar Ḥiyya,1,Challah 1:1.27,,
1305,Rebbi Hillel ben Vales,R' Hillel ben Vales,1,Challah 1:3.5,,
1306,Rebbi Samuel ben Martha,R' Shmuel ben Martha,1,Challah 1:3.13,,
1307,Rebbi Ḥananiah ben Agul,R' Ḥananiah ben Agul,1,Challah 1:4.3,,
1308,Bar Lolita,Bar Lolita,1,Challah 2:3.4,,
1309,Rebbi Jacob from Jabul,R' Ya'akov from Jabul,1,Challah 3:1.7,,
1310,Rebbi Samuel from Cappadocia,R' Shmuel from Cappadocia,1,Challah 3:1.7,,
1311,Rebbi Ḥiyya bar Abun,R' Ḥiyya bar Abun,1,Challah 3:2.2,,
1312,Rebbi Yose ben Rebbi Nahorai,R' Yose ben R' Nahorai,1,Challah 3:5.9,,
1313,Rabban Gamliel the son of Rebbi,Rabban Gamliel the son of R',1,Challah 4:4.5,,
1314,Issi ben Aqabiah,Issi ben Aqabiah,1,Challah 4:4.13,,
1315,Rebbi Matthew,R' Matthew,1,Orlah 1:1.9,,
1316,Rebbi Simeon ben Joẓadaq,R' Shimon ben Jotzadaq,1,Orlah 1:1.10,,
1317,Rebbi Isaac bar Ḥaqola,R' Yitzḥak bar Ḥaqola,1,Orlah 1:2.9,,
1318,Rebbi Tryphon,R' Tryphon,1,Orlah 1:3.5,,
1319,Rebbi Yudan bar Ḥanin,R' Yudan bar Ḥanin,1,Orlah 1:3.11,,
1320,Rebbi Zavida,R' Zavida,1,Orlah 1:5.4,,
1321,Rebbi Hanania,R' Hanania,1,Orlah 1:5.9,,
1322,the brother of Rav Berekhia,the brother of Rav Berekhia,1,Orlah 2:1.5,,
1323,Rebbi Curius,R' Curius,1,Orlah 2:2.2,,
1324,the son of Rav Naḥman,the son of Rav Naḥman,1,Orlah 2:3.3,,
1325,Rebbi Avun,R' Avun,1,Orlah 2:9.3,,
1326,Rebbi Aḥa ben Jacob,R' Aḥa ben Ya'akov,1,Orlah 3:1.17,,
1327,Rebbi Ḥanaiah ben Rebbi Hillel,R' Ḥanaiah ben R' Hillel,1,Orlah 3:2.4,,
1328,Cahana bar Jeremiah,Kahana bar Yirmeyah,1,Orlah 3:3.2,,
1329,Rebbi Jehuda ben Rebbi,R' Yehudah ben R',1,Bikkurim 1:3.5,,
1330,bar Astor,bar Astor,1,Bikkurim 1:4.3,,
1331,"Rebbi Abin, the son of Rebbi Tanḥum ben Rebbi Tryphon","R' Abin, the son of R' Tanḥum ben R' Tryphon",1,Bikkurim 2:1.4,,
1332,Rebbi Ḥalafta ben Shaul,R' Ḥalafta ben Shaul,1,Bikkurim 2:1.8,,
1333,the grandson of Rebbi Abbahu,the grandson of R' Abbahu,1,Bikkurim 2:1.9,,
1334,Jehudah bar Ḥiyya,Yehudah bar Ḥiyya,1,Bikkurim 3:3.13,,
1335,the great Jehudah,Yehudah the Great,1,Bikkurim 3:3.13,,
1336,Rebbi Zemina,R' Zemina,1,Bikkurim 3:3.19,,
1337,Jehudah ben Titus,Yehudah ben Titus,1,Bikkurim 3:3.19,,
1338,Rav Mattania,Rav Mattania,1,Bikkurim 3:4.6,,
1339,Rebbi Ḥisda,R' Ḥisda,1,Shabbat 1:1.18,,
1340,Bar Justinus,Bar Justinus,1,Shabbat 1:1.24,,
1341,Rebbi Zeˋirah,R' Ze'ira,1,Shabbat 1:1.25,,
1342,Rebbi Ḥananiah the son of Rav Hoshaia,R' Ḥananiah the son of Rav Hoshaya,1,Shabbat 1:2.2,,
1343,Rebbi Derosai,R' Derosai,1,Shabbat 1:2.4,,
1344,Rebbi Misha,R' Misha,1,Shabbat 1:2.8,,
1345,Rebbi Simeon ben Ḥalafta,R' Shimon ben Ḥalafta,1,Shabbat 1:3.3,,
1346,Ismael ben Elisha,Yishmael ben Elisha,1,Shabbat 1:3.6,,
1347,Rebbi Zeˋira bar Abinna,R' Ze'ira bar Abinna,1,Shabbat 1:4.16,,
1348,Joseph ben Yoezer from Ṣereda,Yosef ben Yoezer from Tzereda,1,Shabbat 1:4.16,,
1349,Simeon ben Šetaḥ,Shimon ben Šetaḥ,1,Shabbat 1:4.16,,
1350,Rebbi Krispedai,R' Krispedai,1,Shabbat 1:4.17,,
1351,Rav Cahana the son of Rebbi Ḥiyya bar Abba,Rav Kahana the son of R' Ḥiyya bar Abba,1,Shabbat 1:4.17,,
1352,the son of Rebbi Samuel bar Naḥmani,the son of R' Shmuel bar Naḥmani,1,Shabbat 1:4.18,,
1353,Rebbi Simeon ben Barqana,R' Shimon ben Barqana,1,Shabbat 1:8.3,,
1354,Rebbi Bun bar Cahana,R' Bun bar Kahana,1,Shabbat 1:10.2,,
1355,Rebbi Shila from Naveh,R' Shila from Naveh,1,Shabbat 2:5.3,,
1356,Rebbi Simeon ben Rebbi Ṣadoq,R' Shimon ben R' Tzadoq,1,Shabbat 2:5.7,,
1357,Rebbi Aḥai bar Jacob,R' Aḥai bar Ya'akov,1,Shabbat 2:6.4,,
1358,Rebbi Ayvo bar Nagori,R' Ayvo bar Nagori,1,Shabbat 2:6.6,,
1359,Rebbi Yose ben Rebbi Tanḥum from Kefar,R' Yose ben R' Tanḥum from Kefar,1,Shabbat 2:6.9,,
1360,the brother of Rebbi Ḥiyya bar Abba,the brother of R' Ḥiyya bar Abba,1,Shabbat 2:6.9,,
1361,Rebbi Yose ben Qasarta,R' Yose ben Qasarta,1,Shabbat 2:6.11,,
1362,Daniel the son of Rebbi Qaṭina,Daniel the son of R' Qatina,1,Shabbat 3:1.6,,
1363,Rebbi Samuel bar Sisartai,R' Shmuel bar Sisartai,1,Shabbat 3:1.9,,
1364,bar Thaddeus,bar Thaddeus,1,Shabbat 3:1.13,,
1365,Bar Qapprara,Bar Qapprara,1,Shabbat 3:2.2,,
1366,Rebbi Levontin,R' Levontin,1,Shabbat 3:3.9,,
1367,son of Rebbi Ḥiyya bar Abba,son of R' Ḥiyya bar Abba,1,Shabbat 3:4.2,,
1368,ben Menassia,ben Menassia,1,Shabbat 3:4.3,,
1369,Rebbi Sineon,R' Sineon,1,Shabbat 3:7.5,,
1370,Rebbi Aḥa bar Ḥinnena,R' Aḥa bar Ḥinnena,1,Shabbat 3:7.15,,
1371,ben Pazi,ben Pazi,1,Shabbat 4:1.4,,
1372,Rebbi Phineas ben Rebbi Ḥanina,R' Pinḥas ben R' Ḥanina,1,Shabbat 4:1.6,,
1373,Rebbi Joḥanan bar Shila,R' Yoḥanan bar Shila,1,Shabbat 4:1.7,,
1374,Rebbi Jeremiah bar Ḥanina,R' Yirmeyah bar Ḥanina,1,Shabbat 4:1.8,,
1375,Rav Ḥana bar Abba,Rav Ḥana bar Abba,1,Shabbat 4:2.10,,
1376,Ben Ṣeruya,Ben Tzeruya,1,Shabbat 5:1.4,,
1377,Rebbi Aḥa bar Papa,R' Aḥa bar Papa,1,Shabbat 5:2.2,,
1378,Rebbi Yose ben Rebbi Abba,R' Yose ben R' Abba,1,Shabbat 5:2.5,,
1379,Rebbi Qiris,R' Qiris,1,Shabbat 5:4.8,,
1380,Rebbi Iniani bar Sosai,R' Iniani bar Sosai,1,Shabbat 6:1.11,,
1381,Rebbi Hoshea,R' Hoshea,1,Shabbat 6:2.4,,
1382,Rebbi Abba bar Rav Naḥman,R' Abba bar Rav Naḥman,1,Shabbat 6:3.3,,
1383,Ḥanan bar Immi,Ḥanan bar Immi,1,Shabbat 6:5.2,,
1384,Rav Zeˋira,Rav Ze'ira,1,Shabbat 6:5.3,,
1385,Rebbi Aḥa bar Zeˋira,R' Aḥa bar Ze'ira,1,Shabbat 6:9.15,,
1386,Rebbi Jeremiah ben Eleazar,R' Yirmeyah ben Elazar,1,Shabbat 6:9.15,,
1387,Rebbi Levi bar Ḥayta,R' Levi bar Ḥayta,1,Shabbat 6:9.15,,
1388,Rebbi Simon bar Zavda,R' Shimon bar Zavda,1,Shabbat 7:1.3,,
1389,Rebbi Jacob ben Dasai,R' Ya'akov ben Dasai,1,Shabbat 7:1.10,,
1390,Rebbi Ḥanina ben Yaqe,R' Ḥanina ben Yaqe,1,Shabbat 7:2.37,,
1391,Rav Cohen,Rav Kohen,1,Shabbat 7:2.42,,
1392,Rebbi Menaḥem ben Rabbi Yose,R' Menaḥem ben Rabbi Yose,1,Shabbat 7:2.56,,
1393,Rebbi Isaac bar Cahana,R' Yitzḥak bar Kahana,1,Shabbat 8:1.9,,
1394,Rebbi Ḥama bar Gorion,R' Ḥama bar Gorion,1,Shabbat 9:1.2,,
1395,Rebbi Tanḥum from Bostra,R' Tanḥum from Bostra,1,Shabbat 9:2.3,,
1396,Rebbi Banaya,R' Banaya,1,Shabbat 10:6.2,,
1397,Rebbi Abba bar Ḥuna,R' Abba bar Ḥuna,1,Shabbat 11:1.3,,
1398,Rav Ḥuna bar Ḥiyya,Rav Ḥuna bar Ḥiyya,1,Shabbat 12:1.4,,
1399,Ben Saṭda,Ben Satda,1,Shabbat 12:4.3,,
1400,Eleazar ben Aḥbai,Elazar ben Aḥbai,1,Shabbat 14:1.2,,
1401,Rav Avidan,Rav Avidan,1,Shabbat 14:1.5,,
1402,Rebbi Jehudah ben Titus,R' Yehudah ben Titus,1,Shabbat 14:2.3,,
1403,Rebbi Menaḥema,R' Menaḥema,1,Shabbat 14:3.8,,
1404,Rebbi Ḥizqiah from Acco,R' Ḥizkiah from Acco,1,Shabbat 14:4.5,,
1405,the daughter of Domitianus of Tiberias,the daughter of Domitianus of Tiberias,1,Shabbat 14:4.6,,
1406,Jesus ben Pantera,Jesus ben Pantera,1,Shabbat 14:4.8,,
1407,Rebbi Uqban,R' Ukban,1,Shabbat 16:8.3,,
1408,Bar Marinus,Bar Marinus,1,Shabbat 19:1.4,,
1409,Rabbi Samuel ben Eudaimon,Rabbi Shmuel ben Avdimi,1,Shabbat 19:1.6,,
1410,Rav Shishaa,Rav Shishaa,1,Shabbat 19:1.6,,
1411,Rebbi Ada bar Ahavah,R' Ada bar Ahavah,1,Shabbat 19:4.2,,
1412,Rebbi Abbin bar Cahana,R' Abbin bar Kahana,1,Shabbat 20:1.2,,
1413,Rebbi Jereniah,R' Jereniah,1,Eruvin 1:1.16,,
1414,Ḥananiah bar Shelemia,Ḥananiah bar Shelemia,1,Eruvin 1:1.21,,
1415,Rebbi Aybun,R' Aybun,1,Eruvin 1:1.24,,
1416,Rebbi Aḥa ben Rebbi Ulla,R' Aḥa ben R' Ulla,1,Eruvin 1:1.25,,
1417,Rebbi Yose ben Perora,R' Yose ben Perora,1,Eruvin 1:2.2,,
1418,Rebbi Yose ben Rebbi Jehuda,R' Yose ben R' Yehudah,1,Eruvin 1:8.2,,
1419,Rebbi Aḥa the Tanna,R' Aḥa the Tanna,1,Eruvin 1:10.4,,
1420,Rebbi Justus bar Shune,R' Yustus bar Shune,1,Eruvin 1:10.5,,
1421,Jehudah ben Tema,Yehudah ben Tema,1,Eruvin 1:10.6,,
1422,Rebbi Judah from Anthodriya,R' Yehudah from Anthodriya,1,Eruvin 2:5.5,,
1423,R. Jonathan,R' Yonatan,1,Eruvin 2:7.2,,
1424,Rebbi Samuel ben Rebbi Issac,R' Shmuel ben R' Issac,1,Eruvin 3:1.6,,
1425,Rebbi Isaac of Atosha,R' Yitzḥak of Atosha,1,Eruvin 3:1.6,,
1426,R. Zeˋira,R' Ze'ira,1,Eruvin 3:1.6,,
1427,Rebbi Eleazar the son of Rebbi Yose,R' Elazar the son of R' Yose,1,Eruvin 3:2.5,,
1428,Rebbi ben Rebbi Abun,R' ben R' Abun,1,Eruvin 3:4.5,,
1429,Rebbi Jehudah ben Shalom,R' Yehudah ben Shalom,1,Eruvin 3:5.3,,
1430,Rebbi Jacob the son of Rebbi Aḥa,R' Ya'akov the son of R' Aḥa,1,Eruvin 3:10.2,,
1431,Issy ben Aqiba,Issy ben Akiva,1,Eruvin 4:1.2,,
1432,Rebbi Ḥanania ben Antigonos,R' Ḥanania ben Antigonos,1,Eruvin 4:7.1,,
1433,Elisha ben Shafaṭ,Elisha ben Shafat,1,Eruvin 5:1.4,,
1434,Rebbi Yasa bar Aḥa,R' Yasa bar Aḥa,1,Eruvin 5:1.5,,
1435,Ammi bar Ezechiel,Ammi bar Ezechiel,1,Eruvin 5:1.12,,
1436,Rebbi Ḥiyya the son of Rebbi Sabbatai,R' Ḥiyya the son of R' Sabbatai,1,Eruvin 5:1.13,,
1437,Rebbi Jocob bar Aḥa,R' Jocob bar Aḥa,1,Eruvin 5:2.3,,
1438,Rabbi Aḥa,Rabbi Aḥa,1,Eruvin 5:8.3,,
1439,Rebbi Aeneas bar Pazi,R' Aeneas bar Pazi,1,Eruvin 5:8.4,,
1440,Rabbi Mattaniah,Rabbi Mattaniah,1,Eruvin 6:3.6,,
1441,Rebbi Ḥama bar Joseph,R' Ḥama bar Yosef,1,Eruvin 6:4.4,,
1442,Rebbi Boethos,R' Boethos,1,Eruvin 6:4.5,,
1443,Rebbi Aḥawa bar Rebbi Ze`ira,R' Aḥava bar R' Ze'ira,1,Eruvin 6:7.2,,
1444,Abba bar Ḥuna,Abba bar Ḥuna,1,Eruvin 6:7.3,,
1445,Rav Naḥman bar Jehudah,Rav Naḥman bar Yehudah,1,Eruvin 6:8.8,,
1446,Rebbi Isaac bar Ṭevlai,R' Yitzḥak bar Tevlai,1,Eruvin 7:1.5,,
1447,Rebbi Jehusah,R' Jehusah,1,Eruvin 8:4.1,,
1448,Ḥiyya bar Marius,Ḥiyya bar Marius,1,Eruvin 8:9.2,,
1449,Rebbi Aḥiyya,R' Aḥiyya,1,Eruvin 9:2.2,,
1450,the daughter of Saul,the daughter of Saul,1,Eruvin 10:1.4,,
1451,Rabban Aḥa,Rabban Aḥa,1,Eruvin 10:1.6,,
1452,Isaac ben Eleazar,Yitzḥak ben Elazar,1,Eruvin 10:1.8,,
1453,Rebbi Simeion ben Laqish,R' Simeion ben Lakish,1,Eruvin 10:2.3,,
1454,Rebbi Simeon ben Nannas,R' Shimon ben Nannas,1,Eruvin 10:14.1,,
1455,Rebbi Aḥawa bar Ze`ira,R' Aḥava bar Ze'ira,1,Pesachim 1:1.7,,
1456,Rabbi Gamliel bar Inyany,Rabbi Gamliel bar Inyany,1,Pesachim 1:1.9,,
1457,Rebbi Phineas from Yafo,R' Pinḥas from Yafo,1,Pesachim 1:1.17,,
1458,Yose ben Yoˋezer from Sereda,Yose ben Yoˋezer from Sereda,1,Pesachim 1:6.3,,
1459,Simeon ben Šetah,Shimon ben Šetah,1,Pesachim 1:6.3,,
1460,Rebbi Ḥiyya bar Abba from Tyre,R' Ḥiyya bar Abba from Tyre,1,Pesachim 1:8.3,,
1461,Rebbi Aḥava ben Rebbi Zeˋira,R' Aḥava ben R' Ze'ira,1,Pesachim 2:4.3,,
1462,Rebbi Ḥanina the son of Rebbi Kihai,R' Ḥanina the son of R' Kihai,1,Pesachim 2:7.6,,
1463,Rebbi Kirai,R' Kirai,1,Pesachim 2:7.6,,
1464,Rebbi Hitta bar Abba,R' Hitta bar Abba,1,Pesachim 3:1.8,,
1465,Rebbi Ulla of Caesarea,R' Ulla of Caesarea,1,Pesachim 3:2.6,,
1466,Rebbi Eleazar bar Sadoq,R' Elazar bar Sadoq,1,Pesachim 3:6.1,,
1467,Rav Yanta,Rav Yanta,1,Pesachim 4:1.5,,
1468,Rebbi Yudan ben Rebbi Ḥanin,R' Yudan ben R' Ḥanin,1,Pesachim 4:4.2,,
1469,Rebbi Yose ben Saul,R' Yose ben Saul,1,Pesachim 4:4.3,,
1470,Rebbi Jacob ben Rebbi Sosai,R' Ya'akov ben R' Sosai,1,Pesachim 4:9.2,,
1471,the son of Ben,the son of Ben,1,Pesachim 4:9.9,,
1472,Ḥanania ben Jehudah,Ḥanania ben Yehudah,1,Pesachim 5:1.3,,
1473,Rebbi Pamakh,R' Pamakh,1,Pesachim 5:7.2,,
1474,Eleazar ben Azaria,Elazar ben Azaria,1,Pesachim 6:1.7,,
1475,Rebbi Sobaya,R' Sobaya,1,Pesachim 6:1.18,,
1476,Rebbi Jacob bar Dosay,R' Ya'akov bar Dosay,1,Pesachim 6:4.3,,
1477,Rebbi Ada bar Ahawah,R' Ada bar Ahawah,1,Pesachim 6:5.5,,
1478,Rebbi Ḥiyyas bar Abba,R' Ḥiyyas bar Abba,1,Pesachim 7:1.2,,
1479,Rav Samuel bar Rav Isaac,Rav Shmuel bar Rav Yitzḥak,1,Pesachim 7:12.3,,
1480,bar Hana,bar Hana,1,Pesachim 8:6.2,,
1481,Rebbi Simon ben Joṣadaq,R' Shimon ben Yotzadak,1,Pesachim 9:3.4,,
1482,Rebbi Jacob ben Qorshai,R' Ya'akov ben Qorshai,1,Pesachim 10:1.3,,
1483,R. Abun,R' Abun,1,Pesachim 10:1.7,,
1484,Rebbi Eliezer ben Rebbi Sadoq,R' Eliezer ben R' Sadoq,1,Pesachim 10:3.1,,
1485,Rebbi Abunah bar Sehora,R' Abunah bar Sehora,1,Pesachim 10:5.3,,
1486,Rebbi Inainy bar Sisay,R' Inainy bar Sisay,1,Pesachim 10:6.4,,
1487,Ḥanania bar Shilat,Ḥanania bar Shilat,1,Pesachim 10:6.4,,
1488,Ben Kukhri,Ben Kukhri,1,Shekalim 1:3.1,,
1489,Ben Kovri,Ben Kovri,1,Shekalim 1:3.4,,
1490,Rebbi Phineas ben Rebbi Ḥananiah,R' Pinḥas ben R' Ḥananiah,1,Shekalim 2:1.6,,
1491,Rebbi Joshua the son of Rebbi Neḥemiah,R' Yehoshua the son of R' Neḥemiah,1,Shekalim 2:3.5,,
1492,Rebbi Idi from Ḥutra,R' Idi from Ḥutra,1,Shekalim 2:5.2,,
1493,Rebbi Yose ben Qisma,R' Yose ben Qisma,1,Shekalim 2:5.4,,
1494,Ben Idi,Ben Idi,1,Shekalim 2:5.4,,
1495,Bar Petaiah,Bar Petaiah,1,Shekalim 2:5.6,,
1496,Ada bar Ahavah,Ada bar Ahavah,1,Shekalim 2:5.6,,
1497,Rebbi Yose ben Pazi,R' Yose ben Pazi,1,Shekalim 3:2.8,,
1498,Rebbi Yose ben Bevin,R' Yose ben Bevin,1,Shekalim 3:2.8,,
1499,Rav Beva,Rav Beva,1,Shekalim 3:2.9,,
1500,Rav Abuha of Iman,Rav Abuha of Iman,1,Shekalim 3:2.9,,
1501,Rebbi Onias from Berat,R' Onias from Berat,1,Shekalim 4:2.2,,
1502,Rebbi Isaac bar Redifa,R' Yitzḥak bar Redifa,1,Shekalim 4:2.3,,
1503,Bar Zemina,Bar Zemina,1,Shekalim 4:2.6,,
1504,Rebbi Samuel bar Rav,R' Shmuel bar Rav,1,Shekalim 4:3.2,,
1505,Rebbi Pappaeus,R' Pappaeus,1,Shekalim 4:4.1,,
1506,Joḥanan ben Phineas,Yoḥanan ben Pinḥas,1,Shekalim 5:1.1,,
1507,Mathew ben Samuel,Mathew ben Shmuel,1,Shekalim 5:1.1,,
1508,Ben Bevai,Ben Bevai,1,Shekalim 5:1.1,,
1509,Ben Ḥanikai,Ben Ḥanikai,1,Shekalim 5:1.8,,
1510,Rebbi Ḥama the father of Rabbi Oshaia,R' Ḥama the father of Rabbi Oshaia,1,Shekalim 5:4.2,,
1511,Rebbi Ḥanania the Second,R' Ḥanania the Second,1,Shekalim 6:1.1,,
1512,Rebbi Jehudah bar Ilay,R' Yehudah bar Ilay,1,Shekalim 6:1.8,,
1513,Rebbi Eleazar ben Rebbi Ḥaggai,R' Elazar ben R' Ḥaggai,1,Shekalim 7:2.6,,
1514,Rebbi Yudan from Antodria,R' Yudan from Antodria,1,Shekalim 8:4.4,,
1515,Rebbi Ba bar Binah,R' Ba bar Binah,1,Yoma 1:1.7,,
1516,Rebbi Ḥiyya bar Yose,R' Ḥiyya bar Yose,1,Yoma 1:1.13,,
1517,ben Torta,ben Torta,1,Yoma 1:1.20,,
1518,Rebbi Gamliel bar Inyani,R' Gamliel bar Inyani,1,Yoma 1:1.27,,
1519,Zacariah ben Qebutal,Zacariah ben Qebutal,1,Yoma 1:6.1,,
1520,Rebbi Ḥiyya ben Joseph,R' Ḥiyya ben Yosef,1,Yoma 2:1.10,,
1521,Rebbi Sadoq,R' Sadoq,1,Yoma 2:1.17,,
1522,Mathatias ben Samuel,Mathatias ben Shmuel,1,Yoma 3:1.1,,
1523,Rebbi Joshua bar Abin,R' Yehoshua bar Abin,1,Yoma 3:5.4,,
1524,Rebbi Anyani bar Sosai,R' Anyani bar Sosai,1,Yoma 3:5.4,,
1525,Rebbi Ismael ben Phiabi,R' Yishmael ben Phiabi,1,Yoma 3:6.10,,
1526,Rebbi Eleazar ben Hartom,R' Elazar ben Hartom,1,Yoma 3:6.10,,
1527,Rebbi Iniany bar Sosay,R' Iniany bar Sosay,1,Yoma 3:7.8,,
1528,Ben Qatin,Ben Qatin,1,Yoma 3:8.1,,
1529,Rebbi Simeon ben Carsana,R' Shimon ben Carsana,1,Yoma 3:8.5,,
1530,Rebbi Patroki,R' Patroki,1,Yoma 4:4.9,,
1531,the brother of Rebbi Drosa,the brother of R' Drosa,1,Yoma 4:4.9,,
1532,Ḥinena bar Isaac,Ḥinena bar Yitzḥak,1,Yoma 4:4.12,,
1533,Rebbi Ḥananiah ben Tradion,R' Ḥananiah ben Tradion,1,Yoma 5:1.3,,
1534,Ben Qimḥit,Ben Qimḥit,1,Yoma 5:1.6,,
1535,Rebbi Samuel bar Ḥananiah,R' Shmuel bar Ḥananiah,1,Yoma 5:4.2,,
1536,Rabban Johanan ben Zakkai,Rabban Yohanan ben Zakkai,1,Yoma 6:3.6,,
1537,Rebbi Yuda bar Pazi,R' Yuda bar Pazi,1,Yoma 6:5.3,,
1538,Rebbi Jonathan of Bet,R' Yonatan of Bet,1,Yoma 7:3.4,,
1539,Rebbi Zeˋurah bar Ḥama,R' Zeˋurah bar Ḥama,1,Yoma 8:1.5,,
1540,Rebbi Yose bar Halaphta,R' Yose bar Halaphta,1,Yoma 8:1.10,,
1541,Ben Avatiah,Ben Avatiah,1,Yoma 8:2.3,,
1542,Rebbi Levi from Sokho,R' Levi from Sokho,1,Yoma 8:6.5,,
1543,Rebbi Abba bar Binah,R' Abba bar Binah,1,Yoma 8:7.8,,
1544,Rebbi Yose ben Ḥaninah,R' Yose ben Ḥaninah,1,Sukkah 1:1.11,,
1545,the father of Rebbi Oshaia,the father of R' Oshaia,1,Sukkah 1:2.3,,
1546,Rebbi Jacob bar Abbaya,R' Ya'akov bar Abbaya,1,Sukkah 1:6.3,,
1547,Rebbi Jacob bar Yafliti,R' Ya'akov bar Yafliti,1,Sukkah 2:5.5,,
1548,Rav Abbaia,Rav Abbaia,1,Sukkah 2:8.3,,
1549,Rebbi Simon bar Zeved,R' Shimon bar Zeved,1,Sukkah 2:8.4,,
1550,Rebbi Maluk,R' Maluk,1,Sukkah 3:1.6,,
1551,Yose bar Manisha,Yose bar Manisha,1,Sukkah 3:1.8,,
1552,Rebbi Yose bar Nahora,R' Yose bar Nahora,1,Sukkah 3:9.2,,
1553,Rebbi Daniel ben Rav Qatina,R' Daniel ben Rav Qatina,1,Sukkah 4:3.3,,
1554,Rebbi Ayvi bar Nagari,R' Ayvi bar Nagari,1,Sukkah 4:3.3,,
1555,Rebbi Abba from Saronga,R' Abba from Saronga,1,Sukkah 4:3.6,,
1556,Rebbi Zibai,R' Zibai,1,Sukkah 4:3.6,,
1557,Yose Bar Ashian,Yose Bar Ashian,1,Sukkah 4:6.4,,
1558,Rebbi Judah bar Laqqara,R' Yehudah bar Laqqara,1,Sukkah 4:6.5,,
1559,Ben Qaṭin,Ben Qatin,1,Sukkah 5:3.4,,
1560,Rebbi Eliezer ben Dalgai,R' Eliezer ben Dalgai,1,Sukkah 5:3.4,,
1561,Ben Yehoṣadaq,Ben Yehotzadaq,1,Sukkah 5:4.3,,
1562,Rebbi Judah ben Titus,R' Yehudah ben Titus,1,Sukkah 5:8.4,,
1563,Jehudah ben Shamuai,Yehudah ben Shamuai,1,Beitzah 1:1.8,,
1564,Rebbi Joṣadaq,R' Yotzadak,1,Beitzah 1:1.9,,
1565,Rav Zera,Rav Zera,1,Beitzah 1:3.3,,
1566,Rebbi Abba bar Joseph,R' Abba bar Yosef,1,Beitzah 1:3.3,,
1567,Rebbi Eleazar the son of Rebbi Eleazar,R' Elazar the son of R' Elazar,1,Beitzah 1:3.4,,
1568,Jehudah the son of Rebbi Ḥiyya,Yehudah the son of R' Ḥiyya,1,Beitzah 1:4.2,,
1569,Rebbi Ismael ben Rebbi,R' Yishmael ben R',1,Beitzah 1:7.2,,
1570,Bar Gerontios,Bar Gerontios,1,Beitzah 1:7.3,,
1571,Rav Hoshaia the son of Rav Isaac,Rav Hoshaya the son of Rav Yitzḥak,1,Beitzah 1:7.4,,
1572,Rebbi Isaac ben Rebbi Elazar,R' Yitzḥak ben R' Elazar,1,Beitzah 1:9.3,,
1573,the father of Rebbi Eudaimon of Sepphoris,the father of R' Avdimi of Sepphoris,1,Beitzah 1:9.3,,
1574,Rebbi Ḥanina bar Yaqe,R' Ḥanina bar Yaqe,1,Beitzah 1:10.5,,
1575,Rebbi Cahana the son of Rebbi Ḥiyya bar Abba,R' Kahana the son of R' Ḥiyya bar Abba,1,Beitzah 2:1.3,,
1576,Rebbi Abba bar Zavdi,R' Abba bar Zavdi,1,Beitzah 2:1.3,,
1577,Bava ben Bitay,Bava ben Bitay,1,Beitzah 2:4.5,,
1578,Rebbi Simeon ben Rebbi Ḥiyya,R' Shimon ben R' Ḥiyya,1,Beitzah 2:8.2,,
1579,Bar Delaya,Bar Delaya,1,Beitzah 2:8.3,,
1580,Rebbi Idi from Ḥotra,R' Idi from Ḥotra,1,Beitzah 2:8.3,,
1581,Rebbi Qiris from Irma,R' Qiris from Irma,1,Beitzah 2:8.3,,
1582,Shaul ben Botnit,Shaul ben Botnit,1,Beitzah 3:8.1,,
1583,Zeura bar Ḥama,Zeura bar Ḥama,1,Beitzah 3:8.2,,
1584,Rebbi Ḥananiah ben Aqabiah,R' Ḥananiah ben Aqabiah,1,Beitzah 3:8.3,,
1585,Rebbi Ḥanin bar Levi,R' Ḥanin bar Levi,1,Beitzah 4:1.2,,
1586,Ḥinena bar Idi,Ḥinena bar Idi,1,Beitzah 4:4.5,,
1587,Rebbi Hillel son of Rabbi Vales,R' Hillel son of Rabbi Vales,1,Beitzah 5:2.10,,
1588,Rabbi Ila,Rabbi Ila,1,Beitzah 5:2.10,,
1589,the brother of Rebbi Ila,the brother of R' Ila,1,Beitzah 5:2.16,,
1590,Rebbi Joḥanan from Karṣion,R' Yoḥanan from Kartzion,1,Beitzah 5:5.2,,
1591,Rebbi Isaac bar Qaṣaṣata,R' Yitzḥak bar Qatzatzata,1,Rosh Hashanah 1:1.5,,
1592,Rebbi Sachariah,R' Sachariah,1,Rosh Hashanah 1:1.11,,
1593,Rebbi Samuel ben Isaac,R' Shmuel ben Yitzḥak,1,Rosh Hashanah 1:1.14,,
1594,Rebbi Issachar from Kefar,R' Issachar from Kefar,1,Rosh Hashanah 1:3.4,,
1595,Rebbi Eliezar,R' Eliezar,1,Rosh Hashanah 2:3.3,,
1596,Rebbi Yose ben Nahorai,R' Yose ben Nahorai,1,Rosh Hashanah 3:10.2,,
1597,Rebbi Abba bar Pappos,R' Abba bar Pappos,1,Rosh Hashanah 4:1.2,,
1598,Rebbi Yose bar Qaṣarta,R' Yose bar Qatzarta,1,Rosh Hashanah 4:8.3,,
1599,Rebbi Mesharshia,R' Mesharshia,1,Rosh Hashanah 4:8.4,,
1600,Rebbi Abba bar Ilai,R' Abba bar Ilai,1,Rosh Hashanah 4:10.2,,
1601,Rabbi Ḥuna of Sepphoris,Rabbi Ḥuna of Sepphoris,1,Rosh Hashanah 4:10.5,,
1602,Rebbi Tanḥum ben Rebbi Jeremiah,R' Tanḥum ben R' Yirmeyah,1,Rosh Hashanah 4:10.5,,
1603,Rav Jehudah bar Ezechiel,Rav Yehudah bar Ezechiel,1,Taanit 1:3.4,,
1604,Ze`urah bar Ḥama,Ze`urah bar Ḥama,1,Taanit 1:6.5,,
1605,Yose the son of Rebbi Joshua,Yose the son of R' Yehoshua,1,Taanit 1:6.5,,
1606,Rebbi Yudan son of Rebbi,R' Yudan son of R',1,Taanit 1:7.2,,
1607,Rebbi Yudan ben Rebbi Menashe,R' Yudan ben R' Menashe,1,Taanit 2:1.4,,
1608,Rebbi Samuel ben Aina,R' Shmuel ben Aina,1,Taanit 2:1.7,,
1609,Rebbi Hanania ben Rebbi Isaac,R' Hanania ben R' Yitzḥak,1,Taanit 2:4.3,,
1610,Rebbi Ḥanania ben Teradion,R' Ḥanania ben Teradion,1,Taanit 2:10.1,,
1611,Rebbi Immi bar Ezechiel,R' Immi bar Ezechiel,1,Taanit 2:14.3,,
1612,Rav Abba bar Ilay,Rav Abba bar Ilay,1,Taanit 3:9.2,,
1613,Rebbi Ludah,R' Ludah,1,Taanit 3:10.4,,
1614,Rebbi Jehudah bar Pappai,R' Yehudah bar Pappai,1,Taanit 4:1.11,,
1615,Rebbi Ḥuṣpit,R' Ḥutzpit,1,Taanit 4:1.16,,
1616,Rebbi Derosa,R' Derosa,1,Taanit 4:2.9,,
1617,Ben Yaṣaf,Ben Yatzaf,1,Taanit 4:2.13,,
1618,Ben Ṣiṣit,Ben Tzitzit,1,Taanit 4:2.13,,
1619,Ben Qubisin,Ben Qubisin,1,Taanit 4:2.13,,
1620,Ben Kalba,Ben Kalba,1,Taanit 4:2.13,,
1621,Rebbi Yannai from Eli,R' Yannai from Eli,1,Taanit 4:2.13,,
1622,Rebbi Yose ben Rebbi Ḥalaphta,R' Yose ben R' Ḥalafta,1,Taanit 4:2.13,,
1623,Rebbi Neḥemiah from Nehemiah,R' Neḥemiah from Nehemiah,1,Taanit 4:2.13,,
1624,Rebbi Philippos ben Perita,R' Philippos ben Perita,1,Taanit 4:3.2,,
1625,Rebbi Yose ben Abbai,R' Yose ben Abbai,1,Taanit 4:5.2,,
1626,Rebbi Jehudah ben Rebbi Simon,R' Yehudah ben R' Shimon,1,Taanit 4:5.2,,
1627,Bar Yanta,Bar Yanta,1,Taanit 4:5.7,,
1628,Rebbi Zacharia,R' Zacharia,1,Taanit 4:5.8,,
1629,King Messias,King Messias,1,Taanit 4:5.13,,
1630,Rebbi Joḥanan ben Torta,R' Yoḥanan ben Torta,1,Taanit 4:5.13,,
1631,Rebbi Eleazar ben Ḥarsom,R' Elazar ben Ḥarsom,1,Taanit 4:5.16,,
1632,Joshua ben Yehoṣadaq the High,Yehoshua ben Yehotzadaq the High,1,Taanit 4:5.18,,
1633,bar Joseph,bar Yosef,1,Taanit 4:5.22,,
1634,Samuel bar Naḥman,Shmuel bar Naḥman,1,Megillah 1:1.2,,
1635,Rebbi Simeon ben Yohay,R' Shimon ben Yohay,1,Megillah 1:1.5,,
1636,Naḥman the son of Rebbi Samuel,Naḥman the son of R' Shmuel,1,Megillah 1:1.10,,
1637,Rebbi Ḥabiba,R' Ḥabiba,1,Megillah 1:1.10,,
1638,Rebbi Justus ben Rebbi Shunem,R' Yustus ben R' Shunem,1,Megillah 1:1.12,,
1639,Rebbi Isaac ben Rebbi Ḥiyya,R' Yitzḥak ben R' Ḥiyya,1,Megillah 1:4.8,,
1640,Rebbi Yudan from Gezur,R' Yudan from Gezur,1,Megillah 1:5.7,,
1641,Rebbi Eleazar ben Protos,R' Elazar ben Protos,1,Megillah 1:9.4,,
1642,Rebbi Immi bar Ḥinena,R' Immi bar Ḥinena,1,Megillah 1:9.5,,
1643,Rebbi Aḥa the son of Rebbi Simeon,R' Aḥa the son of R' Shimon,1,Megillah 1:9.8,,
1644,Rebbi Jacob bar Abiah,R' Ya'akov bar Abiah,1,Megillah 1:9.8,,
1645,Rav Shesha the son of Rav Ḥananel,Rav Shesha the son of Rav Ḥananel,1,Megillah 1:9.10,,
1646,the brother of Rebbi Abba bar Bina,the brother of R' Abba bar Bina,1,Megillah 1:9.10,,
1647,Rebbi Yose ben Rebbi Ila`y,R' Yose ben R' Ila`y,1,Megillah 1:12.3,,
1648,Rebbi Simeon bar Miasha,R' Shimon bar Miasha,1,Megillah 1:12.5,,
1649,Rebbi Ezrah,R' Ezrah,1,Megillah 1:12.8,,
1650,Naḥman bar Ada,Naḥman bar Ada,1,Megillah 2:1.3,,
1651,Rebbi Isaac bar Abba from Mehasia,R' Yitzḥak bar Abba from Mehasia,1,Megillah 2:2.6,,
1652,Rav Ḥama bar Uqba,Rav Ḥama bar Ukva,1,Megillah 2:4.6,,
1653,Rabbi Ḥanania,Rabbi Ḥanania,1,Megillah 2:5.2,,
1654,Rebbi Samuel bar Ḥalaph,R' Shmuel bar Ḥalaph,1,Megillah 3:1.3,,
1655,Levi bar Paṭi,Levi bar Pati,1,Megillah 3:7.2,,
1656,Bar Abuna,Bar Abuna,1,Megillah 3:7.2,,
1657,Rebbi Ḥanania the son of Rav Hoshaia,R' Ḥanania the son of Rav Hoshaya,1,Megillah 3:7.3,,
1658,Rebbi Ḥiyya the son of Rebbi Ada from Jaffa,R' Ḥiyya the son of R' Ada from Jaffa,1,Megillah 3:7.4,,
1659,Rebbi Giddul,R' Giddul,1,Megillah 3:7.6,,
1660,Rebbi Ḥananiah ben Pazi,R' Ḥananiah ben Pazi,1,Megillah 4:3.4,,
1661,"Rebbi Abba, the son of Rebbi Ḥiyya bar Abba","R' Abba, the son of R' Ḥiyya bar Abba",1,Megillah 4:5.2,,
1662,Jehudah bar Tammuza,Yehudah bar Tammuza,1,Megillah 4:5.3,,
1663,Rebbi Ḥinena bar Andreas,R' Ḥinena bar Andreas,1,Megillah 4:5.3,,
1664,Rebbi Zakkai from Kabul,R' Zakkai from Kabul,1,Megillah 4:5.3,,
1665,Rebbi Yose ben Bevai,R' Yose ben Bevai,1,Megillah 4:9.2,,
1666,Bar Yashita,Bar Yashita,1,Megillah 4:10.5,,
1667,Ḥanania bar Shelemia,Ḥanania bar Shelemia,1,Megillah 4:11.3,,
1668,Bar Tabari,Bar Tabari,1,Megillah 4:12.3,,
1669,Joḥanan ben Dahavai,Yoḥanan ben Dahavai,1,Chagigah 1:1.10,,
1670,Rebbi Tanhum bar Ilai,R' Tanhum bar Ilai,1,Chagigah 1:3.2,,
1671,Rebbi Joḥanan the brother of Rav Safra,R' Yoḥanan the brother of Rav Safra,1,Chagigah 1:6.2,,
1672,Rebbi Yudan ben Rebbi Simeon,R' Yudan ben R' Shimon,1,Chagigah 1:8.11,,
1673,Rebbi Simeon ben Nethanael,R' Shimon ben Nethanael,1,Chagigah 2:1.7,,
1674,Rabban Joḥana ben Zakkai,Rabban Joḥana ben Zakkai,1,Chagigah 2:1.9,,
1675,Joshua ben Perahia,Yehoshua ben Perahia,1,Chagigah 2:2.1,,
1676,Bava ben Buta,Bava ben Buta,1,Chagigah 2:3.5,,
1677,Joḥanan ben Gudgada,Yoḥanan ben Gudgada,1,Chagigah 2:7.1,,
1678,the brother of Rebbi Hoshaia,the brother of R' Hoshaya,1,Chagigah 2:7.2,,
1679,Rebbi Yose ben Rebbi Zamina,R' Yose ben R' Zamina,1,Chagigah 3:2.4,,
1680,Rebbi Yose bar Zamina,R' Yose bar Zamina,1,Chagigah 3:2.5,,
1681,Rebbi Shiloh from Kefar,R' Shiloh from Kefar,1,Chagigah 3:8.5,,
1682,Bar Meqatia,Bar Meqatia,1,Moed Katan 1:2.3,,
1683,Rebbi Eliezer Ben Jacob,R' Eliezer Ben Ya'akov,1,Moed Katan 1:3.2,,
1684,Samuel bar Ḥanina,Shmuel bar Ḥanina,1,Moed Katan 1:8.3,,
1685,Rebbi Ḥalaphta bar Shaul,R' Ḥalafta bar Shaul,1,Moed Katan 1:9.2,,
1686,Rebbi Phineas ben Rebbi Zakkai,R' Pinḥas ben R' Zakkai,1,Moed Katan 2:1.4,,
1687,Ben Elasa,Ben Elasa,1,Moed Katan 3:1.5,,
1688,Eleazar ben Hannad,Elazar ben Hannad,1,Moed Katan 3:1.10,,
1689,Bar Pata,Bar Pata,1,Moed Katan 3:1.11,,
1690,Rebbi Ḥiyya ben Rebbi Isaac from Atoshia,R' Ḥiyya ben R' Yitzḥak from Atoshia,1,Moed Katan 3:1.13,,
1691,Rebbi Nathan bar Abba,R' Natan bar Abba,1,Moed Katan 3:1.16,,
1692,Rebbi Abba bar Nathan,R' Abba bar Natan,1,Moed Katan 3:4.4,,
1693,Rebbi Isaac from Aṭoshia,R' Yitzḥak from Atoshia,1,Moed Katan 3:5.3,,
1694,Rav Ḥiyya ben Rebbi Isaac from Aṭoshia,Rav Ḥiyya ben R' Yitzḥak from Atoshia,1,Moed Katan 3:5.3,,
1695,Rebbi Judah the Patriarch,R' Yehudah the Patriarch,1,Moed Katan 3:5.14,,
1696,Rabbi Idi of Caesarea,Rabbi Idi of Caesarea,1,Moed Katan 3:5.16,,
1697,Rebbi Eudaimon bar Tobi,R' Avdimi bar Tobi,1,Moed Katan 3:5.16,,
1698,father of Rav Hoshaya,father of Rav Hoshaya,1,Moed Katan 3:5.17,,
1699,the brother of Rebbi Mana,the brother of R' Mana,1,Moed Katan 3:5.21,,
1700,Bar Nehemiah,Bar Nehemiah,1,Moed Katan 3:5.27,,
1701,Rebbi Mattun,R' Mattun,1,Moed Katan 3:7.5,,
1702,Yehoyakim ben Josia the King,Yehoyakim ben Yosia the King,1,Moed Katan 3:7.11,,
1703,Rav Mattana,Rav Mattana,1,Moed Katan 3:7.14,,
1704,Yose ben Manisha,Yose ben Manisha,1,Moed Katan 3:7.14,,
1705,Rebbi Ḥiyya the son of Rebbi Ada from Yafo,R' Ḥiyya the son of R' Ada from Yafo,1,Moed Katan 3:7.14,,
1706,The son of Tira,The son of Tira,1,Moed Katan 3:7.18,,
1707,Rebbi Eudaimon bar Tanḥum,R' Avdimi bar Tanḥum,1,Moed Katan 3:8.8,,
1708,Rebbi Tanḥum bar Illai,R' Tanḥum bar Illai,1,Moed Katan 3:9.2,,
1709,Rebbi Ḥalaphta ben Rebbi Yose,R' Ḥalafta ben R' Yose,1,Yevamot 1:1.6,,
1710,Rebbi Eudaimon ben Rebbi Yose,R' Avdimi ben R' Yose,1,Yevamot 1:1.6,,
1711,Rebbi Benjamin ben Gidal,R' Binyamin ben Gidal,1,Yevamot 1:1.10,,
1712,Rabba bar Zabda,Rabba bar Zabda,1,Yevamot 1:6.2,,
1713,Dosa ben Hyrkanos,Dosa ben Hyrkanos,1,Yevamot 1:6.5,,
1714,ben Hyrkanos,ben Hyrkanos,1,Yevamot 1:6.5,,
1715,son of Baladan,son of Baladan,1,Yevamot 2:6.3,,
1716,son of Tabrimon,son of Tabrimon,1,Yevamot 2:6.3,,
1717,son of Ḥezayon,son of Ḥezayon,1,Yevamot 2:6.3,,
1718,Haman ben Hamedata,Haman ben Hamedata,1,Yevamot 2:6.3,,
1719,the son of Hamedata,the son of Hamedata,1,Yevamot 2:6.3,,
1720,Rebbi Sineon ben Ioḥai,R' Sineon ben Yoḥai,1,Yevamot 2:6.4,,
1721,Rebbi Yose bar Abba,R' Yose bar Abba,1,Yevamot 2:8.2,,
1722,Rebbi Ḥiyya ben Rebbi Sabbatai,R' Ḥiyya ben R' Sabbatai,1,Yevamot 2:12.2,,
1723,R. Ḥiyya bar Abba,R' Ḥiyya bar Abba,1,Yevamot 4:1.6,,
1724,Rebbi Abba bar Natan,R' Abba bar Natan,1,Yevamot 4:1.6,,
1725,Rebbi Natan,R' Natan,1,Yevamot 4:1.6,,
1726,Rebbi Gedula,R' Gedula,1,Yevamot 4:11.6,,
1727,Rebbi Me‘ir,R' Me‘ir,1,Yevamot 4:11.6,,
1728,Rebbi Samuel ben Inaya,R' Shmuel ben Inaya,1,Yevamot 4:11.7,,
1729,Rebbi Yudan the son of Rebbi Ismael,R' Yudan the son of R' Yishmael,1,Yevamot 4:12.5,,
1730,Rebbi Simeon from Timna,R' Shimon from Timna,1,Yevamot 4:15.4,,
1731,Joshua ben Gamla,Yehoshua ben Gamla,1,Yevamot 6:4.1,,
1732,Rebbi Tiufa,R' Tiufa,1,Yevamot 8:1.2,,
1733,Rebbi Mathias,R' Mathias,1,Yevamot 8:1.5,,
1734,Rebbi Yannay ben Rebbi Ismael,R' Yannay ben R' Yishmael,1,Yevamot 8:1.11,,
1735,Rebbi Ismael ben Rebbi Joḥanan,R' Yishmael ben R' Yoḥanan,1,Yevamot 8:2.2,,
1736,Rebbi Yudan ben Ḥanin,R' Yudan ben Ḥanin,1,Yevamot 8:2.2,,
1737,Rebbi Aḥai bar Pappaios,R' Aḥai bar Pappaios,1,Yevamot 8:2.3,,
1738,Rebbi Romanus,R' Romanus,1,Yevamot 8:2.12,,
1739,Ben Megisa,Ben Megisa,1,Yevamot 8:4.1,,
1740,Rebbi Iniah,R' Iniah,1,Yevamot 8:5.3,,
1741,Rebbi Niḥa bar Rebbi Sava,R' Niḥa bar R' Sava,1,Yevamot 8:6.4,,
1742,Ben Shamua,Ben Shamua,1,Yevamot 8:6.5,,
1743,Rebbi Leontes,R' Leontes,1,Yevamot 9:8.2,,
1744,Simeon ben Yosina,Shimon ben Yosina,1,Yevamot 10:1.10,,
1745,Rav Ḥanin,Rav Ḥanin,1,Yevamot 11:2.6,,
1746,"Rebbi Simeon, the son of Rebbi Ayvo","R' Shimon, the son of R' Ayvo",1,Yevamot 11:2.6,,
1747,Rebbi Ashian bar Yaqim,R' Ashian bar Yakim,1,Yevamot 11:7.3,,
1748,Rebbi Abba bar Isaac,R' Abba bar Yitzḥak,1,Yevamot 12:1.11,,
1749,The maternal uncle of Rav Cahana,maternal uncle of Rav Cahana,1,Yevamot 12:1.16,,
1750,Rabbi Zeriqa,Rabbi Zerika,1,Yevamot 12:1.16,,
1751,Rebbi Hyrkanos,R' Hyrkanos,1,Yevamot 12:6.1,,
1752,Rebbi Jehudah bar Abba,R' Yehudah bar Abba,1,Yevamot 13:1.2,,
1753,Rebbi Aḥa bar Ḥinena,R' Aḥa bar Ḥinena,1,Yevamot 13:2.8,,
1754,Rebbi Nissa,R' Nissa,1,Yevamot 13:2.9,,
1755,Rebbi Joḥanban,R' Joḥanban,1,Yevamot 13:7.3,,
1756,Rebbi Nehemiah bar Mar Uqban,R' Nehemiah bar Mar Ukban,1,Yevamot 14:1.5,,
1757,Rebbi Abba bar Rebbi Zemina,R' Abba bar R' Zemina,1,Yevamot 16:2.3,,
1758,Rav Pappai,Rav Pappai,1,Yevamot 16:3.5,,
1759,Rebbi Joshua from Suknin,R' Yehoshua from Suknin,1,Yevamot 16:3.5,,
1760,Rebbi Abba bar Zavida,R' Abba bar Zavida,1,Yevamot 16:5.3,,
1761,Abba Simai,Abba Simai,1,Yevamot 16:5.3,,
1762,Jonathan ben Joḥanan,Yonatan ben Yoḥanan,1,Yevamot 16:5.5,,
1763,Ben Satra,Ben Satra,1,Yevamot 16:6.3,,
1764,Rav Yosef,Rav Yosef,1,Ketubot 1:3.5,,
1765,Ben Azzay,Ben Azzay,1,Ketubot 2:1.4,,
1766,Rav Ḥana,Rav Ḥana,1,Ketubot 2:3.4,,
1767,Rebbi (Eleazar),R' Eliezer,1,Ketubot 2:4.3,,
1768,Rebbi Joḥanan the Sages,R' Yoḥanan the Sages,1,Ketubot 2:4.4,,
1769,Rebbi Yose the Cohen,R' Yose the Kohen,1,Ketubot 2:9.2,,
1770,Rebbi Yudan the son of Rav Ḥama,R' Yudan the son of Rav Ḥama,1,Ketubot 2:9.3,,
1771,bar Ashi,bar Ashi,1,Ketubot 2:9.4,,
1772,Rav Oshaiah,Rav Oshaiah,1,Ketubot 2:10.8,,
1773,Rebbi Nathan bar Hoshaiah,R' Natan bar Hoshaiah,1,Ketubot 3:1.10,,
1774,Jacob bar Abba,Ya'akov bar Abba,1,Ketubot 3:9.4,,
1775,Rebbi Gamliel ben Avina,R' Gamliel ben Avina,1,Ketubot 3:10.2,,
1776,the father of Rebbi Judah,the father of R' Yehudah,1,Ketubot 4:1.4,,
1777,Rebbi Immi bar Pappai,R' Immi bar Pappai,1,Ketubot 4:2.3,,
1778,Rebbi Yose ben Ze‘ira,R' Yose ben Ze'ira,1,Ketubot 4:3.2,,
1779,Rebbi Zakkai from Alexandria,R' Zakkai from Alexandria,1,Ketubot 4:6.3,,
1780,Rebbi Judah ben Ḥanina,R' Yehudah ben Ḥanina,1,Ketubot 4:8.4,,
1781,Rebbi Jehudah bar Ḥaninah,R' Yehudah bar Ḥaninah,1,Ketubot 4:8.6,,
1782,Rebbi Ḥiyya bar Aḥa,R' Ḥiyya bar Aḥa,1,Ketubot 4:10.2,,
1783,Ben Beroqa,Ben Beroqa,1,Ketubot 4:11.3,,
1784,Abime bar Pappai,Avimi bar Pappai,1,Ketubot 4:13.2,,
1785,Rebbi Ḥananiah the son of Rebbi Abbahu,R' Ḥananiah the son of R' Abbahu,1,Ketubot 4:14.2,,
1786,Rebbi Alexis,R' Alexis,1,Ketubot 5:1.6,,
1787,Rebbi Yose bar Ze‘ira,R' Yose bar Ze'ira,1,Ketubot 5:1.6,,
1788,bar Kappara,bar Kappara,1,Ketubot 5:2.2,,
1789,"Rebbi Joshua, son of Rebbi Aqiba","R' Yehoshua, son of R' Akiva",1,Ketubot 5:2.3,,
1790,Rav Zabda,Rav Zabda,1,Ketubot 5:4.2,,
1791,Rebbi Joḥanan ben Bagbag,R' Yoḥanan ben Bagbag,1,Ketubot 5:4.3,,
1792,Rebbi Hizqiyah,R' Hizqiyah,1,Ketubot 5:6.4,,
1793,Rebbi Ḥiyya bar Jehudah,R' Ḥiyya bar Yehudah,1,Ketubot 5:6.5,,
1794,Rebbi Judah ben Rebbi Abun,R' Yehudah ben R' Abun,1,Ketubot 5:6.5,,
1795,the daughter of Simeon ben Gorion,the daughter of Shimon ben Gorion,1,Ketubot 5:11.3,,
1796,Rebbi Jacob bar Immi,R' Ya'akov bar Immi,1,Ketubot 6:1.2,,
1797,Rebbi Redipha,R' Redipha,1,Ketubot 6:1.5,,
1798,Rav Ammi bar Pappai,Rav Ammi bar Pappai,1,Ketubot 6:6.3,,
1799,Rebbi Ḥanin from Samuel,R' Ḥanin from Shmuel,1,Ketubot 7:6.6,,
1800,Ḥanina bar Iqa,Ḥanina bar Iqa,1,Ketubot 7:6.7,,
1801,Rebbi Ammi bar Uqba,R' Ammi bar Ukva,1,Ketubot 7:7.5,,
1802,Rebbi Tanḥum bar Mari,R' Tanḥum bar Mari,1,Ketubot 8:10.3,,
1803,Rebbi Jehudah bar Ṭabbai,R' Yehudah bar Tabbai,1,Ketubot 8:11.5,,
1804,Jehudah bar Ṭabbai,Yehudah bar Tabbai,1,Ketubot 8:11.5,,
1805,Rebbi Hillel bar Pazi,R' Hillel bar Pazi,1,Ketubot 9:1.12,,
1806,Rebbi Ḥanaiah,R' Ḥanaiah,1,Ketubot 9:10.3,,
1807,Rebbi Yudan from Sicily,R' Yudan from Sicily,1,Ketubot 9:10.4,,
1808,Ben Azay,Ben Azay,1,Ketubot 10:1.4,,
1809,Rav Samuel bar Naḥman,Rav Shmuel bar Naḥman,1,Ketubot 10:3.2,,
1810,"Rebbi Abba, the son of Rav Huna","R' Abba, the son of Rav Huna",1,Ketubot 11:1.5,,
1811,Rebbi Eudaimon from Mozva,R' Avdimi from Mozva,1,Ketubot 11:2.4,,
1812,Ḥananiah bar Šelemiah,Ḥananiah bar Šelemiah,1,Ketubot 11:6.5,,
1813,bar Zemina,bar Zemina,1,Ketubot 12:3.13,,
1814,Rebbi Joḥanan bar Mara,R' Yoḥanan bar Mara,1,Ketubot 12:3.16,,
1815,Rav Ḥiyya,Rav Ḥiyya,1,Ketubot 12:5.2,,
1816,Ḥanan ben Absalom,Ḥanan ben Absalom,1,Ketubot 13:1.1,,
1817,Rebbi Ḥizqiya,R' Ḥizqiya,1,Ketubot 13:1.3,,
1818,Rebbi Hoshaia the son of Rebbi Shammai,R' Hoshaya the son of R' Shammai,1,Sotah 1:1.10,,
1819,Rebbi Eleazar ben Phineas,R' Elazar ben Pinḥas,1,Sotah 1:2.7,,
1820,Rebbi Jacob bar Abin,R' Ya'akov bar Abin,1,Sotah 1:2.9,,
1821,Rebbi Zevadiah,R' Zevadiah,1,Sotah 1:4.3,,
1822,Rebbi Abba the son of Rebbi Pappeus,R' Abba the son of R' Pappeus,1,Sotah 1:7.5,,
1823,Aqabiah ben Mehallalel,Aqabiah ben Mehallalel,1,Sotah 2:2.8,,
1824,Rebbi Abba ben Rav Pappaeus,R' Abba ben Rav Pappaeus,1,Sotah 2:2.8,,
1825,Eleazar ben Shamua,Elazar ben Shamua,1,Sotah 2:4.3,,
1826,Benaiah ben Yehoyada,Benaiah ben Yehoyada,1,Sotah 2:5.2,,
1827,Rebbi Eleazar ben Matthias,R' Elazar ben Matthias,1,Sotah 3:4.5,,
1828,Levi bar Sissi,Levi bar Sissi,1,Sotah 3:4.7,,
1829,Rebbi Dosa from Malḥiyya,R' Dosa from Malḥiyya,1,Sotah 3:7.4,,
1830,Rav Uqba,Rav Ukva,1,Sotah 5:3.3,,
1831,Rebbi Eliezer the son of Rebbi Yose the Galilean,R' Eliezer the son of R' Yose the Galilean,1,Sotah 5:4.2,,
1832,Joshua ben Hyrkanos,Yehoshua ben Hyrkanos,1,Sotah 5:5.1,,
1833,Joshua ben Hyrcanos,Yehoshua ben Hyrcanos,1,Sotah 5:5.2,,
1834,Rebbi Yose bar Jehudah,R' Yose bar Yehudah,1,Sotah 5:6.2,,
1835,Elihu Ben Barakhel the Buzite,Elihu Ben Barakhel the Buzite,1,Sotah 5:6.3,,
1836,the son of Abram,the son of Abram,1,Sotah 5:6.3,,
1837,Rebbi Biri,R' Biri,1,Sotah 7:1.3,,
1838,Simeon ben Yaqim,Shimon ben Yakim,1,Sotah 7:4.6,,
1839,Rebbi Judah bar Zabida,R' Yehudah bar Zabida,1,Sotah 7:4.9,,
1840,Rebbi Ḥaninan,R' Ḥaninan,1,Sotah 7:5.3,,
1841,Rebbi Simon ben Zebid,R' Shimon ben Zebid,1,Sotah 7:5.3,,
1842,Abba Ḥalaphta,Abba Ḥalafta,1,Sotah 7:5.4,,
1843,Rebbi Eleazar ben Mattia,R' Elazar ben Mattia,1,Sotah 7:5.4,,
1844,Ḥanina bar Ḥakhinai,Ḥanina bar Ḥakhinai,1,Sotah 7:5.4,,
1845,Rebbi Simon bar Zabida,R' Shimon bar Zabida,1,Sotah 7:5.6,,
1846,Rebbi Jehudah bar Ilaï,R' Yehudah bar Illai,1,Sotah 8:3.5,,
1847,King Asa,King Asa,1,Sotah 8:10.5,,
1848,Rebbi Phineas ben Rebbi Abun,R' Pinḥas ben R' Abun,1,Sotah 9:1.4,,
1849,Gidul bar Benjamin,Gidul bar Binyamin,1,Sotah 9:7.2,,
1850,Eleazar ben Dinai,Elazar ben Dinai,1,Sotah 9:8.1,,
1851,Teḥina ben Perisha,Teḥina ben Perisha,1,Sotah 9:8.1,,
1852,Judah ben Pakora,Yehudah ben Pakora,1,Sotah 9:11.8,,
1853,Rebbi Levi ben Ḥaita,R' Levi ben Ḥaita,1,Sotah 9:14.3,,
1854,Rav Jeremiah of Šibšeb,Rav Yirmeyah of Šibšeb,1,Sotah 9:15.2,,
1855,Ismael ben Phiabi,Yishmael ben Phiabi,1,Sotah 9:16.1,,
1856,Rebbi Phineas ben Yaїr,R' Pinḥas ben Yaïr,1,Sotah 9:16.1,,
1857,Rebbi Eliezer ben Hyrkanos,R' Eliezer ben Hyrkanos,1,Sotah 9:16.4,,
1858,Rebbi Samuel bar Jacob,R' Shmuel bar Ya'akov,1,Nedarim 3:2.3,,
1859,Rebbi Gershom,R' Gershom,1,Nedarim 3:8.2,,
1860,Rebbi Yoḥanan bar Marya,R' Yoḥanan bar Marya,1,Nedarim 3:9.2,,
1861,Rebbi Eleazar ben Rebbi Abuna,R' Elazar ben R' Abuna,1,Nedarim 3:9.3,,
1862,"Rebbi Yudan, the son of Rebbi Ismael","R' Yudan, the son of R' Yishmael",1,Nedarim 4:3.3,,
1863,ben Ḥanina,ben Ḥanina,1,Nedarim 5:3.3,,
1864,Samuel the son of Rebbi Joseph,Shmuel the son of R' Yosef,1,Nedarim 5:4.2,,
1865,Rabbi Joḥanan,Rabbi Yoḥanan,1,Nedarim 5:6.4,,
1866,Rebbi Ḥiyya bar Zabda,R' Ḥiyya bar Zabda,1,Nedarim 6:3.2,,
1867,Rebbi Ḥanania from Ono,R' Ḥanania from Ono,1,Nedarim 6:8.12,,
1868,Rebbi Jehudah bar Ṣeradia,R' Yehudah bar Tzeradia,1,Nedarim 7:1.4,,
1869,Rebbi Manisha,R' Manisha,1,Nedarim 9:5.2,,
1870,Rebbi Ismael’,R' Yishmael’,1,Nedarim 9:9.1,,
1871,Rebbi Abba bar Ẓutra,R' Abba bar Tzutra,1,Nedarim 10:8.7,,
1872,Samson ben Manoaḥ,Samson ben Manoaḥ,1,Nazir 1:2.1,,
1873,Rebbi Manni,R' Manni,1,Nazir 1:4.2,,
1874,Rebbi Levi ben Ḥayyata,R' Levi ben Ḥayyata,1,Nazir 2:5.3,,
1875,Rebbi Yose ben Rebbu,R' Yose ben Rebbu,1,Nazir 2:8.2,,
1876,Rav Ḥiyya bar Rav Isaac,Rav Ḥiyya bar Rav Yitzḥak,1,Nazir 3:1.3,,
1877,Rebbi Ḥelbo bar Ḥuna,R' Ḥelbo bar Ḥuna,1,Nazir 3:1.3,,
1878,Rebbi Pappaias,R' Pappaias,1,Nazir 3:2.1,,
1879,Rebbi Ḥanina ben Ḥanina,R' Ḥanina ben Ḥanina,1,Nazir 4:6.5,,
1880,Rebbi Eleazar bar Ṣadoq,R' Elazar bar Tzadoq,1,Nazir 4:6.5,,
1881,Rebbi Hama,R' Hama,1,Nazir 5:1.6,,
1882,Rebbi Simeon ben Shetaḥ,R' Shimon ben Shetaḥ,1,Nazir 5:3.4,,
1883,Rav Zakkai,Rav Zakkai,1,Nazir 6:1.3,,
1884,Rebbi Abba ben Rebbi Mamal,R' Abba ben R' Mamal,1,Nazir 6:1.7,,
1885,"Rebbi Yasa, the son of Rebbi Yasa","R' Yasa, the son of R' Yasa",1,Nazir 6:1.8,,
1886,Ḥiyya bar Abba,Ḥiyya bar Abba,1,Nazir 6:1.8,,
1887,Rebbi Samuel bar Sosarti,R' Shmuel bar Sosarti,1,Nazir 6:1.9,,
1888,Rebbi Ḥiya bar Yosef,R' Ḥiya bar Yosef,1,Nazir 6:1.11,,
1889,Rebbi Ḥiya bar Abun,R' Ḥiya bar Abun,1,Nazir 6:1.11,,
1890,ben Azariah,ben Azaryah,1,Nazir 6:3.4,,
1891,Yose ben Paxas,Yose ben Paxas,1,Nazir 7:1.4,,
1892,Rebbi Yannai the Younger,R' Yannai the Younger,1,Nazir 7:1.7,,
1893,Rebbi Nihumi the son of Rebbi Ḥiyya bar Abba,R' Nihumi the son of R' Ḥiyya bar Abba,1,Nazir 7:1.9,,
1894,Abba bar Nathan,Abba bar Natan,1,Nazir 7:2.7,,
1895,Rebbi Gurion,R' Gurion,1,Nazir 8:1.2,,
1896,Rebbi Yose bar Abin,R' Yose bar Abin,1,Nazir 8:2.13,,
1897,Abime bar Tobi,Avimi bar Tobi,1,Nazir 9:1.3,,
1898,Rebbi Miasha bar Jeremiah,R' Miasha bar Yirmeyah,1,Nazir 9:3.8,,
1899,Rebbi Neḥemia,R' Neḥemia,1,Nazir 9:5.2,,
1900,Rabin ben Rav,Rabin ben Rav,1,Gittin 1:1.5,,
1901,the son of Rebbi Asi,the son of R' Asi,1,Gittin 1:1.7,,
1902,Bar Athlay,Bar Athlay,1,Gittin 1:2.4,,
1903,the father of Rebbi Yudan,the father of R' Yudan,1,Gittin 1:2.5,,
1904,Rebbi Tanḥum ben Jeremiah,R' Tanḥum ben Yirmeyah,1,Gittin 1:2.6,,
1905,Rebbi Inaia,R' Inaia,1,Gittin 1:5.3,,
1906,Rebbi Abba bar Rav Huna,R' Abba bar Rav Huna,1,Gittin 1:5.8,,
1907,Bina bar Shila,Bina bar Shila,1,Gittin 2:3.6,,
1908,Abin bar Ḥiyya,Abin bar Ḥiyya,1,Gittin 3:1.5,,
1909,Rebbi Yose ben Rebbi Ze‘ira,R' Yose ben R' Ze'ira,1,Gittin 3:2.2,,
1910,Rebbi Eleazar ben Parṭa,R' Elazar ben Parta,1,Gittin 3:4.1,,
1911,the son of Rebbi Abba,the son of R' Abba,1,Gittin 3:6.3,,
1912,Rebbi Ḥiyya bar Uqba,R' Ḥiyya bar Ukva,1,Gittin 3:7.4,,
1913,Rebbi Eleazar ben Yannai,R' Elazar ben Yannai,1,Gittin 3:8.2,,
1914,Ḥinena the son of Rav Assi,Ḥinena the son of Rav Assi,1,Gittin 3:8.2,,
1915,Rebbi Oshaia bar Abba,R' Oshaia bar Abba,1,Gittin 4:2.4,,
1916,Yossi ben Shaul,Yossi ben Shaul,1,Gittin 4:4.3,,
1917,Rebbi Yossi ben Shaul,R' Yossi ben Shaul,1,Gittin 4:4.6,,
1918,Rabba bar Zuṭra,Rabba bar Zutra,1,Gittin 4:4.6,,
1919,Rebbi Marinos,R' Marinos,1,Gittin 4:6.2,,
1920,Rebbi Abba bar Ada,R' Abba bar Ada,1,Gittin 4:6.3,,
1921,Rebbi Abba bar Pappaios,R' Abba bar Pappaios,1,Gittin 5:1.2,,
1922,Rebbi Yose ben Rebbi Ḥaggai,R' Yose ben R' Ḥaggai,1,Gittin 5:3.8,,
1923,"Rebbi Samuel, son of Rebbi Yose ben Rebbi Ḥanina","R' Shmuel, son of R' Yose ben R' Ḥanina",1,Gittin 5:3.9,,
1924,Rebbi Jehudah ben Rebbi,R' Yehudah ben R',1,Gittin 5:5.2,,
1925,Rebbi Joḥanan ben Gudguedah,R' Yoḥanan ben Gudguedah,1,Gittin 5:6.1,,
1926,Rebbi Joḥanan ben Guedgedah,R' Yoḥanan ben Guedgedah,1,Gittin 5:6.2,,
1927,Rebbi Bevon,R' Bevon,1,Gittin 5:7.4,,
1928,Abbaie bar Benjamin,Abbaie bar Binyamin,1,Gittin 5:9.3,,
1929,Ḥiyya bar Abin,Ḥiyya bar Abin,1,Gittin 6:1.6,,
1930,ben Rebbi Yose,ben R' Yose,1,Gittin 6:4.2,,
1931,Rebbi Jacob the Armenian,R' Ya'akov the Armenian,1,Gittin 6:5.4,,
1932,Rebbi Isaac from Atosha,R' Yitzḥak from Atosha,1,Gittin 6:5.5,,
1933,Rebbi Hillel ben Valens,R' Hillel ben Valens,1,Gittin 6:7.3,,
1934,Rebbi Eleazar from Rome,R' Elazar from Rome,1,Gittin 6:7.4,,
1935,Rebbi Bibon,R' Bibon,1,Gittin 7:3.5,,
1936,Rebbi Eleazar bar Thaddeus,R' Elazar bar Thaddeus,1,Gittin 7:4.5,,
1937,Rebbi Bivon bar Ḥiyya,R' Bivon bar Ḥiyya,1,Gittin 7:8.3,,
1938,Rebbi Isaac bar Ḥaqulah,R' Yitzḥak bar Ḥaqulah,1,Gittin 8:1.3,,
1939,Shila bar Binah,Shila bar Binah,1,Gittin 9:1.7,,
1940,Rav Ada bar Aḥa,Rav Ada bar Aḥa,1,Gittin 9:3.6,,
1941,Rebbi Yasa ben Rebbi Sabbatai,R' Yasa ben R' Sabbatai,1,Gittin 9:7.2,,
1942,Rebbi Yose ben Rebbi Baibon,R' Yose ben R' Baibon,1,Gittin 9:8.2,,
1943,Rebbi Joḥanan from Sepphoris,R' Yoḥanan from Sepphoris,1,Kiddushin 1:1.15,,
1944,Rebbi Bebai,R' Bebai,1,Kiddushin 1:1.22,,
1945,Rebbi Yose ben Rebi,R' Yose ben Rebi,1,Kiddushin 1:2.17,,
1946,Rebbi Jehudah ben Rebbi Abun,R' Yehudah ben R' Abun,1,Kiddushin 1:2.29,,
1947,Rav Ḥizqiah,Rav Ḥizkiah,1,Kiddushin 1:4.2,,
1948,Rebbi Yose from Mamelia,R' Yose from Mamelia,1,Kiddushin 1:5.8,,
1949,Bar Tarima,Bar Tarima,1,Kiddushin 1:7.2,,
1950,King Rehabeam,King Rehabeam,1,Kiddushin 1:7.3,,
1951,Rebbi Yose bar Mamal,R' Yose bar Mamal,1,Kiddushin 1:7.19,,
1952,Rebbi Ḥamai bar Uqba,R' Ḥamai bar Ukva,1,Kiddushin 2:4.5,,
1953,Rebbi Yudan ben Rebbi Ḥanan,R' Yudan ben R' Ḥanan,1,Kiddushin 2:5.2,,
1954,Rebbi Isaac bar Tebele,R' Yitzḥak bar Tebele,1,Kiddushin 3:1.10,,
1955,Rebbi Jehudah bar Sisin,R' Yehudah bar Sisin,1,Kiddushin 3:3.4,,
1956,Rebbi Ḥiyya bar Assi,R' Ḥiyya bar Assi,1,Kiddushin 3:8.4,,
1957,Rebbi Abbu,R' Abbu,1,Kiddushin 3:12.5,,
1958,Rebbi Tanḥum bar Pappus,R' Tanḥum bar Pappus,1,Kiddushin 3:12.9,,
1959,Rebbi Gamliel ben Rebbi,R' Gamliel ben R',1,Kiddushin 3:12.10,,
1960,Rebbi Abbun,R' Abbun,1,Kiddushin 4:1.6,,
1961,brother of Rebbi Jehudah bar Zavdi,brother of R' Yehudah bar Zavdi,1,Kiddushin 4:2.3,,
1962,ben Eleazar,ben Elazar,1,Kiddushin 4:11.1,,
1963,Abba Gorion from Sidon,Abba Gorion from Sidon,1,Kiddushin 4:11.1,,
1964,Abba Orion from Sidon,Abba Orion from Sidon,1,Kiddushin 4:11.7,,
1965,Rabba bar Abuha,Rabba bar Abuha,1,Bava Kamma 1:1.11,,
1966,Abba Yose ben Dosai,Abba Yose ben Dosai,1,Bava Kamma 1:2.4,,
1967,Rebbi Yannai bar Ismael,R' Yannai bar Yishmael,1,Bava Kamma 3:4.4,,
1968,Yose ben Jehudah,Yose ben Yehudah,1,Bava Kamma 3:7.2,,
1969,Rebbi Akiba,R' Akiba,1,Bava Kamma 3:9.1,,
1970,Ben Pedaia,Ben Pedaia,1,Bava Kamma 3:10.2,,
1971,Abba bar Rab,Abba bar Rav,1,Bava Kamma 4:4.6,,
1972,Abba bar Rav Ḥana,Abba bar Rav Ḥana,1,Bava Kamma 5:5.2,,
1973,Abba Yose ben Ḥanan,Abba Yose ben Ḥanan,1,Bava Kamma 5:5.3,,
1974,Rebbi Abba bar Bizna,R' Abba bar Bizna,1,Bava Kamma 5:7.3,,
1975,Rebbi Justus ben Rebbi Matton,R' Yustus ben R' Matton,1,Bava Kamma 7:4.3,,
1976,Rav Qarni,Rav Qarni,1,Bava Kamma 8:6.2,,
1977,Rebbi Meīr,R' Meir,1,Bava Kamma 9:2.1,,
1978,The father of Samuel,The father of Shmuel,1,Bava Kamma 9:2.2,,
1979,Rebbi Yose the Galiean,R' Yose the Galiean,1,Bava Kamma 9:9.2,,
1980,Rebbi Abba bar Ḥanan,R' Abba bar Ḥanan,1,Bava Kamma 10:1.5,,
1981,Bar Qora,Bar Qora,1,Bava Kamma 10:1.5,,
1982,Rebbi Johua ben Levi,R' Johua ben Levi,1,Bava Kamma 10:6.2,,
1983,Abba Hoshaia from Tireh,Abba Hoshaya from Tireh,1,Bava Kamma 10:10.2,,
1984,Rabbi Eleazar,Rabbi Elazar,1,Bava Metzia 1:1.4,,
1985,Rabbi Simeon ben Laqish,Rabbi Shimon ben Lakish,1,Bava Metzia 1:4.2,,
1986,Abba Cohen bar Delaiah,Abba Kohen bar Delaiah,1,Bava Metzia 1:4.2,,
1987,Rebbi Yosana,R' Yosana,1,Bava Metzia 1:5.4,,
1988,Bevay bar Gozlan,Bevay bar Gozlan,1,Bava Metzia 2:5.3,,
1989,Abba Oshaia from Tireh,Abba Oshaia from Tireh,1,Bava Metzia 2:5.5,,
1990,Rebbi Samuel bar Sosarṭai,R' Shmuel bar Sosartai,1,Bava Metzia 2:5.6,,
1991,Rebbi Joḥanan from Ḥaqoq,R' Yoḥanan from Ḥaqoq,1,Bava Metzia 3:4.2,,
1992,Rabbi Ḥiyya bar Ashi,Rabbi Ḥiyya bar Ashi,1,Bava Metzia 3:4.2,,
1993,Jacob bar Zavdi,Ya'akov bar Zavdi,1,Bava Metzia 4:5.3,,
1994,Rebbi Abin bar Mamal,R' Abin bar Mamal,1,Bava Metzia 4:5.3,,
1995,Rebbi Jacob from Emmaus,R' Ya'akov from Emmaus,1,Bava Metzia 4:7.2,,
1996,Abba bar Zamina,Abba bar Zamina,1,Bava Metzia 5:6.4,,
1997,Jehudah ben Buni,Yehudah ben Buni,1,Bava Metzia 7:1.3,,
1998,Rebbi Nisi,R' Nisi,1,Bava Metzia 8:9.2,,
1999,Rebbi Menaḥem,R' Menaḥem,1,Bava Metzia 9:8.2,,
2000,the brother of Rebbi Gorion,the brother of R' Gorion,1,Bava Metzia 9:8.2,,
2001,Rebbi Justus,R' Yustus,1,Bava Metzia 10:2.3,,
2002,Rebbi Ilfay,R' Ilfay,1,Bava Batra 2:2.2,,
2003,Rebbi Abime bar Tobi,R' Avimi bar Tobi,1,Bava Batra 2:3.6,,
2004,Rebbi Jacob ben Dosai,R' Ya'akov ben Dosai,1,Bava Batra 2:9.2,,
2005,Rav Ada bar Abuh,Rav Ada bar Abuh,1,Bava Batra 3:1.4,,
2006,Rebbi Eudaimon the Emigrant,R' Avdimi the Emigrant,1,Bava Batra 3:1.5,,
2007,Giddul ben Minyamin,Giddul ben Minyamin,1,Bava Batra 3:3.8,,
2008,Ḥilqiah bar Tobi,Ḥilqiah bar Tobi,1,Bava Batra 3:3.8,,
2009,Rav Abba bar Rav Huna,Rav Abba bar Rav Huna,1,Bava Batra 4:2.2,,
2010,Rebbi Abba bar Ṭebelai,R' Abba bar Tebelai,1,Bava Batra 4:8.4,,
2011,Rebbi Samuel ben Rav Naḥman,R' Shmuel ben Rav Naḥman,1,Bava Batra 4:8.4,,
2012,Rebbi Levi ben Birai,R' Levi ben Birai,1,Bava Batra 5:1.3,,
2013,Rebbi Tanḥum from Kefar,R' Tanḥum from Kefar,1,Bava Batra 5:1.6,,
2014,Bar Iṭyan,Bar Ityan,1,Bava Batra 6:1.7,,
2015,Rebbi Yannai the Kappadokian,R' Yannai the Kappadokian,1,Bava Batra 8:1.4,,
2016,the father of Rebbi Isaac bar Naḥman,the father of R' Yitzḥak bar Naḥman,1,Bava Batra 8:1.4,,
2017,bar Delaiah,bar Delaiah,1,Bava Batra 8:3.2,,
2018,Rebbi Joḥanan ben Beroqah,R' Yoḥanan ben Beroqah,1,Bava Batra 8:5.1,,
2019,The rabbis of Rebbi Justinus,the rabbis of R' Justinus,1,Bava Batra 8:5.3,,
2020,Eleazar ben Aaron,Elazar ben Aaron,1,Bava Batra 8:5.6,,
2021,Rebbi Simeon ben Gamiel,R' Shimon ben Gamiel,1,Bava Batra 8:7.4,,
2022,bar Abun,bar Abun,1,Bava Batra 9:3.4,,
2023,brother of Rebbi Horiana,brother of R' Horiana,1,Bava Batra 9:3.5,,
2024,brother of Rebbi Samuel ben Sosartai,brother of R' Shmuel ben Sosartai,1,Bava Batra 9:3.5,,
2025,Rav Naḥman bar Samuel bar Naḥman,Rav Naḥman bar Shmuel bar Naḥman,1,Bava Batra 9:4.2,,
2026,Rebbi Perira,R' Perira,1,Bava Batra 9:5.4,,
2027,Rebbi Immi bar Qorḥa,R' Immi bar Qorḥa,1,Bava Batra 10:8.3,,
2028,Simeon ben Nannas,Shimon ben Nannas,1,Bava Batra 10:10.1,,
2029,Rebbi Eliezer ben Rebbi Yose the Galilean,R' Eliezer ben R' Yose the Galilean,1,Sanhedrin 1:1.21,,
2030,Rav Huna bar Ḥiyya,Rav Huna bar Ḥiyya,1,Sanhedrin 1:3.5,,
2031,Rebbi Simeon ben Laqush,R' Shimon ben Laqush,1,Sanhedrin 1:3.7,,
2032,Rabbi Mana,Rabbi Mana,1,Sanhedrin 2:1.2,,
2033,Rebbi Justus from Sunem,R' Yustus from Sunem,1,Sanhedrin 2:3.8,,
2034,Rebbi Abun ben Rebbi Eleazar,R' Abun ben R' Elazar,1,Sanhedrin 2:4.4,,
2035,Rebbi Ḥanina bar Sisi,R' Ḥanina bar Sisi,1,Sanhedrin 2:6.12,,
2036,Rava bar Binah,Rava bar Binah,1,Sanhedrin 3:3.2,,
2037,The rabbis of Newe,the rabbis of Newe,1,Sanhedrin 3:5.14,,
2038,Rav Hoshaia ben Rav Shammai,Rav Hoshaya ben Rav Shammai,1,Sanhedrin 3:9.21,,
2039,Rebbi Mama,R' Mama,1,Sanhedrin 3:9.21,,
2040,Rebbi Hina,R' Hina,1,Sanhedrin 3:9.24,,
2041,Rebbi Ḥizqiah from Ḥuqoq,R' Ḥizkiah from Ḥuqoq,1,Sanhedrin 3:9.24,,
2042,Rav Bannai,Rav Bannai,1,Sanhedrin 3:12.4,,
2043,Ze‘ir bar Ḥinena,Ze‘ir bar Ḥinena,1,Sanhedrin 4:1.2,,
2044,Rebbi Jacob bar Dositheos,R' Ya'akov bar Dositheos,1,Sanhedrin 4:1.6,,
2045,Rav Samuel,Rav Shmuel,1,Sanhedrin 4:5.2,,
2046,ben Rav,ben Rav,1,Sanhedrin 4:5.2,,
2047,Rebbi Thema bar Pappaias,R' Thema bar Pappaias,1,Sanhedrin 4:7.4,,
2048,Simeon ben Sheṭah,Shimon ben Shetah,1,Sanhedrin 4:9.2,,
2049,Ben Zakkai,Ben Zakkai,1,Sanhedrin 5:2.1,,
2050,ben Mr,ben Mr,1,Sanhedrin 5:4.2,,
2051,Rabbi La,Rabbi La,1,Sanhedrin 5:4.3,,
2052,Rebbi Jehudah ben Ṭabbai,R' Yehudah ben Tabbai,1,Sanhedrin 6:3.4,,
2053,Rebbi Jonathan ben Ḥali,R' Yonatan ben Ḥali,1,Sanhedrin 6:5.2,,
2054,Rebbi Eudaimon the son of Rebbi Tabi,R' Avdimi the son of R' Tabi,1,Sanhedrin 6:5.2,,
2055,Rebbi La from Kufra,R' La from Kufra,1,Sanhedrin 6:9.3,,
2056,Rebbi Eleazar ben Ṣadoq,R' Elazar ben Tzadoq,1,Sanhedrin 7:2.1,,
2057,Simeon ben Ioḥai,Shimon ben Yoḥai,1,Sanhedrin 7:2.4,,
2058,Rebbi Simeon ben Rebbi Hillel ben Pazi,R' Shimon ben R' Hillel ben Pazi,1,Sanhedrin 7:5.2,,
2059,Rebbi Ḥiyya bar Aba,R' Ḥiyya bar Aba,1,Sanhedrin 7:7.4,,
2060,Rebbi Tanḥum ben Yudan,R' Tanḥum ben Yudan,1,Sanhedrin 7:10.5,,
2061,Ben Sateda,Ben Sateda,1,Sanhedrin 7:12.2,,
2062,Rebbi Joshua ben Hanania,R' Yehoshua ben Hanania,1,Sanhedrin 7:13.5,,
2063,Rebbi Ḥinena ben Ḥanania,R' Ḥinena ben Ḥanania,1,Sanhedrin 7:13.6,,
2064,Rebbi Darosa,R' Darosa,1,Sanhedrin 7:13.7,,
2065,Rebbi Shila bar Bina,R' Shila bar Bina,1,Sanhedrin 8:1.2,,
2066,Phineas ben Eleazar,Pinḥas ben Elazar,1,Sanhedrin 9:7.4,,
2067,Rebbi Yudan bar Ḥanan,R' Yudan bar Ḥanan,1,Sanhedrin 10:1.14,,
2068,Rebbi Samuel ben Rebbi Naḥman,R' Shmuel ben R' Naḥman,1,Sanhedrin 10:1.15,,
2069,Ben Laana,Ben Laana,1,Sanhedrin 10:1.20,,
2070,Manasse ben Hezekias,Manasse ben Hezekias,1,Sanhedrin 10:2.13,,
2071,Samuel bar Bina,Shmuel bar Bina,1,Sanhedrin 10:2.14,,
2072,Jehudah ben Rebbi Ḥizqiah,Yehudah ben R' Ḥizkiah,1,Sanhedrin 10:3.3,,
2073,Rebbi Simeon ben Jehudah from Kefar,R' Shimon ben Yehudah from Kefar,1,Sanhedrin 10:5.2,,
2074,Joḥanan ben Qareaḥ,Yoḥanan ben Qareaḥ,1,Sanhedrin 10:5.4,,
2075,"Rebbi Ḥinena, the son of Rebbi Ada","R' Ḥinena, the son of R' Ada",1,Sanhedrin 11:4.3,,
2076,Ṣedekias ben Kenaana,Tzedekias ben Kenaana,1,Sanhedrin 11:5.2,,
2077,Ben Hadad,Ben Hadad,1,Sanhedrin 11:5.9,,
2078,Bar Pedaia,Bar Pedaia,1,Makkot 1:1.7,,
2079,Rebbi Jacob bar Dassai,R' Ya'akov bar Dassai,1,Makkot 1:7.2,,
2080,Rebbi Shila bar Binah,R' Shila bar Binah,1,Makkot 2:5.2,,
2081,Rebbi Yose ben Ḥalaphtasays,R' Yose ben Ḥalaphtasays,1,Makkot 2:6.10,,
2082,ben Aina,ben Aina,1,Makkot 2:6.12,,
2083,Onias ben Ḥakhinai,Onias ben Ḥakhinai,1,Makkot 3:8.1,,
2084,Rebbi Ḥaninah ben Aqashiah,R' Ḥaninah ben Aqashiah,1,Makkot 3:13.1,,
2085,Rebbi Ḥananiah ben Aqashiah,R' Ḥananiah ben Aqashiah,1,Makkot 3:13.2,,
2086,Joshua the son of Rebbi Aqiba,Yehoshua the son of R' Akiva,1,Shevuot 1:1.4,,
2087,bar Aḥawa,bar Aḥava,1,Shevuot 1:1.5,,
2088,Rebbi Eleasar ben Rebbi Yose,R' Eleasar ben R' Yose,1,Shevuot 1:1.5,,
2089,Rebbi Yose the Southerner,R' Yose the Southerner,1,Shevuot 1:5.2,,
2090,Rebbi Samuel bar Rebbi Yudan,R' Shmuel bar R' Yudan,1,Shevuot 2:2.2,,
2091,Abime the brother of Ḥefa,Avimi the brother of Ḥefa,1,Shevuot 3:7.5,,
2092,Rebbi Samuel ben Jacob,R' Shmuel ben Ya'akov,1,Shevuot 3:8.3,,
2093,Rebbi Yudan from Cappadocia,R' Yudan from Cappadocia,1,Shevuot 5:3.4,,
2094,Rebbi Gamliel ben Rebbi Illai,R' Gamliel ben R' Illai,1,Shevuot 5:6.3,,
2095,Rebbi Ada bar Ahava,R' Ada bar Ahava,1,Shevuot 6:2.3,,
2096,Rebbi Marinus,R' Marinus,1,Shevuot 6:2.5,,
2097,Rebbi Jacob bar Abinna,R' Ya'akov bar Abinna,1,Shevuot 6:3.2,,
2098,Rebbi Issac,R' Issac,1,Shevuot 7:2.2,,
2099,Rebbi Judan the Prince,R' Yudan the Prince,1,Avodah Zarah 1:1.7,,
2100,Rebbi Abba bar Tevelai,R' Abba bar Tevelai,1,Avodah Zarah 1:1.8,,
2101,Rebbi Joḥanan ben Madia,R' Yoḥanan ben Madia,1,Avodah Zarah 1:1.11,,
2102,Rebbi Yudan from Antodra,R' Yudan from Antodra,1,Avodah Zarah 1:2.4,,
2103,Rebbi Simeon ben Joḥanan,R' Shimon ben Yoḥanan,1,Avodah Zarah 1:4.4,,
2104,Rebbi Ḥanan bar Abba,R' Ḥanan bar Abba,1,Avodah Zarah 1:6.7,,
2105,Rebbi Isaac from Gufta,R' Yitzḥak from Gufta,1,Avodah Zarah 1:9.6,,
2106,Rabbi Simon,Rabbi Shimon,1,Avodah Zarah 1:9.7,,
2107,Bar Ashtor,Bar Ashtor,1,Avodah Zarah 1:9.7,,
2108,the son of Rebbi Abbahu,the son of R' Abbahu,1,Avodah Zarah 1:9.7,,
2109,son of Rebbi,son of R',1,Avodah Zarah 2:1.8,,
2110,Rebbi Ḥizqiah (said) [from Acco],R' Ḥizkiah from Acco,1,Avodah Zarah 2:2.4,,
2111,the daughter of Domitianus,the daughter of Domitianus,1,Avodah Zarah 2:2.5,,
2112,bar Idi,bar Idi,1,Avodah Zarah 2:2.8,,
2113,Ben Dama,Ben Dama,1,Avodah Zarah 2:2.11,,
2114,Rebbi (Joshua) [Hoshaia],R' Hoshaya,1,Avodah Zarah 2:3.2,,
2115,Rebbi Ḥanianiah,R' Ḥanianiah,1,Avodah Zarah 2:3.2,,
2116,Ben Neṭoza,Ben Netoza,1,Avodah Zarah 2:3.6,,
2117,Rebbi Abinnas,R' Abinnas,1,Avodah Zarah 2:3.25,,
2118,Rebbi Yose from Malḥa,R' Yose from Malḥa,1,Avodah Zarah 2:4.9,,
2119,Rebbi Joḥanan bar Madia,R' Yoḥanan bar Madia,1,Avodah Zarah 2:6.2,,
2120,Jehudah ben Shamua,Yehudah ben Shamua,1,Avodah Zarah 2:7.3,,
2121,Rebbi Simoen ben Ioḥai,R' Simoen ben Yoḥai,1,Avodah Zarah 2:7.10,,
2122,Simlai the Southerner,Simlai the Southerner,1,Avodah Zarah 2:8.8,,
2123,Rebbi Zakkai of Alexandria,R' Zakkai of Alexandria,1,Avodah Zarah 2:8.11,,
2124,Rebbi Benjamin bar Levai,R' Binyamin bar Levai,1,Avodah Zarah 2:9.2,,
2125,Cahana bar Taḥlifa,Kahana bar Taḥlifa,1,Avodah Zarah 2:9.3,,
2126,Nathan bar Abba,Natan bar Abba,1,Avodah Zarah 2:9.5,,
2127,Rebbi Joṣhua ben Levi,R' Jotzhua ben Levi,1,Avodah Zarah 2:9.7,,
2128,Rebbi Jehudah ben Gamliel,R' Yehudah ben Gamliel,1,Avodah Zarah 2:9.8,,
2129,Rebbi Ḥanina from Hauran,R' Ḥanina from Hauran,1,Avodah Zarah 3:1.6,,
2130,Rebbi Yasa bar Ḥalfuta,R' Yasa bar Ḥalfuta,1,Avodah Zarah 3:1.8,,
2131,Zavdai ben Levai,Zavdai ben Levai,1,Avodah Zarah 3:1.11,,
2132,Rebbi Zeˋira the son of Rebbi Abbahu,R' Ze'ira the son of R' Abbahu,1,Avodah Zarah 3:1.18,,
2133,Rebbi Yose ben Rebbi Ḥalafta,R' Yose ben R' Ḥalafta,1,Avodah Zarah 3:3.6,,
2134,Rebbi Ḥanina bar Yasa,R' Ḥanina bar Yasa,1,Avodah Zarah 3:5.6,,
2135,Rav Ḥama bar Gorion,Rav Ḥama bar Gorion,1,Avodah Zarah 3:6.2,,
2136,Rav Josef,Rav Yosef,1,Avodah Zarah 3:6.3,,
2137,Rebbi Isaac bar Mattanah,R' Yitzḥak bar Mattanah,1,Avodah Zarah 3:11.4,,
2138,Bar Drosai,Bar Drosai,1,Avodah Zarah 4:4.5,,
2139,An Aramean youth,An Aramean youth,1,Avodah Zarah 4:4.7,,
2140,Ze`ur bar Ḥinena,Ze`ur bar Ḥinena,1,Avodah Zarah 4:5.2,,
2141,Rav Joshia,Rav Yoshia,1,Avodah Zarah 4:8.6,,
2142,Rebbi Eleazar ben Hoshaia,R' Elazar ben Hoshaya,1,Avodah Zarah 5:1.8,,
2143,The Samaritans of Caesarea,the Samaritans of Caesarea,1,Avodah Zarah 5:4.7,,
2144,the Samaritans of Caesarea,the Samaritans of Caesarea,1,Avodah Zarah 5:4.9,,
2145,Rebbi Ḥananiah bar Rebbi Abbahu,R' Ḥananiah bar R' Abbahu,1,Avodah Zarah 5:11.4,,
2146,the family Osinos,the family Osinos,1,Avodah Zarah 5:15.2,,
2147,Rebbi Bejamin ben Levi,R' Bejamin ben Levi,1,Horayot 1:6.2,,
2148,Rebbi Simeon ben Rebbi Yose bar Lakonia,R' Shimon ben R' Yose bar Lakonia,1,Horayot 2:5.4,,
2149,Rebbi (Eleazar) [Eliezer],R' Eliezer,1,Horayot 2:7.4,,
2150,Rebbi Ina,R' Ina,1,Horayot 3:2.26,,
2151,Bar Silene,Bar Silene,1,Horayot 3:4.4,,
2152,Rebbi Simeon ben Zevid,R' Shimon ben Zevid,1,Horayot 3:5.5,,
2153,Rebbi Simeon bar Zevid,R' Shimon bar Zevid,1,Horayot 3:5.5,,
2154,Ismael ben Netaniah,Yishmael ben Netaniah,1,Horayot 3:5.7,,
2155,"Rebbi Samuel, son of Rebbi Yose ben Rebbi Abun","R' Shmuel, son of R' Yose ben R' Abun",1,Horayot 3:5.10,,
2156,Rebbi Tobi,R' Tobi,1,Niddah 1:1.4,,
2157,Rabbi Yannai,Rabbi Yannai,1,Niddah 2:1.4,,
2158,Rabbi Yose ben Rebbi Ḥanina,Rabbi Yose ben R' Ḥanina,1,Niddah 2:1.4,,
2159,Rabbi Yose ben Ḥanina,Rabbi Yose ben Ḥanina,1,Niddah 2:1.4,,
2160,Aqabia ben Mahalalel,Akavia ben Mahalalel,1,Niddah 2:6.1,,
2161,Rebbi Ḥama ben Joseph,R' Ḥama ben Yosef,1,Niddah 2:6.2,,
2162,Rebbi Ulla from Caesarea,R' Ulla from Caesarea,1,Niddah 2:7.2,,
2163,Rebbi Isaac bar Ṭabelai,R' Yitzḥak bar Tabelai,1,Niddah 2:7.3,,
2164,Rebbi Eudaimon from Sepphoris,R' Avdimi from Sepphoris,1,Niddah 2:7.6,,
2165,Rebbi Yose bar Nehorai,R' Yose bar Nehorai,1,Niddah 3:1.3,,
2166,Jehudah ben Neqosa,Yehudah ben Neqosa,1,Niddah 3:2.3,,
2167,Rebbi Yose ben Rebbi Joshua,R' Yose ben R' Yehoshua,1,Niddah 3:2.9,,
2168,Rebbi Jacon bar Zavdi,R' Jacon bar Zavdi,1,Niddah 3:3.6,,