rank,normalized_name,yerushalmi_count,yerushalmi_pct,bavli_term,bavli_count,bavli_pct,wikipedia_he,hebrew_term,wikidata_id,match_type,match_score,match_note,yerushalmi_variant_names
1,R' Yoḥanan,3593,8.4173,R' Yoḥanan,3687,5.2011,https://he.wikipedia.org/wiki/%D7%A8%D7%91%D7%99%20%D7%99%D7%95%D7%97%D7%A0%D7%9F,רבי יוחנן,Q1397565,exact,100,,Rebbi Joḥanan | Rebbi Yoḥanan | R. Joḥanan | Rebbi [Joḥanan] | R. Yoḥanan
2,R' Yose,2768,6.4846,R' Yosei,1592,2.2458,https://he.wikipedia.org/wiki/%D7%A8%D7%91%D7%99%20%D7%99%D7%95%D7%A1%D7%99,רבי יוסי,Q982075,exact,100,,Rebbi Yose | R. Yose
3,R' Yehudah,1819,4.2614,Rav Yehuda,1672,2.3586,https://he.wikipedia.org/wiki/%D7%A8%D7%91_%D7%99%D7%94%D7%95%D7%93%D7%94,רב יהודה,Q359777,exact,100,,Rebbi Jehudah | Rebbi Yehudah | Rebbi Judah | Rebbi Jehuda | R. Jehudah
4,R' Ze'ira,1649,3.8631,R' Zeira,668,0.9423,https://he.wikipedia.org/wiki/%D7%A8%D7%91%D7%99%20%D7%96%D7%99%D7%A8%D7%90,רבי זירא,Q7296294,exact,100,,Rebbi Zeïra | Rebbi Ze‘ira | Rebbi Zeˋira | Rebbi Ze`ira | Rebbi Zeїra | R. Zeïra | Rebbi Ze'ira | Rebbi Zeīra | Rebbi Zeˋirah | R. Zeˋira
5,R' Elazar,1325,3.1041,R' Elazar,1366,1.9270,https://he.wikipedia.org/wiki/%D7%A8%D7%91%D7%99%20%D7%90%D7%9C%D7%A2%D7%96%D7%A8%20%D7%91%D7%9F%20%D7%A9%D7%9E%D7%95%D7%A2,רבי אלעזר בן שמוע,Q739520,exact,100,,Rebbi Eleazar | Rebbi Elazar | R. Eleazar
6,R' Meir,1313,3.0759,R' Meir,2086,2.9426,https://he.wikipedia.org/wiki/%D7%A8%D7%91%D7%99_%D7%9E%D7%90%D7%99%D7%A8,רבי מאיר,Q1621623,exact,100,,Rebbi Meïr | Rebbi Meїr | Rebbi Meir | Rebbi Meĩr | Rebbi Ṃeïr | Rebbi Meīr
7,R' Shimon,1308,3.0642,R' Shimon,1867,2.6337,https://he.wikipedia.org/wiki/%D7%A8%D7%91%D7%99%20%D7%A9%D7%9E%D7%A2%D7%95%D7%9F%20%D7%91%D7%A8%20%D7%99%D7%95%D7%97%D7%90%D7%99,רבי שמעון בר יוחאי,Q557405,exact,100,,Rebbi Simeon | Rebbi Simon | R. Simeon
8,R' Shimon ben Lakish,1185,2.7761,R' Shimon ben Lakish,246,0.3470,https://he.wikipedia.org/wiki/%D7%A9%D7%9E%D7%A2%D7%95%D7%9F_%D7%91%D7%9F_%D7%9C%D7%A7%D7%99%D7%A9,שמעון בן לקיש,Q1391489,exact,100,,Rebbi Simeon ben Laqish | R. Simeon ben Laqish | Rebbi Simon ben Laqish
9,R' Eliezer,907,2.1248,R' Eliezer,1661,2.3431,https://he.wikipedia.org/wiki/%D7%A8%D7%91%D7%99%20%D7%90%D7%9C%D7%99%D7%A2%D7%96%D7%A8%20%D7%91%D7%9F%20%D7%94%D7%95%D7%A8%D7%A7%D7%A0%D7%95%D7%A1,רבי אליעזר בן הורקנוס,Q1329310,exact,100,,Rebbi Eliezer | Rebbi (Eleazar) | Rebbi (Eleazar) [Eliezer]
10,R' Akiva,787,1.8437,R' Akiva,1503,2.1202,https://he.wikipedia.org/wiki/%D7%A8%D7%91%D7%99_%D7%A2%D7%A7%D7%99%D7%91%D7%90,רבי עקיבא,Q310821,exact,100,,Rebbi Aqiba
11,Shmuel,786,1.8414,Shmuel,2636,3.7185,https://he.wikipedia.org/wiki/%D7%A9%D7%9E%D7%95%D7%90%D7%9C_(%D7%90%D7%9E%D7%95%D7%A8%D7%90),שמואל (אמורא),Q723557,exact,100,,Samuel
12,R' Mana,760,1.7804,R' Mani,20,0.0282,,,,fuzzy_edit,45,"lev=1 key=""mana""→""mani""",Rebbi Mana
13,R' Abbahu,760,1.7804,R' Abbahu,412,0.5812,https://he.wikipedia.org/wiki/%D7%A8%D7%91%D7%99%20%D7%90%D7%91%D7%94%D7%95,רבי אבהו,Q305830,exact,100,,Rebbi Abbahu | R. Abbahu
14,R' Yirmeyah,721,1.6891,R' Yirmeya,342,0.4824,https://he.wikipedia.org/wiki/%D7%A8%D7%91%D7%99_%D7%99%D7%A8%D7%9E%D7%99%D7%94,רבי ירמיה,Q6180711,fuzzy_edit,45,"lev=1 key=""yirmeyah""→""yirmeya""",Rebbi Jeremiah
15,Rav,691,1.6188,Rav,3518,4.9627,https://he.wikipedia.org/wiki/%D7%A8%D7%91_(%D7%90%D7%9E%D7%95%D7%A8%D7%90),רב (אמורא),Q305760,exact,100,,in the name of Rav | Rav said | in the name of Rab | said in the name of Rab
16,R' Yonah,689,1.6141,R' Yona,30,0.0423,,,,exact,100,,Rebbi Jonah
17,R' Ḥiyya,688,1.6118,R' Ḥiyya,392,0.5530,https://he.wikipedia.org/wiki/%D7%A8%D7%91%D7%99%20%D7%97%D7%99%D7%99%D7%90,רבי חייא,Q2904193,exact,100,,Rebbi Ḥiyya | R. Ḥiyya
18,R' Abba,605,1.4173,R' Abba,290,0.4091,https://he.wikipedia.org/wiki/%D7%A8%D7%91%D7%99_%D7%90%D7%91%D7%90,רבי אבא,Q7221758,exact,100,,Rebbi Abba
19,R' Yose ben R' Abun,562,1.3166,,,,,,,none,0,,Rebbi Yose ben Rebbi Abun
20,R' Yehoshua ben Levi,538,1.2604,R' Yehoshua ben Levi,415,0.5854,https://he.wikipedia.org/wiki/%D7%A8%D7%91%D7%99%20%D7%99%D7%94%D7%95%D7%A9%D7%A2%20%D7%91%D7%9F%20%D7%9C%D7%95%D7%99,רבי יהושע בן לוי,Q359782,exact,100,,Rebbi Joshua ben Levi | R. Joshua ben Levi
21,R' Ḥanina,530,1.2416,R' Ḥanina,392,0.5530,https://he.wikipedia.org/wiki/%D7%A8%D7%91%D7%99_%D7%97%D7%A0%D7%99%D7%A0%D7%90_%D7%91%D7%A8_%D7%97%D7%9E%D7%90,רבי חנינא בר חמא,Q1062209,exact,100,,Rebbi Ḥanina | R. Ḥanina
22,R' Aḥa,445,1.0425,R' Aḥa,43,0.0607,https://he.wikipedia.org/wiki/%D7%A8%D7%91%D7%99_%D7%90%D7%97%D7%90_(%D7%90%D7%9E%D7%95%D7%A8%D7%90),רבי אחא (אמורא),Q1394943,exact,100,,Rebbi Aḥa
23,R' Yehoshua,420,0.9839,R' Yehoshua,718,1.0129,https://he.wikipedia.org/wiki/%D7%A8%D7%91%D7%99%20%D7%99%D7%94%D7%95%D7%A9%D7%A2%20%D7%91%D7%9F%20%D7%97%D7%A0%D7%A0%D7%99%D7%94,רבי יהושע בן חנניה,Q1686568,exact,100,,Rebbi Joshua | Rebbi Yehoshua
24,R' Yishmael,414,0.9699,R' Yishmael,552,0.7787,https://he.wikipedia.org/wiki/%D7%A8%D7%91%D7%99%20%D7%99%D7%A9%D7%9E%D7%A2%D7%90%D7%9C,רבי ישמעאל,Q1391069,exact,100,,Rebbi Ismael | R. Ismael | Rebbi Ismaël
25,R' Ya'akov bar Aḥa,413,0.9675,,,,,,,none,0,,Rebbi Jacob bar Aḥa
26,R' Yasa,380,0.8902,,,,,,,none,0,,Rebbi Yasa
27,R' Immi,368,0.8621,R' Ami,337,0.4754,https://he.wikipedia.org/wiki/%D7%A8%D7%91%D7%99_%D7%90%D7%9E%D7%99,רבי אמי,Q473264,exact,100,,Rebbi Immi
28,Rabban Shimon ben Gamliel,368,0.8621,Rabban Shimon ben Gamliel,738,1.0411,https://he.wikipedia.org/wiki/%D7%A8%D7%91%D7%9F_%D7%A9%D7%9E%D7%A2%D7%95%D7%9F_%D7%91%D7%9F_%D7%92%D7%9E%D7%9C%D7%99%D7%90%D7%9C_%D7%94%D7%96%D7%A7%D7%9F,רבן שמעון בן גמליאל הזקן,Q2037623,exact,100,,Rabban Simeon ben Gamliel | Rabban Simeon ben Gamliël
29,R' Yannai,313,0.7333,R' Yannai,171,0.2412,https://he.wikipedia.org/wiki/%D7%A8%D7%91%D7%99_%D7%99%D7%A0%D7%90%D7%99,רבי ינאי,Q2124910,exact,100,,Rebbi Yannai
30,R' Hoshaya,300,0.7028,R' Hoshaya,24,0.0339,,,,exact,100,,Rebbi Hoshaia | Rebbi Hoshaya | R. Hoshaia | Rebbi (Joshua) [Hoshaia]
31,Rabban Gamliel,287,0.6724,Rabban Gamliel,406,0.5727,https://he.wikipedia.org/wiki/%D7%A8%D7%91%D7%9F_%D7%92%D7%9E%D7%9C%D7%99%D7%90%D7%9C_%D7%94%D7%96%D7%A7%D7%9F,רבן גמליאל הזקן,Q310584,exact,100,,Rabban Gamliel | Rabban Gamliël
32,Rav Huna,273,0.6396,Rav Huna,1164,1.6420,https://he.wikipedia.org/wiki/%D7%A8%D7%91_%D7%94%D7%95%D7%A0%D7%90,רב הונא,Q1794530,exact,100,,Rav Huna
33,R' Yudan,267,0.6255,,,,,,,none,0,,Rebbi Yudan | Rebbi Judan | R. Yudan
34,R' Hila,253,0.5927,R' Ila,20,0.0282,,,,exact,100,,Rebbi Hila
35,R' Ḥiyya bar Abba,246,0.5763,R' Ḥiyya bar Abba,278,0.3922,https://he.wikipedia.org/wiki/%D7%A8%D7%91%D7%99_%D7%97%D7%99%D7%99%D7%90_%D7%91%D7%A8_%D7%90%D7%91%D7%90,רבי חייא בר אבא,Q1072589,exact,100,,Rebbi Ḥiyya bar Abba | R. Ḥiyya bar Abba
36,R' Ḥaggai,225,0.5271,,,,,,,none,0,,Rebbi Ḥaggai | R. Ḥaggai
37,Rav Yehudah,225,0.5271,Rav Yehuda,1672,2.3586,https://he.wikipedia.org/wiki/%D7%A8%D7%91_%D7%99%D7%94%D7%95%D7%93%D7%94,רב יהודה,Q359777,exact,100,,Rav Jehudah | Rav Yehudah
38,R' Abun,219,0.5130,,,,,,,none,0,,Rebbi Abun | R. Abun
39,Rav Ḥisda,218,0.5107,Rav Ḥisda,1126,1.5884,https://he.wikipedia.org/wiki/%D7%A8%D7%91_%D7%97%D7%A1%D7%93%D7%90,רב חסדא,Q1391057,exact,100,,Rav Ḥisda
40,R' Yose ben Ḥanina,217,0.5084,R' Yosei bar Ḥanina,92,0.1298,,,,exact,100,,Rebbi Yose ben Ḥanina
41,R' Ḥizkiah,204,0.4779,Ḥizkiya,32,0.0451,,,,fuzzy_edit,30,"lev=2 key=""hizkiah""→""hizkiya""",Rebbi Ḥizqiah | Rebbi Ḥizkiah
42,Beit Shammai,194,0.4545,Beit Shammai,880,1.2414,https://he.wikipedia.org/wiki/%D7%91%D7%99%D7%AA%20%D7%A9%D7%9E%D7%90%D7%99,בית שמאי,Q3710285,exact,100,,The House of Shammai | the school of Shammai | The Hause of Shammai | The school of Shammai
43,Ḥizkiah,185,0.4334,Ḥizkiya,32,0.0451,,,,fuzzy_edit,30,"lev=2 key=""hizkiah""→""hizkiya""",Ḥizqiah
44,R' Abun bar Ḥiyya,180,0.4217,,,,,,,none,0,,Rebbi Abun bar Ḥiyya
45,R' Yonatan,175,0.4100,R' Yonatan,168,0.2370,https://he.wikipedia.org/wiki/%D7%A8%D7%91%D7%99_%D7%99%D7%95%D7%A0%D7%AA%D7%9F,רבי יונתן,Q449288,exact,100,,Rebbi Jonathan | R. Jonathan
46,R' Yehuda HaNasi,167,0.3912,R' Yehuda HaNasi,41,0.0578,,,,exact,100,,Rebbi said | in the name of Rebbi
47,R' Shimon ben Elazar,151,0.3537,R' Shimon ben Elazar,284,0.4006,https://he.wikipedia.org/wiki/%D7%A8%D7%91%D7%99_%D7%A9%D7%9E%D7%A2%D7%95%D7%9F_%D7%91%D7%9F_%D7%90%D7%9C%D7%A2%D7%96%D7%A8,רבי שמעון בן אלעזר,Q177481,exact,100,,Rebbi Simeon ben Eleazar
48,Bar Kappara,150,0.3514,Bar Kappara,120,0.1693,https://he.wikipedia.org/wiki/%D7%91%D7%A8_%D7%A7%D7%A4%D7%A8%D7%90,בר קפרא,Q449117,exact,100,,Bar Qappara | Bar Kappara
49,R' Yitzḥak,146,0.3420,R' Yitzḥak,380,0.5360,https://he.wikipedia.org/wiki/%D7%A8%D7%91%D7%99_%D7%99%D7%A6%D7%97%D7%A7,רבי יצחק,Q3415877,exact,100,,Rebbi Isaac | R. Isaac
50,R' Levi,142,0.3327,Levi,213,0.3005,https://he.wikipedia.org/wiki/%D7%9C%D7%95%D7%99_%D7%91%D7%A8_%D7%A1%D7%99%D7%A1%D7%99,לוי בר סיסי,Q2897998,exact,100,,Rebbi Levi | R. Levi
51,the rabbis of Caesarea,142,0.3327,,,,,,,none,0,,The rabbis of Caesarea | the rabbis of Caesarea | The rabbis of Caesaria | the rabbis of Cesarea
52,R' Shmuel bar Rav Yitzḥak,140,0.3280,R' Shmuel bar Rav Yitzḥak,20,0.0282,,,,exact,100,,Rebbi Samuel bar Rav Isaac
53,R' La,138,0.3233,R' Ela,23,0.0324,,,,fuzzy_edit,45,"lev=1 key=""la""→""ela""",Rebbi La
54,R' Ila,138,0.3233,R' Ila,20,0.0282,,,,exact,100,,Rebbi Ila
55,R' Ḥuna,136,0.3186,Rav Huna,1164,1.6420,https://he.wikipedia.org/wiki/%D7%A8%D7%91_%D7%94%D7%95%D7%A0%D7%90,רב הונא,Q1794530,exact,100,,Rebbi Ḥuna
56,R' Abba bar Mamal,136,0.3186,,,,,,,none,0,,Rebbi Abba bar Mamal
57,Rav Ḥuna,134,0.3139,Rav Huna,1164,1.6420,https://he.wikipedia.org/wiki/%D7%A8%D7%91_%D7%94%D7%95%D7%A0%D7%90,רב הונא,Q1794530,exact,100,,Rav Ḥuna
58,R' Pinḥas,130,0.3045,Rav Pineḥas,17,0.0240,,,,fuzzy_edit,45,"lev=1 key=""pinhas""→""pinehas""",Rebbi Phineas
59,R' Eliezer ben Ya'akov,129,0.3022,,,,,,,none,0,,Rebbi Eliezer ben Jacob
60,R' Shmuel bar Naḥman,127,0.2975,,,,,,,none,0,,Rebbi Samuel bar Naḥman
61,R' Abin,124,0.2905,R' Avin,78,0.1100,,,,fuzzy_edit,45,"lev=1 key=""abin""→""avin""",Rebbi Abin
62,R' Elazar ben Azaryah,123,0.2882,R' Elazar ben Azarya,162,0.2285,https://he.wikipedia.org/wiki/%D7%A8%D7%91%D7%99_%D7%90%D7%9C%D7%A2%D7%96%D7%A8_%D7%91%D7%9F_%D7%A2%D7%96%D7%A8%D7%99%D7%94,רבי אלעזר בן עזריה,Q1325787,exact,100,,Rebbi Eleazar ben Azariah
63,R' Shmuel,122,0.2858,Shmuel,2636,3.7185,https://he.wikipedia.org/wiki/%D7%A9%D7%9E%D7%95%D7%90%D7%9C_(%D7%90%D7%9E%D7%95%D7%A8%D7%90),שמואל (אמורא),Q723557,exact,100,,Rebbi Samuel
64,R' Ḥananiah,118,0.2764,R' Ḥanina,392,0.5530,https://he.wikipedia.org/wiki/%D7%A8%D7%91%D7%99_%D7%97%D7%A0%D7%99%D7%A0%D7%90_%D7%91%D7%A8_%D7%97%D7%9E%D7%90,רבי חנינא בר חמא,Q1062209,exact,100,,Rebbi Ḥananiah
65,R' Ḥinena,113,0.2647,R' Ḥanina,392,0.5530,https://he.wikipedia.org/wiki/%D7%A8%D7%91%D7%99_%D7%97%D7%A0%D7%99%D7%A0%D7%90_%D7%91%D7%A8_%D7%97%D7%9E%D7%90,רבי חנינא בר חמא,Q1062209,fuzzy_edit,30,"lev=2 key=""hinena""→""hanina""",Rebbi Ḥinena
66,R' Natan,112,0.2624,R' Natan,255,0.3597,https://he.wikipedia.org/wiki/%D7%A8%D7%91%D7%99_%D7%A0%D7%AA%D7%9F,רבי נתן,Q1400124,exact,100,,Rebbi Nathan | Rebbi Natan
67,R' Yose ben R' Yehudah,112,0.2624,R' Yosei bar Yehuda,55,0.0776,,,,exact,100,,Rebbi Yose ben Rebbi Jehudah | Rebbi Yose ben Rebbi Jehuda
68,R' Shimon ben Yoḥai,105,0.2460,R' Shimon ben Yoḥai,128,0.1806,,,,exact,100,,Rebbi Simeon ben Ioḥai | Rebbi Simeon ben Yoḥai
69,R' Assi,103,0.2413,R' Asi,248,0.3498,https://he.wikipedia.org/wiki/%D7%A8%D7%91%D7%99_%D7%90%D7%A1%D7%99,רבי אסי,Q741463,fuzzy_edit,45,"lev=1 key=""assi""→""asi""",Rebbi Assi
70,R' Elazar ben R' Shimon,101,0.2366,,,,,,,none,0,,Rebbi Eleazar ben Rebbi Simeon | Rebbi Eleazar ben Rebbi Simon
71,Kahana,100,0.2343,Rav Kahana,471,0.6644,https://he.wikipedia.org/wiki/%D7%A8%D7%91_%D7%9B%D7%94%D7%A0%D7%90_(%D7%94%D7%A9%D7%A0%D7%99),רב כהנא (השני),Q7296281,exact,100,,Cahana
72,R' Yehudah bar Pazi,93,0.2179,,,,,,,none,0,,Rebbi Jehudah bar Pazi | Rebbi Judah bar Pazi
73,R' Ya'akov bar Idi,87,0.2038,,,,,,,none,0,,Rebbi Jacob bar Idi
74,R' Ḥanania,86,0.2015,R' Ḥanina,392,0.5530,https://he.wikipedia.org/wiki/%D7%A8%D7%91%D7%99_%D7%97%D7%A0%D7%99%D7%A0%D7%90_%D7%91%D7%A8_%D7%97%D7%9E%D7%90,רבי חנינא בר חמא,Q1062209,exact,100,,Rebbi Ḥanania
75,R' Tarfon,85,0.1991,R' Tarfon,227,0.3202,https://he.wikipedia.org/wiki/%D7%A8%D7%91%D7%99_%D7%98%D7%A8%D7%A4%D7%95%D7%9F,רבי טרפון,Q1268142,exact,100,,Rebbi Tarphon
76,R' Yose the Galilean,85,0.1991,,,,,,,none,0,,Rebbi Yose the Galilean
77,R' Yehudah ben Pazi,84,0.1968,,,,,,,none,0,,Rebbi Jehudah ben Pazi | Rebbi Judah ben Pazi | Rebbi Yehudah ben Pazi | R. Yehudah ben Pazi
78,R' Yoḥanan ben Nuri,83,0.1944,R' Yoḥanan ben Nuri,111,0.1566,,,,exact,100,,Rebbi Joḥanan ben Nuri | Rebbi Yoḥanan ben Nuri
79,Rav Yirmeyah,82,0.1921,R' Yirmeya,342,0.4824,https://he.wikipedia.org/wiki/%D7%A8%D7%91%D7%99_%D7%99%D7%A8%D7%9E%D7%99%D7%94,רבי ירמיה,Q6180711,fuzzy_edit,45,"lev=1 key=""yirmeyah""→""yirmeya""",Rav Jeremiah
80,R' Yishmael ben R' Yose,81,0.1898,,,,,,,none,0,,Rebbi Ismael ben Rebbi Yose
81,R' Neḥemiah,80,0.1874,R' Neḥemya,183,0.2582,https://he.wikipedia.org/wiki/%D7%A8%D7%91%D7%99_%D7%A0%D7%97%D7%9E%D7%99%D7%94,רבי נחמיה,Q2902906,fuzzy_edit,30,"lev=2 key=""nehemiah""→""nehemya""",Rebbi Neḥemiah
82,R' Huna,77,0.1804,Rav Huna,1164,1.6420,https://he.wikipedia.org/wiki/%D7%A8%D7%91_%D7%94%D7%95%D7%A0%D7%90,רב הונא,Q1794530,exact,100,,Rebbi Huna
83,Shimon bar Abba,77,0.1804,,,,,,,none,0,,Simeon bar Abba
84,R' Ḥelbo,74,0.1734,R' Ḥelbo,35,0.0494,,,,exact,100,,Rebbi Ḥelbo
85,R' Berekhiah,72,0.1687,,,,,,,none,0,,Rebbi Berekhiah
86,R' Ammi,72,0.1687,R' Ami,337,0.4754,https://he.wikipedia.org/wiki/%D7%A8%D7%91%D7%99_%D7%90%D7%9E%D7%99,רבי אמי,Q473264,exact,100,,Rebbi Ammi
87,R' Abba bar Zavda,71,0.1663,R' Abba bar Zavda,22,0.0310,,,,exact,100,,Rebbi Abba bar Zavda
88,R' Mattaniah,70,0.1640,Rav Mattana,108,0.1524,,,,fuzzy_edit,30,"lev=2 key=""mattaniah""→""mattana""",Rebbi Mattaniah
89,R' Shammai,69,0.1616,Shammai,31,0.0437,https://he.wikipedia.org/wiki/%D7%A9%D7%9E%D7%90%D7%99_%D7%94%D7%96%D7%A7%D7%9F,שמאי הזקן,Q467138,exact,100,,Rebbi Shammai
90,Abba Shaul,69,0.1616,Abba Shaul,141,0.1989,https://he.wikipedia.org/wiki/%D7%90%D7%91%D7%90_%D7%A9%D7%90%D7%95%D7%9C,אבא שאול,Q2763097,exact,100,,Abba Shaul
91,Hillel,68,0.1593,Hillel,69,0.0973,https://he.wikipedia.org/wiki/%D7%94%D7%9C%D7%9C_%D7%94%D7%96%D7%A7%D7%9F,הלל הזקן,Q319219,exact,100,,Hillel | Hillel the Elder
92,R' Shmuel ben Rav Yitzḥak,65,0.1523,R' Shmuel bar Rav Yitzḥak,20,0.0282,,,,exact,100,,Rebbi Samuel ben Rav Isaac
93,Beit Hillel,65,0.1523,Beit Hillel,751,1.0594,https://he.wikipedia.org/wiki/%D7%91%D7%99%D7%AA%20%D7%94%D7%9C%D7%9C%20%D7%95%D7%91%D7%99%D7%AA%20%D7%A9%D7%9E%D7%90%D7%99,בית הלל ובית שמאי,Q3710285,exact,100,,The House of Hillel | the school of Hillel
94,R' Yose bar Ḥanina,63,0.1476,R' Yosei bar Ḥanina,92,0.1298,,,,exact,100,,Rebbi Yose bar Ḥanina
95,R' Ḥiyya bar Ada,61,0.1429,,,,,,,none,0,,Rebbi Ḥiyya bar Ada
96,R' Hoshaiah,60,0.1406,R' Hoshaya,24,0.0339,,,,exact,100,,Rebbi Hoshaiah
97,R' Tanḥuma,59,0.1382,R' Tanḥum,28,0.0395,,,,fuzzy_edit,45,"lev=1 key=""tanhuma""→""tanhum""",Rebbi Tanḥuma
98,Rav Hamnuna,57,0.1335,Hamnuna,327,0.4613,https://he.wikipedia.org/wiki/%D7%A8%D7%91_%D7%94%D7%9E%D7%A0%D7%95%D7%A0%D7%90,רב המנונא,Q5645913,exact,100,,Rav Hamnuna
99,R' Yose ben R' Ḥanina,57,0.1335,R' Yosei bar Ḥanina,92,0.1298,,,,exact,100,,Rebbi Yose ben Rebbi Ḥanina
100,R' Abba Mari,55,0.1288,,,,,,,none,0,,Rebbi Abba Mari
101,Rav Ḥiyya bar Ashi,55,0.1288,R' Ḥiyya bar Ashi,14,0.0197,,,,exact,100,,Rav Ḥiyya bar Ashi
102,R' Tarphon,53,0.1242,R' Tarfon,227,0.3202,https://he.wikipedia.org/wiki/%D7%A8%D7%91%D7%99_%D7%98%D7%A8%D7%A4%D7%95%D7%9F,רבי טרפון,Q1268142,fuzzy_edit,30,"lev=2 key=""tarphon""→""tarfon""",Rebbi Ṭarphon
103,R' Yitzḥak bar Naḥman,50,0.1171,,,,,,,none,0,,Rebbi Isaac bar Naḥman
104,Shammai,50,0.1171,Shammai,31,0.0437,https://he.wikipedia.org/wiki/%D7%A9%D7%9E%D7%90%D7%99_%D7%94%D7%96%D7%A7%D7%9F,שמאי הזקן,Q467138,exact,100,,Shammai
105,R' Yehudah ben Bathyra,50,0.1171,,,,,,,none,0,,Rebbi Jehudah ben Bathyra | Rebbi Yehudah ben Bathyra
106,R' Yose bar Abun,49,0.1148,,,,,,,none,0,,Rebbi Yose bar Abun
107,R' Abba bar Kahana,49,0.1148,R' Abba bar Kahana,22,0.0310,,,,exact,100,,Rebbi Abba bar Cahana | Rebbi Abba bar Kahana
108,Ben Azzai,48,0.1124,Ben Azzai,84,0.1185,https://he.wikipedia.org/wiki/%D7%91%D7%9F_%D7%A2%D7%96%D7%90%D7%99,בן עזאי,Q601081,exact,100,,Ben Azzai
109,R' Ya'akov bar Zavdi,47,0.1101,,,,,,,none,0,,Rebbi Jacob bar Zavdi
110,R' Yoshia,47,0.1101,R' Yoshiya,104,0.1467,,,,fuzzy_edit,45,"lev=1 key=""yoshia""→""yoshiya""",Rebbi Joshia | Rebbi Yoshia
111,R' Shimon bar Abba,46,0.1078,,,,,,,none,0,,Rebbi Simeon bar Abba
112,Rabban Yoḥanan ben Zakkai,45,0.1054,Yohanan ben Zakkai,178,0.2511,https://he.wikipedia.org/wiki/%D7%A8%D7%91%D7%9F_%D7%99%D7%95%D7%97%D7%A0%D7%9F_%D7%91%D7%9F_%D7%96%D7%9B%D7%90%D7%99,רבן יוחנן בן זכאי,Q733660,exact,100,,Rabban Joḥanan ben Zakkai
113,R' Elazar ben R' Yose,44,0.1031,,,,,,,none,0,,Rebbi Eleazar ben Rebbi Yose
114,R' Zerikan,43,0.1007,R' Zerika,28,0.0395,,,,fuzzy_edit,45,"lev=1 key=""zerikan""→""zerika""",Rebbi Zeriqan
115,Rav Hoshaya,43,0.1007,R' Hoshaya,24,0.0339,,,,exact,100,,Rav Hoshaia
116,Rav Naḥman bar Ya'akov,41,0.0961,,,,,,,none,0,,Rav Naḥman bar Jacob
117,R' Yoḥanan ben Beroqa,41,0.0961,,,,,,,none,0,,Rebbi Joḥanan ben Beroqa
118,R' Yehudah the Prince,39,0.0914,,,,,,,none,0,,Rebbi Jehudah the Prince | Rebbi Judah the Prince | Rebbi Jehuda the Prince
119,R' Ya'akov,37,0.0867,R' Ya’akov,146,0.2060,,,,fuzzy_edit,45,"lev=1 key=""yaakov""→""ya’akov""",Rebbi Jacob
120,R' Ḥiyya bar Yosef,37,0.0867,R' Ḥiyya bar Yosef,27,0.0381,,,,exact,100,,Rebbi Ḥiyya bar Joseph | Rebbi Ḥiyya bar Josef | Rebbi Ḥiyya bar Yosef
121,Shmuel bar Abba,36,0.0843,,,,,,,none,0,,Samuel bar Abba
122,R' Idi,35,0.0820,,,,,,,none,0,,Rebbi Idi
123,R' Abba bar Kohen,35,0.0820,,,,,,,none,0,,Rebbi Abba bar Cohen
124,R' Abun bar Kahana,34,0.0797,,,,,,,none,0,,Rebbi Abun bar Cahana
125,R' Abuna,34,0.0797,,,,,,,none,0,,Rebbi Abuna
126,R' Crispus,33,0.0773,,,,,,,none,0,,Rebbi Crispus
127,Assi,32,0.0750,R' Asi,248,0.3498,https://he.wikipedia.org/wiki/%D7%A8%D7%91%D7%99_%D7%90%D7%A1%D7%99,רבי אסי,Q741463,fuzzy_edit,45,"lev=1 key=""assi""→""asi""",Assi
128,R' Nehemiah,31,0.0726,R' Neḥemya,183,0.2582,https://he.wikipedia.org/wiki/%D7%A8%D7%91%D7%99_%D7%A0%D7%97%D7%9E%D7%99%D7%94,רבי נחמיה,Q2902906,fuzzy_edit,30,"lev=2 key=""nehemiah""→""nehemya""",Rebbi Nehemiah
129,R' Ḥama bar Ukva,31,0.0726,,,,,,,none,0,,Rebbi Ḥama bar Uqba
130,R' Ḥama bar Ḥanina,30,0.0703,R' Ḥama bar Ḥanina,20,0.0282,,,,exact,100,,Rebbi Ḥama bar Ḥanina
131,Rav Sheshet,30,0.0703,Sheshet,1220,1.7210,https://he.wikipedia.org/wiki/%D7%A8%D7%91_%D7%A9%D7%A9%D7%AA,רב ששת,Q743044,exact,100,,Rav Sheshet
132,R' Nasa,29,0.0679,,,,,,,none,0,,Rebbi Nasa
133,R' Simai,28,0.0656,R' Simai,30,0.0423,,,,exact,100,,Rebbi Simai
134,Ulla bar Yishmael,27,0.0633,,,,,,,none,0,,Ulla bar Ismael
135,Rav Mattanah,25,0.0586,Rav Mattana,108,0.1524,,,,fuzzy_edit,45,"lev=1 key=""mattanah""→""mattana""",Rav Mattanah
136,Rav Ada bar Aḥava,25,0.0586,,,,,,,none,0,,Rav Ada bar Aḥawa | Rav Ada bar Aḥava | Rav Ada bar Aḥawah
137,R' Avina,24,0.0562,R' Avina,16,0.0226,,,,exact,100,,Rebbi Avina
138,R' Shimon ben Yehudah,24,0.0562,R' Shimon ben Yehuda,47,0.0663,,,,exact,100,,Rebbi Simeon ben Jehudah
139,R' Tanḥum bar Ḥiyya,24,0.0562,,,,,,,none,0,,Rebbi Tanḥum bar Ḥiyya
140,R' Yose ben R' Bun,24,0.0562,,,,,,,none,0,,Rebbi Yose ben Rebbi Bun
141,R' Ḥalafta ben Shaul,24,0.0562,,,,,,,none,0,,Rebbi Ḥalaphta ben Shaul | Rebbi Ḥalafta ben Shaul
142,R' Ze'ura,24,0.0562,R' Zeira,668,0.9423,https://he.wikipedia.org/wiki/%D7%A8%D7%91%D7%99%20%D7%96%D7%99%D7%A8%D7%90,רבי זירא,Q7296294,fuzzy_edit,45,"lev=1 key=""zeura""→""zeira""",Rebbi Ze`ura | Rebbi Zeˋura | Rebbi Ze‘ura
143,R' Illai,24,0.0562,R' Ilai,36,0.0508,,,,fuzzy_edit,45,"lev=1 key=""illai""→""ilai""",Rebbi Illaï | Rebbi Illai | Rebbi Ilaï | Rebbi Ilaī | Rebbi Ilaї
144,Bar Pedaiah,23,0.0539,,,,,,,none,0,,Bar Pedaiah
145,R' Ḥanin,23,0.0539,R' Ḥanan,14,0.0197,,,,fuzzy_edit,45,"lev=1 key=""hanin""→""hanan""",Rebbi Ḥanin
146,R' Abbin,23,0.0539,,,,,,,none,0,,Rebbi Abbin
147,R' Ḥama,22,0.0515,Rav Ḥama,25,0.0353,,,,exact,100,,Rebbi Ḥama
148,R' Pedat,22,0.0515,R' Pedat,20,0.0282,,,,exact,100,,Rebbi Pedat
149,R' Elazar ben Arakh,22,0.0515,,,,,,,none,0,,Rebbi Eleazar ben Arakh
150,Ben Bathyra,22,0.0515,,,,,,,none,0,,Ben Bathyra
151,R' Elazar ben R' Tzadoq,22,0.0515,,,,,,,none,0,,Rebbi Eleazar ben Rebbi Ṣadoq | Rebbi Eleazar ben Rebbi Ẓadoq
152,Shimon ben Shetaḥ,22,0.0515,,,,,,,none,0,,Simeon ben Shetaḥ | Simeon ben Sheṭaḥ
153,Menaḥem,21,0.0492,,,,,,,none,0,,Menaḥem
154,the father of R' Mattaniah,21,0.0492,,,,,,,none,0,,the father of Rebbi Mattaniah
155,R' Shimon ben R',21,0.0492,R' Shimon bar R',11,0.0155,,,,exact,100,,Rebbi Simeon ben Rebbi
156,R' Ḥiyya the Great,21,0.0492,,,,,,,none,0,,The great Rebbi Ḥiyya | the great Rebbi Ḥiyya | Rebbi Ḥiyya the Great
157,R' Ḥiyya bar Ashi,20,0.0469,R' Ḥiyya bar Ashi,14,0.0197,,,,exact,100,,Rebbi Ḥiyya bar Ashi
158,Ben Zoma,19,0.0445,Ben Zoma,25,0.0353,https://he.wikipedia.org/wiki/%D7%91%D7%9F_%D7%96%D7%95%D7%9E%D7%90,בן זומא,Q816598,exact,100,,Ben Zoma
159,R' Shmuel ben Avdimi,19,0.0445,,,,,,,none,0,,Rebbi Samuel ben Eudaimon
160,R' Yitzḥak ben Elazar,19,0.0445,,,,,,,none,0,,Rebbi Isaac ben Eleazar
161,R' Ezra,19,0.0445,,,,,,,none,0,,Rebbi Ezra
162,R' Yehoshua ben Qorḥa,19,0.0445,,,,,,,none,0,,Rebbi Joshua ben Qorḥa
163,R' Dosa,18,0.0422,R' Dosa,67,0.0945,,,,exact,100,,Rebbi Dosa
164,R' Avin,18,0.0422,R' Avin,78,0.1100,,,,exact,100,,Rebbi Avin
165,R' Yoḥanan the Alexandrian,18,0.0422,,,,,,,none,0,,Rebbi Joḥanan the Alexandrian
166,R' Yitzḥak ben R' Elazar,18,0.0422,,,,,,,none,0,,Rebbi Isaac ben Rebbi Eleazar | Rebbi Isaac ben Rebbi Elazar
167,Rav Yosef,18,0.0422,Rav Yosef,1128,1.5912,https://he.wikipedia.org/wiki/%D7%A8%D7%91_%D7%99%D7%95%D7%A1%D7%A3,רב יוסף,Q359768,exact,100,,Rav Joseph | Rav Yosef | Rav Josef
168,R' Shimon ben Yotzadaq,18,0.0422,,,,,,,none,0,,Rebbi Simeon ben Yoẓadaq | Rebbi Simeon ben Yoṣadaq | R. Simeon ben Yoẓadaq
169,R' Miasha,17,0.0398,,,,,,,none,0,,Rebbi Miasha
170,R' Illa,17,0.0398,Ilfa,30,0.0423,,,,fuzzy_edit,45,"lev=1 key=""illa""→""ilfa""",Rebbi Illa
171,Ben Azai,17,0.0398,,,,,,,none,0,,Ben Azai
172,R' Zachariah,17,0.0398,,,,,,,none,0,,Rebbi Zachariah
173,R' Onias from Hauran,17,0.0398,,,,,,,none,0,,Rebbi Onias from Hauran
174,R' Ya'akov the Southerner,16,0.0375,,,,,,,none,0,,Rebbi Jacob the Southerner
175,Abba bar Yirmeyah,16,0.0375,,,,,,,none,0,,Abba bar Jeremiah
176,R' Bevai,16,0.0375,Rav Beivai,44,0.0621,,,,fuzzy_edit,45,"lev=1 key=""bevai""→""beivai""",Rebbi Bevai
177,Bar Ziza,16,0.0375,,,,,,,none,0,,Bar Ziza
178,R' Yannai ben R' Yishmael,16,0.0375,,,,,,,none,0,,Rebbi Yannai ben Rebbi Ismael | Rebbi Yannai ben Rebbi Ismaël
179,bar Ḥana,15,0.0351,,,,,,,none,0,,bar Ḥana
180,R' Avdimi,15,0.0351,Avimi,28,0.0395,https://he.wikipedia.org/wiki/%D7%90%D7%91%D7%99%D7%9E%D7%99,אבימי,Q6569449,fuzzy_edit,45,"lev=1 key=""avdimi""→""avimi""",Rebbi Eudaimon
181,R' Abba bar Zamina,15,0.0351,,,,,,,none,0,,Rebbi Abba bar Zamina
182,Rav Ḥananel,15,0.0351,Rav Ḥananel,29,0.0409,,,,exact,100,,Rav Ḥananel
183,the brother of R' Yose,15,0.0351,,,,,,,none,0,,the brother of Rebbi Yose
184,R' Shmuel bar Avdimi,15,0.0351,,,,,,,none,0,,Rebbi Samuel bar Eudaimon
185,Abba bar Abba,15,0.0351,,,,,,,none,0,,Abba bar Abba
186,R' Shimon from Shezur,15,0.0351,,,,,,,none,0,,Rebbi Simeon from Shezur
187,R' Ilai,15,0.0351,R' Ilai,36,0.0508,,,,exact,100,,Rebbi Ilai
188,R' Yudan bar Shalom,15,0.0351,,,,,,,none,0,,Rebbi Yudan bar Shalom | Rebbi Judan bar Shalom
189,R' Shmuel ben Naḥman,14,0.0328,,,,,,,none,0,,Rebbi Samuel ben Naḥman
190,R' Kohen,14,0.0328,,,,,,,none,0,,Rebbi Cohen
191,R' Berekhia,14,0.0328,,,,,,,none,0,,Rebbi Berekhia
192,R' Yosia,14,0.0328,,,,,,,none,0,,Rebbi Josia
193,R' Abinna,14,0.0328,R' Avina,16,0.0226,,,,fuzzy_edit,30,"lev=2 key=""abinna""→""avina""",Rebbi Abinna
194,R' Haggai,14,0.0328,,,,,,,none,0,,Rebbi Haggai
195,R' Shimon bar Yoḥai,14,0.0328,R' Shimon ben Yoḥai,128,0.1806,,,,exact,100,,Rebbi Simeon bar Ioḥai | Rebbi Simeon bar Yoḥai
196,R' Yose ben Ḥalafta,13,0.0305,,,,,,,none,0,,Rebbi Yose ben Ḥalaphta
197,R' Naḥum,13,0.0305,,,,,,,none,0,,Rebbi Naḥum
198,R' Sabbatai,13,0.0305,,,,,,,none,0,,Rebbi Sabbatai
199,R' Ḥaninah,13,0.0305,R' Ḥanina,392,0.5530,https://he.wikipedia.org/wiki/%D7%A8%D7%91%D7%99_%D7%97%D7%A0%D7%99%D7%A0%D7%90_%D7%91%D7%A8_%D7%97%D7%9E%D7%90,רבי חנינא בר חמא,Q1062209,exact,100,,Rebbi Ḥaninah
200,R' Pinḥas ben Yaïr,13,0.0305,,,,,,,none,0,,Rebbi Phineas ben Yaïr | Rebbi Phineas ben Yaїr
201,R' Yohanan,13,0.0305,R' Yoḥanan,3687,5.2011,https://he.wikipedia.org/wiki/%D7%A8%D7%91%D7%99%20%D7%99%D7%95%D7%97%D7%A0%D7%9F,רבי יוחנן,Q1397565,exact,100,,Rebbi Johanan | Rebbi Yohanan
202,R' Mani,12,0.0281,R' Mani,20,0.0282,,,,exact,100,,Rebbi Mani
203,R' Ulla,12,0.0281,Ulla,517,0.7293,https://he.wikipedia.org/wiki/%D7%A2%D7%95%D7%9C%D7%90,עולא,Q1255590,exact,100,,Rebbi Ulla
204,R' Simlai,12,0.0281,R' Simlai,14,0.0197,,,,exact,100,,Rebbi Simlai
205,R' Yonah from Bostra,12,0.0281,,,,,,,none,0,,Rebbi Jonah from Bostra
206,R' Abba bar Mamai,12,0.0281,,,,,,,none,0,,Rebbi Abba bar Mamai
207,R' Ḥinena bar Pappa,12,0.0281,,,,,,,none,0,,Rebbi Ḥinena bar Pappa
208,R' Ashian,12,0.0281,Rav Ashi,1419,2.0017,https://he.wikipedia.org/wiki/%D7%A8%D7%91_%D7%90%D7%A9%D7%99,רב אשי,Q742620,fuzzy_edit,30,"lev=2 key=""ashian""→""ashi""",Rebbi Ashian
209,R' Mana bar Tanḥum,12,0.0281,,,,,,,none,0,,Rebbi Mana bar Tanḥum
210,R' Bisna,12,0.0281,,,,,,,none,0,,Rebbi Bisna
211,R' Shimon ben Yakim,12,0.0281,,,,,,,none,0,,Rebbi Simeon ben Yaqim
212,R' Yose ben Abun,12,0.0281,,,,,,,none,0,,Rebbi Yose ben Abun
213,R' Naḥman,12,0.0281,Rav Naḥman,1365,1.9255,https://he.wikipedia.org/wiki/%D7%A8%D7%91_%D7%A0%D7%97%D7%9E%D7%9F,רב נחמן,Q2124832,exact,100,,Rebbi Naḥman
214,Abba bar Rav Huna,11,0.0258,,,,,,,none,0,,Abba bar Rav Huna
215,R' Abin bar Ḥiyya,11,0.0258,,,,,,,none,0,,Rebbi Abin bar Ḥiyya
216,R' Abba from Carthage,11,0.0258,,,,,,,none,0,,Rebbi Abba from Carthage
217,R' Ḥilqiah,11,0.0258,,,,,,,none,0,,Rebbi Ḥilqiah
218,R' Abba bar Zemina,11,0.0258,,,,,,,none,0,,Rebbi Abba bar Zemina
219,Ulla,11,0.0258,Ulla,517,0.7293,https://he.wikipedia.org/wiki/%D7%A2%D7%95%D7%9C%D7%90,עולא,Q1255590,exact,100,,Ulla
220,R' Yitzḥak bar Elazar,11,0.0258,,,,,,,none,0,,Rebbi Isaac bar Eleazar
221,R' Tabi,11,0.0258,Tavi,14,0.0197,,,,fuzzy_edit,45,"lev=1 key=""tabi""→""tavi""",Rebbi Tabi
222,R' Yishmael the son of R' Yoḥanan ben Beroqa,11,0.0258,,,,,,,none,0,,Rebbi Ismael the son of Rebbi Joḥanan ben Beroqa
223,R' Pinḥas ben Yair,11,0.0258,,,,,,,none,0,,Rebbi Phineas ben Yair
224,R' Onias,11,0.0258,Onias,20,0.0282,,,,exact,100,,Rebbi Onias
225,R' Mattania,11,0.0258,Rav Mattana,108,0.1524,,,,fuzzy_edit,45,"lev=1 key=""mattania""→""mattana""",Rebbi Mattania
226,R' Hiyya,11,0.0258,R' Ḥiyya,392,0.5530,https://he.wikipedia.org/wiki/%D7%A8%D7%91%D7%99%20%D7%97%D7%99%D7%99%D7%90,רבי חייא,Q2904193,exact,100,,Rebbi Hiyya
227,R' Shmuel bar Naḥmani,10,0.0234,R' Shmuel bar Naḥmani,136,0.1918,,,,exact,100,,Rebbi Samuel bar Naḥmani
228,R' Yosa,10,0.0234,R' Dosa,67,0.0945,,,,fuzzy_edit,45,"lev=1 key=""yosa""→""dosa""",Rebbi Yosa
229,R' Tanḥum,10,0.0234,R' Tanḥum,28,0.0395,,,,exact,100,,Rebbi Tanḥum
230,R' Abba bar Ya'akov,10,0.0234,,,,,,,none,0,,Rebbi Abba bar Jacob
231,R' Yehoshua ben Bathyra,10,0.0234,,,,,,,none,0,,Rebbi Joshua ben Bathyra
232,R' Vivian,10,0.0234,,,,,,,none,0,,Rebbi Vivian
233,R' Ayvo bar Naggari,10,0.0234,,,,,,,none,0,,Rebbi Ayvo bar Naggari
234,R' Ukva,10,0.0234,,,,,,,none,0,,Rebbi Uqba
235,Issy,10,0.0234,,,,,,,none,0,,Issy
236,R' Yose ben Kipper,10,0.0234,,,,,,,none,0,,Rebbi Yose ben Kipper
237,R' Yehudah ben Baba,10,0.0234,,,,,,,none,0,,Rebbi Jehudah ben Baba | Rebbi Judah ben Baba
238,Mar Ukva,9,0.0211,Mar Ukva,69,0.0973,https://he.wikipedia.org/wiki/%D7%9E%D7%A8_%D7%A2%D7%95%D7%A7%D7%91%D7%90,מר עוקבא,Q6754446,exact,100,,Mar Uqba
239,R' Yose bar R' Abun,9,0.0211,,,,,,,none,0,,Rebbi Yose bar Rebbi Abun
240,R' Lia,9,0.0211,,,,,,,none,0,,Rebbi Lia
241,R' Bun,9,0.0211,,,,,,,none,0,,Rebbi Bun
242,R' Ḥanina ben Dosa,9,0.0211,R' Ḥanina ben Dosa,21,0.0296,,,,exact,100,,Rebbi Ḥanina ben Dosa
243,R' Yudan ben R' Yishmael,9,0.0211,,,,,,,none,0,,Rebbi Yudan ben Rebbi Ismael
244,R' Ḥanina ben Gamliel,9,0.0211,R' Ḥanina ben Gamliel,31,0.0437,,,,exact,100,,Rebbi Ḥanina ben Gamliel
245,R' Kahana,9,0.0211,Rav Kahana,471,0.6644,https://he.wikipedia.org/wiki/%D7%A8%D7%91_%D7%9B%D7%94%D7%A0%D7%90_(%D7%94%D7%A9%D7%A0%D7%99),רב כהנא (השני),Q7296281,exact,100,,Rebbi Cahana
246,R' Yose ben Shaul,9,0.0211,,,,,,,none,0,,Rebbi Yose ben Shaul
247,R' Zerika,9,0.0211,R' Zerika,28,0.0395,,,,exact,100,,Rebbi Zeriqa
248,R' Yustus bar Shunem,9,0.0211,,,,,,,none,0,,Rebbi Justus bar Shunem
249,R' Ḥananiah the son of R' Hillel,9,0.0211,,,,,,,none,0,,Rebbi Ḥananiah the son of Rebbi Hillel
250,R' Ḥananiah ben Gamliel,9,0.0211,R' Ḥanina ben Gamliel,31,0.0437,,,,exact,100,,Rebbi Ḥananiah ben Gamliel
251,R' Abba bar Ḥiyya,9,0.0211,,,,,,,none,0,,Rebbi Abba bar Ḥiyya
252,R' Maisha,9,0.0211,,,,,,,none,0,,Rebbi Maisha
253,R' Yoshiah,9,0.0211,R' Yoshiya,104,0.1467,,,,fuzzy_edit,30,"lev=2 key=""yoshiah""→""yoshiya""",Rebbi Joshiah
254,R' Shimon bar Zavdi,9,0.0211,,,,,,,none,0,,Rebbi Simon bar Zavdi
255,R' Yitzḥak bar Ḥaqula,9,0.0211,,,,,,,none,0,,Rebbi Isaac bar Ḥaqula
256,Abba Yehudah,9,0.0211,,,,,,,none,0,,Abba Jehudah
257,R' Yudan the Prince,9,0.0211,,,,,,,none,0,,Rebbi Yudan the Prince | Rebbi Judan the Prince
258,R' Zakkai,8,0.0187,R' Zakkai,17,0.0240,,,,exact,100,,Rebbi Zakkai
259,R' Ḥanina the son of R' Abbahu,8,0.0187,,,,,,,none,0,,Rebbi Ḥanina the son of Rebbi Abbahu
260,R' Yehoshua the Southerner,8,0.0187,,,,,,,none,0,,Rebbi Joshua the Southerner
261,"R' Abba, son of R' Ḥiyya bar Abba",8,0.0187,"R' Abba, son of R' Ḥiyya bar Abba",16,0.0226,,,,exact,100,,"Rebbi Abba, son of Rebbi Ḥiyya bar Abba"
262,R' Shimon ben Gamliel,8,0.0187,Rabban Shimon ben Gamliel,738,1.0411,https://he.wikipedia.org/wiki/%D7%A8%D7%91%D7%9F_%D7%A9%D7%9E%D7%A2%D7%95%D7%9F_%D7%91%D7%9F_%D7%92%D7%9E%D7%9C%D7%99%D7%90%D7%9C_%D7%94%D7%96%D7%A7%D7%9F,רבן שמעון בן גמליאל הזקן,Q2037623,exact,100,,Rebbi Simeon ben Gamliel
263,R' Benaiah,8,0.0187,R' Bena’a,11,0.0155,,,,fuzzy_edit,30,"lev=2 key=""benaiah""→""bena’a""",Rebbi Benaiah
264,R' Shimon bar Yakim,8,0.0187,,,,,,,none,0,,Rebbi Simeon bar Yaqim
265,Rav Naḥman,8,0.0187,Rav Naḥman,1365,1.9255,https://he.wikipedia.org/wiki/%D7%A8%D7%91_%D7%A0%D7%97%D7%9E%D7%9F,רב נחמן,Q2124832,exact,100,,Rav Naḥman
266,R' Yitzḥak bar Tevele,8,0.0187,,,,,,,none,0,,Rebbi Isaac bar Tevele
267,ben Lakish,8,0.0187,,,,,,,none,0,,ben Laqish
268,R' Avdimi from Haifa,8,0.0187,,,,,,,none,0,,Rebbi Eudaimon from Haifa
269,R' Shmuel bar Abba,8,0.0187,,,,,,,none,0,,Rebbi Samuel bar Abba
270,R' Neḥoniah ben Haqanah,8,0.0187,,,,,,,none,0,,Rebbi Neḥoniah ben Haqanah
271,R' Shimon ben Menassiah,8,0.0187,,,,,,,none,0,,Rebbi Simeon ben Menassiah
272,R' Abba the son of R' Pappai,8,0.0187,,,,,,,none,0,,Rebbi Abba the son of Rebbi Pappai
273,R' Ḥanania the son of R' Hillel,8,0.0187,,,,,,,none,0,,Rebbi Ḥanania the son of Rebbi Hillel
274,R' Abba bar Zutra,8,0.0187,,,,,,,none,0,,Rebbi Abba bar Zuṭra
275,Ḥefa,8,0.0187,,,,,,,none,0,,Ḥefa
276,R' Shimon ben Ḥalafta,8,0.0187,,,,,,,none,0,,Rebbi Simeon ben Ḥalaphta | Rebbi Simeon ben Ḥalafta
277,bar Kappara,8,0.0187,Bar Kappara,120,0.1693,https://he.wikipedia.org/wiki/%D7%91%D7%A8_%D7%A7%D7%A4%D7%A8%D7%90,בר קפרא,Q449117,exact,100,,bar Qappara | bar Kappara
278,R' Yehudah ben Levi,8,0.0187,,,,,,,none,0,,Rebbi Jehudah ben Levi | Rebbi Judah ben Levi
279,R' Tzadoq,8,0.0187,R' Tzadok,23,0.0324,,,,fuzzy_edit,45,"lev=1 key=""tzadoq""→""tzadok""",Rebbi Ṣadoq | Rebbi Ẓadoq
280,R' Elazar ben Shimon,8,0.0187,,,,,,,none,0,,Rebbi Eleazar ben Simeon | Rebbi Eleazar ben Simon
281,R' Bibi,7,0.0164,,,,,,,none,0,,Rebbi Bibi
282,Ḥanan bar Abba,7,0.0164,,,,,,,none,0,,Ḥanan bar Abba
283,R' Shmuel bar Yitzḥak,7,0.0164,R' Shmuel bar Rav Yitzḥak,20,0.0282,,,,exact,100,,Rebbi Samuel bar Isaac
284,R' Ya'akov bar Abun,7,0.0164,,,,,,,none,0,,Rebbi Jacob bar Abun
285,R' Ya'akov bar Abba,7,0.0164,,,,,,,none,0,,Rebbi Jacob bar Abba
286,R' Tanḥum ben R' Ḥiyya,7,0.0164,,,,,,,none,0,,Rebbi Tanḥum ben Rebbi Ḥiyya
287,Rav Ḥasdai,7,0.0164,Rav Ḥisda,1126,1.5884,https://he.wikipedia.org/wiki/%D7%A8%D7%91_%D7%97%D7%A1%D7%93%D7%90,רב חסדא,Q1391057,fuzzy_edit,30,"lev=2 key=""hasdai""→""hisda""",Rav Ḥasdai
288,Rabbi Abbahu,7,0.0164,R' Abbahu,412,0.5812,https://he.wikipedia.org/wiki/%D7%A8%D7%91%D7%99%20%D7%90%D7%91%D7%94%D7%95,רבי אבהו,Q305830,exact,100,,Rabbi Abbahu
289,R' Ḥiyya the Elder,7,0.0164,,,,,,,none,0,,Rebbi Ḥiyya the Elder
290,R' Elazar bar Yose,7,0.0164,,,,,,,none,0,,Rebbi Eleazar bar Yose
291,Rav Aḥa,7,0.0164,R' Aḥa,43,0.0607,https://he.wikipedia.org/wiki/%D7%A8%D7%91%D7%99_%D7%90%D7%97%D7%90_(%D7%90%D7%9E%D7%95%D7%A8%D7%90),רבי אחא (אמורא),Q1394943,exact,100,,Rav Aḥa
292,R' Abina,7,0.0164,R' Avina,16,0.0226,,,,fuzzy_edit,45,"lev=1 key=""abina""→""avina""",Rebbi Abina
293,Ḥiyya the son of Rav,7,0.0164,"R' Yehuda, son of R' Ḥiyya",11,0.0155,,,,token_subset,93,"key=""hiyya son of"" ⊆ bavli=""yehuda son of hiyya""",Ḥiyya the son of Rav
294,R' Yoḥanan bar Marius,7,0.0164,,,,,,,none,0,,Rebbi Joḥanan bar Marius
295,R' Shimon bar Carsana,7,0.0164,,,,,,,none,0,,Rebbi Simeon bar Carsana
296,R' Dosa ben Hyrkanos,7,0.0164,,,,,,,none,0,,Rebbi Dosa ben Hyrkanos
297,R' Yehudah ben Lakish,7,0.0164,,,,,,,none,0,,Rebbi Jehudah ben Laqish
298,Ben Illem,7,0.0164,,,,,,,none,0,,Ben Illem
299,Ben Nannas,7,0.0164,ben Nannas,18,0.0254,,,,exact,100,,Ben Nannas
300,Shimon ben Azzai,7,0.0164,,,,,,,none,0,,Simeon ben Azzai
301,Rav Abba bar Ḥana,6,0.0141,,,,,,,none,0,,Rav Abba bar Ḥana
302,Rabba,6,0.0141,Rabba,969,1.3669,https://he.wikipedia.org/wiki/%D7%A8%D7%91%D7%94_%D7%91%D7%A8_%D7%A0%D7%97%D7%9E%D7%A0%D7%99,רבה בר נחמני,Q360557,exact,100,,Rabba
303,R' Elazar ben Antigonos,6,0.0141,,,,,,,none,0,,Rebbi Eleazar ben Antigonos
304,R' Nassa,6,0.0141,,,,,,,none,0,,Rebbi Nassa
305,R' Yose ben Yose,6,0.0141,,,,,,,none,0,,Rebbi Yose ben Yose
306,R' Avdimi of Haifa,6,0.0141,,,,,,,none,0,,Rebbi Eudaimon of Haifa
307,Abdan,6,0.0141,,,,,,,none,0,,Abdan
308,R' Aḥa bar Yitzḥak,6,0.0141,,,,,,,none,0,,Rebbi Aḥa bar Isaac
309,R' Shila,6,0.0141,Sheila,11,0.0155,,,,fuzzy_edit,45,"lev=1 key=""shila""→""sheila""",Rebbi Shila
310,the brother of R' Berekhiah,6,0.0141,,,,,,,none,0,,the brother of Rebbi Berekhiah
311,Shmuel bar Shilat,6,0.0141,,,,,,,none,0,,Samuel bar Shilat
312,R' Shimon bar Lakish,6,0.0141,R' Shimon ben Lakish,246,0.3470,https://he.wikipedia.org/wiki/%D7%A9%D7%9E%D7%A2%D7%95%D7%9F_%D7%91%D7%9F_%D7%9C%D7%A7%D7%99%D7%A9,שמעון בן לקיש,Q1391489,exact,100,,Rebbi Simeon bar Laqish
313,R' Yehoshua ben Ḥananiah,6,0.0141,,,,,,,none,0,,Rebbi Joshua ben Ḥananiah
314,Dama ben Netinah,6,0.0141,,,,,,,none,0,,Dama ben Netinah
315,Ḥiyya bar Ada,6,0.0141,,,,,,,none,0,,Ḥiyya bar Ada
316,R' Redifa,6,0.0141,,,,,,,none,0,,Rebbi Redifa
317,Rav Kahana,6,0.0141,Rav Kahana,471,0.6644,https://he.wikipedia.org/wiki/%D7%A8%D7%91_%D7%9B%D7%94%D7%A0%D7%90_(%D7%94%D7%A9%D7%A0%D7%99),רב כהנא (השני),Q7296281,exact,100,,Rav Cahana
318,R' Aḥa bar Ulla,6,0.0141,,,,,,,none,0,,Rebbi Aḥa bar Ulla
319,R' Yehoshua ben Qorḥah,6,0.0141,,,,,,,none,0,,Rebbi Joshua ben Qorḥah
320,R' Ḥinena bar Pappos,6,0.0141,,,,,,,none,0,,Rebbi Ḥinena bar Pappos
321,"R' Yishmael, the son of R' Yoḥanan ben Beroqa",6,0.0141,,,,,,,none,0,,"Rebbi Ismael, the son of Rebbi Joḥanan ben Beroqa"
322,Natan bar Hoshaiah,6,0.0141,,,,,,,none,0,,Nathan bar Hoshaiah
323,R' Yonatan ben R' Yose,6,0.0141,,,,,,,none,0,,Rebbi Jonathan ben Rebbi Yose
324,R' Ḥiyya bar Julianus,6,0.0141,,,,,,,none,0,,Rebbi Ḥiyya bar Julianus
325,Rav Ada bar Ahava,6,0.0141,,,,,,,none,0,,Rav Ada bar Ahava
326,R' Elazar ben Thaddeus,6,0.0141,,,,,,,none,0,,Rebbi Eleazar ben Thaddeus
327,Ḥanin bar Abba,6,0.0141,,,,,,,none,0,,Ḥanin bar Abba
328,Rav Avdimi,6,0.0141,Avimi,28,0.0395,https://he.wikipedia.org/wiki/%D7%90%D7%91%D7%99%D7%9E%D7%99,אבימי,Q6569449,fuzzy_edit,45,"lev=1 key=""avdimi""→""avimi""",Rav Eudaimon
329,Mar Ukban,6,0.0141,,,,,,,none,0,,Mar Uqban
330,R' Elazar ben R' Sadoq,6,0.0141,,,,,,,none,0,,Rebbi Eleazar ben Rebbi Sadoq
331,R' Shmuel bar Nahman,6,0.0141,,,,,,,none,0,,Rebbi Samuel bar Nahman
332,R' Matthew ben Ḥarash,6,0.0141,,,,,,,none,0,,Rebbi Matthew ben Ḥarash
333,R' Yehudah ben Tema,6,0.0141,,,,,,,none,0,,Rebbi Jehudah ben Tema
334,Rabban Gamliel the Elder,6,0.0141,,,,,,,none,0,,Rabban Gamliel the Elder
335,R' Shmuel bar Ḥiyya bar Yehudah,6,0.0141,Rav Shmuel bar Yehuda,42,0.0592,https://he.wikipedia.org/wiki/%D7%A8%D7%91_%D7%A9%D7%9E%D7%95%D7%90%D7%9C_%D7%91%D7%A8_%D7%99%D7%94%D7%95%D7%93%D7%94,רב שמואל בר יהודה,Q21934175,token_subset,93,"key=""shmuel ben hiyya ben yehuda"" ⊆ bavli=""shmuel ben yehuda""",Rebbi Samuel bar Ḥiyya bar Jehudah | Rebbi Samuel bar Ḥiyya bar Yehudah
336,R' Yehudah ben R' Illai,6,0.0141,,,,,,,none,0,,Rebbi Jehudah ben Rebbi Illai | Rebbi Yehudah ben Rebbi Ilaï | Rebbi Jehudah ben Rebbi Ilaї
337,Yehudah ben Tabbai,6,0.0141,,,,,,,none,0,,Jehudah ben Tabbai | Jehudah ben Ṭabbai
338,R' Abba bar Aḥa,5,0.0117,,,,,,,none,0,,Rebbi Abba bar Aḥa
339,R' Aḥai,5,0.0117,Rav Aḥai,19,0.0268,,,,exact,100,,Rebbi Aḥai
340,R' Ḥisqiah,5,0.0117,,,,,,,none,0,,Rebbi Ḥisqiah
341,R' Hillel,5,0.0117,Hillel,69,0.0973,https://he.wikipedia.org/wiki/%D7%94%D7%9C%D7%9C_%D7%94%D7%96%D7%A7%D7%9F,הלל הזקן,Q319219,exact,100,,Rebbi Hillel
342,R' Yose bar Ḥalafta,5,0.0117,,,,,,,none,0,,Rebbi Yose bar Ḥalaphta
343,R' Yose ben R' Abin,5,0.0117,,,,,,,none,0,,Rebbi Yose ben Rebbi Abin
344,R' Aqibah,5,0.0117,,,,,,,none,0,,Rebbi Aqibah
345,R' Abba the son of R' Ḥiyya bar Abba,5,0.0117,"R' Abba, son of R' Ḥiyya bar Abba",16,0.0226,,,,exact,100,,Rebbi Abba the son of Rebbi Ḥiyya bar Abba
346,R' Tanḥum bar Yudan,5,0.0117,,,,,,,none,0,,Rebbi Tanḥum bar Yudan
347,the son of R' Yehoshua,5,0.0117,Rav Huna son of Rav Yehoshua,201,0.2835,https://he.wikipedia.org/wiki/%D7%A8%D7%91_%D7%94%D7%95%D7%A0%D7%90_%D7%91%D7%A8%D7%99%D7%94_%D7%93%D7%A8%D7%91_%D7%99%D7%94%D7%95%D7%A9%D7%A2,רב הונא בריה דרב יהושע,Q1637336,token_subset,93,"key=""son of yehoshua"" ⊆ bavli=""huna son of yehoshua""",the son of Rebbi Joshua
348,Rav Ḥinena,5,0.0117,R' Ḥanina,392,0.5530,https://he.wikipedia.org/wiki/%D7%A8%D7%91%D7%99_%D7%97%D7%A0%D7%99%D7%A0%D7%90_%D7%91%D7%A8_%D7%97%D7%9E%D7%90,רבי חנינא בר חמא,Q1062209,fuzzy_edit,30,"lev=2 key=""hinena""→""hanina""",Rav Ḥinena
349,R' Nehorai,5,0.0117,R' Nehorai,23,0.0324,,,,exact,100,,Rebbi Nehorai
350,R' Yose ben Zimra,5,0.0117,,,,,,,none,0,,Rebbi Yose ben Zimra
351,R' Yudan from Kappadokia,5,0.0117,,,,,,,none,0,,Rebbi Yudan from Kappadokia
352,Akiva ben Yosef,5,0.0117,Akiva ben Yosef,12,0.0169,,,,exact,100,,Aqiba ben Joseph
353,R' Pedaiah,5,0.0117,,,,,,,none,0,,Rebbi Pedaiah
354,Rav Abba,5,0.0117,R' Abba,290,0.4091,https://he.wikipedia.org/wiki/%D7%A8%D7%91%D7%99_%D7%90%D7%91%D7%90,רבי אבא,Q7221758,exact,100,,Rav Abba
355,R' Issy,5,0.0117,,,,,,,none,0,,Rebbi Issy
356,Bar Delaiah,5,0.0117,,,,,,,none,0,,Bar Delaiah
357,R' Aḥa bar Ya'akov,5,0.0117,,,,,,,none,0,,Rebbi Aḥa bar Jacob
358,R' Ḥanina ben Antigonos,5,0.0117,,,,,,,none,0,,Rebbi Ḥanina ben Antigonos
359,Aphrodite,5,0.0117,,,,,,,none,0,,Aphrodite
360,"R' Ḥananiah, the son of R' Yose the Galilean",5,0.0117,"R' Yosei, son of R' Ḥanina",163,0.2299,,,,token_subset,94,"key=""hanina son of yose galilean"" ⊆ bavli=""yose son of hanina""","Rebbi Ḥananiah, the son of Rebbi Yose the Galilean"
361,R' Shimon bar Karsana,5,0.0117,,,,,,,none,0,,Rebbi Simeon bar Karsana
362,Abba bar Rav Ḥuna,5,0.0117,,,,,,,none,0,,Abba bar Rav Ḥuna
363,R' Yitzḥak bar Bisna,5,0.0117,,,,,,,none,0,,Rebbi Isaac bar Bisna
364,bar Rav,5,0.0117,,,,,,,none,0,,bar Rav
365,Yonah ben Amittai,5,0.0117,,,,,,,none,0,,Jonah ben Amittai
366,R' Yehoshua from Sikhnin,5,0.0117,,,,,,,none,0,,Rebbi Joshua from Sikhnin
367,R' Ḥanania ben Akavia,5,0.0117,,,,,,,none,0,,Rebbi Ḥanania ben Aqabia
368,R' Aha,5,0.0117,R' Aḥa,43,0.0607,https://he.wikipedia.org/wiki/%D7%A8%D7%91%D7%99_%D7%90%D7%97%D7%90_(%D7%90%D7%9E%D7%95%D7%A8%D7%90),רבי אחא (אמורא),Q1394943,exact,100,,Rebbi Aha
369,Rav Abun,5,0.0117,,,,,,,none,0,,Rav Abun
370,R' Shimon ben Menassia,5,0.0117,,,,,,,none,0,,Rebbi Simeon ben Menassia
371,Ḥiyya bar Ashi,5,0.0117,R' Ḥiyya bar Ashi,14,0.0197,,,,exact,100,,Ḥiyya bar Ashi
372,Bar Ulla,5,0.0117,,,,,,,none,0,,Bar Ulla
373,R' Abba bar Ḥana,5,0.0117,,,,,,,none,0,,Rebbi Abba bar Ḥana
374,R' Ya'akov bar Sosai,5,0.0117,,,,,,,none,0,,Rebbi Jacob bar Sosai
375,R' Hoshaya ben R' Shammai,5,0.0117,,,,,,,none,0,,Rebbi Hoshaia ben Rebbi Shammai
376,Bar Pazi,5,0.0117,,,,,,,none,0,,Bar Pazi
377,Ḥinena bar Shelemiah,5,0.0117,,,,,,,none,0,,Ḥinena bar Shelemiah
378,Ben Koziba,5,0.0117,,,,,,,none,0,,Ben Koziba
379,R' Yehudah bar Pazy,5,0.0117,,,,,,,none,0,,Rebbi Jehudah bar Pazy
380,R' Shimon ben Josadaq,5,0.0117,,,,,,,none,0,,Rebbi Simeon ben Josadaq
381,R' Banaia,5,0.0117,R' Bena’a,11,0.0155,,,,fuzzy_edit,30,"lev=2 key=""banaia""→""bena’a""",Rebbi Banaia
382,Bar Pedaya,5,0.0117,,,,,,,none,0,,Bar Pedaya
383,R' Aḥa bar Pappus,5,0.0117,,,,,,,none,0,,Rebbi Aḥa bar Pappus
384,R' Ḥanina ben R' Abbahu,5,0.0117,,,,,,,none,0,,Rebbi Ḥanina ben Rebbi Abbahu
385,R' Elazar from Modiin,5,0.0117,,,,,,,none,0,,Rebbi Eleazar from Modiin
386,R' Ya'akov ben R' Abun,5,0.0117,,,,,,,none,0,,Rebbi Jacob ben Rebbi Abun
387,Ben Nanas,5,0.0117,,,,,,,none,0,,Ben Nanas
388,R' Abin bar Kahana,5,0.0117,,,,,,,none,0,,Rebbi Abin bar Cahana
389,R' Dositheos ben R' Yannai,5,0.0117,,,,,,,none,0,,Rebbi Dositheos ben Rebbi Yannai
390,R' Abba bar Mina,5,0.0117,,,,,,,none,0,,Rebbi Abba bar Mina
391,R' Yehudah ben Ḥanina,5,0.0117,,,,,,,none,0,,Rebbi Jehudah ben Ḥanina | Rebbi Judah ben Ḥanina
392,R' Shmuel bar Sosartai,5,0.0117,,,,,,,none,0,,Rebbi Samuel bar Sosartai | Rebbi Samuel bar Sosarṭai
393,R' Yitzḥak bar Tevlai,5,0.0117,,,,,,,none,0,,Rebbi Isaac bar Tevlai | Rebbi Isaac bar Ṭevlai
394,R' Yose ben Yehudah,5,0.0117,R' Yosei bar Yehuda,55,0.0776,,,,exact,100,,Rebbi Yose ben Jehudah | Rebbi Yose ben Yehudah
395,R' Shimon ben Yohai,5,0.0117,R' Shimon ben Yoḥai,128,0.1806,,,,exact,100,,Rebbi Simeon ben Yohai | Rebbi Simeon ben Iohai
396,Abbahu,4,0.0094,R' Abbahu,412,0.5812,https://he.wikipedia.org/wiki/%D7%A8%D7%91%D7%99%20%D7%90%D7%91%D7%94%D7%95,רבי אבהו,Q305830,exact,100,,Abbahu
397,Ze'ira,4,0.0094,R' Zeira,668,0.9423,https://he.wikipedia.org/wiki/%D7%A8%D7%91%D7%99%20%D7%96%D7%99%D7%A8%D7%90,רבי זירא,Q7296294,exact,100,,Zeïra
398,R' Alexander,4,0.0094,R' Alexandri,16,0.0226,,,,fuzzy_edit,30,"lev=2 key=""alexander""→""alexandri""",Rebbi Alexander
399,R' Josiah,4,0.0094,,,,,,,none,0,,Rebbi Josiah
400,Resh Lakish,4,0.0094,,,,,,,none,0,,Resh Laqish
401,the people of Sepphoris,4,0.0094,,,,,,,none,0,,the people of Sepphoris
402,R' Yehudah bar Titus,4,0.0094,,,,,,,none,0,,Rebbi Judah bar Titus
403,R' Yehoshua of Sikhnin,4,0.0094,,,,,,,none,0,,Rebbi Joshua of Sikhnin
404,R' Avdimi of Sepphoris,4,0.0094,,,,,,,none,0,,Rebbi Eudaimon of Sepphoris
405,R' Yose from Sidon,4,0.0094,,,,,,,none,0,,Rebbi Yose from Sidon
406,R' Jose,4,0.0094,R' Yosei,1592,2.2458,https://he.wikipedia.org/wiki/%D7%A8%D7%91%D7%99%20%D7%99%D7%95%D7%A1%D7%99,רבי יוסי,Q982075,fuzzy_edit,45,"lev=1 key=""jose""→""yose""",Rebbi Jose
407,R' Elazar ben R' Yannai,4,0.0094,,,,,,,none,0,,Rebbi Eleazar ben Rebbi Yannai
408,R' Naḥum bar Simai,4,0.0094,,,,,,,none,0,,Rebbi Naḥum bar Simai
409,Abba bar Ḥana,4,0.0094,,,,,,,none,0,,Abba bar Ḥana
410,R' Binyamin ben Levi,4,0.0094,,,,,,,none,0,,Rebbi Benjamin ben Levi
411,Huna bar Ḥiyya,4,0.0094,Rav Huna bar Ḥiyya,29,0.0409,,,,exact,100,,Huna bar Ḥiyya
412,R' Ya'akov bar Zabdi,4,0.0094,,,,,,,none,0,,Rebbi Jacob bar Zabdi
413,ben Levi,4,0.0094,,,,,,,none,0,,ben Levi
414,R' Yehudah ben Ḥagra,4,0.0094,,,,,,,none,0,,Rebbi Jehudah ben Ḥagra
415,R' Ayvu bar Naggari,4,0.0094,,,,,,,none,0,,Rebbi Ayvu bar Naggari
416,R' Lazar,4,0.0094,,,,,,,none,0,,Rebbi Lazar
417,"R' Shmuel, the son of R' Yose ben R' Abun",4,0.0094,,,,,,,none,0,,"Rebbi Samuel, the son of Rebbi Yose ben Rebbi Abun"
418,R' Issi,4,0.0094,,,,,,,none,0,,Rebbi Issi
419,R' Ba,4,0.0094,,,,,,,none,0,,Rebbi Ba
420,R' Hillel ben R' Vales,4,0.0094,,,,,,,none,0,,Rebbi Hillel ben Rebbi Vales
421,R' Yose ben Meshullam,4,0.0094,,,,,,,none,0,,Rebbi Yose ben Meshullam
422,R' Bar Qiria,4,0.0094,,,,,,,none,0,,Rebbi Bar Qiria
423,R' Ya'akov bar Ada,4,0.0094,,,,,,,none,0,,Rebbi Jacob bar Ada
424,Rav Hoshaiah,4,0.0094,R' Hoshaya,24,0.0339,,,,exact,100,,Rav Hoshaiah
425,Bar Kappara from the South,4,0.0094,,,,,,,none,0,,Bar Qappara from the South
426,Ben Kappara,4,0.0094,Bar Kappara,120,0.1693,https://he.wikipedia.org/wiki/%D7%91%D7%A8_%D7%A7%D7%A4%D7%A8%D7%90,בר קפרא,Q449117,exact,100,,Ben Qappara
427,Rav Amram,4,0.0094,Rav Amram,53,0.0748,https://he.wikipedia.org/wiki/%D7%A8%D7%91_%D7%A2%D7%9E%D7%A8%D7%9D,רב עמרם,Q12411205,exact,100,,Rav Amram
428,R' Ḥanina ben R' Hillel,4,0.0094,,,,,,,none,0,,Rebbi Ḥanina ben Rebbi Hillel
429,R' Yudan bar Pazi,4,0.0094,,,,,,,none,0,,Rebbi Yudan bar Pazi
430,R' Abbai,4,0.0094,R' Abba,290,0.4091,https://he.wikipedia.org/wiki/%D7%A8%D7%91%D7%99_%D7%90%D7%91%D7%90,רבי אבא,Q7221758,fuzzy_edit,45,"lev=1 key=""abbai""→""abba""",Rebbi Abbai
431,R' Ḥanina the son of R' Hillel,4,0.0094,,,,,,,none,0,,Rebbi Ḥanina the son of Rebbi Hillel
432,R' Immi the Babylonian,4,0.0094,,,,,,,none,0,,Rebbi Immi the Babylonian
433,R' Yehoshua ben Zeidal,4,0.0094,,,,,,,none,0,,Rebbi Joshua ben Zeidal
434,R' Yitzḥak bar Gufta,4,0.0094,,,,,,,none,0,,Rebbi Isaac bar Gufta
435,R' Hilai,4,0.0094,R' Ilai,36,0.0508,,,,fuzzy_edit,45,"lev=1 key=""hilai""→""ilai""",Rebbi Hilai
436,R' Gorion,4,0.0094,,,,,,,none,0,,Rebbi Gorion
437,the son of the daughter of Ya'akov,4,0.0094,,,,,,,none,0,,the son of the daughter of Jacob
438,R' Uziel the son of R' Onias from Hauran,4,0.0094,,,,,,,none,0,,Rebbi Uziel the son of Rebbi Onias from Hauran
439,R' Yehoshua from Ono,4,0.0094,,,,,,,none,0,,Rebbi Joshua from Ono
440,Rav Assi,4,0.0094,R' Asi,248,0.3498,https://he.wikipedia.org/wiki/%D7%A8%D7%91%D7%99_%D7%90%D7%A1%D7%99,רבי אסי,Q741463,fuzzy_edit,45,"lev=1 key=""assi""→""asi""",Rav Assi
441,R' Abba bar Bina,4,0.0094,,,,,,,none,0,,Rebbi Abba bar Bina
442,Rabban Gamliel ben R',4,0.0094,,,,,,,none,0,,Rabban Gamliel ben Rebbi
443,R' Nisa,4,0.0094,,,,,,,none,0,,Rebbi Nisa
444,R' Yehudah bar Ilai,4,0.0094,,,,,,,none,0,,Rebbi Jehudah bar Ilai
445,R' Shmuel bar Yudan,4,0.0094,,,,,,,none,0,,Rebbi Samuel bar Yudan
446,R' Ada,4,0.0094,R' Aḥa,43,0.0607,https://he.wikipedia.org/wiki/%D7%A8%D7%91%D7%99_%D7%90%D7%97%D7%90_(%D7%90%D7%9E%D7%95%D7%A8%D7%90),רבי אחא (אמורא),Q1394943,fuzzy_edit,45,"lev=1 key=""ada""→""aha""",Rebbi Ada
447,R' Shimon ben R' Yannai,4,0.0094,,,,,,,none,0,,Rebbi Simeon ben Rebbi Yannai
448,R' Ḥasdai,4,0.0094,Rav Ḥisda,1126,1.5884,https://he.wikipedia.org/wiki/%D7%A8%D7%91_%D7%97%D7%A1%D7%93%D7%90,רב חסדא,Q1391057,fuzzy_edit,30,"lev=2 key=""hasdai""→""hisda""",Rebbi Ḥasdai
449,R' Yehudah ben Bava,4,0.0094,R' Yehuda ben Bava,28,0.0395,,,,exact,100,,Rebbi Jehudah ben Bava
450,Ḥananiah the son of R' Yehoshua,4,0.0094,,,,,,,none,0,,Ḥananiah the son of Rebbi Joshua
451,R' Ḥananiah ben Antigonos,4,0.0094,,,,,,,none,0,,Rebbi Ḥananiah ben Antigonos
452,bar Aḥa,4,0.0094,,,,,,,none,0,,bar Aḥa
453,Boethos ben Zenon,4,0.0094,,,,,,,none,0,,Boethos ben Zenon
454,R' Ḥilkiah,4,0.0094,,,,,,,none,0,,Rebbi Ḥilkiah
455,Ben Gever,4,0.0094,,,,,,,none,0,,Ben Gever
456,R' Ḥanania ben Gamliel,4,0.0094,R' Ḥanina ben Gamliel,31,0.0437,,,,exact,100,,Rebbi Ḥanania ben Gamliel
457,Rav Ada,4,0.0094,R' Aḥa,43,0.0607,https://he.wikipedia.org/wiki/%D7%A8%D7%91%D7%99_%D7%90%D7%97%D7%90_(%D7%90%D7%9E%D7%95%D7%A8%D7%90),רבי אחא (אמורא),Q1394943,fuzzy_edit,45,"lev=1 key=""ada""→""aha""",Rav Ada
458,R' Shimon ben Halaphta,4,0.0094,,,,,,,none,0,,Rebbi Simeon ben Halaphta
459,R' Mattanah,4,0.0094,Rav Mattana,108,0.1524,,,,fuzzy_edit,45,"lev=1 key=""mattanah""→""mattana""",Rebbi Mattanah
460,R' Yudan the Patriarch,4,0.0094,,,,,,,none,0,,Rebbi Yudan the Patriarch
461,R' Elazar ben Proteus,4,0.0094,,,,,,,none,0,,Rebbi Eleazar ben Proteus
462,Levi bar Sisi,4,0.0094,,,,,,,none,0,,Levi bar Sisi
463,R' Shmuel the son of R' Yose ben R' Abun,4,0.0094,,,,,,,none,0,,Rebbi Samuel the son of Rebbi Yose ben Rebbi Abun
464,R' Zebida,4,0.0094,R' Zeira,668,0.9423,https://he.wikipedia.org/wiki/%D7%A8%D7%91%D7%99%20%D7%96%D7%99%D7%A8%D7%90,רבי זירא,Q7296294,fuzzy_edit,30,"lev=2 key=""zebida""→""zeira""",Rebbi Zebida
465,R' Ḥiyya bar Marius,4,0.0094,,,,,,,none,0,,Rebbi Ḥiyya bar Marius
466,R' Abbamari,4,0.0094,,,,,,,none,0,,Rebbi Abbamari
467,R' Shimon ben Ḥalfuta,4,0.0094,,,,,,,none,0,,Rebbi Simeon ben Ḥalfuta
468,R' Yitzḥak the son of R' Ḥiyya,4,0.0094,,,,,,,none,0,,Rebbi Isaac the son of Rebbi Ḥiyya
469,Ashian bar Nidba,4,0.0094,,,,,,,none,0,,Ashian bar Nidba
470,R' Menaḥem ben R' Yose,4,0.0094,,,,,,,none,0,,Rebbi Menaḥem ben Rebbi Yose
471,R' Ḥiyya bar Gamda,4,0.0094,R' Ḥiyya bar Gamda,13,0.0183,,,,exact,100,,Rebbi Ḥiyya bar Gamda
472,R' Dositheus,4,0.0094,,,,,,,none,0,,Rebbi Dositheus
473,the brother of R' Yehudah bar Zavdi,4,0.0094,,,,,,,none,0,,the brother of Rebbi Jehudah bar Zavdi
474,R' Ḥinena bar Pappus,4,0.0094,,,,,,,none,0,,Rebbi Ḥinena bar Pappus
475,R' Huna bar Ḥiyya,4,0.0094,Rav Huna bar Ḥiyya,29,0.0409,,,,exact,100,,Rebbi Huna bar Ḥiyya
476,the father of R' Hoshaya,4,0.0094,,,,,,,none,0,,the father of Rebbi Hoshaia
477,Yoḥanan ben Yonatan,4,0.0094,,,,,,,none,0,,Joḥanan ben Jonathan
478,R' Shimon ben Menasia,4,0.0094,,,,,,,none,0,,Rebbi Simeon ben Menasia
479,R' Yitzḥak ben Ḥaqula,4,0.0094,,,,,,,none,0,,Rebbi Isaac ben Ḥaqula
480,R' Yitzḥak bar Tebelai,4,0.0094,,,,,,,none,0,,Rebbi Isaac bar Tebelai
481,R' Yose the Great,4,0.0094,,,,,,,none,0,,the great Rebbi Yose | Rebbi Yose the Great
482,R' Shmuel bar Natan,4,0.0094,,,,,,,none,0,,Rebbi Samuel bar Nathan | Rebbi Samuel bar Natan
483,R' Ḥinnena,3,0.0070,Shinnana,15,0.0212,,,,fuzzy_edit,30,"lev=2 key=""hinnena""→""shinnana""",Rebbi Ḥinnena
484,R' Taḥlifa,3,0.0070,,,,,,,none,0,,Rebbi Taḥlifa
485,brother of R' Berekhiah,3,0.0070,,,,,,,none,0,,brother of Rebbi Berekhiah
486,R' Muna,3,0.0070,R' Mona,12,0.0169,,,,fuzzy_edit,45,"lev=1 key=""muna""→""mona""",Rebbi Muna
487,R' Alexandri,3,0.0070,R' Alexandri,16,0.0226,,,,exact,100,,Rebbi Alexandri
488,R' Ya'akov bar Abbai,3,0.0070,,,,,,,none,0,,Rebbi Jacob bar Abbai
489,R' Levi bar Sisi,3,0.0070,,,,,,,none,0,,Rebbi Levi bar Sisi
490,R' Aḥa bar Ḥanina,3,0.0070,R' Aḥa bar Ḥanina,20,0.0282,,,,exact,100,,Rebbi Aḥa bar Ḥanina
491,R' Shimon bar Ḥalafta,3,0.0070,,,,,,,none,0,,Rebbi Simeon bar Ḥalaphta
492,"R' Yose, son of R' Ḥanina",3,0.0070,"R' Yosei, son of R' Ḥanina",163,0.2299,,,,exact,100,,"Rebbi Yose, son of Rebbi Ḥanina"
493,R' Oshaya,3,0.0070,Rav Oshaya,55,0.0776,https://he.wikipedia.org/wiki/%D7%A8%D7%91_%D7%90%D7%95%D7%A9%D7%A2%D7%99%D7%90,רב אושעיא,Q5907959,exact,100,,Rebbi Oshaya
494,R' Bun bar Ḥiyya,3,0.0070,,,,,,,none,0,,Rebbi Bun bar Ḥiyya
495,maternal uncle of R' Ada,3,0.0070,,,,,,,none,0,,The maternal uncle of Rebbi Ada
496,Bar Shelemiah the scribe,3,0.0070,,,,,,,none,0,,Bar Shelemiah the scribe
497,R' Shmuel bar Rav Naḥman,3,0.0070,,,,,,,none,0,,Rebbi Samuel bar Rav Naḥman
498,R' Yannai the son of R' Yishmael,3,0.0070,,,,,,,none,0,,Rebbi Yannai the son of Rebbi Ismael
499,R' Ḥana,3,0.0070,R' Ḥanan,14,0.0197,,,,fuzzy_edit,45,"lev=1 key=""hana""→""hanan""",Rebbi Ḥana
500,R' Ada from Caesarea,3,0.0070,,,,,,,none,0,,Rebbi Ada from Caesarea
501,R' Ya'akov from Kefar,3,0.0070,,,,,,,none,0,,Rebbi Jacob from Kefar
502,Rav Aḥa bar Ya'akov,3,0.0070,,,,,,,none,0,,Rav Aḥa bar Jacob
503,R' Binyamin bar Jephet,3,0.0070,,,,,,,none,0,,Rebbi Benjamin bar Jephet
504,R' Binyamin bar Yephet,3,0.0070,,,,,,,none,0,,Rebbi Benjamin bar Yephet
505,R' Shmuel bar Immi,3,0.0070,,,,,,,none,0,,Rebbi Samuel bar Immi
506,R' Oshaiah,3,0.0070,R' Hoshaya,24,0.0339,,,,exact,100,,Rebbi Oshaiah
507,Ben Sirach,3,0.0070,,,,,,,none,0,,Ben Sirach
508,R' Tanḥum bar Yirmeyah,3,0.0070,,,,,,,none,0,,Rebbi Tanḥum bar Jeremiah
509,the son of Rav,3,0.0070,,,,,,,none,0,,the son of Rav
510,R' Tanḥum bar Ḥanilai,3,0.0070,,,,,,,none,0,,Rebbi Tanḥum bar Ḥanilai
511,Rav Ada bar Avimi,3,0.0070,,,,,,,none,0,,Rav Ada bar Abimi
512,R' Gamliel bar Ininia,3,0.0070,,,,,,,none,0,,Rebbi Gamliel bar Ininia
513,R' Ḥiyya from Kefar,3,0.0070,,,,,,,none,0,,Rebbi Ḥiyya from Kefar
514,Abba Saul,3,0.0070,,,,,,,none,0,,Abba Saul
515,Rav Abba bar Ḥuna,3,0.0070,,,,,,,none,0,,Rav Abba bar Ḥuna
516,R' Shimon bar Kahana,3,0.0070,,,,,,,none,0,,Rebbi Simeon bar Cahana
517,R' Yose ben R' Ḥaninah,3,0.0070,R' Yosei bar Ḥanina,92,0.1298,,,,exact,100,,Rebbi Yose ben Rebbi Ḥaninah
518,Zavdi ben Levi,3,0.0070,,,,,,,none,0,,Zavdi ben Levi
519,R' Ḥinenah,3,0.0070,,,,,,,none,0,,Rebbi Ḥinenah
520,Rabbi Akiva,3,0.0070,R' Akiva,1503,2.1202,https://he.wikipedia.org/wiki/%D7%A8%D7%91%D7%99_%D7%A2%D7%A7%D7%99%D7%91%D7%90,רבי עקיבא,Q310821,exact,100,,Rabbi Aqiba
521,Ḥuna bar Ḥiyya,3,0.0070,Rav Huna bar Ḥiyya,29,0.0409,,,,exact,100,,Ḥuna bar Ḥiyya
522,Shimon ben Gamliel,3,0.0070,Rabban Shimon ben Gamliel,738,1.0411,https://he.wikipedia.org/wiki/%D7%A8%D7%91%D7%9F_%D7%A9%D7%9E%D7%A2%D7%95%D7%9F_%D7%91%D7%9F_%D7%92%D7%9E%D7%9C%D7%99%D7%90%D7%9C_%D7%94%D7%96%D7%A7%D7%9F,רבן שמעון בן גמליאל הזקן,Q2037623,exact,100,,Simeon ben Gamliel
523,Yehudah ben R',3,0.0070,,,,,,,none,0,,Jehudah ben Rebbi
524,bar Abba,3,0.0070,,,,,,,none,0,,bar Abba
525,Abba Palaemon,3,0.0070,,,,,,,none,0,,Abba Palaemon
526,R' Yehudah bar Shalom,3,0.0070,,,,,,,none,0,,Rebbi Jehudah bar Shalom
527,R' Zeira,3,0.0070,R' Zeira,668,0.9423,https://he.wikipedia.org/wiki/%D7%A8%D7%91%D7%99%20%D7%96%D7%99%D7%A8%D7%90,רבי זירא,Q7296294,exact,100,,Rebbi Zeira
528,R' Shimon ben R' Yose ben Laqonia,3,0.0070,,,,,,,none,0,,Rebbi Simeon ben Rebbi Yose ben Laqonia
529,bar Immi,3,0.0070,,,,,,,none,0,,bar Immi
530,R' Zevida,3,0.0070,Rav Zevid,144,0.2031,https://he.wikipedia.org/wiki/%D7%A8%D7%91_%D7%96%D7%91%D7%99%D7%93_(%D7%94%D7%A9%D7%A0%D7%99),רב זביד (השני),Q7296295,fuzzy_edit,45,"lev=1 key=""zevida""→""zevid""",Rebbi Zevida
531,Ḥiyya bar Abun,3,0.0070,,,,,,,none,0,,Ḥiyya bar Abun
532,Abba bar Taḥlifa,3,0.0070,,,,,,,none,0,,Abba bar Taḥlifa
533,R' Yudan ben R' Shalom,3,0.0070,,,,,,,none,0,,Rebbi Yudan ben Rebbi Shalom
534,R' Ḥasida,3,0.0070,R' Ḥanina,392,0.5530,https://he.wikipedia.org/wiki/%D7%A8%D7%91%D7%99_%D7%97%D7%A0%D7%99%D7%A0%D7%90_%D7%91%D7%A8_%D7%97%D7%9E%D7%90,רבי חנינא בר חמא,Q1062209,fuzzy_edit,30,"lev=2 key=""hasida""→""hanina""",Rebbi Ḥasida
535,R' Elazar ben Yehudah from Birtota,3,0.0070,,,,,,,none,0,,Rebbi Eleazar ben Jehudah from Birtota
536,Shimon ben Kahana,3,0.0070,,,,,,,none,0,,Simeon ben Cahana
537,R' Jona,3,0.0070,R' Mona,12,0.0169,,,,fuzzy_edit,45,"lev=1 key=""jona""→""mona""",Rebbi Jona
538,R' Yose ben R',3,0.0070,,,,,,,none,0,,Rebbi Yose ben Rebbi
539,R' Hilfai,3,0.0070,Ilfa,30,0.0423,,,,fuzzy_edit,30,"lev=2 key=""hilfai""→""ilfa""",Rebbi Hilfai
540,R' Yose ben Rabbi Abun,3,0.0070,,,,,,,none,0,,Rebbi Yose ben Rabbi Abun
541,Binyamin bar Astor,3,0.0070,,,,,,,none,0,,Benjamin bar Astor
542,Rav Bevai,3,0.0070,Rav Beivai,44,0.0621,,,,fuzzy_edit,45,"lev=1 key=""bevai""→""beivai""",Rav Bevai
543,R' Yoḥanan ben Marius,3,0.0070,,,,,,,none,0,,Rebbi Joḥanan ben Marius
544,R' Elazar ben R' Tzadog,3,0.0070,,,,,,,none,0,,Rebbi Eleazar ben Rebbi Ẓadog
545,R' Ya'akov bar Ḥama,3,0.0070,,,,,,,none,0,,Rebbi Jacob bar Ḥama
546,Yose ben Yoḥanan from Jerusalem,3,0.0070,,,,,,,none,0,,Yose ben Joḥanan from Jerusalem
547,Ben Derosai,3,0.0070,,,,,,,none,0,,Ben Derosai
548,R' Yitzḥak bar Marion,3,0.0070,,,,,,,none,0,,Rebbi Isaac bar Marion
549,Yose ben Ḥanina,3,0.0070,R' Yosei bar Ḥanina,92,0.1298,,,,exact,100,,Yose ben Ḥanina
550,R' Elazar bar Ḥanina,3,0.0070,,,,,,,none,0,,Rebbi Eleazar bar Ḥanina
551,R' Tevele,3,0.0070,,,,,,,none,0,,Rebbi Tevele
552,R' Ya'akov of Kefar,3,0.0070,,,,,,,none,0,,Rebbi Jacob of Kefar
553,Rabban Shimon,3,0.0070,R' Shimon,1867,2.6337,https://he.wikipedia.org/wiki/%D7%A8%D7%91%D7%99%20%D7%A9%D7%9E%D7%A2%D7%95%D7%9F%20%D7%91%D7%A8%20%D7%99%D7%95%D7%97%D7%90%D7%99,רבי שמעון בר יוחאי,Q557405,exact,100,,Rabban Simeon
554,Jesus ben Pandera,3,0.0070,,,,,,,none,0,,Jesus ben Pandera
555,Yose ben Simai,3,0.0070,,,,,,,none,0,,Yose ben Simai
556,R' Yonah from Kefar,3,0.0070,,,,,,,none,0,,Rebbi Jonah from Kefar
557,R' Avuna,3,0.0070,R' Avina,16,0.0226,,,,fuzzy_edit,45,"lev=1 key=""avuna""→""avina""",Rebbi Avuna
558,R' Tebi,3,0.0070,,,,,,,none,0,,Rebbi Tebi
559,Abba bar Huna,3,0.0070,,,,,,,none,0,,Abba bar Huna
560,Ḥanania the son of R' Yehoshua,3,0.0070,,,,,,,none,0,,Ḥanania the son of Rebbi Joshua
561,Rav Ḥisdai,3,0.0070,Rav Ḥisda,1126,1.5884,https://he.wikipedia.org/wiki/%D7%A8%D7%91_%D7%97%D7%A1%D7%93%D7%90,רב חסדא,Q1391057,fuzzy_edit,45,"lev=1 key=""hisdai""→""hisda""",Rav Ḥisdai
562,R' Mar,3,0.0070,Rav Mari,56,0.0790,,,,fuzzy_edit,45,"lev=1 key=""mar""→""mari""",Rebbi Mar
563,Rav Abin,3,0.0070,R' Avin,78,0.1100,,,,fuzzy_edit,45,"lev=1 key=""abin""→""avin""",Rav Abin
564,R' Shmuel bar Sosarta,3,0.0070,,,,,,,none,0,,Rebbi Samuel bar Sosarta
565,R' Dositheos ben Yannai,3,0.0070,,,,,,,none,0,,Rebbi Dositheos ben Yannai
566,R' Binyamin bar Levi,3,0.0070,,,,,,,none,0,,Rebbi Benjamin bar Levi
567,R' Elazar ben Matthew,3,0.0070,,,,,,,none,0,,Rebbi Eleazar ben Matthew
568,Rabbi Ḥiyya,3,0.0070,R' Ḥiyya,392,0.5530,https://he.wikipedia.org/wiki/%D7%A8%D7%91%D7%99%20%D7%97%D7%99%D7%99%D7%90,רבי חייא,Q2904193,exact,100,,Rabbi Ḥiyya
569,R' Ḥanan,3,0.0070,R' Ḥanan,14,0.0197,,,,exact,100,,Rebbi Ḥanan
570,Senaah ben Binyamin,3,0.0070,,,,,,,none,0,,Senaah ben Benjamin
571,Ben Aḥiyyah,3,0.0070,,,,,,,none,0,,Ben Aḥiyyah
572,Ben Arza,3,0.0070,,,,,,,none,0,,Ben Arza
573,Hugdas ben Levi,3,0.0070,,,,,,,none,0,,Hugdas ben Levi
574,Ben Illem from Sepphoris,3,0.0070,,,,,,,none,0,,Ben Illem from Sepphoris
575,Shimon ben Qimḥit,3,0.0070,,,,,,,none,0,,Simeon ben Qimḥit
576,Pinḥas the son of Elazar,3,0.0070,,,,,,,none,0,,Phineas the son of Eleazar
577,R' Borqai,3,0.0070,,,,,,,none,0,,Rebbi Borqai
578,R' Elazar the Southerner,3,0.0070,,,,,,,none,0,,Rebbi Eleazar the Southerner
579,Queen Helena,3,0.0070,,,,,,,none,0,,Queen Helena
580,Levi ben Sisi,3,0.0070,,,,,,,none,0,,Levi ben Sisi
581,R' Taḥlifa from Caesarea,3,0.0070,,,,,,,none,0,,Rebbi Taḥlifa from Caesarea
582,R' Shimon ben Yoḥay,3,0.0070,,,,,,,none,0,,Rebbi Simeon ben Yoḥay
583,R' Tanḥum bar Ilai,3,0.0070,,,,,,,none,0,,Rebbi Tanḥum bar Ilai
584,Shimon ben Shataḥ,3,0.0070,Shimon ben Shataḥ,26,0.0367,https://he.wikipedia.org/wiki/%D7%A9%D7%9E%D7%A2%D7%95%D7%9F_%D7%91%D7%9F_%D7%A9%D7%98%D7%97,שמעון בן שטח,Q338378,exact,100,,Simeon ben Shataḥ
585,R' Yehoshua ben Qorha,3,0.0070,,,,,,,none,0,,Rebbi Joshua ben Qorha
586,R' Yonatan from Bet,3,0.0070,,,,,,,none,0,,Rebbi Jonathan from Bet
587,R' Ḥananel,3,0.0070,Rav Ḥananel,29,0.0409,,,,exact,100,,Rebbi Ḥananel
588,Rav Ḥama bar Guria,3,0.0070,,,,,,,none,0,,Rav Ḥama bar Guria
589,the grandson of R' Elazar ben Proteus,3,0.0070,,,,,,,none,0,,the grandson of Rebbi Eleazar ben Proteus
590,Ya'akov bar Aḥa,3,0.0070,,,,,,,none,0,,Jacob bar Aḥa
591,Yirmeyah bar Abba,3,0.0070,,,,,,,none,0,,Jeremiah bar Abba
592,Elazar ben Arakh,3,0.0070,,,,,,,none,0,,Eleazar ben Arakh
593,R' Yose ben Nehorai,3,0.0070,,,,,,,none,0,,Rebbi Yose ben Nehorai
594,R' Abun bar Bisna,3,0.0070,,,,,,,none,0,,Rebbi Abun bar Bisna
595,Ben Tzion,3,0.0070,,,,,,,none,0,,Ben Ṣion
596,R' Yose ben Ya'akov,3,0.0070,,,,,,,none,0,,Rebbi Yose ben Jacob
597,Rav Yitzḥak,3,0.0070,R' Yitzḥak,380,0.5360,https://he.wikipedia.org/wiki/%D7%A8%D7%91%D7%99_%D7%99%D7%A6%D7%97%D7%A7,רבי יצחק,Q3415877,exact,100,,Rav Isaac
598,R' Ya'akov ben Dositheos,3,0.0070,,,,,,,none,0,,Rebbi Jacob ben Dositheos
599,R' Justinus,3,0.0070,,,,,,,none,0,,Rebbi Justinus
600,R' Ḥiyya ben Julianus,3,0.0070,,,,,,,none,0,,Rebbi Ḥiyya ben Julianus
601,Natan bar Hoshaya,3,0.0070,,,,,,,none,0,,Nathan bar Hoshaia
602,"R' Eliezer, the son of R' Yose the Galilean",3,0.0070,"R' Eliezer, son of R' Yosei",13,0.0183,,,,token_subset,94,"key=""eliezer son of yose galilean"" ⊆ bavli=""eliezer son of yose""","Rebbi Eliezer, the son of Rebbi Yose the Galilean"
603,King Diocletian,3,0.0070,,,,,,,none,0,,King Diocletian
604,Ganiba,3,0.0070,R' Ḥanina,392,0.5530,https://he.wikipedia.org/wiki/%D7%A8%D7%91%D7%99_%D7%97%D7%A0%D7%99%D7%A0%D7%90_%D7%91%D7%A8_%D7%97%D7%9E%D7%90,רבי חנינא בר חמא,Q1062209,fuzzy_edit,30,"lev=2 key=""ganiba""→""hanina""",Ganiba
605,Yose ben Yannai,3,0.0070,,,,,,,none,0,,Yose ben Yannai
606,R' Hoshaya the Elder,3,0.0070,,,,,,,none,0,,Rebbi Hoshaia the Elder
607,Rav Qarna,3,0.0070,Karna,14,0.0197,https://he.wikipedia.org/wiki/%D7%A7%D7%A8%D7%A0%D7%90,קרנא,Q7296284,fuzzy_edit,45,"lev=1 key=""qarna""→""karna""",Rav Qarna
608,R' Shimon ben Yehotzadaq,3,0.0070,,,,,,,none,0,,Rebbi Simeon ben Yehoṣadaq
609,Ḥiyya bar Rav,3,0.0070,Ḥiyya bar Rav,45,0.0635,,,,exact,100,,Ḥiyya bar Rav
610,Shmuel the Elder,3,0.0070,,,,,,,none,0,,Samuel the Elder
611,R' Shmuel ben Naḥmani,3,0.0070,R' Shmuel bar Naḥmani,136,0.1918,,,,exact,100,,Rebbi Samuel ben Naḥmani | R. Samuel ben Naḥmani
612,R' Shimon bar Zevid,3,0.0070,,,,,,,none,0,,Rebbi Simon bar Zevid | Rebbi Simeon bar Zevid
613,R' Yehudah bar Abba,3,0.0070,,,,,,,none,0,,Rebbi Yehudah bar Abba | Rebbi Jehudah bar Abba
614,R' Ḥutzpit,3,0.0070,,,,,,,none,0,,Rebbi Ḥuẓpit | Rebbi Ḥuṣpit
615,R' Shmuel bar Sisarta,3,0.0070,,,,,,,none,0,,Rebbi Samuel bar Sisarta | Rebbi Samuel bar Sisarṭa
616,R' Yehudah ben Tabbai,3,0.0070,,,,,,,none,0,,Rebbi Jehudah ben Tabbai | Rebbi Jehudah ben Ṭabbai
617,R' Shimon ben Yotzadak,3,0.0070,,,,,,,none,0,,Rebbi Simeon ben Joṣadaq | Rebbi Simon ben Joṣadaq
618,R' Yoḥanan ben Zakkai,3,0.0070,Yohanan ben Zakkai,178,0.2511,https://he.wikipedia.org/wiki/%D7%A8%D7%91%D7%9F_%D7%99%D7%95%D7%97%D7%A0%D7%9F_%D7%91%D7%9F_%D7%96%D7%9B%D7%90%D7%99,רבן יוחנן בן זכאי,Q733660,exact,100,,Rebbi Joḥanan ben Zakkai | Rebbi Yoḥanan ben Zakkai
619,R' Yehudah the Patriarch,3,0.0070,,,,,,,none,0,,Rebbi Jehudah the Patriarch | Rebbi Judah the Patriarch
620,Yehudah the Great,3,0.0070,,,,,,,none,0,,The great Jehudah | the great Jehudah
621,R' Yehudah ben R' Shimon,3,0.0070,,,,,,,none,0,,Rebbi Judah ben Rebbi Simon | Rebbi Jehudah ben Rebbi Simon
622,Shimon ben Shetah,3,0.0070,,,,,,,none,0,,Simeon ben Shetah | Simeon ben Sheṭah
623,Rav Ze'ira,3,0.0070,R' Zeira,668,0.9423,https://he.wikipedia.org/wiki/%D7%A8%D7%91%D7%99%20%D7%96%D7%99%D7%A8%D7%90,רבי זירא,Q7296294,exact,100,,Rav Ze‘ira | Rav Zeˋira
624,Yehudah ben Pappos,3,0.0070,,,,,,,none,0,,Jehudah ben Pappos | Yehudah ben Pappos
625,R' Azaryah,2,0.0047,,,,,,,none,0,,Rebbi Azariah
626,Rav Abba bar Yirmeyah,2,0.0047,,,,,,,none,0,,Rav Abba bar Jeremiah
627,R' Ḥanina ben Aqabiah,2,0.0047,,,,,,,none,0,,Rebbi Ḥanina ben Aqabiah
628,R' Levi ben Sisi,2,0.0047,,,,,,,none,0,,Rebbi Levi ben Sisi
629,R' Ḥunah,2,0.0047,Rav Huna,1164,1.6420,https://he.wikipedia.org/wiki/%D7%A8%D7%91_%D7%94%D7%95%D7%A0%D7%90,רב הונא,Q1794530,fuzzy_edit,45,"lev=1 key=""hunah""→""huna""",Rebbi Ḥunah
630,R' Tavyome,2,0.0047,,,,,,,none,0,,Rebbi Tavyome
631,Ya'akov bar Idi,2,0.0047,,,,,,,none,0,,Jacob bar Idi
632,Maisha,2,0.0047,,,,,,,none,0,,Maisha
633,R' Pappai,2,0.0047,Rav Pappi,62,0.0875,https://he.wikipedia.org/wiki/%D7%A8%D7%91_%D7%A4%D7%A4%D7%99,רב פפי,Q7296287,fuzzy_edit,45,"lev=1 key=""pappai""→""pappi""",R. Pappai
634,Naḥman the Old,2,0.0047,,,,,,,none,0,,Naḥman the Old
635,King Messiah,2,0.0047,,,,,,,none,0,,King Messiah
636,"R' Yose, son of R' Ḥalafta",2,0.0047,,,,,,,none,0,,"Rebbi Yose, son of Rebbi Ḥalaphta"
637,the father of Shmuel,2,0.0047,,,,,,,none,0,,the father of Samuel
638,R' Yitzḥak the son of R' Ḥiyya the Scribe,2,0.0047,,,,,,,none,0,,Rebbi Isaac the son of Rebbi Ḥiyya the Scribe
639,the brother of R' Abba bar Kohen,2,0.0047,,,,,,,none,0,,the brother of Rebbi Abba bar Cohen
640,grandson of R' Yehudah the Prince,2,0.0047,,,,,,,none,0,,grandson of Rebbi Judah the Prince
641,R' Zenon,2,0.0047,,,,,,,none,0,,Rebbi Zenon
642,R' Ya'akov ben Sisi,2,0.0047,,,,,,,none,0,,Rebbi Jacob ben Sisi
643,R' Huna of Sepphoris,2,0.0047,,,,,,,none,0,,Rebbi Huna of Sepphoris
644,R' Huna from Sepphoris,2,0.0047,,,,,,,none,0,,Rebbi Huna from Sepphoris
645,"R' Eliezer, son of R' Yose the Galilean",2,0.0047,"R' Eliezer, son of R' Yosei",13,0.0183,,,,token_subset,94,"key=""eliezer son of yose galilean"" ⊆ bavli=""eliezer son of yose""","Rebbi Eliezer, son of Rebbi Yose the Galilean"
646,Ze'ira bar Ḥinena,2,0.0047,,,,,,,none,0,,Zeïra bar Ḥinena
647,ben Gamliel,2,0.0047,,,,,,,none,0,,ben Gamliel
648,R' Ḥinena bar Yitzḥak,2,0.0047,,,,,,,none,0,,Rebbi Ḥinena bar Isaac
649,R' Ḥalafta ben Saul,2,0.0047,,,,,,,none,0,,Rebbi Ḥalaphta ben Saul
650,R' Yehuda,2,0.0047,Rav Yehuda,1672,2.3586,https://he.wikipedia.org/wiki/%D7%A8%D7%91_%D7%99%D7%94%D7%95%D7%93%D7%94,רב יהודה,Q359777,exact,100,,Rebbi Yehuda
651,King Yannai,2,0.0047,King Yannai,11,0.0155,https://he.wikipedia.org/wiki/%D7%90%D7%9C%D7%9B%D7%A1%D7%A0%D7%93%D7%A8_%D7%99%D7%A0%D7%90%D7%99,אלכסנדר ינאי,Q319107,exact,100,,King Yannai
652,bar Kahana,2,0.0047,,,,,,,none,0,,bar Cahana
653,the grandson of R' Yehoshua ben Levi,2,0.0047,,,,,,,none,0,,the grandson of Rebbi Joshua ben Levi
654,"R' Elazar, son of R' Tzadoq",2,0.0047,,,,,,,none,0,,"Rebbi Eleazar, son of Rebbi Ẓadoq"
655,Yonatan ben Gershom,2,0.0047,,,,,,,none,0,,Jonathan ben Gershom
656,Shabuel ben Gershom,2,0.0047,,,,,,,none,0,,Shabuel ben Gershom
657,R' Yose bar Ya'akov,2,0.0047,,,,,,,none,0,,Rebbi Yose bar Jacob
658,R' Yudan from Migdal,2,0.0047,,,,,,,none,0,,Rebbi Yudan from Migdal
659,R' Ḥanina bar Yaqqa,2,0.0047,,,,,,,none,0,,Rebbi Ḥanina bar Yaqqa
660,King Monobaz,2,0.0047,,,,,,,none,0,,King Monobaz
661,"R' Yudan, son of R' Shimon bar Yoḥai",2,0.0047,,,,,,,none,0,,"Rebbi Yudan, son of Rebbi Simeon bar Ioḥai"
662,R' Yitzḥak ben Ḥaqolah,2,0.0047,,,,,,,none,0,,Rebbi Isaac ben Ḥaqolah
663,R' Yudan bar R' Shimon,2,0.0047,,,,,,,none,0,,Rebbi Yudan bar Rebbi Simeon
664,ben Bathyra,2,0.0047,,,,,,,none,0,,ben Bathyra
665,Abba Kohen Bar Dalaia,2,0.0047,,,,,,,none,0,,Abba Cohen Bar Dalaia
666,"R' Yonatan, the son of R' Yitzḥak bar Aḥa",2,0.0047,,,,,,,none,0,,"Rebbi Jonathan, the son of Rebbi Isaac bar Aḥa"
667,R' Avin bar Ḥiyya,2,0.0047,,,,,,,none,0,,Rebbi Avin bar Ḥiyya
668,Ben Bavai,2,0.0047,,,,,,,none,0,,Ben Bavai
669,the son of R' Ḥiyya bar Abba,2,0.0047,,,,,,,none,0,,the son of Rebbi Ḥiyya bar Abba
670,R' Yishmael ben R' Yoḥanan ben Beroqa,2,0.0047,,,,,,,none,0,,Rebbi Ismael ben Rebbi Joḥanan ben Beroqa
671,R' Yehoshua ben Qabusai,2,0.0047,,,,,,,none,0,,Rebbi Joshua ben Qabusai
672,R' Ḥuna from Sepphoris,2,0.0047,,,,,,,none,0,,Rebbi Ḥuna from Sepphoris
673,R' Shmuel bar R' Yitzḥak,2,0.0047,R' Shmuel bar Rav Yitzḥak,20,0.0282,,,,exact,100,,Rebbi Samuel bar Rebbi Isaac
674,R' Hillel ben Pazi,2,0.0047,,,,,,,none,0,,Rebbi Hillel ben Pazi
675,Bar Dalaiah,2,0.0047,,,,,,,none,0,,Bar Dalaiah
676,the son of R',2,0.0047,,,,,,,none,0,,the son of Rebbi
677,R' Levy,2,0.0047,Levi,213,0.3005,https://he.wikipedia.org/wiki/%D7%9C%D7%95%D7%99_%D7%91%D7%A8_%D7%A1%D7%99%D7%A1%D7%99,לוי בר סיסי,Q2897998,fuzzy_edit,45,"lev=1 key=""levy""→""levi""",Rebbi Levy
678,R' Elazar ben Taddeus,2,0.0047,,,,,,,none,0,,Rebbi Eleazar ben Taddeus
679,Abba bar Ḥiyya,2,0.0047,,,,,,,none,0,,Abba bar Ḥiyya
680,R' Yonatan ben Yose,2,0.0047,,,,,,,none,0,,Rebbi Jonathan ben Yose
681,R' Yehudah ben Ḥaninah,2,0.0047,,,,,,,none,0,,Rebbi Judah ben Ḥaninah
682,Ḥananiah ben Ḥakhinai,2,0.0047,,,,,,,none,0,,Ḥananiah ben Ḥakhinai
683,Rav Vivian,2,0.0047,,,,,,,none,0,,Rav Vivian
684,R' Elazar bar R' Zadoq,2,0.0047,,,,,,,none,0,,Rebbi Eleazar bar Rebbi Zadoq
685,R' Niḥa bar Sava,2,0.0047,,,,,,,none,0,,Rebbi Niḥa bar Sava
686,R' Dositheos,2,0.0047,,,,,,,none,0,,Rebbi Dositheos
687,R' Ḥananiah from Sepphoris,2,0.0047,,,,,,,none,0,,Rebbi Ḥananiah from Sepphoris
688,R' Nahman,2,0.0047,Rav Naḥman,1365,1.9255,https://he.wikipedia.org/wiki/%D7%A8%D7%91_%D7%A0%D7%97%D7%9E%D7%9F,רב נחמן,Q2124832,exact,100,,Rebbi Nahman
689,Yosef ben Israel,2,0.0047,,,,,,,none,0,,Joseph ben Israel
690,R' Reuben ben Strobilos,2,0.0047,,,,,,,none,0,,Rebbi Reuben ben Strobilos
691,R' Ḥananiah ben R' Hillel,2,0.0047,,,,,,,none,0,,Rebbi Ḥananiah ben Rebbi Hillel
692,R' Yitzḥak ben Tevele,2,0.0047,,,,,,,none,0,,Rebbi Isaac ben Tevele
693,R' Ḥuna bar Ḥiyya,2,0.0047,Rav Huna bar Ḥiyya,29,0.0409,,,,exact,100,,Rebbi Ḥuna bar Ḥiyya
694,Naḥman bar Ya'akov,2,0.0047,,,,,,,none,0,,Naḥman bar Jacob
695,Ḥananiah ben Gamliel,2,0.0047,R' Ḥanina ben Gamliel,31,0.0437,,,,exact,100,,Ḥananiah ben Gamliel
696,the son of Shmuel ben Naḥmani,2,0.0047,,,,,,,none,0,,the son of Samuel ben Naḥmani
697,Imma Shalom,2,0.0047,,,,,,,none,0,,Imma Shalom
698,R' Ḥiyya bar Madia,2,0.0047,,,,,,,none,0,,Rebbi Ḥiyya bar Madia
699,R' Levi from Sennabaris,2,0.0047,,,,,,,none,0,,Rebbi Levi from Sennabaris
700,R' Yoshaia,2,0.0047,Rav Oshaya,55,0.0776,https://he.wikipedia.org/wiki/%D7%A8%D7%91_%D7%90%D7%95%D7%A9%D7%A2%D7%99%D7%90,רב אושעיא,Q5907959,fuzzy_edit,30,"lev=2 key=""yoshaia""→""oshaya""",Rebbi Yoshaia
701,Rabbi Yose bar Ḥalafta,2,0.0047,,,,,,,none,0,,Rabbi Yose bar Ḥalaphta
702,"R' Yishmael, the son of R' Yoḥanan ben Baroqa",2,0.0047,,,,,,,none,0,,"Rebbi Ismael, the son of Rebbi Joḥanan ben Baroqa"
703,R' Ya'akov ben Aḥa,2,0.0047,,,,,,,none,0,,Rebbi Jacob ben Aḥa
704,R' Yoḥanan ben Gudgada,2,0.0047,,,,,,,none,0,,Rebbi Joḥanan ben Gudgada
705,R' Tanḥum bar Illa,2,0.0047,,,,,,,none,0,,Rebbi Tanḥum bar Illa
706,Natan bar Hoshiah,2,0.0047,,,,,,,none,0,,Nathan bar Hoshiah
707,R' Shmuel ben R' Yitzḥak,2,0.0047,R' Shmuel bar Rav Yitzḥak,20,0.0282,,,,exact,100,,Rebbi Samuel ben Rebbi Isaac
708,Bar Yudani,2,0.0047,,,,,,,none,0,,Bar Yudani
709,"R' Yitzḥak, the son of R' Ḥiyya",2,0.0047,,,,,,,none,0,,"Rebbi Isaac, the son of Rebbi Ḥiyya"
710,R' Binyamin ben Gidul,2,0.0047,,,,,,,none,0,,Rebbi Benjamin ben Gidul
711,R' Shimon bar Ḥiyya,2,0.0047,,,,,,,none,0,,Rebbi Simeon bar Ḥiyya
712,R' Ḥanania from Akhbar,2,0.0047,,,,,,,none,0,,Rebbi Ḥanania from Akhbar
713,R' Ḥiyya’s from Sepphoris,2,0.0047,,,,,,,none,0,,R. Ḥiyya’s from Sepphoris
714,Bar Neḥemiah,2,0.0047,,,,,,,none,0,,Bar Neḥemiah
715,Yonatan ben Akhmai,2,0.0047,,,,,,,none,0,,Jonathan ben Akhmai
716,R' Ayvo bar Nagari,2,0.0047,,,,,,,none,0,,Rebbi Ayvo bar Nagari
717,"R' Ḥanina, the son of R' Hillel",2,0.0047,,,,,,,none,0,,"Rebbi Ḥanina, the son of Rebbi Hillel"
718,R' Sheshet,2,0.0047,Sheshet,1220,1.7210,https://he.wikipedia.org/wiki/%D7%A8%D7%91_%D7%A9%D7%A9%D7%AA,רב ששת,Q743044,exact,100,,Rebbi Sheshet
719,R' Saul,2,0.0047,,,,,,,none,0,,Rebbi Saul
720,Ulla ben R' Israel,2,0.0047,,,,,,,none,0,,Ulla ben Rebbi Israel
721,Shmuel ben Abba,2,0.0047,,,,,,,none,0,,Samuel ben Abba
722,Bar Koziba,2,0.0047,,,,,,,none,0,,Bar Koziba
723,Ben Bag,2,0.0047,,,,,,,none,0,,Ben Bag
724,R' Naḥman bar Ya'akov,2,0.0047,,,,,,,none,0,,Rebbi Naḥman bar Jacob
725,Shmuel ben Rav Yitzḥak,2,0.0047,R' Shmuel bar Rav Yitzḥak,20,0.0282,,,,exact,100,,Samuel ben Rav Isaac
726,R' Yitzḥak the Elder,2,0.0047,,,,,,,none,0,,Rebbi Isaac the Elder
727,Elazar ben Azaryah,2,0.0047,R' Elazar ben Azarya,162,0.2285,https://he.wikipedia.org/wiki/%D7%A8%D7%91%D7%99_%D7%90%D7%9C%D7%A2%D7%96%D7%A8_%D7%91%D7%9F_%D7%A2%D7%96%D7%A8%D7%99%D7%94,רבי אלעזר בן עזריה,Q1325787,exact,100,,Eleazar ben Azariah
728,R' Aḥa bar Pappos,2,0.0047,,,,,,,none,0,,Rebbi Aḥa bar Pappos
729,Elazar ben Paḥora,2,0.0047,,,,,,,none,0,,Eleazar ben Paḥora
730,Rabban Yoḥanan,2,0.0047,R' Yoḥanan,3687,5.2011,https://he.wikipedia.org/wiki/%D7%A8%D7%91%D7%99%20%D7%99%D7%95%D7%97%D7%A0%D7%9F,רבי יוחנן,Q1397565,exact,100,,Rabban Joḥanan
731,father of R' Shmuel bar Rav Yitzḥak,2,0.0047,,,,,,,none,0,,father of Rebbi Samuel bar Rav Isaac
732,R' Sidor,2,0.0047,,,,,,,none,0,,Rebbi Sidor
733,R' Zabida,2,0.0047,,,,,,,none,0,,Rebbi Zabida
734,R' Shimon ben Karsana,2,0.0047,,,,,,,none,0,,Rebbi Simeon ben Karsana
735,R' Ḥama bar Yose,2,0.0047,,,,,,,none,0,,Rebbi Ḥama bar Yose
736,R' Ḥiyya the Sepphorean,2,0.0047,,,,,,,none,0,,Rebbi Ḥiyya the Sepphorean
737,R' Ḥizqia,2,0.0047,Ḥizkiya,32,0.0451,,,,fuzzy_edit,30,"lev=2 key=""hizqia""→""hizkiya""",Rebbi Ḥizqia
738,R' Shimon ben Nanas,2,0.0047,,,,,,,none,0,,Rebbi Simeon ben Nanas
739,R' Abba the son of R' Pappaeus,2,0.0047,,,,,,,none,0,,Rebbi Abba the son of Rebbi Pappaeus
740,R' Ḥananiah bar Shmuel,2,0.0047,,,,,,,none,0,,Rebbi Ḥananiah bar Samuel
741,Rav Ada bar Ahavah,2,0.0047,,,,,,,none,0,,Rav Ada bar Ahavah
742,R' Ḥananiah ben Akiva,2,0.0047,,,,,,,none,0,,Rebbi Ḥananiah ben Aqiba
743,Ḥananiah ben Ḥizkiah,2,0.0047,,,,,,,none,0,,Ḥananiah ben Ḥizqiah
744,Yitzḥak bar Shmuel,2,0.0047,Rav Yitzḥak bar Shmuel bar Marta,17,0.0240,,,,token_subset,93,"key=""yitzhak ben shmuel"" ⊆ bavli=""yitzhak ben shmuel ben marta""",Isaac bar Samuel
745,R' Simlai the Southerner,2,0.0047,,,,,,,none,0,,Rebbi Simlai the Southerner
746,R' Uziel the son of R' Onias of Barat,2,0.0047,,,,,,,none,0,,Rebbi Uziel the son of Rebbi Onias of Barat
747,Rav Berona,2,0.0047,Rav Beruna,12,0.0169,,,,fuzzy_edit,45,"lev=1 key=""berona""→""beruna""",Rav Berona
748,Rav Anan,2,0.0047,Rav Anan,47,0.0663,https://he.wikipedia.org/wiki/%D7%A8%D7%91_%D7%A2%D7%A0%D7%9F,רב ענן,Q7026786,exact,100,,Rav Anan
749,R' Abba the son of R' Pappaios,2,0.0047,,,,,,,none,0,,Rebbi Abba the son of Rebbi Pappaios
750,R' Yirmeyah ben R' Shimon,2,0.0047,,,,,,,none,0,,Rebbi Jeremiah ben Rebbi Simeon
751,R' Yoḥanan ben R' Marius,2,0.0047,,,,,,,none,0,,Rebbi Joḥanan ben Rebbi Marius
752,R' Ḥanina ben Akavia,2,0.0047,,,,,,,none,0,,Rebbi Ḥanina ben Aqabia
753,Abba bar Mamal,2,0.0047,,,,,,,none,0,,Abba bar Mamal
754,R' Romanos,2,0.0047,,,,,,,none,0,,Rebbi Romanos
755,Rabbi Abba,2,0.0047,R' Abba,290,0.4091,https://he.wikipedia.org/wiki/%D7%A8%D7%91%D7%99_%D7%90%D7%91%D7%90,רבי אבא,Q7221758,exact,100,,Rabbi Abba
756,R' Yudan bar Yishmael,2,0.0047,,,,,,,none,0,,Rebbi Yudan bar Ismael
757,R' Ḥanina of Sepphoris,2,0.0047,,,,,,,none,0,,Rebbi Ḥanina of Sepphoris
758,R' Aḥa bar Rav,2,0.0047,,,,,,,none,0,,Rebbi Aḥa bar Rav
759,R' Ḥanina from Antonia,2,0.0047,,,,,,,none,0,,Rebbi Ḥanina from Antonia
760,ben R' Abun,2,0.0047,,,,,,,none,0,,ben Rebbi Abun
761,Zeˋir bar Ḥinena,2,0.0047,,,,,,,none,0,,Zeˋir bar Ḥinena
762,Boetius ben Zenon,2,0.0047,,,,,,,none,0,,Boetius ben Zenon
763,Yitzḥak bar Orion,2,0.0047,,,,,,,none,0,,Isaac bar Orion
764,R' Yitzḥak bar Mesharshia,2,0.0047,,,,,,,none,0,,Rebbi Isaac bar Mesharshia
765,R' Ḥiyya the Mede,2,0.0047,,,,,,,none,0,,Rebbi Ḥiyya the Mede
766,R' Yehoshua ben Levy,2,0.0047,,,,,,,none,0,,Rebbi Joshua ben Levy
767,Bar Koḥa the carpenter,2,0.0047,,,,,,,none,0,,Bar Koḥa the carpenter
768,Elazar ben Dama,2,0.0047,,,,,,,none,0,,Eleazar ben Dama
769,ben Dama,2,0.0047,,,,,,,none,0,,ben Dama
770,Abba bar Kahana,2,0.0047,R' Abba bar Kahana,22,0.0310,,,,exact,100,,Abba bar Cahana
771,R' Issac bar Naḥman,2,0.0047,,,,,,,none,0,,Rebbi Issac bar Naḥman
772,R' Yoḥanan ben Dahavai,2,0.0047,,,,,,,none,0,,Rebbi Joḥanan ben Dahavai
773,Yoḥanan ben Zakkai,2,0.0047,Yohanan ben Zakkai,178,0.2511,https://he.wikipedia.org/wiki/%D7%A8%D7%91%D7%9F_%D7%99%D7%95%D7%97%D7%A0%D7%9F_%D7%91%D7%9F_%D7%96%D7%9B%D7%90%D7%99,רבן יוחנן בן זכאי,Q733660,exact,100,,Joḥanan ben Zakkai
774,Abba Shaul ben Botnit,2,0.0047,,,,,,,none,0,,Abba Shaul ben Botnit
775,Rav Oshaia,2,0.0047,Rav Oshaya,55,0.0776,https://he.wikipedia.org/wiki/%D7%A8%D7%91_%D7%90%D7%95%D7%A9%D7%A2%D7%99%D7%90,רב אושעיא,Q5907959,fuzzy_edit,45,"lev=1 key=""oshaia""→""oshaya""",Rav Oshaia
776,R' Naḥman bar Yitzḥak,2,0.0047,Rav Naḥman bar Yitzḥak,457,0.6447,https://he.wikipedia.org/wiki/%D7%A8%D7%91_%D7%A0%D7%97%D7%9E%D7%9F_%D7%91%D7%A8_%D7%99%D7%A6%D7%97%D7%A7,רב נחמן בר יצחק,Q2124834,exact,100,,Rebbi Naḥman bar Isaac
777,Rav Naḥman bar Yitzḥak,2,0.0047,Rav Naḥman bar Yitzḥak,457,0.6447,https://he.wikipedia.org/wiki/%D7%A8%D7%91_%D7%A0%D7%97%D7%9E%D7%9F_%D7%91%D7%A8_%D7%99%D7%A6%D7%97%D7%A7,רב נחמן בר יצחק,Q2124834,exact,100,,Rav Naḥman bar Isaac
778,R' Abba bar Pappai,2,0.0047,,,,,,,none,0,,Rebbi Abba bar Pappai
779,R' Daniel the son of Rav Qatina,2,0.0047,,,,,,,none,0,,Rebbi Daniel the son of Rav Qatina
780,R' Abba the son of Rav Pappai,2,0.0047,,,,,,,none,0,,Rebbi Abba the son of Rav Pappai
781,Shmuel bar Rav Yitzḥak,2,0.0047,R' Shmuel bar Rav Yitzḥak,20,0.0282,,,,exact,100,,Samuel bar Rav Isaac
782,Shimon bar Ḥiyya,2,0.0047,,,,,,,none,0,,Simeon bar Ḥiyya
783,R' Yustus ben R' Shimon,2,0.0047,,,,,,,none,0,,Rebbi Justus ben Rebbi Simon
784,R' Hamnuna,2,0.0047,Hamnuna,327,0.4613,https://he.wikipedia.org/wiki/%D7%A8%D7%91_%D7%94%D7%9E%D7%A0%D7%95%D7%A0%D7%90,רב המנונא,Q5645913,exact,100,,Rebbi Hamnuna
785,ben R' Shimon,2,0.0047,,,,,,,none,0,,ben Rebbi Simeon
786,R' Abba bar Ḥinena,2,0.0047,,,,,,,none,0,,Rebbi Abba bar Ḥinena
787,R' Tevelai,2,0.0047,,,,,,,none,0,,Rebbi Tevelai
788,Ḥanania bar Akavia,2,0.0047,,,,,,,none,0,,Ḥanania bar Aqabia
789,R' Binyamin,2,0.0047,,,,,,,none,0,,Rebbi Benjamin
790,R' Jacon bar Aḥa,2,0.0047,,,,,,,none,0,,Rebbi Jacon bar Aḥa
791,Bar Nata,2,0.0047,,,,,,,none,0,,Bar Nata
792,Yonatan the son of Saul,2,0.0047,,,,,,,none,0,,Jonathan the son of Saul
793,R' Hillel from Kifra,2,0.0047,,,,,,,none,0,,Rebbi Hillel from Kifra
794,Rav Ḥiyya bar Yosef,2,0.0047,R' Ḥiyya bar Yosef,27,0.0381,,,,exact,100,,Rav Ḥiyya bar Joseph
795,Giddul bar Binyamin,2,0.0047,,,,,,,none,0,,Giddul bar Benjamin
796,R' Yose ben Halaphta,2,0.0047,,,,,,,none,0,,Rebbi Yose ben Halaphta
797,ben Nuri,2,0.0047,,,,,,,none,0,,ben Nuri
798,ben Azzai,2,0.0047,Ben Azzai,84,0.1185,https://he.wikipedia.org/wiki/%D7%91%D7%9F_%D7%A2%D7%96%D7%90%D7%99,בן עזאי,Q601081,exact,100,,ben Azzai
799,R' Yose bar Bevin,2,0.0047,,,,,,,none,0,,Rebbi Yose bar Bevin
800,Rav Yose,2,0.0047,R' Yosei,1592,2.2458,https://he.wikipedia.org/wiki/%D7%A8%D7%91%D7%99%20%D7%99%D7%95%D7%A1%D7%99,רבי יוסי,Q982075,exact,100,,Rav Yose
801,King Agrippas,2,0.0047,,,,,,,none,0,,King Agrippas
802,Ben Bevay,2,0.0047,,,,,,,none,0,,Ben Bevay
803,Shimon ben Lagos,2,0.0047,,,,,,,none,0,,Simeon ben Lagos
804,R' Ḥama ben R' Ḥanina,2,0.0047,R' Ḥama bar Ḥanina,20,0.0282,,,,exact,100,,Rebbi Ḥama ben Rebbi Ḥanina
805,son of David,2,0.0047,,,,,,,none,0,,son of David
806,Abba Yose ben Ḥanin,2,0.0047,,,,,,,none,0,,Abba Yose ben Ḥanin
807,Bar Delaia,2,0.0047,,,,,,,none,0,,Bar Delaia
808,R' Shimon from Mitzpeh,2,0.0047,,,,,,,none,0,,Rebbi Simeon from Mitzpeh
809,Ben Gamia,2,0.0047,,,,,,,none,0,,Ben Gamia
810,R' Pinḥas bar Ḥama,2,0.0047,,,,,,,none,0,,Rebbi Phineas bar Ḥama
811,Ben Qamsar,2,0.0047,,,,,,,none,0,,Ben Qamsar
812,R' Yitzḥak ben Haqula,2,0.0047,,,,,,,none,0,,Rebbi Isaac ben Haqula
813,R' Menahem,2,0.0047,,,,,,,none,0,,Rebbi Menahem
814,R' Ephes,2,0.0047,,,,,,,none,0,,Rebbi Ephes
815,R' Yitzḥak bar Nahman,2,0.0047,,,,,,,none,0,,Rebbi Isaac bar Nahman
816,Ḥinena bar Shelemia,2,0.0047,,,,,,,none,0,,Ḥinena bar Shelemia
817,R' Yitzḥak ben Elyashiv,2,0.0047,,,,,,,none,0,,Rebbi Isaac ben Elyashiv
818,R' Avinna,2,0.0047,R' Avina,16,0.0226,,,,fuzzy_edit,45,"lev=1 key=""avinna""→""avina""",Rebbi Avinna
819,R' Parnakh,2,0.0047,,,,,,,none,0,,Rebbi Parnakh
820,Yehudah bar Naḥman,2,0.0047,,,,,,,none,0,,Jehudah bar Naḥman
821,R' Yehoshua ben Ḥanania,2,0.0047,,,,,,,none,0,,Rebbi Joshua ben Ḥanania
822,Rav Qatina,2,0.0047,R' Avina,16,0.0226,,,,fuzzy_edit,30,"lev=2 key=""qatina""→""avina""",Rav Qatina
823,Rav Avun,2,0.0047,R' Avin,78,0.1100,,,,fuzzy_edit,45,"lev=1 key=""avun""→""avin""",Rav Avun
824,R' Elazar ben Shamua,2,0.0047,,,,,,,none,0,,Rebbi Eleazar ben Shamua
825,R' Ḥanania the son of R' Abbahu,2,0.0047,,,,,,,none,0,,Rebbi Ḥanania the son of Rebbi Abbahu
826,R' Yehudah from Kappadokia,2,0.0047,,,,,,,none,0,,Rebbi Judah from Kappadokia
827,R' Shimon ben Laqisch,2,0.0047,,,,,,,none,0,,Rebbi Simeon ben Laqisch
828,R' Shila from Kefar,2,0.0047,,,,,,,none,0,,Rebbi Shila from Kefar
829,R' Tanḥum from Edrei,2,0.0047,,,,,,,none,0,,Rebbi Tanḥum from Edrei
830,R' Ḥuna of Sepphoris,2,0.0047,,,,,,,none,0,,Rebbi Ḥuna of Sepphoris
831,R' Ḥalafta,2,0.0047,,,,,,,none,0,,Rebbi Ḥalafta
832,R' Shmuel bar Ina,2,0.0047,,,,,,,none,0,,Rebbi Samuel bar Ina
833,R' Yehoshua ben Yair,2,0.0047,,,,,,,none,0,,Rebbi Joshua ben Yair
834,R' Naftali,2,0.0047,,,,,,,none,0,,Rebbi Naftali
835,R' Ephes the Southerner,2,0.0047,,,,,,,none,0,,Rebbi Ephes the Southerner
836,Yonadav ben Rekhav,2,0.0047,,,,,,,none,0,,Yonadav ben Rekhav
837,R' Elazar from Merom,2,0.0047,,,,,,,none,0,,Rebbi Eleazar from Merom
838,R' Philippos ben Protos,2,0.0047,,,,,,,none,0,,Rebbi Philippos ben Protos
839,Rav Ḥisday,2,0.0047,Rav Ḥisda,1126,1.5884,https://he.wikipedia.org/wiki/%D7%A8%D7%91_%D7%97%D7%A1%D7%93%D7%90,רב חסדא,Q1391057,fuzzy_edit,45,"lev=1 key=""hisday""→""hisda""",Rav Ḥisday
840,R' Ada bar Shimon,2,0.0047,,,,,,,none,0,,Rebbi Ada bar Simeon
841,King Ptolemy,2,0.0047,,,,,,,none,0,,King Ptolemy
842,Yose bar Menashia,2,0.0047,,,,,,,none,0,,Yose bar Menashia
843,Ḥanania bar Šelemiah,2,0.0047,,,,,,,none,0,,Ḥanania bar Šelemiah
844,R' Shimon ben Yosina,2,0.0047,,,,,,,none,0,,Rebbi Simeon ben Yosina
845,R' Josias,2,0.0047,Onias,20,0.0282,,,,fuzzy_edit,30,"lev=2 key=""josias""→""onias""",Rebbi Josias
846,Yehudah bar Safra,2,0.0047,,,,,,,none,0,,Jehudah bar Safra
847,R' Jabes,2,0.0047,,,,,,,none,0,,Rebbi Jabes
848,R' Yosef,2,0.0047,Rav Yosef,1128,1.5912,https://he.wikipedia.org/wiki/%D7%A8%D7%91_%D7%99%D7%95%D7%A1%D7%A3,רב יוסף,Q359768,exact,100,,Rebbi Yosef
849,Elisha ben Abuya,2,0.0047,,,,,,,none,0,,Elisha ben Abuya
850,Yose ben Yoezer,2,0.0047,,,,,,,none,0,,Yose ben Yoezer
851,Yose ben Yoḥanan,2,0.0047,,,,,,,none,0,,Yose ben Joḥanan
852,The son of Ma`yan,2,0.0047,,,,,,,none,0,,The son of Ma`yan
853,the son of Ma`yan,2,0.0047,,,,,,,none,0,,the son of Ma`yan
854,R' Banaiah,2,0.0047,,,,,,,none,0,,Rebbi Banaiah
855,R' Yose bar Petrus,2,0.0047,,,,,,,none,0,,Rebbi Yose bar Petrus
856,R' Binyamin bar Gidal,2,0.0047,,,,,,,none,0,,Rebbi Benjamin bar Gidal
857,R' Ḥanina from Sepphoris,2,0.0047,,,,,,,none,0,,Rebbi Ḥanina from Sepphoris
858,R' Ḥanina ben Beroqa,2,0.0047,,,,,,,none,0,,Rebbi Ḥanina ben Beroqa
859,Rav Bebai,2,0.0047,,,,,,,none,0,,Rav Bebai
860,R' Ḥalafta from Haifa,2,0.0047,,,,,,,none,0,,Rebbi Ḥalaphta from Haifa
861,R' Ḥizqyah,2,0.0047,,,,,,,none,0,,Rebbi Ḥizqyah
862,R' Abba bar Yirmeyah,2,0.0047,,,,,,,none,0,,Rebbi Abba bar Jeremiah
863,R' Shimon ben Azai,2,0.0047,,,,,,,none,0,,Rebbi Simeon ben Azai
864,R' Zera,2,0.0047,R' Zeira,668,0.9423,https://he.wikipedia.org/wiki/%D7%A8%D7%91%D7%99%20%D7%96%D7%99%D7%A8%D7%90,רבי זירא,Q7296294,fuzzy_edit,45,"lev=1 key=""zera""→""zeira""",Rebbi Zera
865,R' Ya'akov from Gebal,2,0.0047,,,,,,,none,0,,Rebbi Jacob from Gebal
866,R' Shmuel ben R' Yose ben R' Abun,2,0.0047,,,,,,,none,0,,Rebbi Samuel ben Rebbi Yose ben Rebbi Abun
867,Pashḥur ben Immer,2,0.0047,,,,,,,none,0,,Pashḥur ben Immer
868,R' Yose the Sidonian,2,0.0047,,,,,,,none,0,,Rebbi Yose the Sidonian
869,"R' Ḥananiah, the son of R' Hillel",2,0.0047,,,,,,,none,0,,"Rebbi Ḥananiah, the son of Rebbi Hillel"
870,R' Zevidah,2,0.0047,Rav Zevid,144,0.2031,https://he.wikipedia.org/wiki/%D7%A8%D7%91_%D7%96%D7%91%D7%99%D7%93_(%D7%94%D7%A9%D7%A0%D7%99),רב זביד (השני),Q7296295,fuzzy_edit,30,"lev=2 key=""zevidah""→""zevid""",Rebbi Zevidah
871,Gidul bar Miniamin,2,0.0047,,,,,,,none,0,,Gidul bar Miniamin
872,Yehudah ben Baba,2,0.0047,,,,,,,none,0,,Jehudah ben Baba
873,R' Naḥman ben Ya'akov,2,0.0047,,,,,,,none,0,,Rebbi Naḥman ben Jacob
874,Rav Ḥama,2,0.0047,Rav Ḥama,25,0.0353,,,,exact,100,,Rav Ḥama
875,R' Yehudah ben Ḥananiah,2,0.0047,,,,,,,none,0,,Rebbi Jehudah ben Ḥananiah
876,R' Radifa,2,0.0047,Ravina,756,1.0665,https://he.wikipedia.org/wiki/%D7%A8%D7%91%D7%99%D7%A0%D7%90,רבינא,Q1850885,fuzzy_edit,30,"lev=2 key=""radifa""→""ravina""",Rebbi Radifa
877,R' Ḥanina ben Akiva,2,0.0047,,,,,,,none,0,,Rebbi Ḥanina ben Aqiba
878,Yose ben Yo‘ezer from Tzereda,2,0.0047,,,,,,,none,0,,Yose ben Yo‘ezer from Ṣereda
879,R' Levi bar Ḥaita,2,0.0047,,,,,,,none,0,,Rebbi Levi bar Ḥaita
880,Bar Tapqan,2,0.0047,,,,,,,none,0,,Bar Tapqan
881,Rav Mattaniah,2,0.0047,Rav Mattana,108,0.1524,,,,fuzzy_edit,30,"lev=2 key=""mattaniah""→""mattana""",Rav Mattaniah
882,R' Reuben,2,0.0047,,,,,,,none,0,,Rebbi Reuben
883,Pappos ben Yehudah,2,0.0047,,,,,,,none,0,,Pappos ben Jehudah
884,Ben Barakhel,2,0.0047,,,,,,,none,0,,Ben Barakhel
885,Yose ben Yoezer from Tzereda,2,0.0047,,,,,,,none,0,,Yose ben Yoezer from Ṣereda
886,Yosef ben Yoḥanan from Jerusalem,2,0.0047,,,,,,,none,0,,Joseph ben Joḥanan from Jerusalem
887,Abba bar Rav Yirmeyah,2,0.0047,,,,,,,none,0,,Abba bar Rav Jeremiah
888,the house Gadia,2,0.0047,,,,,,,none,0,,the house Gadia
889,Yonatan ben Uzziel,2,0.0047,,,,,,,none,0,,Jonathan ben Uzziel
890,Bar Piqa,2,0.0047,,,,,,,none,0,,Bar Piqa
891,R' Nahorai,2,0.0047,R' Nehorai,23,0.0324,,,,fuzzy_edit,45,"lev=1 key=""nahorai""→""nehorai""",Rebbi Nahorai
892,R' Mamal,2,0.0047,,,,,,,none,0,,Rebbi Mamal
893,R' Abba the son of R' Ḥiyya,2,0.0047,"R' Abba, son of R' Ḥiyya bar Abba",16,0.0226,,,,token_subset,94,"key=""abba son of hiyya"" ⊆ bavli=""abba son of hiyya ben abba""",Rebbi Abba the son of Rebbi Ḥiyya
894,R' Abba bar Hamnuna,2,0.0047,,,,,,,none,0,,Rebbi Abba bar Hamnuna
895,Shaul ben Barukh,2,0.0047,,,,,,,none,0,,Shaul ben Barukh
896,R' Yossi,2,0.0047,,,,,,,none,0,,Rebbi Yossi
897,R' Yitzḥak bar Tevelai,2,0.0047,,,,,,,none,0,,Rebbi Isaac bar Tevelai
898,Alexander the Macedonian,2,0.0047,,,,,,,none,0,,Alexander the Macedonian
899,R' Shmuel ben Sosartai,2,0.0047,,,,,,,none,0,,Rebbi Samuel ben Sosartai
900,R' Bina,2,0.0047,,,,,,,none,0,,Rebbi Bina
901,R' Yoḥanan ben Matthew,2,0.0047,,,,,,,none,0,,Rebbi Joḥanan ben Matthew
902,Rav Naḥman bar Rav Yitzḥak,2,0.0047,Rav Naḥman bar Yitzḥak,457,0.6447,https://he.wikipedia.org/wiki/%D7%A8%D7%91_%D7%A0%D7%97%D7%9E%D7%9F_%D7%91%D7%A8_%D7%99%D7%A6%D7%97%D7%A7,רב נחמן בר יצחק,Q2124834,exact,100,,Rav Naḥman bar Rav Isaac
903,R' Mallukh,2,0.0047,,,,,,,none,0,,Rebbi Mallukh
904,R' Dositheos ben Yehudah,2,0.0047,,,,,,,none,0,,Rebbi Dositheos ben Jehudah
905,Yose ben Shimon,2,0.0047,,,,,,,none,0,,Yose ben Simeon
906,R' Nehemiah the Tanna,2,0.0047,,,,,,,none,0,,Rebbi Nehemiah the Tanna
907,R' Ḥanina the scribe,2,0.0047,,,,,,,none,0,,Rebbi Ḥanina the scribe
908,R' Nissai,2,0.0047,,,,,,,none,0,,Rebbi Nissai
909,R' Eumachos,2,0.0047,Sumakhos,100,0.1411,,,,fuzzy_edit,30,"lev=2 key=""eumachos""→""sumakhos""",Rebbi Eumachos
910,Yehoshua ben Ḥanania,2,0.0047,,,,,,,none,0,,Joshua ben Ḥanania
911,Ben Bagbag,2,0.0047,Ben Bag-Bag,22,0.0310,https://he.wikipedia.org/wiki/%D7%91%D7%9F_%D7%91%D7%92_%D7%91%D7%92,בן בג בג,Q16155143,exact,100,,Ben Bagbag
912,R' Shmuel ben Sosarta,2,0.0047,,,,,,,none,0,,Rebbi Samuel ben Sosarta
913,Ḥanania ben Shila,2,0.0047,,,,,,,none,0,,Ḥanania ben Shila
914,Yehoshua ben Nun,2,0.0047,,,,,,,none,0,,Joshua ben Nun
915,Yonah ben Amitai,2,0.0047,,,,,,,none,0,,Jonah ben Amitai
916,R' Yudan the Cappadocian,2,0.0047,,,,,,,none,0,,Rebbi Yudan the Cappadocian
917,Eliezer ben Hyrcanos,2,0.0047,,,,,,,none,0,,Eliezer ben Hyrcanos
918,Proclos ben Ploslos,2,0.0047,,,,,,,none,0,,Proclos ben Ploslos
919,R' Ḥanina bar Pappa,2,0.0047,R' Ḥanina bar Pappa,33,0.0466,,,,exact,100,,Rebbi Ḥanina bar Pappa
920,the father of R' Hoshaiah,2,0.0047,,,,,,,none,0,,the father of Rebbi Hoshaiah
921,Yitzḥak bar Yonatan,2,0.0047,,,,,,,none,0,,Isaac bar Jonathan
922,R' Yoḥanan from Kartzion,2,0.0047,,,,,,,none,0,,Rebbi Yoḥanan from Karẓion | Rebbi Joḥanan from Karṣion
923,Rav Yehudah bar Ezechiel,2,0.0047,,,,,,,none,0,,Rav Yehudah bar Ezechiel | Rav Jehudah bar Ezechiel
924,R' Tanḥum bar Illai,2,0.0047,,,,,,,none,0,,Rebbi Tanḥum bar Ilaї | Rebbi Tanḥum bar Illai
925,R' Aḥava ben R' Ze'ira,2,0.0047,,,,,,,none,0,,Rebbi Aḥava ben Rebbi Zeïra | Rebbi Aḥava ben Rebbi Zeˋira
926,R' Yehudah ben R',2,0.0047,,,,,,,none,0,,Rebbi Jehuda ben Rebbi | Rebbi Jehudah ben Rebbi
927,R' Yehudah ben Titus,2,0.0047,,,,,,,none,0,,Rebbi Jehudah ben Titus | Rebbi Judah ben Titus
928,R' Ḥizkiah from Acco,2,0.0047,,,,,,,none,0,,Rebbi Ḥizqiah from Acco | Rebbi Ḥizqiah (said) [from Acco]
929,Ben Qatin,2,0.0047,,,,,,,none,0,,Ben Qatin | Ben Qaṭin
930,R' Yose ben R' Ḥalafta,2,0.0047,,,,,,,none,0,,Rebbi Yose ben Rebbi Ḥalaphta | Rebbi Yose ben Rebbi Ḥalafta
931,R' Abba bar Natan,2,0.0047,,,,,,,none,0,,Rebbi Abba bar Nathan | Rebbi Abba bar Natan
932,R' Yehudah ben R' Abun,2,0.0047,,,,,,,none,0,,Rebbi Judah ben Rebbi Abun | Rebbi Jehudah ben Rebbi Abun
933,the Samaritans of Caesarea,2,0.0047,,,,,,,none,0,,The Samaritans of Caesarea | the Samaritans of Caesarea
934,R' Abba bar Pappus,1,0.0023,,,,,,,none,0,,Rebbi Abba bar Pappus
935,R' Ḥanina the Colleague of the Rabbis,1,0.0023,,,,,,,none,0,,Rebbi Ḥanina the Colleague of the Rabbis
936,R' Ḥanina bar Andrei,1,0.0023,,,,,,,none,0,,Rebbi Ḥanina bar Andrei
937,R' Shmuel ben Sotar,1,0.0023,,,,,,,none,0,,R. Samuel ben Soṭar
938,R' Elazar ben R' Menaḥem,1,0.0023,,,,,,,none,0,,Rebbi Eleazar ben Rebbi Menaḥem
939,R' Ze'ira the Tanna,1,0.0023,,,,,,,none,0,,Rebbi Zeïra the Tanna
940,the brother of Rav Ḥiyya bar Ashi,1,0.0023,,,,,,,none,0,,the brother of Rav Ḥiyya bar Ashi
941,R' Zabida the son of R' Ya'akov bar Zabdi,1,0.0023,,,,,,,none,0,,Rebbi Zabida the son of Rebbi Jacob bar Zabdi
942,Shimon ben Abba,1,0.0023,,,,,,,none,0,,Simeon ben Abba
943,"R' Ḥananiah, the son of R' Ada",1,0.0023,,,,,,,none,0,,"Rebbi Ḥananiah, the son of Rebbi Ada"
944,R' Tanḥum the son of R' Ḥiyya,1,0.0023,,,,,,,none,0,,Rebbi Tanḥum the son of Rebbi Ḥiyya
945,R' Yose bar R' Abin,1,0.0023,,,,,,,none,0,,Rebbi Yose bar Rebbi Abin
946,R' Nachman,1,0.0023,Rav Naḥman,1365,1.9255,https://he.wikipedia.org/wiki/%D7%A8%D7%91_%D7%A0%D7%97%D7%9E%D7%9F,רב נחמן,Q2124832,fuzzy_edit,45,"lev=1 key=""nachman""→""nahman""",Rebbi Nachman
947,R' Yehudah bar Zebida,1,0.0023,,,,,,,none,0,,Rebbi Yehudah bar Zebida
948,R' Ayvu,1,0.0023,,,,,,,none,0,,Rebbi Ayvu
949,R' Elazar bar Avina,1,0.0023,,,,,,,none,0,,Rebbi Eleazar bar Avina
950,R' Ḥalafta ben Shaül,1,0.0023,,,,,,,none,0,,Rebbi Ḥalaphta ben Shaül
951,R' Shmuel bar Inia,1,0.0023,,,,,,,none,0,,Rebbi Samuel bar Inia
952,"R' Elazar, the son of R' Yose",1,0.0023,"R' Elazar, son of R' Yosei",22,0.0310,,,,exact,100,,"Rebbi Eleazar, the son of Rebbi Yose"
953,R' Aḥiyya ben R' Ze'ira,1,0.0023,,,,,,,none,0,,Rebbi Aḥiyya ben Rebbi Zeïra
954,R' Abba ben R' Aḥa,1,0.0023,,,,,,,none,0,,Rebbi Abba ben Rebbi Aḥa
955,R' Uri,1,0.0023,,,,,,,none,0,,Rebbi Uri
956,Symmachos bar Yosef,1,0.0023,,,,,,,none,0,,Symmachos bar Joseph
957,R' Shimon ben Jehozadak,1,0.0023,,,,,,,none,0,,Rebbi Simeon ben Jehozadak
958,R' Zeiïa,1,0.0023,R' Zeira,668,0.9423,https://he.wikipedia.org/wiki/%D7%A8%D7%91%D7%99%20%D7%96%D7%99%D7%A8%D7%90,רבי זירא,Q7296294,fuzzy_edit,45,"lev=1 key=""zeiia""→""zeira""",Rebbi Zeiïa
959,R' Ḥanina bar Pappai,1,0.0023,,,,,,,none,0,,Rebbi Ḥanina bar Pappai
960,Yehoshua ben Qorḥah,1,0.0023,,,,,,,none,0,,Joshua ben Qorḥah
961,R' Ya'akov ben R' Idi,1,0.0023,,,,,,,none,0,,Rebbi Jacob ben Rebbi Idi
962,Abba bar Jeremiah,1,0.0023,,,,,,,none,0,,(Rebbi) Abba [bar Jeremiah]
963,Elisha of the bird’s wings,1,0.0023,,,,,,,none,0,,Elisha of the bird’s wings
964,R' Shimon bar Yose bar Laqonia,1,0.0023,,,,,,,none,0,,Rebbi Simeon bar Yose bar Laqonia
965,Rabbi Ḥanina,1,0.0023,R' Ḥanina,392,0.5530,https://he.wikipedia.org/wiki/%D7%A8%D7%91%D7%99_%D7%97%D7%A0%D7%99%D7%A0%D7%90_%D7%91%D7%A8_%D7%97%D7%9E%D7%90,רבי חנינא בר חמא,Q1062209,exact,100,,Rabbi Ḥanina
966,R' Shmuel bar Ḥanina,1,0.0023,,,,,,,none,0,,Rebbi Samuel bar Ḥanina
967,Rav Naḥman bar Ada,1,0.0023,,,,,,,none,0,,Rav Naḥman bar Ada
968,Rabbis,1,0.0023,R',1908,2.6915,https://he.wikipedia.org/wiki/%D7%A8%D7%91%D7%99_%D7%99%D7%94%D7%95%D7%93%D7%94_%D7%94%D7%A0%D7%A9%D7%99%D7%90,רבי יהודה הנשיא,Q380427,fuzzy_edit,45,"lev=1 key=""rabbis""→""rabbi""",Rebbis say
969,"R' Yudan, the son of R' Aivu",1,0.0023,,,,,,,none,0,,"Rebbi Yudan, the son of Rebbi Aivu"
970,Ḥanina the son of R' Abbahu,1,0.0023,,,,,,,none,0,,Ḥanina the son of Rebbi Abbahu
971,R' Yudan the son of R' Aivu,1,0.0023,,,,,,,none,0,,Rebbi Yudan the son of Rebbi Aivu
972,R' Aḥa the Great,1,0.0023,,,,,,,none,0,,the great Rebbi Aḥa
973,R' Elazar the son of R' Yannai,1,0.0023,,,,,,,none,0,,Rebbi Eleazar the son of Rebbi Yannai
974,R' Ya'akov bar Savdi,1,0.0023,,,,,,,none,0,,Rebbi Jacob bar Savdi
975,Rav Yitzḥak bar Rav Meshirshia,1,0.0023,,,,,,,none,0,,Rav Isaac bar Rav Meshirshia
976,Binyamin from Ginzak,1,0.0023,,,,,,,none,0,,Benjamin from Ginzak
977,R' Shmuel the Cappadocian,1,0.0023,,,,,,,none,0,,Rebbi Samuel the Cappadocian
978,father of R' Oshaya,1,0.0023,,,,,,,none,0,,father of Rebbi Oshaya
979,R' Abun bar R' Ḥiyya,1,0.0023,,,,,,,none,0,,Rebbi Abun bar Rebbi Ḥiyya
980,R' Yehudah ben Pappos,1,0.0023,,,,,,,none,0,,Rebbi Yehudah ben Pappos
981,R' Yassa,1,0.0023,,,,,,,none,0,,Rebbi Yassa
982,father-in-law of R' Yannai the younger,1,0.0023,,,,,,,none,0,,The father-in-law of Rebbi Yannai the younger
983,R' Nehemiah the son of R' Ḥiyya bar Abba,1,0.0023,"R' Abba, son of R' Ḥiyya bar Abba",16,0.0226,,,,token_subset,95,"key=""nehemiah son of hiyya ben abba"" ⊆ bavli=""abba son of hiyya ben abba""",Rebbi Nehemiah the son of Rebbi Ḥiyya bar Abba
984,Gedilah,1,0.0023,,,,,,,none,0,,Gedilah
985,king Diocletian,1,0.0023,,,,,,,none,0,,king Diocletian
986,R' Yasa bar Ḥanina,1,0.0023,,,,,,,none,0,,Rebbi Yasa bar Ḥanina
987,R' Yose bar Nahoraï,1,0.0023,,,,,,,none,0,,Rebbi Yose bar Nahoraï
988,R' Elazar bar Shimon,1,0.0023,,,,,,,none,0,,Rebbi Eleazar bar Simeon
989,Tanḥum ben R' Ḥiyya,1,0.0023,,,,,,,none,0,,Tanḥum ben Rebbi Ḥiyya
990,"R' Zevadiah, the son of R' Ya'akov bar Zavdi",1,0.0023,,,,,,,none,0,,"Rebbi Zevadiah, the son of Rebbi Jacob bar Zavdi"
991,R' Binyamin ben Yephet,1,0.0023,,,,,,,none,0,,Rebbi Benjamin ben Yephet
992,R' Shmuel bar Ḥalafta,1,0.0023,,,,,,,none,0,,Rebbi Samuel bar Ḥalaphta
993,R' Natan bar Tobi,1,0.0023,,,,,,,none,0,,Rebbi Nathan bar Ṭobi
994,"R' Abba, the son of R' Pappai",1,0.0023,,,,,,,none,0,,"Rebbi Abba, the son of Rebbi Pappai"
995,R' Yudan the Kappadokian,1,0.0023,,,,,,,none,0,,Rebbi Yudan the Kappadokian
996,R' Neḥoniah ben Haqqanah,1,0.0023,,,,,,,none,0,,Rebbi Neḥoniah ben Haqqanah
997,R' Yudan Antoraya,1,0.0023,,,,,,,none,0,,Rebbi Yudan Antoraya
998,R' Tanḥum bar Ḥanina,1,0.0023,,,,,,,none,0,,Rebbi Tanḥum bar Ḥanina
999,R' Avdimi from Ḥaifa,1,0.0023,,,,,,,none,0,,Rebbi Eudaimon from Ḥaifa
1000,R' Ḥananiah bar Pappus,1,0.0023,,,,,,,none,0,,Rebbi Ḥananiah bar Pappus
1001,R' Aḥava the son of R' Ze'ira,1,0.0023,,,,,,,none,0,,Rebbi Aḥawa the son of Rebbi Zeïra
1002,"R' Yudan, the son of R' Ayvu",1,0.0023,,,,,,,none,0,,"Rebbi Yudan, the son of Rebbi Ayvu"
1003,R' Ḥanina from Ein,1,0.0023,,,,,,,none,0,,Rebbi Ḥanina from Ein
1004,the son of Beör,1,0.0023,,,,,,,none,0,,the son of Beör
1005,R' Tanḥuma from Edreï,1,0.0023,,,,,,,none,0,,Rebbi Tanḥuma from Edreï
1006,R' Tanḥum from Edreï,1,0.0023,,,,,,,none,0,,Rebbi Tanḥum from Edreï
1007,R' Elazar ben R' Hoshaiah,1,0.0023,,,,,,,none,0,,Rebbi Eleazar ben Rebbi Hoshaiah
1008,ben R' Simai,1,0.0023,,,,,,,none,0,,ben Rebbi Simai
1009,R' Yehudah ben Pazy,1,0.0023,,,,,,,none,0,,Rebbi Judah ben Pazy
1010,R' Tanḥuma ben R' Ḥiyya,1,0.0023,,,,,,,none,0,,Rebbi Tanḥuma ben Rebbi Ḥiyya
1011,Abbaye ben R' Binyamin,1,0.0023,,,,,,,none,0,,Abbaye ben Rebbi Benjamin
1012,the son of Rabban,1,0.0023,,,,,,,none,0,,the son of Rabban
1013,R' Shmuel ben R' Naḥmani,1,0.0023,R' Shmuel bar Naḥmani,136,0.1918,,,,exact,100,,Rebbi Samuel ben Rebbi Naḥmani
1014,R' Ḥiyya bar Pappus,1,0.0023,,,,,,,none,0,,Rebbi Ḥiyya bar Pappus
1015,R' Yitzḥak bar Mari,1,0.0023,,,,,,,none,0,,Rebbi Isaac bar Mari
1016,Kahana bar Malkiah,1,0.0023,,,,,,,none,0,,Cahana bar Malkiah
1017,Bar Marina,1,0.0023,,,,,,,none,0,,Bar Marina
1018,R' Yitzḥak the Great,1,0.0023,,,,,,,none,0,,the great Rebbi Isaac
1019,Rav Ḥaggai,1,0.0023,,,,,,,none,0,,Rav Ḥaggai
1020,R' Ḥanina bar Sisai,1,0.0023,,,,,,,none,0,,Rebbi Ḥanina bar Sisai
1021,"R' Abba, the son of R' Ḥaggai",1,0.0023,,,,,,,none,0,,"Rebbi Abba, the son of Rebbi Ḥaggai"
1022,Yitzḥak bar Abba from Meḥasiah,1,0.0023,,,,,,,none,0,,Isaac bar Abba from Meḥasiah
1023,R' Thaddeus,1,0.0023,,,,,,,none,0,,Rebbi Thaddeus
1024,R' Yitzḥak ben Elyashib,1,0.0023,,,,,,,none,0,,Rebbi Isaac ben Elyashib
1025,Rav Ḥanan,1,0.0023,R' Ḥanan,14,0.0197,,,,exact,100,,Rav Ḥanan
1026,Aninia bar Sisai,1,0.0023,,,,,,,none,0,,Aninia bar Sisai
1027,Rav Shmuel bar Shilat,1,0.0023,,,,,,,none,0,,Rav Samuel bar Shilat
1028,R' Jose the Galilean,1,0.0023,,,,,,,none,0,,Rebbi Jose the Galilean
1029,Rav Hiyya bar Ashi,1,0.0023,R' Ḥiyya bar Ashi,14,0.0197,,,,exact,100,,Rav Hiyya bar Ashi
1030,R' Yosi,1,0.0023,R' Yosei,1592,2.2458,https://he.wikipedia.org/wiki/%D7%A8%D7%91%D7%99%20%D7%99%D7%95%D7%A1%D7%99,רבי יוסי,Q982075,fuzzy_edit,45,"lev=1 key=""yosi""→""yose""",Rebbi Yosi
1031,R' Elazar bar Yosef,1,0.0023,,,,,,,none,0,,Rebbi Eleazar bar Joseph
1032,R' Vivan,1,0.0023,,,,,,,none,0,,Rebbi Vivan
1033,"R' Elazar, the son of R' Tzadoq",1,0.0023,,,,,,,none,0,,"Rebbi Eleazar, the son of Rebbi Ẓadoq"
1034,ben Shimon,1,0.0023,,,,,,,none,0,,ben Simon
1035,Bar Nazira,1,0.0023,,,,,,,none,0,,Bar Nazira
1036,"R' Ze'ira, the son of R' Abbahu",1,0.0023,,,,,,,none,0,,"Rebbi Zeïra, the son of Rebbi Abbahu"
1037,"R' Yehudah, the son of R' Shimon",1,0.0023,"R' Shimon, son of R'",32,0.0451,,,,token_subset,93,"key=""yehuda son of shimon"" ⊆ bavli=""shimon son of""","Rebbi Yehudah, the son of Rebbi Simon"
1038,R' Oshaia,1,0.0023,Rav Oshaya,55,0.0776,https://he.wikipedia.org/wiki/%D7%A8%D7%91_%D7%90%D7%95%D7%A9%D7%A2%D7%99%D7%90,רב אושעיא,Q5907959,fuzzy_edit,45,"lev=1 key=""oshaia""→""oshaya""",Rebbi Oshaia
1039,R' Yehudah bar Shimon,1,0.0023,,,,,,,none,0,,Rebbi Yehudah bar Simon
1040,R' Eviathar,1,0.0023,,,,,,,none,0,,Rebbi Eviathar
1041,"R' Ze'ira, son of R' Abbahu",1,0.0023,,,,,,,none,0,,"Rebbi Zeīra, son of Rebbi Abbahu"
1042,"R' Yose, son of R' Abun",1,0.0023,,,,,,,none,0,,"Rebbi Yose, son of Rebbi Abun"
1043,ben Zoma,1,0.0023,Ben Zoma,25,0.0353,https://he.wikipedia.org/wiki/%D7%91%D7%9F_%D7%96%D7%95%D7%9E%D7%90,בן זומא,Q816598,exact,100,,ben Zoma
1044,R' Yudan ben Shalom,1,0.0023,,,,,,,none,0,,Rebbi Yudan ben Shalom
1045,ben Mosheh,1,0.0023,,,,,,,none,0,,ben Mosheh
1046,ben Manasseh,1,0.0023,,,,,,,none,0,,ben Manasseh
1047,R' Yose bar Nahorai,1,0.0023,,,,,,,none,0,,Rebbi Yose bar Nahorai
1048,R' Lewi,1,0.0023,Levi,213,0.3005,https://he.wikipedia.org/wiki/%D7%9C%D7%95%D7%99_%D7%91%D7%A8_%D7%A1%D7%99%D7%A1%D7%99,לוי בר סיסי,Q2897998,fuzzy_edit,45,"lev=1 key=""lewi""→""levi""",Rebbi Lewi
1049,R' Yannai ben Yishmael,1,0.0023,,,,,,,none,0,,Rebbi Yannai ben Ismael
1050,R' Yishmael ben Elazar,1,0.0023,,,,,,,none,0,,Rebbi Ismael ben Eleazar
1051,father of R' Abba,1,0.0023,,,,,,,none,0,,father of Rebbi Abba
1052,Yose ben Nehorai,1,0.0023,,,,,,,none,0,,Yose ben Nehorai
1053,R' Tanḥuma ben Yehudah,1,0.0023,,,,,,,none,0,,Rebbi Tanḥuma ben Yehudah
1054,R' Yudan bar Pelaya,1,0.0023,,,,,,,none,0,,Rebbi Yudan bar Pelaya
1055,Shimon ben Azai,1,0.0023,,,,,,,none,0,,Simeon ben Azai
1056,R' Chelbo,1,0.0023,R' Ḥelbo,35,0.0494,,,,fuzzy_edit,45,"lev=1 key=""chelbo""→""helbo""",Rebbi Chelbo
1057,R' Abba bar Illai,1,0.0023,,,,,,,none,0,,Rebbi Abba bar Ilaï
1058,R' Yose ben Gezirah,1,0.0023,,,,,,,none,0,,Rebbi Yose ben Gezirah
1059,Rav Ḥabiba,1,0.0023,Rabba,969,1.3669,https://he.wikipedia.org/wiki/%D7%A8%D7%91%D7%94_%D7%91%D7%A8_%D7%A0%D7%97%D7%9E%D7%A0%D7%99,רבה בר נחמני,Q360557,fuzzy_edit,30,"lev=2 key=""habiba""→""rabba""",Rav Ḥabiba
1060,R' Yeshebab,1,0.0023,R' Yeshevav,13,0.0183,,,,fuzzy_edit,30,"lev=2 key=""yeshebab""→""yeshevav""",Rebbi Yeshebab
1061,Bezalel ben Uri,1,0.0023,,,,,,,none,0,,Bezalel ben Uri
1062,R' Yohanan bar Maria,1,0.0023,,,,,,,none,0,,Rebbi Johanan bar Maria
1063,father of R' Abba bar Mari,1,0.0023,,,,,,,none,0,,father of Rebbi Abba bar Mari
1064,Bar Ḥovez,1,0.0023,,,,,,,none,0,,Bar Ḥovez
1065,R' Nehemiaḥ bar Ukban,1,0.0023,,,,,,,none,0,,Rebbi Nehemiaḥ bar Uqban
1066,R' Hanan,1,0.0023,R' Ḥanan,14,0.0197,,,,exact,100,,Rebbi Hanan
1067,the father of R' Shimon,1,0.0023,,,,,,,none,0,,the father of Rebbi Simeon
1068,R' Shimon from Mitzpah,1,0.0023,,,,,,,none,0,,Rebbi Simeon from Miẓpah
1069,Naḥum the scribe,1,0.0023,,,,,,,none,0,,Naḥum the scribe
1070,R' Hoshaya ben Shammai,1,0.0023,,,,,,,none,0,,Rebbi Hoshaia ben Shammai
1071,R' Yudan bar Pazi from Bar,1,0.0023,,,,,,,none,0,,R. Judan bar Pazi from Bar
1072,R' Gurin,1,0.0023,,,,,,,none,0,,Rebbi Gurin
1073,Rav Taḥlifa,1,0.0023,,,,,,,none,0,,Rav Taḥlifa
1074,R' Abbahu bar Naggari,1,0.0023,,,,,,,none,0,,Rebbi Abbahu bar Naggari
1075,R' Avinah,1,0.0023,R' Avina,16,0.0226,,,,fuzzy_edit,45,"lev=1 key=""avinah""→""avina""",Rebbi Avinah
1076,Rav Periri,1,0.0023,,,,,,,none,0,,Rav Periri
1077,R' Eleazer from the South,1,0.0023,,,,,,,none,0,,Rebbi Eleazer from the South
1078,R' Abba bar Abba bar Mamal,1,0.0023,,,,,,,none,0,,Rebbi Abba bar Abba bar Mamal
1079,the father of Rabbi Oshaia,1,0.0023,,,,,,,none,0,,the father of Rabbi Oshaia
1080,R' Ḥinena bar Pappai,1,0.0023,,,,,,,none,0,,Rebbi Ḥinena bar Pappai
1081,"R' Shimon, the son of R' Abba",1,0.0023,"R' Shimon, son of R'",32,0.0451,,,,token_subset,93,"key=""shimon son of abba"" ⊆ bavli=""shimon son of""","Rebbi Simeon, the son of Rebbi Abba"
1082,R' Neḥumai,1,0.0023,R' Nehorai,23,0.0324,,,,fuzzy_edit,30,"lev=2 key=""nehumai""→""nehorai""",Rebbi Neḥumai
1083,R' Ya'akov bar Aḥa bar Idi,1,0.0023,,,,,,,none,0,,Rebbi Jacob bar Aḥa bar Idi
1084,R' Alexander from Tzedoqa,1,0.0023,,,,,,,none,0,,Rebbi Alexander from Ẓedoqa
1085,Yehoshua ben Zeruz,1,0.0023,,,,,,,none,0,,Joshua ben Zeruz
1086,R' Yose of Kefar,1,0.0023,,,,,,,none,0,,Rebbi Yose of Kefar
1087,R' Shimon ben Zachariah,1,0.0023,,,,,,,none,0,,Rebbi Simeon ben Zachariah
1088,Ḥananiah ben Shmuel,1,0.0023,,,,,,,none,0,,Ḥananiah ben Samuel
1089,Ḥiyya ben R' Abun,1,0.0023,,,,,,,none,0,,Ḥiyya ben Rebbi Abun
1090,R' Shimon from Carsan,1,0.0023,,,,,,,none,0,,Rebbi Simeon from Carsan
1091,R' Taypha the Red,1,0.0023,,,,,,,none,0,,Rebbi Taypha the Red
1092,R' Ḥiyya bar Abin,1,0.0023,,,,,,,none,0,,Rebbi Ḥiyya bar Abin
1093,Bar Ḥaqulah,1,0.0023,,,,,,,none,0,,Bar Ḥaqulah
1094,R' Abba bar Huna,1,0.0023,,,,,,,none,0,,Rebbi Abba bar Huna
1095,R' Elazar ben Yehudah from Bartota,1,0.0023,,,,,,,none,0,,Rebbi Eleazar ben Jehudah from Bartota
1096,"R' Abba, son of R' Ḥiyya",1,0.0023,"R' Abba, son of R' Ḥiyya bar Abba",16,0.0226,,,,token_subset,94,"key=""abba son of hiyya"" ⊆ bavli=""abba son of hiyya ben abba""","Rebbi Abba, son of Rebbi Ḥiyya"
1097,"R' Ḥanina, the son of R' Abbahu",1,0.0023,,,,,,,none,0,,"Rebbi Ḥanina, the son of Rebbi Abbahu"
1098,the father of R' Mattania,1,0.0023,,,,,,,none,0,,the father of Rebbi Mattania
1099,R' Levinti,1,0.0023,,,,,,,none,0,,Rebbi Levinti
1100,R' Dositheos the son of R' Yannai,1,0.0023,,,,,,,none,0,,Rebbi Dositheos the son of Rebbi Yannai
1101,R' Yudan bar Menasheh,1,0.0023,,,,,,,none,0,,Rebbi Yudan bar Menasheh
1102,the son of R' Avi,1,0.0023,,,,,,,none,0,,the son of Rebbi Avi
1103,Abba Yose ben Yoḥanan from Yanoaḥ,1,0.0023,,,,,,,none,0,,Abba Yose ben Joḥanan from Yanoaḥ
1104,R' Gamliel,1,0.0023,Rabban Gamliel,406,0.5727,https://he.wikipedia.org/wiki/%D7%A8%D7%91%D7%9F_%D7%92%D7%9E%D7%9C%D7%99%D7%90%D7%9C_%D7%94%D7%96%D7%A7%D7%9F,רבן גמליאל הזקן,Q310584,exact,100,,Rebbi Gamliel
1105,R' Shmuel bar Abin,1,0.0023,,,,,,,none,0,,Rebbi Samuel bar Abin
1106,R' Yose bar Zemina,1,0.0023,,,,,,,none,0,,Rebbi Yose bar Zemina
1107,R' Yose ben Zabida,1,0.0023,,,,,,,none,0,,Rebbi Yose ben Zabida
1108,R' Ḥinena bar Papa,1,0.0023,,,,,,,none,0,,Rebbi Ḥinena bar Papa
1109,R' Yishmael from Kefar,1,0.0023,,,,,,,none,0,,Rebbi Ismael from Kefar
1110,R' Hoshiah bar Shammai,1,0.0023,,,,,,,none,0,,Rebbi Hoshiah bar Shammai
1111,brother of R' Yose,1,0.0023,,,,,,,none,0,,brother of Rebbi Yose
1112,R' Yose the son of R' Abun,1,0.0023,,,,,,,none,0,,Rebbi Yose the son of Rebbi Abun
1113,Issi ben Akavia,1,0.0023,,,,,,,none,0,,Issi ben Aqabia
1114,R' Eliezer ben R' Yose,1,0.0023,,,,,,,none,0,,Rebbi Eliezer ben Rebbi Yose
1115,R' Ḥiyya from Biria,1,0.0023,,,,,,,none,0,,Rebbi Ḥiyya from Biria
1116,Bar Rishon,1,0.0023,,,,,,,none,0,,Bar Rishon
1117,The father of Rav Safra,1,0.0023,,,,,,,none,0,,The father of Rav Safra
1118,R' Abba bar Zabdi,1,0.0023,,,,,,,none,0,,Rebbi Abba bar Zabdi
1119,father of R' Hoshaya,1,0.0023,,,,,,,none,0,,father of Rebbi Hoshaia
1120,R' Yose ben Kippar,1,0.0023,,,,,,,none,0,,Rebbi Yose ben Kippar
1121,R' Elazar ben Shammua‘,1,0.0023,,,,,,,none,0,,Rebbi Eleazar ben Shammua‘
1122,R' Yaakov bar Zavdi,1,0.0023,,,,,,,none,0,,Rebbi Yaakov bar Zavdi
1123,R' Yudan bar Guria,1,0.0023,,,,,,,none,0,,Rebbi Yudan bar Guria
1124,R' Yose bar Zimra,1,0.0023,,,,,,,none,0,,Rebbi Yose bar Zimra
1125,R' Shimon bar Zevida,1,0.0023,,,,,,,none,0,,Rebbi Simeon bar Zevida
1126,Qish the son of Abi’el,1,0.0023,,,,,,,none,0,,Qish the son of Abi’el
1127,R' Yosah,1,0.0023,,,,,,,none,0,,Rebbi Yosah
1128,R' Yudan bar Pedaiah,1,0.0023,,,,,,,none,0,,Rebbi Yudan bar Pedaiah
1129,R' Tanḥum ben Ḥiyya,1,0.0023,,,,,,,none,0,,Rebbi Tanḥum ben Ḥiyya
1130,Bar Sangura,1,0.0023,,,,,,,none,0,,Bar Sangura
1131,R' Shmuel ben Rabbi Yitzḥak,1,0.0023,R' Shmuel bar Rav Yitzḥak,20,0.0282,,,,exact,100,,Rebbi Samuel ben Rabbi Isaac
1132,R' Eviatar from Dama,1,0.0023,,,,,,,none,0,,Rebbi Eviatar from Dama
1133,R' Onias from Ḥauran,1,0.0023,,,,,,,none,0,,Rebbi Onias from Ḥauran
1134,Abba bar Binyamin,1,0.0023,,,,,,,none,0,,Abba bar Benjamin
1135,R' Yehoshaiah,1,0.0023,,,,,,,none,0,,Rebbi Yehoshaiah
1136,R' Vardimos,1,0.0023,,,,,,,none,0,,Rebbi Vardimos
1137,R' Abba Bar Zemina,1,0.0023,,,,,,,none,0,,Rebbi Abba Bar Zemina
1138,bar Yoḥai,1,0.0023,,,,,,,none,0,,bar Ioḥai
1139,R' Yitzḥak bar Redifah,1,0.0023,,,,,,,none,0,,Rebbi Isaac bar Redifah
1140,R' Issa,1,0.0023,,,,,,,none,0,,Rebbi Issa
1141,Abba bar Avin,1,0.0023,,,,,,,none,0,,Abba bar Avin
1142,Eliezer ben Gimel,1,0.0023,,,,,,,none,0,,Eliezer ben Gimel
1143,R' Yoshia the son of R' Yannai,1,0.0023,,,,,,,none,0,,Rebbi Joshia the son of Rebbi Yannai
1144,Bar Patti,1,0.0023,,,,,,,none,0,,Bar Patti
1145,R' Abba bar Ya'akov bar Idi,1,0.0023,,,,,,,none,0,,Rebbi Abba bar Jacob bar Idi
1146,R' Hoshaya bar Shammai,1,0.0023,,,,,,,none,0,,Rebbi Hoshaia bar Shammai
1147,R' Levi bar Ḥina,1,0.0023,,,,,,,none,0,,Rebbi Levi bar Ḥina
1148,R' Ḥanina bar Issi,1,0.0023,,,,,,,none,0,,Rebbi Ḥanina bar Issi
1149,R' Ḥinena the son of R' Hillel,1,0.0023,,,,,,,none,0,,Rebbi Ḥinena the son of Rebbi Hillel
1150,R' Yehudah bar Ḥanina,1,0.0023,,,,,,,none,0,,Rebbi Jehudah bar Ḥanina
1151,Rabbi Abin,1,0.0023,R' Avin,78,0.1100,,,,fuzzy_edit,45,"lev=1 key=""abin""→""avin""",Rabbi Abin
1152,Neḥoniah ben Haqanah,1,0.0023,,,,,,,none,0,,Neḥoniah ben Haqanah
1153,R' Ya'akov ben Zavdi,1,0.0023,,,,,,,none,0,,Rebbi Jacob ben Zavdi
1154,R' Ḥiyya bar Titus,1,0.0023,,,,,,,none,0,,Rebbi Ḥiyya bar Titus
1155,Bar Netoza,1,0.0023,,,,,,,none,0,,Bar Neṭoza
1156,R' Yishmael the son of R' Yoḥanan ben Nuri,1,0.0023,,,,,,,none,0,,Rebbi Ismael the son of Rebbi Joḥanan ben Nuri
1157,R' Shmuel bar Berekhiah,1,0.0023,,,,,,,none,0,,Rebbi Samuel bar Berekhiah
1158,Ulla bar Qoshav,1,0.0023,,,,,,,none,0,,Ulla bar Qoshav
1159,Zeir bar Ḥinena,1,0.0023,,,,,,,none,0,,Zeir bar Ḥinena
1160,Queen Zenobia,1,0.0023,,,,,,,none,0,,Queen Zenobia
1161,Zeïr bar Ḥinena,1,0.0023,,,,,,,none,0,,Zeїr bar Ḥinena
1162,Ada bar Gershon,1,0.0023,,,,,,,none,0,,Ada bar Gershon
1163,R' Birai,1,0.0023,,,,,,,none,0,,Rebbi Birai
1164,R' Levi bar Plautus,1,0.0023,,,,,,,none,0,,Rebbi Levi bar Plautus
1165,Rabban Gamliel ben Rabbi,1,0.0023,,,,,,,none,0,,Rabban Gamliel ben Rabbi
1166,the son of R' Yitzḥak,1,0.0023,"Rav Yitzḥak, son of Rav Yehuda",15,0.0212,,,,token_subset,93,"key=""son of yitzhak"" ⊆ bavli=""yitzhak son of yehuda""",the son of Rebbi Isaac
1167,R' Mana ben R' Tanḥum,1,0.0023,,,,,,,none,0,,Rebbi Mana ben Rebbi Tanḥum
1168,R' Yoḥanan bar Maria,1,0.0023,,,,,,,none,0,,Rebbi Joḥanan bar Maria
1169,Yehudah ben Keni,1,0.0023,,,,,,,none,0,,Jehudah ben Keni
1170,R' Paregoros from Caesarea,1,0.0023,,,,,,,none,0,,Rebbi Paregoros from Caesarea
1171,R' Eliezer ben R' Yishmael,1,0.0023,,,,,,,none,0,,Rebbi Eliezer ben Rebbi Ismael
1172,"R' Yudan, the son of R' Yose ben Ḥanina",1,0.0023,,,,,,,none,0,,"Rebbi Yudan, the son of Rebbi Yose ben Ḥanina"
1173,Issy ben Yehudah,1,0.0023,,,,,,,none,0,,Issy ben Jehudah
1174,R' Tanḥum bar Marion,1,0.0023,,,,,,,none,0,,Rebbi Tanḥum bar Marion
1175,R' Shimon ben Barsana,1,0.0023,,,,,,,none,0,,Rebbi Simeon ben Barsana
1176,Yonatan ben Ḥarasha from Genezareth,1,0.0023,,,,,,,none,0,,Jonathan ben Ḥarasha from Genezareth
1177,R' Shimon the Pious,1,0.0023,,,,,,,none,0,,Rebbi Simeon the Pious
1178,Nehorai bar Shania,1,0.0023,,,,,,,none,0,,Nehorai bar Shania
1179,The people of Sepphoris,1,0.0023,,,,,,,none,0,,The people of Sepphoris
1180,R' Ya'akov ben Sisin,1,0.0023,,,,,,,none,0,,Rebbi Jacob ben Sisin
1181,Ḥananiah the son of R' Yasa,1,0.0023,,,,,,,none,0,,Ḥananiah the son of Rebbi Yasa
1182,Issy ben Aqabiah,1,0.0023,,,,,,,none,0,,Issy ben Aqabiah
1183,Ulla ben R' Yishmael,1,0.0023,,,,,,,none,0,,Ulla ben Rebbi Ismael
1184,R' Ya'akov ben Idi,1,0.0023,,,,,,,none,0,,Rebbi Jacob ben Idi
1185,R' Ulla ben R' Yishmael,1,0.0023,,,,,,,none,0,,Rebbi Ulla ben Rebbi Ismael
1186,Huna bar Ḥinena,1,0.0023,,,,,,,none,0,,Huna bar Ḥinena
1187,Rav Taḥlifa bar Immi,1,0.0023,,,,,,,none,0,,Rav Taḥlifa bar Immi
1188,R' Ḥanina bar Papa,1,0.0023,,,,,,,none,0,,Rebbi Ḥanina bar Papa
1189,Menaḥem ben Maximus,1,0.0023,,,,,,,none,0,,Menaḥem ben Maximus
1190,Ben Vivian,1,0.0023,,,,,,,none,0,,Ben Vivian
1191,R' Yitzḥak ben Eliashiv,1,0.0023,,,,,,,none,0,,Rebbi Isaac ben Eliashiv
1192,Ḥanina ben Haḵiniah,1,0.0023,,,,,,,none,0,,Ḥanina ben Haḵiniah
1193,R' Elazar ben Mathia,1,0.0023,,,,,,,none,0,,Rebbi Eleazar ben Mathia
1194,R' Yose ben Hameshullam,1,0.0023,R' Yosei ben HaMeshullam,22,0.0310,,,,exact,100,,Rebbi Yose ben Hameshullam
1195,R' Shimon ben Menasiah,1,0.0023,,,,,,,none,0,,Rebbi Simeon ben Menasiah
1196,Abba Ḥilfai,1,0.0023,,,,,,,none,0,,Abba Ḥilfai
1197,R' Yudan bar Gadya,1,0.0023,,,,,,,none,0,,Rebbi Yudan bar Gadya
1198,R' Yose ben R' Shimon,1,0.0023,,,,,,,none,0,,Rebbi Yose ben Rebbi Simon
1199,R' Inaya bar Sisai,1,0.0023,,,,,,,none,0,,Rebbi Inaya bar Sisai
1200,R' Abun bar Kohen,1,0.0023,,,,,,,none,0,,Rebbi Abun bar Cohen
1201,R' Binjamin bar Gidul,1,0.0023,,,,,,,none,0,,Rebbi Binjamin bar Gidul
1202,R' Huna bar Aḥa,1,0.0023,,,,,,,none,0,,Rebbi Huna bar Aḥa
1203,R' Alexandros,1,0.0023,R' Alexandri,16,0.0226,,,,fuzzy_edit,30,"lev=2 key=""alexandros""→""alexandri""",Rebbi Alexandros
1204,Mar Zutra,1,0.0023,Mar Zutra,172,0.2426,https://he.wikipedia.org/wiki/%D7%9E%D7%A8_%D7%96%D7%95%D7%98%D7%A8%D7%90,מר זוטרא,Q1892187,exact,100,,Mar Zuṭra
1205,Yehudah ben Patora,1,0.0023,,,,,,,none,0,,Judah ben Patora
1206,ben Zakkai,1,0.0023,,,,,,,none,0,,ben Zakkai
1207,bar Ḥiyya,1,0.0023,,,,,,,none,0,,bar Ḥiyya
1208,R' Hillel ben Vales,1,0.0023,,,,,,,none,0,,Rebbi Hillel ben Vales
1209,R' Shmuel ben Martha,1,0.0023,,,,,,,none,0,,Rebbi Samuel ben Martha
1210,R' Ḥananiah ben Agul,1,0.0023,,,,,,,none,0,,Rebbi Ḥananiah ben Agul
1211,Bar Lolita,1,0.0023,,,,,,,none,0,,Bar Lolita
1212,R' Ya'akov from Jabul,1,0.0023,,,,,,,none,0,,Rebbi Jacob from Jabul
1213,R' Shmuel from Cappadocia,1,0.0023,,,,,,,none,0,,Rebbi Samuel from Cappadocia
1214,R' Ḥiyya bar Abun,1,0.0023,,,,,,,none,0,,Rebbi Ḥiyya bar Abun
1215,R' Yose ben R' Nahorai,1,0.0023,,,,,,,none,0,,Rebbi Yose ben Rebbi Nahorai
1216,Rabban Gamliel the son of R',1,0.0023,,,,,,,none,0,,Rabban Gamliel the son of Rebbi
1217,Issi ben Aqabiah,1,0.0023,,,,,,,none,0,,Issi ben Aqabiah
1218,R' Matthew,1,0.0023,,,,,,,none,0,,Rebbi Matthew
1219,R' Shimon ben Jotzadaq,1,0.0023,,,,,,,none,0,,Rebbi Simeon ben Joẓadaq
1220,R' Yitzḥak bar Ḥaqola,1,0.0023,,,,,,,none,0,,Rebbi Isaac bar Ḥaqola
1221,R' Tryphon,1,0.0023,,,,,,,none,0,,Rebbi Tryphon
1222,R' Yudan bar Ḥanin,1,0.0023,,,,,,,none,0,,Rebbi Yudan bar Ḥanin
1223,R' Zavida,1,0.0023,R' Avina,16,0.0226,,,,fuzzy_edit,30,"lev=2 key=""zavida""→""avina""",Rebbi Zavida
1224,R' Hanania,1,0.0023,R' Ḥanina,392,0.5530,https://he.wikipedia.org/wiki/%D7%A8%D7%91%D7%99_%D7%97%D7%A0%D7%99%D7%A0%D7%90_%D7%91%D7%A8_%D7%97%D7%9E%D7%90,רבי חנינא בר חמא,Q1062209,exact,100,,Rebbi Hanania
1225,the brother of Rav Berekhia,1,0.0023,,,,,,,none,0,,the brother of Rav Berekhia
1226,R' Curius,1,0.0023,,,,,,,none,0,,Rebbi Curius
1227,the son of Rav Naḥman,1,0.0023,,,,,,,none,0,,the son of Rav Naḥman
1228,R' Avun,1,0.0023,R' Avin,78,0.1100,,,,fuzzy_edit,45,"lev=1 key=""avun""→""avin""",Rebbi Avun
1229,R' Aḥa ben Ya'akov,1,0.0023,,,,,,,none,0,,Rebbi Aḥa ben Jacob
1230,R' Ḥanaiah ben R' Hillel,1,0.0023,,,,,,,none,0,,Rebbi Ḥanaiah ben Rebbi Hillel
1231,Kahana bar Yirmeyah,1,0.0023,,,,,,,none,0,,Cahana bar Jeremiah
1232,bar Astor,1,0.0023,,,,,,,none,0,,bar Astor
1233,"R' Abin, the son of R' Tanḥum ben R' Tryphon",1,0.0023,,,,,,,none,0,,"Rebbi Abin, the son of Rebbi Tanḥum ben Rebbi Tryphon"
1234,the grandson of R' Abbahu,1,0.0023,,,,,,,none,0,,the grandson of Rebbi Abbahu
1235,Yehudah bar Ḥiyya,1,0.0023,,,,,,,none,0,,Jehudah bar Ḥiyya
1236,R' Zemina,1,0.0023,R' Zeira,668,0.9423,https://he.wikipedia.org/wiki/%D7%A8%D7%91%D7%99%20%D7%96%D7%99%D7%A8%D7%90,רבי זירא,Q7296294,fuzzy_edit,30,"lev=2 key=""zemina""→""zeira""",Rebbi Zemina
1237,Yehudah ben Titus,1,0.0023,,,,,,,none,0,,Jehudah ben Titus
1238,Rav Mattania,1,0.0023,Rav Mattana,108,0.1524,,,,fuzzy_edit,45,"lev=1 key=""mattania""→""mattana""",Rav Mattania
1239,R' Ḥisda,1,0.0023,Rav Ḥisda,1126,1.5884,https://he.wikipedia.org/wiki/%D7%A8%D7%91_%D7%97%D7%A1%D7%93%D7%90,רב חסדא,Q1391057,exact,100,,Rebbi Ḥisda
1240,Bar Justinus,1,0.0023,,,,,,,none,0,,Bar Justinus
1241,R' Ḥananiah the son of Rav Hoshaya,1,0.0023,,,,,,,none,0,,Rebbi Ḥananiah the son of Rav Hoshaia
1242,R' Derosai,1,0.0023,,,,,,,none,0,,Rebbi Derosai
1243,R' Misha,1,0.0023,,,,,,,none,0,,Rebbi Misha
1244,Yishmael ben Elisha,1,0.0023,,,,,,,none,0,,Ismael ben Elisha
1245,R' Ze'ira bar Abinna,1,0.0023,,,,,,,none,0,,Rebbi Zeˋira bar Abinna
1246,Yosef ben Yoezer from Tzereda,1,0.0023,,,,,,,none,0,,Joseph ben Yoezer from Ṣereda
1247,Shimon ben Šetaḥ,1,0.0023,,,,,,,none,0,,Simeon ben Šetaḥ
1248,R' Krispedai,1,0.0023,,,,,,,none,0,,Rebbi Krispedai
1249,Rav Kahana the son of R' Ḥiyya bar Abba,1,0.0023,"R' Abba, son of R' Ḥiyya bar Abba",16,0.0226,,,,token_subset,95,"key=""kahana son of hiyya ben abba"" ⊆ bavli=""abba son of hiyya ben abba""",Rav Cahana the son of Rebbi Ḥiyya bar Abba
1250,the son of R' Shmuel bar Naḥmani,1,0.0023,,,,,,,none,0,,the son of Rebbi Samuel bar Naḥmani
1251,R' Shimon ben Barqana,1,0.0023,,,,,,,none,0,,Rebbi Simeon ben Barqana
1252,R' Bun bar Kahana,1,0.0023,,,,,,,none,0,,Rebbi Bun bar Cahana
1253,R' Shila from Naveh,1,0.0023,,,,,,,none,0,,Rebbi Shila from Naveh
1254,R' Shimon ben R' Tzadoq,1,0.0023,,,,,,,none,0,,Rebbi Simeon ben Rebbi Ṣadoq
1255,R' Aḥai bar Ya'akov,1,0.0023,,,,,,,none,0,,Rebbi Aḥai bar Jacob
1256,R' Ayvo bar Nagori,1,0.0023,,,,,,,none,0,,Rebbi Ayvo bar Nagori
1257,R' Yose ben R' Tanḥum from Kefar,1,0.0023,,,,,,,none,0,,Rebbi Yose ben Rebbi Tanḥum from Kefar
1258,the brother of R' Ḥiyya bar Abba,1,0.0023,,,,,,,none,0,,the brother of Rebbi Ḥiyya bar Abba
1259,R' Yose ben Qasarta,1,0.0023,,,,,,,none,0,,Rebbi Yose ben Qasarta
1260,Daniel the son of R' Qatina,1,0.0023,,,,,,,none,0,,Daniel the son of Rebbi Qaṭina
1261,R' Shmuel bar Sisartai,1,0.0023,,,,,,,none,0,,Rebbi Samuel bar Sisartai
1262,bar Thaddeus,1,0.0023,,,,,,,none,0,,bar Thaddeus
1263,Bar Qapprara,1,0.0023,,,,,,,none,0,,Bar Qapprara
1264,R' Levontin,1,0.0023,,,,,,,none,0,,Rebbi Levontin
1265,son of R' Ḥiyya bar Abba,1,0.0023,,,,,,,none,0,,son of Rebbi Ḥiyya bar Abba
1266,ben Menassia,1,0.0023,,,,,,,none,0,,ben Menassia
1267,R' Sineon,1,0.0023,,,,,,,none,0,,Rebbi Sineon
1268,R' Aḥa bar Ḥinnena,1,0.0023,,,,,,,none,0,,Rebbi Aḥa bar Ḥinnena
1269,ben Pazi,1,0.0023,,,,,,,none,0,,ben Pazi
1270,R' Pinḥas ben R' Ḥanina,1,0.0023,,,,,,,none,0,,Rebbi Phineas ben Rebbi Ḥanina
1271,R' Yoḥanan bar Shila,1,0.0023,,,,,,,none,0,,Rebbi Joḥanan bar Shila
1272,R' Yirmeyah bar Ḥanina,1,0.0023,,,,,,,none,0,,Rebbi Jeremiah bar Ḥanina
1273,Rav Ḥana bar Abba,1,0.0023,,,,,,,none,0,,Rav Ḥana bar Abba
1274,Ben Tzeruya,1,0.0023,,,,,,,none,0,,Ben Ṣeruya
1275,R' Aḥa bar Papa,1,0.0023,,,,,,,none,0,,Rebbi Aḥa bar Papa
1276,R' Yose ben R' Abba,1,0.0023,,,,,,,none,0,,Rebbi Yose ben Rebbi Abba
1277,R' Qiris,1,0.0023,,,,,,,none,0,,Rebbi Qiris
1278,R' Iniani bar Sosai,1,0.0023,,,,,,,none,0,,Rebbi Iniani bar Sosai
1279,R' Hoshea,1,0.0023,R' Hoshaya,24,0.0339,,,,fuzzy_edit,30,"lev=2 key=""hoshea""→""hoshaya""",Rebbi Hoshea
1280,R' Abba bar Rav Naḥman,1,0.0023,,,,,,,none,0,,Rebbi Abba bar Rav Naḥman
1281,Ḥanan bar Immi,1,0.0023,,,,,,,none,0,,Ḥanan bar Immi
1282,R' Aḥa bar Ze'ira,1,0.0023,,,,,,,none,0,,Rebbi Aḥa bar Zeˋira
1283,R' Yirmeyah ben Elazar,1,0.0023,,,,,,,none,0,,Rebbi Jeremiah ben Eleazar
1284,R' Levi bar Ḥayta,1,0.0023,,,,,,,none,0,,Rebbi Levi bar Ḥayta
1285,R' Shimon bar Zavda,1,0.0023,,,,,,,none,0,,Rebbi Simon bar Zavda
1286,R' Ya'akov ben Dasai,1,0.0023,,,,,,,none,0,,Rebbi Jacob ben Dasai
1287,R' Ḥanina ben Yaqe,1,0.0023,,,,,,,none,0,,Rebbi Ḥanina ben Yaqe
1288,Rav Kohen,1,0.0023,,,,,,,none,0,,Rav Cohen
1289,R' Menaḥem ben Rabbi Yose,1,0.0023,,,,,,,none,0,,Rebbi Menaḥem ben Rabbi Yose
1290,R' Yitzḥak bar Kahana,1,0.0023,,,,,,,none,0,,Rebbi Isaac bar Cahana
1291,R' Ḥama bar Gorion,1,0.0023,,,,,,,none,0,,Rebbi Ḥama bar Gorion
1292,R' Tanḥum from Bostra,1,0.0023,,,,,,,none,0,,Rebbi Tanḥum from Bostra
1293,R' Banaya,1,0.0023,Ḥananya,63,0.0889,,,,fuzzy_edit,30,"lev=2 key=""banaya""→""hananya""",Rebbi Banaya
1294,R' Abba bar Ḥuna,1,0.0023,,,,,,,none,0,,Rebbi Abba bar Ḥuna
1295,Rav Ḥuna bar Ḥiyya,1,0.0023,Rav Huna bar Ḥiyya,29,0.0409,,,,exact,100,,Rav Ḥuna bar Ḥiyya
1296,Ben Satda,1,0.0023,,,,,,,none,0,,Ben Saṭda
1297,Elazar ben Aḥbai,1,0.0023,,,,,,,none,0,,Eleazar ben Aḥbai
1298,Rav Avidan,1,0.0023,R' Avin,78,0.1100,,,,fuzzy_edit,30,"lev=2 key=""avidan""→""avin""",Rav Avidan
1299,R' Menaḥema,1,0.0023,,,,,,,none,0,,Rebbi Menaḥema
1300,the daughter of Domitianus of Tiberias,1,0.0023,,,,,,,none,0,,the daughter of Domitianus of Tiberias
1301,Jesus ben Pantera,1,0.0023,,,,,,,none,0,,Jesus ben Pantera
1302,R' Ukban,1,0.0023,,,,,,,none,0,,Rebbi Uqban
1303,Bar Marinus,1,0.0023,,,,,,,none,0,,Bar Marinus
1304,Rabbi Shmuel ben Avdimi,1,0.0023,,,,,,,none,0,,Rabbi Samuel ben Eudaimon
1305,Rav Shishaa,1,0.0023,,,,,,,none,0,,Rav Shishaa
1306,R' Ada bar Ahavah,1,0.0023,,,,,,,none,0,,Rebbi Ada bar Ahavah
1307,R' Abbin bar Kahana,1,0.0023,,,,,,,none,0,,Rebbi Abbin bar Cahana
1308,R' Jereniah,1,0.0023,,,,,,,none,0,,Rebbi Jereniah
1309,Ḥananiah bar Shelemia,1,0.0023,,,,,,,none,0,,Ḥananiah bar Shelemia
1310,R' Aybun,1,0.0023,,,,,,,none,0,,Rebbi Aybun
1311,R' Aḥa ben R' Ulla,1,0.0023,,,,,,,none,0,,Rebbi Aḥa ben Rebbi Ulla
1312,R' Yose ben Perora,1,0.0023,,,,,,,none,0,,Rebbi Yose ben Perora
1313,R' Aḥa the Tanna,1,0.0023,,,,,,,none,0,,Rebbi Aḥa the Tanna
1314,R' Yustus bar Shune,1,0.0023,,,,,,,none,0,,Rebbi Justus bar Shune
1315,Yehudah ben Tema,1,0.0023,,,,,,,none,0,,Jehudah ben Tema
1316,R' Yehudah from Anthodriya,1,0.0023,,,,,,,none,0,,Rebbi Judah from Anthodriya
1317,R' Shmuel ben R' Issac,1,0.0023,,,,,,,none,0,,Rebbi Samuel ben Rebbi Issac
1318,R' Yitzḥak of Atosha,1,0.0023,,,,,,,none,0,,Rebbi Isaac of Atosha
1319,R' Elazar the son of R' Yose,1,0.0023,"R' Elazar, son of R' Yosei",22,0.0310,,,,exact,100,,Rebbi Eleazar the son of Rebbi Yose
1320,R' ben R' Abun,1,0.0023,,,,,,,none,0,,Rebbi ben Rebbi Abun
1321,R' Yehudah ben Shalom,1,0.0023,,,,,,,none,0,,Rebbi Jehudah ben Shalom
1322,R' Ya'akov the son of R' Aḥa,1,0.0023,,,,,,,none,0,,Rebbi Jacob the son of Rebbi Aḥa
1323,Issy ben Akiva,1,0.0023,,,,,,,none,0,,Issy ben Aqiba
1324,R' Ḥanania ben Antigonos,1,0.0023,,,,,,,none,0,,Rebbi Ḥanania ben Antigonos
1325,Elisha ben Shafat,1,0.0023,,,,,,,none,0,,Elisha ben Shafaṭ
1326,R' Yasa bar Aḥa,1,0.0023,,,,,,,none,0,,Rebbi Yasa bar Aḥa
1327,Ammi bar Ezechiel,1,0.0023,,,,,,,none,0,,Ammi bar Ezechiel
1328,R' Ḥiyya the son of R' Sabbatai,1,0.0023,,,,,,,none,0,,Rebbi Ḥiyya the son of Rebbi Sabbatai
1329,R' Jocob bar Aḥa,1,0.0023,,,,,,,none,0,,Rebbi Jocob bar Aḥa
1330,Rabbi Aḥa,1,0.0023,R' Aḥa,43,0.0607,https://he.wikipedia.org/wiki/%D7%A8%D7%91%D7%99_%D7%90%D7%97%D7%90_(%D7%90%D7%9E%D7%95%D7%A8%D7%90),רבי אחא (אמורא),Q1394943,exact,100,,Rabbi Aḥa
1331,R' Aeneas bar Pazi,1,0.0023,,,,,,,none,0,,Rebbi Aeneas bar Pazi
1332,Rabbi Mattaniah,1,0.0023,Rav Mattana,108,0.1524,,,,fuzzy_edit,30,"lev=2 key=""mattaniah""→""mattana""",Rabbi Mattaniah
1333,R' Ḥama bar Yosef,1,0.0023,,,,,,,none,0,,Rebbi Ḥama bar Joseph
1334,R' Boethos,1,0.0023,,,,,,,none,0,,Rebbi Boethos
1335,R' Aḥava bar R' Ze'ira,1,0.0023,,,,,,,none,0,,Rebbi Aḥawa bar Rebbi Ze`ira
1336,Abba bar Ḥuna,1,0.0023,,,,,,,none,0,,Abba bar Ḥuna
1337,Rav Naḥman bar Yehudah,1,0.0023,,,,,,,none,0,,Rav Naḥman bar Jehudah
1338,R' Jehusah,1,0.0023,,,,,,,none,0,,Rebbi Jehusah
1339,Ḥiyya bar Marius,1,0.0023,,,,,,,none,0,,Ḥiyya bar Marius
1340,R' Aḥiyya,1,0.0023,R' Ḥiyya,392,0.5530,https://he.wikipedia.org/wiki/%D7%A8%D7%91%D7%99%20%D7%97%D7%99%D7%99%D7%90,רבי חייא,Q2904193,fuzzy_edit,45,"lev=1 key=""ahiyya""→""hiyya""",Rebbi Aḥiyya
1341,the daughter of Saul,1,0.0023,,,,,,,none,0,,the daughter of Saul
1342,Rabban Aḥa,1,0.0023,R' Aḥa,43,0.0607,https://he.wikipedia.org/wiki/%D7%A8%D7%91%D7%99_%D7%90%D7%97%D7%90_(%D7%90%D7%9E%D7%95%D7%A8%D7%90),רבי אחא (אמורא),Q1394943,exact,100,,Rabban Aḥa
1343,Yitzḥak ben Elazar,1,0.0023,,,,,,,none,0,,Isaac ben Eleazar
1344,R' Simeion ben Lakish,1,0.0023,,,,,,,none,0,,Rebbi Simeion ben Laqish
1345,R' Shimon ben Nannas,1,0.0023,,,,,,,none,0,,Rebbi Simeon ben Nannas
1346,R' Aḥava bar Ze'ira,1,0.0023,,,,,,,none,0,,Rebbi Aḥawa bar Ze`ira
1347,Rabbi Gamliel bar Inyany,1,0.0023,,,,,,,none,0,,Rabbi Gamliel bar Inyany
1348,R' Pinḥas from Yafo,1,0.0023,,,,,,,none,0,,Rebbi Phineas from Yafo
1349,Yose ben Yoˋezer from Sereda,1,0.0023,,,,,,,none,0,,Yose ben Yoˋezer from Sereda
1350,Shimon ben Šetah,1,0.0023,,,,,,,none,0,,Simeon ben Šetah
1351,R' Ḥiyya bar Abba from Tyre,1,0.0023,,,,,,,none,0,,Rebbi Ḥiyya bar Abba from Tyre
1352,R' Ḥanina the son of R' Kihai,1,0.0023,,,,,,,none,0,,Rebbi Ḥanina the son of Rebbi Kihai
1353,R' Kirai,1,0.0023,,,,,,,none,0,,Rebbi Kirai
1354,R' Hitta bar Abba,1,0.0023,,,,,,,none,0,,Rebbi Hitta bar Abba
1355,R' Ulla of Caesarea,1,0.0023,,,,,,,none,0,,Rebbi Ulla of Caesarea
1356,R' Elazar bar Sadoq,1,0.0023,,,,,,,none,0,,Rebbi Eleazar bar Sadoq
1357,Rav Yanta,1,0.0023,,,,,,,none,0,,Rav Yanta
1358,R' Yudan ben R' Ḥanin,1,0.0023,,,,,,,none,0,,Rebbi Yudan ben Rebbi Ḥanin
1359,R' Yose ben Saul,1,0.0023,,,,,,,none,0,,Rebbi Yose ben Saul
1360,R' Ya'akov ben R' Sosai,1,0.0023,,,,,,,none,0,,Rebbi Jacob ben Rebbi Sosai
1361,the son of Ben,1,0.0023,,,,,,,none,0,,the son of Ben
1362,Ḥanania ben Yehudah,1,0.0023,,,,,,,none,0,,Ḥanania ben Jehudah
1363,R' Pamakh,1,0.0023,,,,,,,none,0,,Rebbi Pamakh
1364,Elazar ben Azaria,1,0.0023,,,,,,,none,0,,Eleazar ben Azaria
1365,R' Sobaya,1,0.0023,,,,,,,none,0,,Rebbi Sobaya
1366,R' Ya'akov bar Dosay,1,0.0023,,,,,,,none,0,,Rebbi Jacob bar Dosay
1367,R' Ada bar Ahawah,1,0.0023,,,,,,,none,0,,Rebbi Ada bar Ahawah
1368,R' Ḥiyyas bar Abba,1,0.0023,,,,,,,none,0,,Rebbi Ḥiyyas bar Abba
1369,Rav Shmuel bar Rav Yitzḥak,1,0.0023,R' Shmuel bar Rav Yitzḥak,20,0.0282,,,,exact,100,,Rav Samuel bar Rav Isaac
1370,bar Hana,1,0.0023,,,,,,,none,0,,bar Hana
1371,R' Ya'akov ben Qorshai,1,0.0023,,,,,,,none,0,,Rebbi Jacob ben Qorshai
1372,R' Eliezer ben R' Sadoq,1,0.0023,,,,,,,none,0,,Rebbi Eliezer ben Rebbi Sadoq
1373,R' Abunah bar Sehora,1,0.0023,,,,,,,none,0,,Rebbi Abunah bar Sehora
1374,R' Inainy bar Sisay,1,0.0023,,,,,,,none,0,,Rebbi Inainy bar Sisay
1375,Ḥanania bar Shilat,1,0.0023,,,,,,,none,0,,Ḥanania bar Shilat
1376,Ben Kukhri,1,0.0023,,,,,,,none,0,,Ben Kukhri
1377,Ben Kovri,1,0.0023,,,,,,,none,0,,Ben Kovri
1378,R' Pinḥas ben R' Ḥananiah,1,0.0023,,,,,,,none,0,,Rebbi Phineas ben Rebbi Ḥananiah
1379,R' Yehoshua the son of R' Neḥemiah,1,0.0023,,,,,,,none,0,,Rebbi Joshua the son of Rebbi Neḥemiah
1380,R' Idi from Ḥutra,1,0.0023,,,,,,,none,0,,Rebbi Idi from Ḥutra
1381,R' Yose ben Qisma,1,0.0023,,,,,,,none,0,,Rebbi Yose ben Qisma
1382,Ben Idi,1,0.0023,,,,,,,none,0,,Ben Idi
1383,Bar Petaiah,1,0.0023,,,,,,,none,0,,Bar Petaiah
1384,Ada bar Ahavah,1,0.0023,,,,,,,none,0,,Ada bar Ahavah
1385,R' Yose ben Pazi,1,0.0023,,,,,,,none,0,,Rebbi Yose ben Pazi
1386,R' Yose ben Bevin,1,0.0023,,,,,,,none,0,,Rebbi Yose ben Bevin
1387,Rav Beva,1,0.0023,,,,,,,none,0,,Rav Beva
1388,Rav Abuha of Iman,1,0.0023,,,,,,,none,0,,Rav Abuha of Iman
1389,R' Onias from Berat,1,0.0023,,,,,,,none,0,,Rebbi Onias from Berat
1390,R' Yitzḥak bar Redifa,1,0.0023,,,,,,,none,0,,Rebbi Isaac bar Redifa
1391,Bar Zemina,1,0.0023,,,,,,,none,0,,Bar Zemina
1392,R' Shmuel bar Rav,1,0.0023,,,,,,,none,0,,Rebbi Samuel bar Rav
1393,R' Pappaeus,1,0.0023,,,,,,,none,0,,Rebbi Pappaeus
1394,Yoḥanan ben Pinḥas,1,0.0023,,,,,,,none,0,,Joḥanan ben Phineas
1395,Mathew ben Shmuel,1,0.0023,,,,,,,none,0,,Mathew ben Samuel
1396,Ben Bevai,1,0.0023,,,,,,,none,0,,Ben Bevai
1397,Ben Ḥanikai,1,0.0023,,,,,,,none,0,,Ben Ḥanikai
1398,R' Ḥama the father of Rabbi Oshaia,1,0.0023,,,,,,,none,0,,Rebbi Ḥama the father of Rabbi Oshaia
1399,R' Ḥanania the Second,1,0.0023,,,,,,,none,0,,Rebbi Ḥanania the Second
1400,R' Yehudah bar Ilay,1,0.0023,,,,,,,none,0,,Rebbi Jehudah bar Ilay
1401,R' Elazar ben R' Ḥaggai,1,0.0023,,,,,,,none,0,,Rebbi Eleazar ben Rebbi Ḥaggai
1402,R' Yudan from Antodria,1,0.0023,,,,,,,none,0,,Rebbi Yudan from Antodria
1403,R' Ba bar Binah,1,0.0023,,,,,,,none,0,,Rebbi Ba bar Binah
1404,R' Ḥiyya bar Yose,1,0.0023,,,,,,,none,0,,Rebbi Ḥiyya bar Yose
1405,ben Torta,1,0.0023,,,,,,,none,0,,ben Torta
1406,R' Gamliel bar Inyani,1,0.0023,,,,,,,none,0,,Rebbi Gamliel bar Inyani
1407,Zacariah ben Qebutal,1,0.0023,,,,,,,none,0,,Zacariah ben Qebutal
1408,R' Ḥiyya ben Yosef,1,0.0023,R' Ḥiyya bar Yosef,27,0.0381,,,,exact,100,,Rebbi Ḥiyya ben Joseph
1409,R' Sadoq,1,0.0023,,,,,,,none,0,,Rebbi Sadoq
1410,Mathatias ben Shmuel,1,0.0023,,,,,,,none,0,,Mathatias ben Samuel
1411,R' Yehoshua bar Abin,1,0.0023,,,,,,,none,0,,Rebbi Joshua bar Abin
1412,R' Anyani bar Sosai,1,0.0023,,,,,,,none,0,,Rebbi Anyani bar Sosai
1413,R' Yishmael ben Phiabi,1,0.0023,,,,,,,none,0,,Rebbi Ismael ben Phiabi
1414,R' Elazar ben Hartom,1,0.0023,,,,,,,none,0,,Rebbi Eleazar ben Hartom
1415,R' Iniany bar Sosay,1,0.0023,,,,,,,none,0,,Rebbi Iniany bar Sosay
1416,R' Shimon ben Carsana,1,0.0023,,,,,,,none,0,,Rebbi Simeon ben Carsana
1417,R' Patroki,1,0.0023,,,,,,,none,0,,Rebbi Patroki
1418,the brother of R' Drosa,1,0.0023,,,,,,,none,0,,the brother of Rebbi Drosa
1419,Ḥinena bar Yitzḥak,1,0.0023,,,,,,,none,0,,Ḥinena bar Isaac
1420,R' Ḥananiah ben Tradion,1,0.0023,,,,,,,none,0,,Rebbi Ḥananiah ben Tradion
1421,Ben Qimḥit,1,0.0023,,,,,,,none,0,,Ben Qimḥit
1422,R' Shmuel bar Ḥananiah,1,0.0023,,,,,,,none,0,,Rebbi Samuel bar Ḥananiah
1423,Rabban Yohanan ben Zakkai,1,0.0023,Yohanan ben Zakkai,178,0.2511,https://he.wikipedia.org/wiki/%D7%A8%D7%91%D7%9F_%D7%99%D7%95%D7%97%D7%A0%D7%9F_%D7%91%D7%9F_%D7%96%D7%9B%D7%90%D7%99,רבן יוחנן בן זכאי,Q733660,exact,100,,Rabban Johanan ben Zakkai
1424,R' Yuda bar Pazi,1,0.0023,,,,,,,none,0,,Rebbi Yuda bar Pazi
1425,R' Yonatan of Bet,1,0.0023,,,,,,,none,0,,Rebbi Jonathan of Bet
1426,R' Zeˋurah bar Ḥama,1,0.0023,,,,,,,none,0,,Rebbi Zeˋurah bar Ḥama
1427,R' Yose bar Halaphta,1,0.0023,,,,,,,none,0,,Rebbi Yose bar Halaphta
1428,Ben Avatiah,1,0.0023,,,,,,,none,0,,Ben Avatiah
1429,R' Levi from Sokho,1,0.0023,,,,,,,none,0,,Rebbi Levi from Sokho
1430,R' Abba bar Binah,1,0.0023,,,,,,,none,0,,Rebbi Abba bar Binah
1431,R' Yose ben Ḥaninah,1,0.0023,R' Yosei bar Ḥanina,92,0.1298,,,,exact,100,,Rebbi Yose ben Ḥaninah
1432,the father of R' Oshaia,1,0.0023,,,,,,,none,0,,the father of Rebbi Oshaia
1433,R' Ya'akov bar Abbaya,1,0.0023,,,,,,,none,0,,Rebbi Jacob bar Abbaya
1434,R' Ya'akov bar Yafliti,1,0.0023,,,,,,,none,0,,Rebbi Jacob bar Yafliti
1435,Rav Abbaia,1,0.0023,R' Abba,290,0.4091,https://he.wikipedia.org/wiki/%D7%A8%D7%91%D7%99_%D7%90%D7%91%D7%90,רבי אבא,Q7221758,fuzzy_edit,30,"lev=2 key=""abbaia""→""abba""",Rav Abbaia
1436,R' Shimon bar Zeved,1,0.0023,,,,,,,none,0,,Rebbi Simon bar Zeved
1437,R' Maluk,1,0.0023,,,,,,,none,0,,Rebbi Maluk
1438,Yose bar Manisha,1,0.0023,,,,,,,none,0,,Yose bar Manisha
1439,R' Yose bar Nahora,1,0.0023,,,,,,,none,0,,Rebbi Yose bar Nahora
1440,R' Daniel ben Rav Qatina,1,0.0023,,,,,,,none,0,,Rebbi Daniel ben Rav Qatina
1441,R' Ayvi bar Nagari,1,0.0023,,,,,,,none,0,,Rebbi Ayvi bar Nagari
1442,R' Abba from Saronga,1,0.0023,,,,,,,none,0,,Rebbi Abba from Saronga
1443,R' Zibai,1,0.0023,,,,,,,none,0,,Rebbi Zibai
1444,Yose Bar Ashian,1,0.0023,,,,,,,none,0,,Yose Bar Ashian
1445,R' Yehudah bar Laqqara,1,0.0023,,,,,,,none,0,,Rebbi Judah bar Laqqara
1446,R' Eliezer ben Dalgai,1,0.0023,,,,,,,none,0,,Rebbi Eliezer ben Dalgai
1447,Ben Yehotzadaq,1,0.0023,,,,,,,none,0,,Ben Yehoṣadaq
1448,Yehudah ben Shamuai,1,0.0023,,,,,,,none,0,,Jehudah ben Shamuai
1449,R' Yotzadak,1,0.0023,,,,,,,none,0,,Rebbi Joṣadaq
1450,Rav Zera,1,0.0023,R' Zeira,668,0.9423,https://he.wikipedia.org/wiki/%D7%A8%D7%91%D7%99%20%D7%96%D7%99%D7%A8%D7%90,רבי זירא,Q7296294,fuzzy_edit,45,"lev=1 key=""zera""→""zeira""",Rav Zera
1451,R' Abba bar Yosef,1,0.0023,,,,,,,none,0,,Rebbi Abba bar Joseph
1452,R' Elazar the son of R' Elazar,1,0.0023,"R' Elazar, son of R' Shimon",193,0.2723,,,,token_subset,93,"key=""eleazar son of eleazar"" ⊆ bavli=""eleazar son of shimon""",Rebbi Eleazar the son of Rebbi Eleazar
1453,Yehudah the son of R' Ḥiyya,1,0.0023,"R' Yehuda, son of R' Ḥiyya",11,0.0155,,,,exact,100,,Jehudah the son of Rebbi Ḥiyya
1454,R' Yishmael ben R',1,0.0023,,,,,,,none,0,,Rebbi Ismael ben Rebbi
1455,Bar Gerontios,1,0.0023,,,,,,,none,0,,Bar Gerontios
1456,Rav Hoshaya the son of Rav Yitzḥak,1,0.0023,,,,,,,none,0,,Rav Hoshaia the son of Rav Isaac
1457,the father of R' Avdimi of Sepphoris,1,0.0023,,,,,,,none,0,,the father of Rebbi Eudaimon of Sepphoris
1458,R' Ḥanina bar Yaqe,1,0.0023,,,,,,,none,0,,Rebbi Ḥanina bar Yaqe
1459,R' Kahana the son of R' Ḥiyya bar Abba,1,0.0023,"R' Abba, son of R' Ḥiyya bar Abba",16,0.0226,,,,token_subset,95,"key=""kahana son of hiyya ben abba"" ⊆ bavli=""abba son of hiyya ben abba""",Rebbi Cahana the son of Rebbi Ḥiyya bar Abba
1460,R' Abba bar Zavdi,1,0.0023,,,,,,,none,0,,Rebbi Abba bar Zavdi
1461,Bava ben Bitay,1,0.0023,,,,,,,none,0,,Bava ben Bitay
1462,R' Shimon ben R' Ḥiyya,1,0.0023,,,,,,,none,0,,Rebbi Simeon ben Rebbi Ḥiyya
1463,Bar Delaya,1,0.0023,,,,,,,none,0,,Bar Delaya
1464,R' Idi from Ḥotra,1,0.0023,,,,,,,none,0,,Rebbi Idi from Ḥotra
1465,R' Qiris from Irma,1,0.0023,,,,,,,none,0,,Rebbi Qiris from Irma
1466,Shaul ben Botnit,1,0.0023,,,,,,,none,0,,Shaul ben Botnit
1467,Zeura bar Ḥama,1,0.0023,,,,,,,none,0,,Zeura bar Ḥama
1468,R' Ḥananiah ben Aqabiah,1,0.0023,,,,,,,none,0,,Rebbi Ḥananiah ben Aqabiah
1469,R' Ḥanin bar Levi,1,0.0023,,,,,,,none,0,,Rebbi Ḥanin bar Levi
1470,Ḥinena bar Idi,1,0.0023,,,,,,,none,0,,Ḥinena bar Idi
1471,R' Hillel son of Rabbi Vales,1,0.0023,,,,,,,none,0,,Rebbi Hillel son of Rabbi Vales
1472,Rabbi Ila,1,0.0023,R' Ila,20,0.0282,,,,exact,100,,Rabbi Ila
1473,the brother of R' Ila,1,0.0023,,,,,,,none,0,,the brother of Rebbi Ila
1474,R' Yitzḥak bar Qatzatzata,1,0.0023,,,,,,,none,0,,Rebbi Isaac bar Qaṣaṣata
1475,R' Sachariah,1,0.0023,,,,,,,none,0,,Rebbi Sachariah
1476,R' Shmuel ben Yitzḥak,1,0.0023,R' Shmuel bar Rav Yitzḥak,20,0.0282,,,,exact,100,,Rebbi Samuel ben Isaac
1477,R' Issachar from Kefar,1,0.0023,,,,,,,none,0,,Rebbi Issachar from Kefar
1478,R' Eliezar,1,0.0023,R' Eliezer,1661,2.3431,https://he.wikipedia.org/wiki/%D7%A8%D7%91%D7%99%20%D7%90%D7%9C%D7%99%D7%A2%D7%96%D7%A8%20%D7%91%D7%9F%20%D7%94%D7%95%D7%A8%D7%A7%D7%A0%D7%95%D7%A1,רבי אליעזר בן הורקנוס,Q1329310,fuzzy_edit,45,"lev=1 key=""eliezar""→""eliezer""",Rebbi Eliezar
1479,R' Yose ben Nahorai,1,0.0023,,,,,,,none,0,,Rebbi Yose ben Nahorai
1480,R' Abba bar Pappos,1,0.0023,,,,,,,none,0,,Rebbi Abba bar Pappos
1481,R' Yose bar Qatzarta,1,0.0023,,,,,,,none,0,,Rebbi Yose bar Qaṣarta
1482,R' Mesharshia,1,0.0023,Rav Mesharshiyya,62,0.0875,https://he.wikipedia.org/wiki/%D7%A8%D7%91_%D7%9E%D7%A9%D7%A8%D7%A9%D7%99%D7%90,רב משרשיא,Q7296285,fuzzy_edit,30,"lev=2 key=""mesharshia""→""mesharshiyya""",Rebbi Mesharshia
1483,R' Abba bar Ilai,1,0.0023,,,,,,,none,0,,Rebbi Abba bar Ilai
1484,Rabbi Ḥuna of Sepphoris,1,0.0023,,,,,,,none,0,,Rabbi Ḥuna of Sepphoris
1485,R' Tanḥum ben R' Yirmeyah,1,0.0023,,,,,,,none,0,,Rebbi Tanḥum ben Rebbi Jeremiah
1486,Ze`urah bar Ḥama,1,0.0023,,,,,,,none,0,,Ze`urah bar Ḥama
1487,Yose the son of R' Yehoshua,1,0.0023,,,,,,,none,0,,Yose the son of Rebbi Joshua
1488,R' Yudan son of R',1,0.0023,,,,,,,none,0,,Rebbi Yudan son of Rebbi
1489,R' Yudan ben R' Menashe,1,0.0023,,,,,,,none,0,,Rebbi Yudan ben Rebbi Menashe
1490,R' Shmuel ben Aina,1,0.0023,,,,,,,none,0,,Rebbi Samuel ben Aina
1491,R' Hanania ben R' Yitzḥak,1,0.0023,,,,,,,none,0,,Rebbi Hanania ben Rebbi Isaac
1492,R' Ḥanania ben Teradion,1,0.0023,,,,,,,none,0,,Rebbi Ḥanania ben Teradion
1493,R' Immi bar Ezechiel,1,0.0023,,,,,,,none,0,,Rebbi Immi bar Ezechiel
1494,Rav Abba bar Ilay,1,0.0023,,,,,,,none,0,,Rav Abba bar Ilay
1495,R' Ludah,1,0.0023,,,,,,,none,0,,Rebbi Ludah
1496,R' Yehudah bar Pappai,1,0.0023,,,,,,,none,0,,Rebbi Jehudah bar Pappai
1497,R' Derosa,1,0.0023,R' Dosa,67,0.0945,,,,fuzzy_edit,30,"lev=2 key=""derosa""→""dosa""",Rebbi Derosa
1498,Ben Yatzaf,1,0.0023,,,,,,,none,0,,Ben Yaṣaf
1499,Ben Tzitzit,1,0.0023,,,,,,,none,0,,Ben Ṣiṣit
1500,Ben Qubisin,1,0.0023,,,,,,,none,0,,Ben Qubisin
1501,Ben Kalba,1,0.0023,,,,,,,none,0,,Ben Kalba
1502,R' Yannai from Eli,1,0.0023,,,,,,,none,0,,Rebbi Yannai from Eli
1503,R' Neḥemiah from Nehemiah,1,0.0023,,,,,,,none,0,,Rebbi Neḥemiah from Nehemiah
1504,R' Philippos ben Perita,1,0.0023,,,,,,,none,0,,Rebbi Philippos ben Perita
1505,R' Yose ben Abbai,1,0.0023,,,,,,,none,0,,Rebbi Yose ben Abbai
1506,Bar Yanta,1,0.0023,,,,,,,none,0,,Bar Yanta
1507,R' Zacharia,1,0.0023,,,,,,,none,0,,Rebbi Zacharia
1508,King Messias,1,0.0023,,,,,,,none,0,,King Messias
1509,R' Yoḥanan ben Torta,1,0.0023,,,,,,,none,0,,Rebbi Joḥanan ben Torta
1510,R' Elazar ben Ḥarsom,1,0.0023,,,,,,,none,0,,Rebbi Eleazar ben Ḥarsom
1511,Yehoshua ben Yehotzadaq the High,1,0.0023,,,,,,,none,0,,Joshua ben Yehoṣadaq the High
1512,bar Yosef,1,0.0023,,,,,,,none,0,,bar Joseph
1513,Shmuel bar Naḥman,1,0.0023,,,,,,,none,0,,Samuel bar Naḥman
1514,R' Shimon ben Yohay,1,0.0023,,,,,,,none,0,,Rebbi Simeon ben Yohay
1515,Naḥman the son of R' Shmuel,1,0.0023,,,,,,,none,0,,Naḥman the son of Rebbi Samuel
1516,R' Ḥabiba,1,0.0023,Rabba,969,1.3669,https://he.wikipedia.org/wiki/%D7%A8%D7%91%D7%94_%D7%91%D7%A8_%D7%A0%D7%97%D7%9E%D7%A0%D7%99,רבה בר נחמני,Q360557,fuzzy_edit,30,"lev=2 key=""habiba""→""rabba""",Rebbi Ḥabiba
1517,R' Yustus ben R' Shunem,1,0.0023,,,,,,,none,0,,Rebbi Justus ben Rebbi Shunem
1518,R' Yitzḥak ben R' Ḥiyya,1,0.0023,,,,,,,none,0,,Rebbi Isaac ben Rebbi Ḥiyya
1519,R' Yudan from Gezur,1,0.0023,,,,,,,none,0,,Rebbi Yudan from Gezur
1520,R' Elazar ben Protos,1,0.0023,,,,,,,none,0,,Rebbi Eleazar ben Protos
1521,R' Immi bar Ḥinena,1,0.0023,,,,,,,none,0,,Rebbi Immi bar Ḥinena
1522,R' Aḥa the son of R' Shimon,1,0.0023,"R' Shimon, son of R'",32,0.0451,,,,token_subset,93,"key=""aha son of shimon"" ⊆ bavli=""shimon son of""",Rebbi Aḥa the son of Rebbi Simeon
1523,R' Ya'akov bar Abiah,1,0.0023,,,,,,,none,0,,Rebbi Jacob bar Abiah
1524,Rav Shesha the son of Rav Ḥananel,1,0.0023,,,,,,,none,0,,Rav Shesha the son of Rav Ḥananel
1525,the brother of R' Abba bar Bina,1,0.0023,,,,,,,none,0,,the brother of Rebbi Abba bar Bina
1526,R' Yose ben R' Ila`y,1,0.0023,,,,,,,none,0,,Rebbi Yose ben Rebbi Ila`y
1527,R' Shimon bar Miasha,1,0.0023,,,,,,,none,0,,Rebbi Simeon bar Miasha
1528,R' Ezrah,1,0.0023,,,,,,,none,0,,Rebbi Ezrah
1529,Naḥman bar Ada,1,0.0023,,,,,,,none,0,,Naḥman bar Ada
1530,R' Yitzḥak bar Abba from Mehasia,1,0.0023,,,,,,,none,0,,Rebbi Isaac bar Abba from Mehasia
1531,Rav Ḥama bar Ukva,1,0.0023,,,,,,,none,0,,Rav Ḥama bar Uqba
1532,Rabbi Ḥanania,1,0.0023,R' Ḥanina,392,0.5530,https://he.wikipedia.org/wiki/%D7%A8%D7%91%D7%99_%D7%97%D7%A0%D7%99%D7%A0%D7%90_%D7%91%D7%A8_%D7%97%D7%9E%D7%90,רבי חנינא בר חמא,Q1062209,exact,100,,Rabbi Ḥanania
1533,R' Shmuel bar Ḥalaph,1,0.0023,,,,,,,none,0,,Rebbi Samuel bar Ḥalaph
1534,Levi bar Pati,1,0.0023,,,,,,,none,0,,Levi bar Paṭi
1535,Bar Abuna,1,0.0023,,,,,,,none,0,,Bar Abuna
1536,R' Ḥanania the son of Rav Hoshaya,1,0.0023,,,,,,,none,0,,Rebbi Ḥanania the son of Rav Hoshaia
1537,R' Ḥiyya the son of R' Ada from Jaffa,1,0.0023,,,,,,,none,0,,Rebbi Ḥiyya the son of Rebbi Ada from Jaffa
1538,R' Giddul,1,0.0023,Rav Giddel,88,0.1241,https://he.wikipedia.org/wiki/%D7%A8%D7%91_%D7%92%D7%99%D7%93%D7%9C,רב גידל,Q7296280,fuzzy_edit,45,"lev=1 key=""giddul""→""giddel""",Rebbi Giddul
1539,R' Ḥananiah ben Pazi,1,0.0023,,,,,,,none,0,,Rebbi Ḥananiah ben Pazi
1540,"R' Abba, the son of R' Ḥiyya bar Abba",1,0.0023,"R' Abba, son of R' Ḥiyya bar Abba",16,0.0226,,,,exact,100,,"Rebbi Abba, the son of Rebbi Ḥiyya bar Abba"
1541,Yehudah bar Tammuza,1,0.0023,,,,,,,none,0,,Jehudah bar Tammuza
1542,R' Ḥinena bar Andreas,1,0.0023,,,,,,,none,0,,Rebbi Ḥinena bar Andreas
1543,R' Zakkai from Kabul,1,0.0023,,,,,,,none,0,,Rebbi Zakkai from Kabul
1544,R' Yose ben Bevai,1,0.0023,,,,,,,none,0,,Rebbi Yose ben Bevai
1545,Bar Yashita,1,0.0023,,,,,,,none,0,,Bar Yashita
1546,Ḥanania bar Shelemia,1,0.0023,,,,,,,none,0,,Ḥanania bar Shelemia
1547,Bar Tabari,1,0.0023,,,,,,,none,0,,Bar Tabari
1548,Yoḥanan ben Dahavai,1,0.0023,,,,,,,none,0,,Joḥanan ben Dahavai
1549,R' Tanhum bar Ilai,1,0.0023,,,,,,,none,0,,Rebbi Tanhum bar Ilai
1550,R' Yoḥanan the brother of Rav Safra,1,0.0023,,,,,,,none,0,,Rebbi Joḥanan the brother of Rav Safra
1551,R' Yudan ben R' Shimon,1,0.0023,,,,,,,none,0,,Rebbi Yudan ben Rebbi Simeon
1552,R' Shimon ben Nethanael,1,0.0023,,,,,,,none,0,,Rebbi Simeon ben Nethanael
1553,Rabban Joḥana ben Zakkai,1,0.0023,,,,,,,none,0,,Rabban Joḥana ben Zakkai
1554,Yehoshua ben Perahia,1,0.0023,,,,,,,none,0,,Joshua ben Perahia
1555,Bava ben Buta,1,0.0023,,,,,,,none,0,,Bava ben Buta
1556,Yoḥanan ben Gudgada,1,0.0023,,,,,,,none,0,,Joḥanan ben Gudgada
1557,the brother of R' Hoshaya,1,0.0023,,,,,,,none,0,,the brother of Rebbi Hoshaia
1558,R' Yose ben R' Zamina,1,0.0023,,,,,,,none,0,,Rebbi Yose ben Rebbi Zamina
1559,R' Yose bar Zamina,1,0.0023,,,,,,,none,0,,Rebbi Yose bar Zamina
1560,R' Shiloh from Kefar,1,0.0023,,,,,,,none,0,,Rebbi Shiloh from Kefar
1561,Bar Meqatia,1,0.0023,,,,,,,none,0,,Bar Meqatia
1562,R' Eliezer Ben Ya'akov,1,0.0023,,,,,,,none,0,,Rebbi Eliezer Ben Jacob
1563,Shmuel bar Ḥanina,1,0.0023,,,,,,,none,0,,Samuel bar Ḥanina
1564,R' Ḥalafta bar Shaul,1,0.0023,,,,,,,none,0,,Rebbi Ḥalaphta bar Shaul
1565,R' Pinḥas ben R' Zakkai,1,0.0023,,,,,,,none,0,,Rebbi Phineas ben Rebbi Zakkai
1566,Ben Elasa,1,0.0023,,,,,,,none,0,,Ben Elasa
1567,Elazar ben Hannad,1,0.0023,,,,,,,none,0,,Eleazar ben Hannad
1568,Bar Pata,1,0.0023,,,,,,,none,0,,Bar Pata
1569,R' Ḥiyya ben R' Yitzḥak from Atoshia,1,0.0023,,,,,,,none,0,,Rebbi Ḥiyya ben Rebbi Isaac from Atoshia
1570,R' Natan bar Abba,1,0.0023,,,,,,,none,0,,Rebbi Nathan bar Abba
1571,R' Yitzḥak from Atoshia,1,0.0023,,,,,,,none,0,,Rebbi Isaac from Aṭoshia
1572,Rav Ḥiyya ben R' Yitzḥak from Atoshia,1,0.0023,,,,,,,none,0,,Rav Ḥiyya ben Rebbi Isaac from Aṭoshia
1573,Rabbi Idi of Caesarea,1,0.0023,,,,,,,none,0,,Rabbi Idi of Caesarea
1574,R' Avdimi bar Tobi,1,0.0023,,,,,,,none,0,,Rebbi Eudaimon bar Tobi
1575,father of Rav Hoshaya,1,0.0023,,,,,,,none,0,,father of Rav Hoshaya
1576,the brother of R' Mana,1,0.0023,,,,,,,none,0,,the brother of Rebbi Mana
1577,Bar Nehemiah,1,0.0023,,,,,,,none,0,,Bar Nehemiah
1578,R' Mattun,1,0.0023,Rav Mattana,108,0.1524,,,,fuzzy_edit,30,"lev=2 key=""mattun""→""mattana""",Rebbi Mattun
1579,Yehoyakim ben Yosia the King,1,0.0023,,,,,,,none,0,,Yehoyakim ben Josia the King
1580,Rav Mattana,1,0.0023,Rav Mattana,108,0.1524,,,,exact,100,,Rav Mattana
1581,Yose ben Manisha,1,0.0023,,,,,,,none,0,,Yose ben Manisha
1582,R' Ḥiyya the son of R' Ada from Yafo,1,0.0023,,,,,,,none,0,,Rebbi Ḥiyya the son of Rebbi Ada from Yafo
1583,The son of Tira,1,0.0023,,,,,,,none,0,,The son of Tira
1584,R' Avdimi bar Tanḥum,1,0.0023,,,,,,,none,0,,Rebbi Eudaimon bar Tanḥum
1585,R' Ḥalafta ben R' Yose,1,0.0023,,,,,,,none,0,,Rebbi Ḥalaphta ben Rebbi Yose
1586,R' Avdimi ben R' Yose,1,0.0023,,,,,,,none,0,,Rebbi Eudaimon ben Rebbi Yose
1587,R' Binyamin ben Gidal,1,0.0023,,,,,,,none,0,,Rebbi Benjamin ben Gidal
1588,Rabba bar Zabda,1,0.0023,,,,,,,none,0,,Rabba bar Zabda
1589,Dosa ben Hyrkanos,1,0.0023,,,,,,,none,0,,Dosa ben Hyrkanos
1590,ben Hyrkanos,1,0.0023,,,,,,,none,0,,ben Hyrkanos
1591,son of Baladan,1,0.0023,,,,,,,none,0,,son of Baladan
1592,son of Tabrimon,1,0.0023,,,,,,,none,0,,son of Tabrimon
1593,son of Ḥezayon,1,0.0023,,,,,,,none,0,,son of Ḥezayon
1594,Haman ben Hamedata,1,0.0023,,,,,,,none,0,,Haman ben Hamedata
1595,the son of Hamedata,1,0.0023,,,,,,,none,0,,the son of Hamedata
1596,R' Sineon ben Yoḥai,1,0.0023,,,,,,,none,0,,Rebbi Sineon ben Ioḥai
1597,R' Yose bar Abba,1,0.0023,,,,,,,none,0,,Rebbi Yose bar Abba
1598,R' Ḥiyya ben R' Sabbatai,1,0.0023,,,,,,,none,0,,Rebbi Ḥiyya ben Rebbi Sabbatai
1599,R' Gedula,1,0.0023,,,,,,,none,0,,Rebbi Gedula
1600,R' Me‘ir,1,0.0023,R' Meir,2086,2.9426,https://he.wikipedia.org/wiki/%D7%A8%D7%91%D7%99_%D7%9E%D7%90%D7%99%D7%A8,רבי מאיר,Q1621623,fuzzy_edit,45,"lev=1 key=""me‘ir""→""meir""",Rebbi Me‘ir
1601,R' Shmuel ben Inaya,1,0.0023,,,,,,,none,0,,Rebbi Samuel ben Inaya
1602,R' Yudan the son of R' Yishmael,1,0.0023,,,,,,,none,0,,Rebbi Yudan the son of Rebbi Ismael
1603,R' Shimon from Timna,1,0.0023,,,,,,,none,0,,Rebbi Simeon from Timna
1604,Yehoshua ben Gamla,1,0.0023,,,,,,,none,0,,Joshua ben Gamla
1605,R' Tiufa,1,0.0023,,,,,,,none,0,,Rebbi Tiufa
1606,R' Mathias,1,0.0023,,,,,,,none,0,,Rebbi Mathias
1607,R' Yannay ben R' Yishmael,1,0.0023,,,,,,,none,0,,Rebbi Yannay ben Rebbi Ismael
1608,R' Yishmael ben R' Yoḥanan,1,0.0023,,,,,,,none,0,,Rebbi Ismael ben Rebbi Joḥanan
1609,R' Yudan ben Ḥanin,1,0.0023,,,,,,,none,0,,Rebbi Yudan ben Ḥanin
1610,R' Aḥai bar Pappaios,1,0.0023,,,,,,,none,0,,Rebbi Aḥai bar Pappaios
1611,R' Romanus,1,0.0023,,,,,,,none,0,,Rebbi Romanus
1612,Ben Megisa,1,0.0023,,,,,,,none,0,,Ben Megisa
1613,R' Iniah,1,0.0023,,,,,,,none,0,,Rebbi Iniah
1614,R' Niḥa bar R' Sava,1,0.0023,,,,,,,none,0,,Rebbi Niḥa bar Rebbi Sava
1615,Ben Shamua,1,0.0023,,,,,,,none,0,,Ben Shamua
1616,R' Leontes,1,0.0023,,,,,,,none,0,,Rebbi Leontes
1617,Shimon ben Yosina,1,0.0023,,,,,,,none,0,,Simeon ben Yosina
1618,Rav Ḥanin,1,0.0023,R' Ḥanan,14,0.0197,,,,fuzzy_edit,45,"lev=1 key=""hanin""→""hanan""",Rav Ḥanin
1619,"R' Shimon, the son of R' Ayvo",1,0.0023,"R' Shimon, son of R'",32,0.0451,,,,token_subset,93,"key=""shimon son of ayvo"" ⊆ bavli=""shimon son of""","Rebbi Simeon, the son of Rebbi Ayvo"
1620,R' Ashian bar Yakim,1,0.0023,,,,,,,none,0,,Rebbi Ashian bar Yaqim
1621,R' Abba bar Yitzḥak,1,0.0023,,,,,,,none,0,,Rebbi Abba bar Isaac
1622,maternal uncle of Rav Cahana,1,0.0023,,,,,,,none,0,,The maternal uncle of Rav Cahana
1623,Rabbi Zerika,1,0.0023,R' Zerika,28,0.0395,,,,exact,100,,Rabbi Zeriqa
1624,R' Hyrkanos,1,0.0023,,,,,,,none,0,,Rebbi Hyrkanos
1625,R' Aḥa bar Ḥinena,1,0.0023,,,,,,,none,0,,Rebbi Aḥa bar Ḥinena
1626,R' Nissa,1,0.0023,,,,,,,none,0,,Rebbi Nissa
1627,R' Joḥanban,1,0.0023,R' Yoḥanan,3687,5.2011,https://he.wikipedia.org/wiki/%D7%A8%D7%91%D7%99%20%D7%99%D7%95%D7%97%D7%A0%D7%9F,רבי יוחנן,Q1397565,fuzzy_edit,30,"lev=2 key=""johanban""→""yohanan""",Rebbi Joḥanban
1628,R' Nehemiah bar Mar Ukban,1,0.0023,,,,,,,none,0,,Rebbi Nehemiah bar Mar Uqban
1629,R' Abba bar R' Zemina,1,0.0023,,,,,,,none,0,,Rebbi Abba bar Rebbi Zemina
1630,Rav Pappai,1,0.0023,Rav Pappi,62,0.0875,https://he.wikipedia.org/wiki/%D7%A8%D7%91_%D7%A4%D7%A4%D7%99,רב פפי,Q7296287,fuzzy_edit,45,"lev=1 key=""pappai""→""pappi""",Rav Pappai
1631,R' Yehoshua from Suknin,1,0.0023,,,,,,,none,0,,Rebbi Joshua from Suknin
1632,R' Abba bar Zavida,1,0.0023,,,,,,,none,0,,Rebbi Abba bar Zavida
1633,Abba Simai,1,0.0023,,,,,,,none,0,,Abba Simai
1634,Yonatan ben Yoḥanan,1,0.0023,,,,,,,none,0,,Jonathan ben Joḥanan
1635,Ben Satra,1,0.0023,,,,,,,none,0,,Ben Satra
1636,Ben Azzay,1,0.0023,,,,,,,none,0,,Ben Azzay
1637,Rav Ḥana,1,0.0023,R' Ḥanan,14,0.0197,,,,fuzzy_edit,45,"lev=1 key=""hana""→""hanan""",Rav Ḥana
1638,R' Yoḥanan the Sages,1,0.0023,,,,,,,none,0,,Rebbi Joḥanan the Sages
1639,R' Yose the Kohen,1,0.0023,,,,,,,none,0,,Rebbi Yose the Cohen
1640,R' Yudan the son of Rav Ḥama,1,0.0023,,,,,,,none,0,,Rebbi Yudan the son of Rav Ḥama
1641,bar Ashi,1,0.0023,,,,,,,none,0,,bar Ashi
1642,Rav Oshaiah,1,0.0023,R' Hoshaya,24,0.0339,,,,exact,100,,Rav Oshaiah
1643,R' Natan bar Hoshaiah,1,0.0023,,,,,,,none,0,,Rebbi Nathan bar Hoshaiah
1644,Ya'akov bar Abba,1,0.0023,,,,,,,none,0,,Jacob bar Abba
1645,R' Gamliel ben Avina,1,0.0023,,,,,,,none,0,,Rebbi Gamliel ben Avina
1646,the father of R' Yehudah,1,0.0023,,,,,,,none,0,,the father of Rebbi Judah
1647,R' Immi bar Pappai,1,0.0023,,,,,,,none,0,,Rebbi Immi bar Pappai
1648,R' Yose ben Ze'ira,1,0.0023,,,,,,,none,0,,Rebbi Yose ben Ze‘ira
1649,R' Zakkai from Alexandria,1,0.0023,,,,,,,none,0,,Rebbi Zakkai from Alexandria
1650,R' Yehudah bar Ḥaninah,1,0.0023,,,,,,,none,0,,Rebbi Jehudah bar Ḥaninah
1651,R' Ḥiyya bar Aḥa,1,0.0023,,,,,,,none,0,,Rebbi Ḥiyya bar Aḥa
1652,Ben Beroqa,1,0.0023,,,,,,,none,0,,Ben Beroqa
1653,Avimi bar Pappai,1,0.0023,,,,,,,none,0,,Abime bar Pappai
1654,R' Ḥananiah the son of R' Abbahu,1,0.0023,,,,,,,none,0,,Rebbi Ḥananiah the son of Rebbi Abbahu
1655,R' Alexis,1,0.0023,,,,,,,none,0,,Rebbi Alexis
1656,R' Yose bar Ze'ira,1,0.0023,,,,,,,none,0,,Rebbi Yose bar Ze‘ira
1657,"R' Yehoshua, son of R' Akiva",1,0.0023,,,,,,,none,0,,"Rebbi Joshua, son of Rebbi Aqiba"
1658,Rav Zabda,1,0.0023,,,,,,,none,0,,Rav Zabda
1659,R' Yoḥanan ben Bagbag,1,0.0023,,,,,,,none,0,,Rebbi Joḥanan ben Bagbag
1660,R' Hizqiyah,1,0.0023,Ḥizkiya,32,0.0451,,,,fuzzy_edit,30,"lev=2 key=""hizqiyah""→""hizkiya""",Rebbi Hizqiyah
1661,R' Ḥiyya bar Yehudah,1,0.0023,,,,,,,none,0,,Rebbi Ḥiyya bar Jehudah
1662,the daughter of Shimon ben Gorion,1,0.0023,,,,,,,none,0,,the daughter of Simeon ben Gorion
1663,R' Ya'akov bar Immi,1,0.0023,,,,,,,none,0,,Rebbi Jacob bar Immi
1664,R' Redipha,1,0.0023,,,,,,,none,0,,Rebbi Redipha
1665,Rav Ammi bar Pappai,1,0.0023,,,,,,,none,0,,Rav Ammi bar Pappai
1666,R' Ḥanin from Shmuel,1,0.0023,,,,,,,none,0,,Rebbi Ḥanin from Samuel
1667,Ḥanina bar Iqa,1,0.0023,,,,,,,none,0,,Ḥanina bar Iqa
1668,R' Ammi bar Ukva,1,0.0023,,,,,,,none,0,,Rebbi Ammi bar Uqba
1669,R' Tanḥum bar Mari,1,0.0023,,,,,,,none,0,,Rebbi Tanḥum bar Mari
1670,R' Yehudah bar Tabbai,1,0.0023,,,,,,,none,0,,Rebbi Jehudah bar Ṭabbai
1671,Yehudah bar Tabbai,1,0.0023,,,,,,,none,0,,Jehudah bar Ṭabbai
1672,R' Hillel bar Pazi,1,0.0023,,,,,,,none,0,,Rebbi Hillel bar Pazi
1673,R' Ḥanaiah,1,0.0023,,,,,,,none,0,,Rebbi Ḥanaiah
1674,R' Yudan from Sicily,1,0.0023,,,,,,,none,0,,Rebbi Yudan from Sicily
1675,Ben Azay,1,0.0023,,,,,,,none,0,,Ben Azay
1676,Rav Shmuel bar Naḥman,1,0.0023,,,,,,,none,0,,Rav Samuel bar Naḥman
1677,"R' Abba, the son of Rav Huna",1,0.0023,,,,,,,none,0,,"Rebbi Abba, the son of Rav Huna"
1678,R' Avdimi from Mozva,1,0.0023,,,,,,,none,0,,Rebbi Eudaimon from Mozva
1679,Ḥananiah bar Šelemiah,1,0.0023,,,,,,,none,0,,Ḥananiah bar Šelemiah
1680,bar Zemina,1,0.0023,,,,,,,none,0,,bar Zemina
1681,R' Yoḥanan bar Mara,1,0.0023,,,,,,,none,0,,Rebbi Joḥanan bar Mara
1682,Rav Ḥiyya,1,0.0023,R' Ḥiyya,392,0.5530,https://he.wikipedia.org/wiki/%D7%A8%D7%91%D7%99%20%D7%97%D7%99%D7%99%D7%90,רבי חייא,Q2904193,exact,100,,Rav Ḥiyya
1683,Ḥanan ben Absalom,1,0.0023,,,,,,,none,0,,Ḥanan ben Absalom
1684,R' Ḥizqiya,1,0.0023,Ḥizkiya,32,0.0451,,,,fuzzy_edit,45,"lev=1 key=""hizqiya""→""hizkiya""",Rebbi Ḥizqiya
1685,R' Hoshaya the son of R' Shammai,1,0.0023,,,,,,,none,0,,Rebbi Hoshaia the son of Rebbi Shammai
1686,R' Elazar ben Pinḥas,1,0.0023,,,,,,,none,0,,Rebbi Eleazar ben Phineas
1687,R' Ya'akov bar Abin,1,0.0023,,,,,,,none,0,,Rebbi Jacob bar Abin
1688,R' Zevadiah,1,0.0023,,,,,,,none,0,,Rebbi Zevadiah
1689,R' Abba the son of R' Pappeus,1,0.0023,,,,,,,none,0,,Rebbi Abba the son of Rebbi Pappeus
1690,Aqabiah ben Mehallalel,1,0.0023,,,,,,,none,0,,Aqabiah ben Mehallalel
1691,R' Abba ben Rav Pappaeus,1,0.0023,,,,,,,none,0,,Rebbi Abba ben Rav Pappaeus
1692,Elazar ben Shamua,1,0.0023,,,,,,,none,0,,Eleazar ben Shamua
1693,Benaiah ben Yehoyada,1,0.0023,,,,,,,none,0,,Benaiah ben Yehoyada
1694,R' Elazar ben Matthias,1,0.0023,,,,,,,none,0,,Rebbi Eleazar ben Matthias
1695,Levi bar Sissi,1,0.0023,,,,,,,none,0,,Levi bar Sissi
1696,R' Dosa from Malḥiyya,1,0.0023,,,,,,,none,0,,Rebbi Dosa from Malḥiyya
1697,Rav Ukva,1,0.0023,,,,,,,none,0,,Rav Uqba
1698,R' Eliezer the son of R' Yose the Galilean,1,0.0023,"R' Eliezer, son of R' Yosei",13,0.0183,,,,token_subset,94,"key=""eliezer son of yose galilean"" ⊆ bavli=""eliezer son of yose""",Rebbi Eliezer the son of Rebbi Yose the Galilean
1699,Yehoshua ben Hyrkanos,1,0.0023,,,,,,,none,0,,Joshua ben Hyrkanos
1700,Yehoshua ben Hyrcanos,1,0.0023,,,,,,,none,0,,Joshua ben Hyrcanos
1701,R' Yose bar Yehudah,1,0.0023,R' Yosei bar Yehuda,55,0.0776,,,,exact,100,,Rebbi Yose bar Jehudah
1702,Elihu Ben Barakhel the Buzite,1,0.0023,,,,,,,none,0,,Elihu Ben Barakhel the Buzite
1703,the son of Abram,1,0.0023,,,,,,,none,0,,the son of Abram
1704,R' Biri,1,0.0023,,,,,,,none,0,,Rebbi Biri
1705,Shimon ben Yakim,1,0.0023,,,,,,,none,0,,Simeon ben Yaqim
1706,R' Yehudah bar Zabida,1,0.0023,,,,,,,none,0,,Rebbi Judah bar Zabida
1707,R' Ḥaninan,1,0.0023,R' Ḥanina,392,0.5530,https://he.wikipedia.org/wiki/%D7%A8%D7%91%D7%99_%D7%97%D7%A0%D7%99%D7%A0%D7%90_%D7%91%D7%A8_%D7%97%D7%9E%D7%90,רבי חנינא בר חמא,Q1062209,fuzzy_edit,45,"lev=1 key=""haninan""→""hanina""",Rebbi Ḥaninan
1708,R' Shimon ben Zebid,1,0.0023,,,,,,,none,0,,Rebbi Simon ben Zebid
1709,Abba Ḥalafta,1,0.0023,,,,,,,none,0,,Abba Ḥalaphta
1710,R' Elazar ben Mattia,1,0.0023,,,,,,,none,0,,Rebbi Eleazar ben Mattia
1711,Ḥanina bar Ḥakhinai,1,0.0023,,,,,,,none,0,,Ḥanina bar Ḥakhinai
1712,R' Shimon bar Zabida,1,0.0023,,,,,,,none,0,,Rebbi Simon bar Zabida
1713,R' Yehudah bar Illai,1,0.0023,,,,,,,none,0,,Rebbi Jehudah bar Ilaï
1714,King Asa,1,0.0023,,,,,,,none,0,,King Asa
1715,R' Pinḥas ben R' Abun,1,0.0023,,,,,,,none,0,,Rebbi Phineas ben Rebbi Abun
1716,Gidul bar Binyamin,1,0.0023,,,,,,,none,0,,Gidul bar Benjamin
1717,Elazar ben Dinai,1,0.0023,,,,,,,none,0,,Eleazar ben Dinai
1718,Teḥina ben Perisha,1,0.0023,,,,,,,none,0,,Teḥina ben Perisha
1719,Yehudah ben Pakora,1,0.0023,,,,,,,none,0,,Judah ben Pakora
1720,R' Levi ben Ḥaita,1,0.0023,,,,,,,none,0,,Rebbi Levi ben Ḥaita
1721,Rav Yirmeyah of Šibšeb,1,0.0023,,,,,,,none,0,,Rav Jeremiah of Šibšeb
1722,Yishmael ben Phiabi,1,0.0023,,,,,,,none,0,,Ismael ben Phiabi
1723,R' Eliezer ben Hyrkanos,1,0.0023,,,,,,,none,0,,Rebbi Eliezer ben Hyrkanos
1724,R' Shmuel bar Ya'akov,1,0.0023,,,,,,,none,0,,Rebbi Samuel bar Jacob
1725,R' Gershom,1,0.0023,,,,,,,none,0,,Rebbi Gershom
1726,R' Yoḥanan bar Marya,1,0.0023,,,,,,,none,0,,Rebbi Yoḥanan bar Marya
1727,R' Elazar ben R' Abuna,1,0.0023,,,,,,,none,0,,Rebbi Eleazar ben Rebbi Abuna
1728,"R' Yudan, the son of R' Yishmael",1,0.0023,,,,,,,none,0,,"Rebbi Yudan, the son of Rebbi Ismael"
1729,ben Ḥanina,1,0.0023,,,,,,,none,0,,ben Ḥanina
1730,Shmuel the son of R' Yosef,1,0.0023,,,,,,,none,0,,Samuel the son of Rebbi Joseph
1731,Rabbi Yoḥanan,1,0.0023,R' Yoḥanan,3687,5.2011,https://he.wikipedia.org/wiki/%D7%A8%D7%91%D7%99%20%D7%99%D7%95%D7%97%D7%A0%D7%9F,רבי יוחנן,Q1397565,exact,100,,Rabbi Joḥanan
1732,R' Ḥiyya bar Zabda,1,0.0023,,,,,,,none,0,,Rebbi Ḥiyya bar Zabda
1733,R' Ḥanania from Ono,1,0.0023,,,,,,,none,0,,Rebbi Ḥanania from Ono
1734,R' Yehudah bar Tzeradia,1,0.0023,,,,,,,none,0,,Rebbi Jehudah bar Ṣeradia
1735,R' Manisha,1,0.0023,,,,,,,none,0,,Rebbi Manisha
1736,R' Yishmael’,1,0.0023,R' Yishmael,552,0.7787,https://he.wikipedia.org/wiki/%D7%A8%D7%91%D7%99%20%D7%99%D7%A9%D7%9E%D7%A2%D7%90%D7%9C,רבי ישמעאל,Q1391069,fuzzy_edit,45,"lev=1 key=""yishmael’""→""yishmael""",Rebbi Ismael’
1737,R' Abba bar Tzutra,1,0.0023,,,,,,,none,0,,Rebbi Abba bar Ẓutra
1738,Samson ben Manoaḥ,1,0.0023,,,,,,,none,0,,Samson ben Manoaḥ
1739,R' Manni,1,0.0023,R' Mani,20,0.0282,,,,fuzzy_edit,45,"lev=1 key=""manni""→""mani""",Rebbi Manni
1740,R' Levi ben Ḥayyata,1,0.0023,,,,,,,none,0,,Rebbi Levi ben Ḥayyata
1741,R' Yose ben Rebbu,1,0.0023,,,,,,,none,0,,Rebbi Yose ben Rebbu
1742,Rav Ḥiyya bar Rav Yitzḥak,1,0.0023,,,,,,,none,0,,Rav Ḥiyya bar Rav Isaac
1743,R' Ḥelbo bar Ḥuna,1,0.0023,,,,,,,none,0,,Rebbi Ḥelbo bar Ḥuna
1744,R' Pappaias,1,0.0023,,,,,,,none,0,,Rebbi Pappaias
1745,R' Ḥanina ben Ḥanina,1,0.0023,,,,,,,none,0,,Rebbi Ḥanina ben Ḥanina
1746,R' Elazar bar Tzadoq,1,0.0023,,,,,,,none,0,,Rebbi Eleazar bar Ṣadoq
1747,R' Hama,1,0.0023,Rav Ḥama,25,0.0353,,,,exact,100,,Rebbi Hama
1748,R' Shimon ben Shetaḥ,1,0.0023,,,,,,,none,0,,Rebbi Simeon ben Shetaḥ
1749,Rav Zakkai,1,0.0023,R' Zakkai,17,0.0240,,,,exact,100,,Rav Zakkai
1750,R' Abba ben R' Mamal,1,0.0023,,,,,,,none,0,,Rebbi Abba ben Rebbi Mamal
1751,"R' Yasa, the son of R' Yasa",1,0.0023,,,,,,,none,0,,"Rebbi Yasa, the son of Rebbi Yasa"
1752,Ḥiyya bar Abba,1,0.0023,R' Ḥiyya bar Abba,278,0.3922,https://he.wikipedia.org/wiki/%D7%A8%D7%91%D7%99_%D7%97%D7%99%D7%99%D7%90_%D7%91%D7%A8_%D7%90%D7%91%D7%90,רבי חייא בר אבא,Q1072589,exact,100,,Ḥiyya bar Abba
1753,R' Shmuel bar Sosarti,1,0.0023,,,,,,,none,0,,Rebbi Samuel bar Sosarti
1754,R' Ḥiya bar Yosef,1,0.0023,,,,,,,none,0,,Rebbi Ḥiya bar Yosef
1755,R' Ḥiya bar Abun,1,0.0023,,,,,,,none,0,,Rebbi Ḥiya bar Abun
1756,ben Azaryah,1,0.0023,,,,,,,none,0,,ben Azariah
1757,Yose ben Paxas,1,0.0023,,,,,,,none,0,,Yose ben Paxas
1758,R' Yannai the Younger,1,0.0023,,,,,,,none,0,,Rebbi Yannai the Younger
1759,R' Nihumi the son of R' Ḥiyya bar Abba,1,0.0023,"R' Abba, son of R' Ḥiyya bar Abba",16,0.0226,,,,token_subset,95,"key=""nihumi son of hiyya ben abba"" ⊆ bavli=""abba son of hiyya ben abba""",Rebbi Nihumi the son of Rebbi Ḥiyya bar Abba
1760,Abba bar Natan,1,0.0023,,,,,,,none,0,,Abba bar Nathan
1761,R' Gurion,1,0.0023,,,,,,,none,0,,Rebbi Gurion
1762,R' Yose bar Abin,1,0.0023,,,,,,,none,0,,Rebbi Yose bar Abin
1763,Avimi bar Tobi,1,0.0023,,,,,,,none,0,,Abime bar Tobi
1764,R' Miasha bar Yirmeyah,1,0.0023,,,,,,,none,0,,Rebbi Miasha bar Jeremiah
1765,R' Neḥemia,1,0.0023,R' Neḥemya,183,0.2582,https://he.wikipedia.org/wiki/%D7%A8%D7%91%D7%99_%D7%A0%D7%97%D7%9E%D7%99%D7%94,רבי נחמיה,Q2902906,fuzzy_edit,45,"lev=1 key=""nehemia""→""nehemya""",Rebbi Neḥemia
1766,Rabin ben Rav,1,0.0023,,,,,,,none,0,,Rabin ben Rav
1767,the son of R' Asi,1,0.0023,,,,,,,none,0,,the son of Rebbi Asi
1768,Bar Athlay,1,0.0023,,,,,,,none,0,,Bar Athlay
1769,the father of R' Yudan,1,0.0023,,,,,,,none,0,,the father of Rebbi Yudan
1770,R' Tanḥum ben Yirmeyah,1,0.0023,,,,,,,none,0,,Rebbi Tanḥum ben Jeremiah
1771,R' Inaia,1,0.0023,,,,,,,none,0,,Rebbi Inaia
1772,R' Abba bar Rav Huna,1,0.0023,,,,,,,none,0,,Rebbi Abba bar Rav Huna
1773,Bina bar Shila,1,0.0023,,,,,,,none,0,,Bina bar Shila
1774,Abin bar Ḥiyya,1,0.0023,,,,,,,none,0,,Abin bar Ḥiyya
1775,R' Yose ben R' Ze'ira,1,0.0023,,,,,,,none,0,,Rebbi Yose ben Rebbi Ze‘ira
1776,R' Elazar ben Parta,1,0.0023,,,,,,,none,0,,Rebbi Eleazar ben Parṭa
1777,the son of R' Abba,1,0.0023,,,,,,,none,0,,the son of Rebbi Abba
1778,R' Ḥiyya bar Ukva,1,0.0023,,,,,,,none,0,,Rebbi Ḥiyya bar Uqba
1779,R' Elazar ben Yannai,1,0.0023,,,,,,,none,0,,Rebbi Eleazar ben Yannai
1780,Ḥinena the son of Rav Assi,1,0.0023,,,,,,,none,0,,Ḥinena the son of Rav Assi
1781,R' Oshaia bar Abba,1,0.0023,,,,,,,none,0,,Rebbi Oshaia bar Abba
1782,Yossi ben Shaul,1,0.0023,,,,,,,none,0,,Yossi ben Shaul
1783,R' Yossi ben Shaul,1,0.0023,,,,,,,none,0,,Rebbi Yossi ben Shaul
1784,Rabba bar Zutra,1,0.0023,,,,,,,none,0,,Rabba bar Zuṭra
1785,R' Marinos,1,0.0023,,,,,,,none,0,,Rebbi Marinos
1786,R' Abba bar Ada,1,0.0023,,,,,,,none,0,,Rebbi Abba bar Ada
1787,R' Abba bar Pappaios,1,0.0023,,,,,,,none,0,,Rebbi Abba bar Pappaios
1788,R' Yose ben R' Ḥaggai,1,0.0023,,,,,,,none,0,,Rebbi Yose ben Rebbi Ḥaggai
1789,"R' Shmuel, son of R' Yose ben R' Ḥanina",1,0.0023,,,,,,,none,0,,"Rebbi Samuel, son of Rebbi Yose ben Rebbi Ḥanina"
1790,R' Yoḥanan ben Gudguedah,1,0.0023,,,,,,,none,0,,Rebbi Joḥanan ben Gudguedah
1791,R' Yoḥanan ben Guedgedah,1,0.0023,,,,,,,none,0,,Rebbi Joḥanan ben Guedgedah
1792,R' Bevon,1,0.0023,,,,,,,none,0,,Rebbi Bevon
1793,Abbaie bar Binyamin,1,0.0023,,,,,,,none,0,,Abbaie bar Benjamin
1794,Ḥiyya bar Abin,1,0.0023,,,,,,,none,0,,Ḥiyya bar Abin
1795,ben R' Yose,1,0.0023,,,,,,,none,0,,ben Rebbi Yose
1796,R' Ya'akov the Armenian,1,0.0023,,,,,,,none,0,,Rebbi Jacob the Armenian
1797,R' Yitzḥak from Atosha,1,0.0023,,,,,,,none,0,,Rebbi Isaac from Atosha
1798,R' Hillel ben Valens,1,0.0023,,,,,,,none,0,,Rebbi Hillel ben Valens
1799,R' Elazar from Rome,1,0.0023,,,,,,,none,0,,Rebbi Eleazar from Rome
1800,R' Bibon,1,0.0023,,,,,,,none,0,,Rebbi Bibon
1801,R' Elazar bar Thaddeus,1,0.0023,,,,,,,none,0,,Rebbi Eleazar bar Thaddeus
1802,R' Bivon bar Ḥiyya,1,0.0023,,,,,,,none,0,,Rebbi Bivon bar Ḥiyya
1803,R' Yitzḥak bar Ḥaqulah,1,0.0023,,,,,,,none,0,,Rebbi Isaac bar Ḥaqulah
1804,Shila bar Binah,1,0.0023,,,,,,,none,0,,Shila bar Binah
1805,Rav Ada bar Aḥa,1,0.0023,,,,,,,none,0,,Rav Ada bar Aḥa
1806,R' Yasa ben R' Sabbatai,1,0.0023,,,,,,,none,0,,Rebbi Yasa ben Rebbi Sabbatai
1807,R' Yose ben R' Baibon,1,0.0023,,,,,,,none,0,,Rebbi Yose ben Rebbi Baibon
1808,R' Yoḥanan from Sepphoris,1,0.0023,,,,,,,none,0,,Rebbi Joḥanan from Sepphoris
1809,R' Bebai,1,0.0023,,,,,,,none,0,,Rebbi Bebai
1810,R' Yose ben Rebi,1,0.0023,,,,,,,none,0,,Rebbi Yose ben Rebi
1811,Rav Ḥizkiah,1,0.0023,Ḥizkiya,32,0.0451,,,,fuzzy_edit,30,"lev=2 key=""hizkiah""→""hizkiya""",Rav Ḥizqiah
1812,R' Yose from Mamelia,1,0.0023,,,,,,,none,0,,Rebbi Yose from Mamelia
1813,Bar Tarima,1,0.0023,,,,,,,none,0,,Bar Tarima
1814,King Rehabeam,1,0.0023,,,,,,,none,0,,King Rehabeam
1815,R' Yose bar Mamal,1,0.0023,,,,,,,none,0,,Rebbi Yose bar Mamal
1816,R' Ḥamai bar Ukva,1,0.0023,,,,,,,none,0,,Rebbi Ḥamai bar Uqba
1817,R' Yudan ben R' Ḥanan,1,0.0023,,,,,,,none,0,,Rebbi Yudan ben Rebbi Ḥanan
1818,R' Yitzḥak bar Tebele,1,0.0023,,,,,,,none,0,,Rebbi Isaac bar Tebele
1819,R' Yehudah bar Sisin,1,0.0023,,,,,,,none,0,,Rebbi Jehudah bar Sisin
1820,R' Ḥiyya bar Assi,1,0.0023,,,,,,,none,0,,Rebbi Ḥiyya bar Assi
1821,R' Abbu,1,0.0023,R' Abba,290,0.4091,https://he.wikipedia.org/wiki/%D7%A8%D7%91%D7%99_%D7%90%D7%91%D7%90,רבי אבא,Q7221758,fuzzy_edit,45,"lev=1 key=""abbu""→""abba""",Rebbi Abbu
1822,R' Tanḥum bar Pappus,1,0.0023,,,,,,,none,0,,Rebbi Tanḥum bar Pappus
1823,R' Gamliel ben R',1,0.0023,,,,,,,none,0,,Rebbi Gamliel ben Rebbi
1824,R' Abbun,1,0.0023,,,,,,,none,0,,Rebbi Abbun
1825,brother of R' Yehudah bar Zavdi,1,0.0023,,,,,,,none,0,,brother of Rebbi Jehudah bar Zavdi
1826,ben Elazar,1,0.0023,,,,,,,none,0,,ben Eleazar
1827,Abba Gorion from Sidon,1,0.0023,,,,,,,none,0,,Abba Gorion from Sidon
1828,Abba Orion from Sidon,1,0.0023,,,,,,,none,0,,Abba Orion from Sidon
1829,Rabba bar Abuha,1,0.0023,,,,,,,none,0,,Rabba bar Abuha
1830,Abba Yose ben Dosai,1,0.0023,,,,,,,none,0,,Abba Yose ben Dosai
1831,R' Yannai bar Yishmael,1,0.0023,,,,,,,none,0,,Rebbi Yannai bar Ismael
1832,Yose ben Yehudah,1,0.0023,R' Yosei bar Yehuda,55,0.0776,,,,exact,100,,Yose ben Jehudah
1833,R' Akiba,1,0.0023,R' Akiva,1503,2.1202,https://he.wikipedia.org/wiki/%D7%A8%D7%91%D7%99_%D7%A2%D7%A7%D7%99%D7%91%D7%90,רבי עקיבא,Q310821,fuzzy_edit,45,"lev=1 key=""akiba""→""akiva""",Rebbi Akiba
1834,Ben Pedaia,1,0.0023,,,,,,,none,0,,Ben Pedaia
1835,Abba bar Rav,1,0.0023,,,,,,,none,0,,Abba bar Rab
1836,Abba bar Rav Ḥana,1,0.0023,,,,,,,none,0,,Abba bar Rav Ḥana
1837,Abba Yose ben Ḥanan,1,0.0023,,,,,,,none,0,,Abba Yose ben Ḥanan
1838,R' Abba bar Bizna,1,0.0023,,,,,,,none,0,,Rebbi Abba bar Bizna
1839,R' Yustus ben R' Matton,1,0.0023,,,,,,,none,0,,Rebbi Justus ben Rebbi Matton
1840,Rav Qarni,1,0.0023,,,,,,,none,0,,Rav Qarni
1841,The father of Shmuel,1,0.0023,,,,,,,none,0,,The father of Samuel
1842,R' Yose the Galiean,1,0.0023,,,,,,,none,0,,Rebbi Yose the Galiean
1843,R' Abba bar Ḥanan,1,0.0023,,,,,,,none,0,,Rebbi Abba bar Ḥanan
1844,Bar Qora,1,0.0023,,,,,,,none,0,,Bar Qora
1845,R' Johua ben Levi,1,0.0023,,,,,,,none,0,,Rebbi Johua ben Levi
1846,Abba Hoshaya from Tireh,1,0.0023,,,,,,,none,0,,Abba Hoshaia from Tireh
1847,Rabbi Elazar,1,0.0023,R' Elazar,1366,1.9270,https://he.wikipedia.org/wiki/%D7%A8%D7%91%D7%99%20%D7%90%D7%9C%D7%A2%D7%96%D7%A8%20%D7%91%D7%9F%20%D7%A9%D7%9E%D7%95%D7%A2,רבי אלעזר בן שמוע,Q739520,exact,100,,Rabbi Eleazar
1848,Rabbi Shimon ben Lakish,1,0.0023,R' Shimon ben Lakish,246,0.3470,https://he.wikipedia.org/wiki/%D7%A9%D7%9E%D7%A2%D7%95%D7%9F_%D7%91%D7%9F_%D7%9C%D7%A7%D7%99%D7%A9,שמעון בן לקיש,Q1391489,exact,100,,Rabbi Simeon ben Laqish
1849,Abba Kohen bar Delaiah,1,0.0023,,,,,,,none,0,,Abba Cohen bar Delaiah
1850,R' Yosana,1,0.0023,R' Yoḥanan,3687,5.2011,https://he.wikipedia.org/wiki/%D7%A8%D7%91%D7%99%20%D7%99%D7%95%D7%97%D7%A0%D7%9F,רבי יוחנן,Q1397565,fuzzy_edit,30,"lev=2 key=""yosana""→""yohanan""",Rebbi Yosana
1851,Bevay bar Gozlan,1,0.0023,,,,,,,none,0,,Bevay bar Gozlan
1852,Abba Oshaia from Tireh,1,0.0023,,,,,,,none,0,,Abba Oshaia from Tireh
1853,R' Yoḥanan from Ḥaqoq,1,0.0023,,,,,,,none,0,,Rebbi Joḥanan from Ḥaqoq
1854,Rabbi Ḥiyya bar Ashi,1,0.0023,R' Ḥiyya bar Ashi,14,0.0197,,,,exact,100,,Rabbi Ḥiyya bar Ashi
1855,Ya'akov bar Zavdi,1,0.0023,,,,,,,none,0,,Jacob bar Zavdi
1856,R' Abin bar Mamal,1,0.0023,,,,,,,none,0,,Rebbi Abin bar Mamal
1857,R' Ya'akov from Emmaus,1,0.0023,,,,,,,none,0,,Rebbi Jacob from Emmaus
1858,Abba bar Zamina,1,0.0023,,,,,,,none,0,,Abba bar Zamina
1859,Yehudah ben Buni,1,0.0023,,,,,,,none,0,,Jehudah ben Buni
1860,R' Nisi,1,0.0023,,,,,,,none,0,,Rebbi Nisi
1861,R' Menaḥem,1,0.0023,,,,,,,none,0,,Rebbi Menaḥem
1862,the brother of R' Gorion,1,0.0023,,,,,,,none,0,,the brother of Rebbi Gorion
1863,R' Yustus,1,0.0023,,,,,,,none,0,,Rebbi Justus
1864,R' Ilfay,1,0.0023,Ilfa,30,0.0423,,,,fuzzy_edit,45,"lev=1 key=""ilfay""→""ilfa""",Rebbi Ilfay
1865,R' Avimi bar Tobi,1,0.0023,,,,,,,none,0,,Rebbi Abime bar Tobi
1866,R' Ya'akov ben Dosai,1,0.0023,,,,,,,none,0,,Rebbi Jacob ben Dosai
1867,Rav Ada bar Abuh,1,0.0023,,,,,,,none,0,,Rav Ada bar Abuh
1868,R' Avdimi the Emigrant,1,0.0023,,,,,,,none,0,,Rebbi Eudaimon the Emigrant
1869,Giddul ben Minyamin,1,0.0023,,,,,,,none,0,,Giddul ben Minyamin
1870,Ḥilqiah bar Tobi,1,0.0023,,,,,,,none,0,,Ḥilqiah bar Tobi
1871,Rav Abba bar Rav Huna,1,0.0023,,,,,,,none,0,,Rav Abba bar Rav Huna
1872,R' Abba bar Tebelai,1,0.0023,,,,,,,none,0,,Rebbi Abba bar Ṭebelai
1873,R' Shmuel ben Rav Naḥman,1,0.0023,,,,,,,none,0,,Rebbi Samuel ben Rav Naḥman
1874,R' Levi ben Birai,1,0.0023,,,,,,,none,0,,Rebbi Levi ben Birai
1875,R' Tanḥum from Kefar,1,0.0023,,,,,,,none,0,,Rebbi Tanḥum from Kefar
1876,Bar Ityan,1,0.0023,,,,,,,none,0,,Bar Iṭyan
1877,R' Yannai the Kappadokian,1,0.0023,,,,,,,none,0,,Rebbi Yannai the Kappadokian
1878,the father of R' Yitzḥak bar Naḥman,1,0.0023,,,,,,,none,0,,the father of Rebbi Isaac bar Naḥman
1879,bar Delaiah,1,0.0023,,,,,,,none,0,,bar Delaiah
1880,R' Yoḥanan ben Beroqah,1,0.0023,,,,,,,none,0,,Rebbi Joḥanan ben Beroqah
1881,the rabbis of R' Justinus,1,0.0023,,,,,,,none,0,,The rabbis of Rebbi Justinus
1882,Elazar ben Aaron,1,0.0023,,,,,,,none,0,,Eleazar ben Aaron
1883,R' Shimon ben Gamiel,1,0.0023,,,,,,,none,0,,Rebbi Simeon ben Gamiel
1884,bar Abun,1,0.0023,,,,,,,none,0,,bar Abun
1885,brother of R' Horiana,1,0.0023,,,,,,,none,0,,brother of Rebbi Horiana
1886,brother of R' Shmuel ben Sosartai,1,0.0023,,,,,,,none,0,,brother of Rebbi Samuel ben Sosartai
1887,Rav Naḥman bar Shmuel bar Naḥman,1,0.0023,,,,,,,none,0,,Rav Naḥman bar Samuel bar Naḥman
1888,R' Perira,1,0.0023,R' Zeira,668,0.9423,https://he.wikipedia.org/wiki/%D7%A8%D7%91%D7%99%20%D7%96%D7%99%D7%A8%D7%90,רבי זירא,Q7296294,fuzzy_edit,30,"lev=2 key=""perira""→""zeira""",Rebbi Perira
1889,R' Immi bar Qorḥa,1,0.0023,,,,,,,none,0,,Rebbi Immi bar Qorḥa
1890,Shimon ben Nannas,1,0.0023,,,,,,,none,0,,Simeon ben Nannas
1891,R' Eliezer ben R' Yose the Galilean,1,0.0023,,,,,,,none,0,,Rebbi Eliezer ben Rebbi Yose the Galilean
1892,Rav Huna bar Ḥiyya,1,0.0023,Rav Huna bar Ḥiyya,29,0.0409,,,,exact,100,,Rav Huna bar Ḥiyya
1893,R' Shimon ben Laqush,1,0.0023,,,,,,,none,0,,Rebbi Simeon ben Laqush
1894,Rabbi Mana,1,0.0023,R' Mani,20,0.0282,,,,fuzzy_edit,45,"lev=1 key=""mana""→""mani""",Rabbi Mana
1895,R' Yustus from Sunem,1,0.0023,,,,,,,none,0,,Rebbi Justus from Sunem
1896,R' Abun ben R' Elazar,1,0.0023,,,,,,,none,0,,Rebbi Abun ben Rebbi Eleazar
1897,R' Ḥanina bar Sisi,1,0.0023,,,,,,,none,0,,Rebbi Ḥanina bar Sisi
1898,Rava bar Binah,1,0.0023,,,,,,,none,0,,Rava bar Binah
1899,the rabbis of Newe,1,0.0023,,,,,,,none,0,,The rabbis of Newe
1900,Rav Hoshaya ben Rav Shammai,1,0.0023,,,,,,,none,0,,Rav Hoshaia ben Rav Shammai
1901,R' Mama,1,0.0023,Rav Ḥama,25,0.0353,,,,fuzzy_edit,45,"lev=1 key=""mama""→""hama""",Rebbi Mama
1902,R' Hina,1,0.0023,Rav Huna,1164,1.6420,https://he.wikipedia.org/wiki/%D7%A8%D7%91_%D7%94%D7%95%D7%A0%D7%90,רב הונא,Q1794530,fuzzy_edit,45,"lev=1 key=""hina""→""huna""",Rebbi Hina
1903,R' Ḥizkiah from Ḥuqoq,1,0.0023,,,,,,,none,0,,Rebbi Ḥizqiah from Ḥuqoq
1904,Rav Bannai,1,0.0023,R' Yannai,171,0.2412,https://he.wikipedia.org/wiki/%D7%A8%D7%91%D7%99_%D7%99%D7%A0%D7%90%D7%99,רבי ינאי,Q2124910,fuzzy_edit,45,"lev=1 key=""bannai""→""yannai""",Rav Bannai
1905,Ze‘ir bar Ḥinena,1,0.0023,,,,,,,none,0,,Ze‘ir bar Ḥinena
1906,R' Ya'akov bar Dositheos,1,0.0023,,,,,,,none,0,,Rebbi Jacob bar Dositheos
1907,Rav Shmuel,1,0.0023,Shmuel,2636,3.7185,https://he.wikipedia.org/wiki/%D7%A9%D7%9E%D7%95%D7%90%D7%9C_(%D7%90%D7%9E%D7%95%D7%A8%D7%90),שמואל (אמורא),Q723557,exact,100,,Rav Samuel
1908,ben Rav,1,0.0023,,,,,,,none,0,,ben Rav
1909,R' Thema bar Pappaias,1,0.0023,,,,,,,none,0,,Rebbi Thema bar Pappaias
1910,Ben Zakkai,1,0.0023,,,,,,,none,0,,Ben Zakkai
1911,ben Mr,1,0.0023,,,,,,,none,0,,ben Mr
1912,Rabbi La,1,0.0023,R' Ela,23,0.0324,,,,fuzzy_edit,45,"lev=1 key=""la""→""ela""",Rabbi La
1913,R' Yonatan ben Ḥali,1,0.0023,,,,,,,none,0,,Rebbi Jonathan ben Ḥali
1914,R' Avdimi the son of R' Tabi,1,0.0023,,,,,,,none,0,,Rebbi Eudaimon the son of Rebbi Tabi
1915,R' La from Kufra,1,0.0023,,,,,,,none,0,,Rebbi La from Kufra
1916,R' Elazar ben Tzadoq,1,0.0023,,,,,,,none,0,,Rebbi Eleazar ben Ṣadoq
1917,Shimon ben Yoḥai,1,0.0023,R' Shimon ben Yoḥai,128,0.1806,,,,exact,100,,Simeon ben Ioḥai
1918,R' Shimon ben R' Hillel ben Pazi,1,0.0023,R' Shimon ben Pazi,36,0.0508,,,,token_subset,93,"key=""shimon ben hillel ben pazi"" ⊆ bavli=""shimon ben pazi""",Rebbi Simeon ben Rebbi Hillel ben Pazi
1919,R' Ḥiyya bar Aba,1,0.0023,,,,,,,none,0,,Rebbi Ḥiyya bar Aba
1920,R' Tanḥum ben Yudan,1,0.0023,,,,,,,none,0,,Rebbi Tanḥum ben Yudan
1921,Ben Sateda,1,0.0023,,,,,,,none,0,,Ben Sateda
1922,R' Yehoshua ben Hanania,1,0.0023,,,,,,,none,0,,Rebbi Joshua ben Hanania
1923,R' Ḥinena ben Ḥanania,1,0.0023,,,,,,,none,0,,Rebbi Ḥinena ben Ḥanania
1924,R' Darosa,1,0.0023,R' Dosa,67,0.0945,,,,fuzzy_edit,30,"lev=2 key=""darosa""→""dosa""",Rebbi Darosa
1925,R' Shila bar Bina,1,0.0023,,,,,,,none,0,,Rebbi Shila bar Bina
1926,Pinḥas ben Elazar,1,0.0023,,,,,,,none,0,,Phineas ben Eleazar
1927,R' Yudan bar Ḥanan,1,0.0023,,,,,,,none,0,,Rebbi Yudan bar Ḥanan
1928,R' Shmuel ben R' Naḥman,1,0.0023,,,,,,,none,0,,Rebbi Samuel ben Rebbi Naḥman
1929,Ben Laana,1,0.0023,,,,,,,none,0,,Ben Laana
1930,Manasse ben Hezekias,1,0.0023,,,,,,,none,0,,Manasse ben Hezekias
1931,Shmuel bar Bina,1,0.0023,,,,,,,none,0,,Samuel bar Bina
1932,Yehudah ben R' Ḥizkiah,1,0.0023,,,,,,,none,0,,Jehudah ben Rebbi Ḥizqiah
1933,R' Shimon ben Yehudah from Kefar,1,0.0023,,,,,,,none,0,,Rebbi Simeon ben Jehudah from Kefar
1934,Yoḥanan ben Qareaḥ,1,0.0023,,,,,,,none,0,,Joḥanan ben Qareaḥ
1935,"R' Ḥinena, the son of R' Ada",1,0.0023,,,,,,,none,0,,"Rebbi Ḥinena, the son of Rebbi Ada"
1936,Tzedekias ben Kenaana,1,0.0023,,,,,,,none,0,,Ṣedekias ben Kenaana
1937,Ben Hadad,1,0.0023,,,,,,,none,0,,Ben Hadad
1938,Bar Pedaia,1,0.0023,,,,,,,none,0,,Bar Pedaia
1939,R' Ya'akov bar Dassai,1,0.0023,,,,,,,none,0,,Rebbi Jacob bar Dassai
1940,R' Shila bar Binah,1,0.0023,,,,,,,none,0,,Rebbi Shila bar Binah
1941,R' Yose ben Ḥalaphtasays,1,0.0023,,,,,,,none,0,,Rebbi Yose ben Ḥalaphtasays
1942,ben Aina,1,0.0023,,,,,,,none,0,,ben Aina
1943,Onias ben Ḥakhinai,1,0.0023,,,,,,,none,0,,Onias ben Ḥakhinai
1944,R' Ḥaninah ben Aqashiah,1,0.0023,,,,,,,none,0,,Rebbi Ḥaninah ben Aqashiah
1945,R' Ḥananiah ben Aqashiah,1,0.0023,,,,,,,none,0,,Rebbi Ḥananiah ben Aqashiah
1946,Yehoshua the son of R' Akiva,1,0.0023,,,,,,,none,0,,Joshua the son of Rebbi Aqiba
1947,bar Aḥava,1,0.0023,,,,,,,none,0,,bar Aḥawa
1948,R' Eleasar ben R' Yose,1,0.0023,,,,,,,none,0,,Rebbi Eleasar ben Rebbi Yose
1949,R' Yose the Southerner,1,0.0023,,,,,,,none,0,,Rebbi Yose the Southerner
1950,R' Shmuel bar R' Yudan,1,0.0023,,,,,,,none,0,,Rebbi Samuel bar Rebbi Yudan
1951,Avimi the brother of Ḥefa,1,0.0023,,,,,,,none,0,,Abime the brother of Ḥefa
1952,R' Shmuel ben Ya'akov,1,0.0023,,,,,,,none,0,,Rebbi Samuel ben Jacob
1953,R' Yudan from Cappadocia,1,0.0023,,,,,,,none,0,,Rebbi Yudan from Cappadocia
1954,R' Gamliel ben R' Illai,1,0.0023,,,,,,,none,0,,Rebbi Gamliel ben Rebbi Illai
1955,R' Ada bar Ahava,1,0.0023,,,,,,,none,0,,Rebbi Ada bar Ahava
1956,R' Marinus,1,0.0023,,,,,,,none,0,,Rebbi Marinus
1957,R' Ya'akov bar Abinna,1,0.0023,,,,,,,none,0,,Rebbi Jacob bar Abinna
1958,R' Issac,1,0.0023,,,,,,,none,0,,Rebbi Issac
1959,R' Abba bar Tevelai,1,0.0023,,,,,,,none,0,,Rebbi Abba bar Tevelai
1960,R' Yoḥanan ben Madia,1,0.0023,,,,,,,none,0,,Rebbi Joḥanan ben Madia
1961,R' Yudan from Antodra,1,0.0023,,,,,,,none,0,,Rebbi Yudan from Antodra
1962,R' Shimon ben Yoḥanan,1,0.0023,,,,,,,none,0,,Rebbi Simeon ben Joḥanan
1963,R' Ḥanan bar Abba,1,0.0023,,,,,,,none,0,,Rebbi Ḥanan bar Abba
1964,R' Yitzḥak from Gufta,1,0.0023,,,,,,,none,0,,Rebbi Isaac from Gufta
1965,Rabbi Shimon,1,0.0023,R' Shimon,1867,2.6337,https://he.wikipedia.org/wiki/%D7%A8%D7%91%D7%99%20%D7%A9%D7%9E%D7%A2%D7%95%D7%9F%20%D7%91%D7%A8%20%D7%99%D7%95%D7%97%D7%90%D7%99,רבי שמעון בר יוחאי,Q557405,exact,100,,Rabbi Simon
1966,Bar Ashtor,1,0.0023,,,,,,,none,0,,Bar Ashtor
1967,the son of R' Abbahu,1,0.0023,,,,,,,none,0,,the son of Rebbi Abbahu
1968,son of R',1,0.0023,,,,,,,none,0,,son of Rebbi
1969,the daughter of Domitianus,1,0.0023,,,,,,,none,0,,the daughter of Domitianus
1970,bar Idi,1,0.0023,,,,,,,none,0,,bar Idi
1971,Ben Dama,1,0.0023,,,,,,,none,0,,Ben Dama
1972,R' Ḥanianiah,1,0.0023,,,,,,,none,0,,Rebbi Ḥanianiah
1973,Ben Netoza,1,0.0023,,,,,,,none,0,,Ben Neṭoza
1974,R' Abinnas,1,0.0023,,,,,,,none,0,,Rebbi Abinnas
1975,R' Yose from Malḥa,1,0.0023,,,,,,,none,0,,Rebbi Yose from Malḥa
1976,R' Yoḥanan bar Madia,1,0.0023,,,,,,,none,0,,Rebbi Joḥanan bar Madia
1977,Yehudah ben Shamua,1,0.0023,,,,,,,none,0,,Jehudah ben Shamua
1978,R' Simoen ben Yoḥai,1,0.0023,,,,,,,none,0,,Rebbi Simoen ben Ioḥai
1979,Simlai the Southerner,1,0.0023,,,,,,,none,0,,Simlai the Southerner
1980,R' Zakkai of Alexandria,1,0.0023,,,,,,,none,0,,Rebbi Zakkai of Alexandria
1981,R' Binyamin bar Levai,1,0.0023,,,,,,,none,0,,Rebbi Benjamin bar Levai
1982,Kahana bar Taḥlifa,1,0.0023,,,,,,,none,0,,Cahana bar Taḥlifa
1983,Natan bar Abba,1,0.0023,,,,,,,none,0,,Nathan bar Abba
1984,R' Jotzhua ben Levi,1,0.0023,,,,,,,none,0,,Rebbi Joṣhua ben Levi
1985,R' Yehudah ben Gamliel,1,0.0023,,,,,,,none,0,,Rebbi Jehudah ben Gamliel
1986,R' Ḥanina from Hauran,1,0.0023,,,,,,,none,0,,Rebbi Ḥanina from Hauran
1987,R' Yasa bar Ḥalfuta,1,0.0023,,,,,,,none,0,,Rebbi Yasa bar Ḥalfuta
1988,Zavdai ben Levai,1,0.0023,,,,,,,none,0,,Zavdai ben Levai
1989,R' Ze'ira the son of R' Abbahu,1,0.0023,,,,,,,none,0,,Rebbi Zeˋira the son of Rebbi Abbahu
1990,R' Ḥanina bar Yasa,1,0.0023,,,,,,,none,0,,Rebbi Ḥanina bar Yasa
1991,Rav Ḥama bar Gorion,1,0.0023,,,,,,,none,0,,Rav Ḥama bar Gorion
1992,R' Yitzḥak bar Mattanah,1,0.0023,,,,,,,none,0,,Rebbi Isaac bar Mattanah
1993,Bar Drosai,1,0.0023,,,,,,,none,0,,Bar Drosai
1994,An Aramean youth,1,0.0023,,,,,,,none,0,,An Aramean youth
1995,Ze`ur bar Ḥinena,1,0.0023,,,,,,,none,0,,Ze`ur bar Ḥinena
1996,Rav Yoshia,1,0.0023,R' Yoshiya,104,0.1467,,,,fuzzy_edit,45,"lev=1 key=""yoshia""→""yoshiya""",Rav Joshia
1997,R' Elazar ben Hoshaya,1,0.0023,,,,,,,none,0,,Rebbi Eleazar ben Hoshaia
1998,R' Ḥananiah bar R' Abbahu,1,0.0023,,,,,,,none,0,,Rebbi Ḥananiah bar Rebbi Abbahu
1999,the family Osinos,1,0.0023,,,,,,,none,0,,the family Osinos
2000,R' Bejamin ben Levi,1,0.0023,,,,,,,none,0,,Rebbi Bejamin ben Levi
2001,R' Shimon ben R' Yose bar Lakonia,1,0.0023,,,,,,,none,0,,Rebbi Simeon ben Rebbi Yose bar Lakonia
2002,R' Ina,1,0.0023,R' Ila,20,0.0282,,,,fuzzy_edit,45,"lev=1 key=""ina""→""ila""",Rebbi Ina
2003,Bar Silene,1,0.0023,,,,,,,none,0,,Bar Silene
2004,R' Shimon ben Zevid,1,0.0023,,,,,,,none,0,,Rebbi Simeon ben Zevid
2005,Yishmael ben Netaniah,1,0.0023,,,,,,,none,0,,Ismael ben Netaniah
2006,"R' Shmuel, son of R' Yose ben R' Abun",1,0.0023,,,,,,,none,0,,"Rebbi Samuel, son of Rebbi Yose ben Rebbi Abun"
2007,R' Tobi,1,0.0023,,,,,,,none,0,,Rebbi Tobi
2008,Rabbi Yannai,1,0.0023,R' Yannai,171,0.2412,https://he.wikipedia.org/wiki/%D7%A8%D7%91%D7%99_%D7%99%D7%A0%D7%90%D7%99,רבי ינאי,Q2124910,exact,100,,Rabbi Yannai
2009,Rabbi Yose ben R' Ḥanina,1,0.0023,R' Yosei bar Ḥanina,92,0.1298,,,,exact,100,,Rabbi Yose ben Rebbi Ḥanina
2010,Rabbi Yose ben Ḥanina,1,0.0023,R' Yosei bar Ḥanina,92,0.1298,,,,exact,100,,Rabbi Yose ben Ḥanina
2011,Akavia ben Mahalalel,1,0.0023,,,,,,,none,0,,Aqabia ben Mahalalel
2012,R' Ḥama ben Yosef,1,0.0023,,,,,,,none,0,,Rebbi Ḥama ben Joseph
2013,R' Ulla from Caesarea,1,0.0023,,,,,,,none,0,,Rebbi Ulla from Caesarea
2014,R' Yitzḥak bar Tabelai,1,0.0023,,,,,,,none,0,,Rebbi Isaac bar Ṭabelai
2015,R' Avdimi from Sepphoris,1,0.0023,,,,,,,none,0,,Rebbi Eudaimon from Sepphoris
2016,R' Yose bar Nehorai,1,0.0023,,,,,,,none,0,,Rebbi Yose bar Nehorai
2017,Yehudah ben Neqosa,1,0.0023,,,,,,,none,0,,Jehudah ben Neqosa
2018,R' Yose ben R' Yehoshua,1,0.0023,,,,,,,none,0,,Rebbi Yose ben Rebbi Joshua
2019,R' Jacon bar Zavdi,1,0.0023,,,,,,,none,0,,Rebbi Jacon bar Zavdi
