word,type,note,url,sefaria_ref
compendiarium,Latin,Latin compendiarium,https://chavrutai.com/yerushalmi/Berakhot/1#1-13,Jerusalem_Talmud_Berakhot.1.1.13
strata,Latin,Latin strata,https://chavrutai.com/yerushalmi/Berakhot/1#1-13,Jerusalem_Talmud_Berakhot.1.1.13
δήλωμα,Greek,"This is the explanation of Frankel in his “Introduction to the Yerushalmi”, from Greek δήλωμα. Levy in his dictionary refers to Greek δίλημμα, which means only “proposition of two difficult alternatives.” Brüll in his critique of Levy’s dictionary proposes Greek δράμα “action”. Frankel’s choice is difficult since both long vowels should be expressed, דילומא. (In Midrashim, the spelling דילמא is found.) Brüll’s explanation is more difficult to accept since substitutions of the liquids l,r",https://chavrutai.com/yerushalmi/Berakhot/1#1-21,Jerusalem_Talmud_Berakhot.1.1.21
δίλημμα,Greek,"This is the explanation of Frankel in his “Introduction to the Yerushalmi”, from Greek δήλωμα. Levy in his dictionary refers to Greek δίλημμα, which means only “proposition of two difficult alternatives.” Brüll in his critique of Levy’s dictionary proposes Greek δράμα “action”. Frankel’s choice is difficult since both long vowels should be expressed, דילומא. (In Midrashim, the spelling דילמא is found.) Brüll’s explanation is more difficult to accept since substitutions of the liquids l,r",https://chavrutai.com/yerushalmi/Berakhot/1#1-21,Jerusalem_Talmud_Berakhot.1.1.21
δράμα,Greek,"This is the explanation of Frankel in his “Introduction to the Yerushalmi”, from Greek δήλωμα. Levy in his dictionary refers to Greek δίλημμα, which means only “proposition of two difficult alternatives.” Brüll in his critique of Levy’s dictionary proposes Greek δράμα “action”. Frankel’s choice is difficult since both long vowels should be expressed, דילומא. (In Midrashim, the spelling דילמא is found.) Brüll’s explanation is more difficult to accept since substitutions of the liquids l,r",https://chavrutai.com/yerushalmi/Berakhot/1#1-21,Jerusalem_Talmud_Berakhot.1.1.21
stadion,Greek,Egypt is defined as the country between the Mediterranean and Aswan (Syene). The distance was determined by the Alexandrian astronomer Eratosthenes to be approximately 5000 stadia. The length of the Greek stadion is no better defined than the Jewish mil,https://chavrutai.com/yerushalmi/Berakhot/1#1-23,Jerusalem_Talmud_Berakhot.1.1.23
olentia,Latin,Latin olentia,https://chavrutai.com/yerushalmi/Berakhot/1#1-33,Jerusalem_Talmud_Berakhot.1.1.33
delatorius,Latin,Latin delatorius,https://chavrutai.com/yerushalmi/Berakhot/1#2-9,Jerusalem_Talmud_Berakhot.1.2.9
Vivianus,Latin,"Since in Talmudic times every ב or בּ was pronounced /v/ in Galilee under the influence of Byzantine Greek, his name probably is a shortening of Latin Vivianus, חַיִּים. R. Bibi was one of the notable students of R. Yoḥanan.",https://chavrutai.com/yerushalmi/Berakhot/1#4-4,Jerusalem_Talmud_Berakhot.1.4.4
τύπος,Greek,"Greek τύπος, “pattern, model, prescribed form”. Rebbi Mana was a student of Rebbi Yudan who uses the Hebrew מטבע “coin” for “form”. The students of Rebbi Mana were the collectors of the Yerushalmi in the form it came down to us. Hence, his answer is final: All long benedictions end with “Praise to You, o Eternal, …” as a matter of principle (going back to the Men of the Great Assembly). Between this sentence and the next, a “since” should be mentally interpolated.",https://chavrutai.com/yerushalmi/Berakhot/1#5-22,Jerusalem_Talmud_Berakhot.1.5.22
ἐπικάρσιον,Greek,"ἐπικάρσιον, τό, “striped garment”. This must have been a large undershirt reaching at least to the upper parts of his legs.",https://chavrutai.com/yerushalmi/Berakhot/2#3-6,Jerusalem_Talmud_Berakhot.2.3.6
τό,Greek,"ἐπικάρσιον, τό, “striped garment”. This must have been a large undershirt reaching at least to the upper parts of his legs.",https://chavrutai.com/yerushalmi/Berakhot/2#3-6,Jerusalem_Talmud_Berakhot.2.3.6
olearii,Latin,Latin olearii,https://chavrutai.com/yerushalmi/Berakhot/2#3-6,Jerusalem_Talmud_Berakhot.2.3.6
θερμασία,Greek,"Cf. Greek θερμασία, ἡ, “warmth, heat.”. Rebbi Yoḥanan would trust his tefillin",https://chavrutai.com/yerushalmi/Berakhot/2#3-6,Jerusalem_Talmud_Berakhot.2.3.6
ἡ,Greek,"Cf. Greek θερμασία, ἡ, “warmth, heat.”. Rebbi Yoḥanan would trust his tefillin",https://chavrutai.com/yerushalmi/Berakhot/2#3-6,Jerusalem_Talmud_Berakhot.2.3.6
pileus,Latin,"Perhaps compare פיליוס to Latin pileus, pilleus",https://chavrutai.com/yerushalmi/Berakhot/2#3-11,Jerusalem_Talmud_Berakhot.2.3.11
Εὐδαίμων,Greek,"An Amora of the second generation. His name Εὐδαίμων “fortunate” shows that the pronounciation of Greek in his time was as today, that υ = f = ב.",https://chavrutai.com/yerushalmi/Berakhot/2#4-6,Jerusalem_Talmud_Berakhot.2.4.6
canna,Latin,"קנקן usually means a pitcher or a bottle, from late Latin canna",https://chavrutai.com/yerushalmi/Berakhot/2#4-12,Jerusalem_Talmud_Berakhot.2.4.12
genialia,Latin,Probably Latin genialia,https://chavrutai.com/yerushalmi/Berakhot/2#4-15,Jerusalem_Talmud_Berakhot.2.4.15
form,Greek,"This Greek form was found in a Palmyrenian inscription. Following Fleischer, the title is a composition of Persian ارك ark",https://chavrutai.com/yerushalmi/Berakhot/2#4-16,Jerusalem_Talmud_Berakhot.2.4.16
δόμος,Greek,"Greek δόμος, “building; rows of stones or bricks in a building.” At other places in the Yerushalmi, the spelling דומדס is found; in the Babli it always is דימוס (which, however, might mean another word, δῆμος).",https://chavrutai.com/yerushalmi/Berakhot/2#4-16,Jerusalem_Talmud_Berakhot.2.4.16
δῆμος,Greek,"Greek δόμος, “building; rows of stones or bricks in a building.” At other places in the Yerushalmi, the spelling דומדס is found; in the Babli it always is דימוס (which, however, might mean another word, δῆμος).",https://chavrutai.com/yerushalmi/Berakhot/2#4-16,Jerusalem_Talmud_Berakhot.2.4.16
δόμος,Greek,"Greek δόμος, “building; rows of stones or bricks in a building.” At other places in the Yerushalmi, the spelling דומדס is found; in the Babli it always is דימוס (which, however, might mean another word, δῆμος).",https://chavrutai.com/yerushalmi/Berakhot/2#5-1,Jerusalem_Talmud_Berakhot.2.5.1
δῆμος,Greek,"Greek δόμος, “building; rows of stones or bricks in a building.” At other places in the Yerushalmi, the spelling דומדס is found; in the Babli it always is דימוס (which, however, might mean another word, δῆμος).",https://chavrutai.com/yerushalmi/Berakhot/2#5-1,Jerusalem_Talmud_Berakhot.2.5.1
ἀσθενής,Greek,"Greek ἀσθενής. Medical considerations, even if no life-threatening situation is involved, always have precedence over the rules of mourning.",https://chavrutai.com/yerushalmi/Berakhot/2#7-1,Jerusalem_Talmud_Berakhot.2.7.1
Μνᾶ͂,Greek,"The price of meat can be taken to determine the time of R. Zeïra’s arrival in Israel. A Mina (Μνᾶ͂) was 100 Denar. In old times, a Mina was an enormous sum. But the inflation in the later part of the military anarchy, from the failed currency reform of Aurelianus to the reorganization of the Roman state under Diocletianus, was extreme. All Midrashim telling about exorbitant sums being paid for simple objects of daily use must be dated to that period, from 274–284 C.E. Diocletian introduced new gold coinage based on a price of 50’000 old gold Denars for a Roman pound of gold. This makes one pound of gold (345 g) the equivalent of 1’250’000 old silver denars. At that time, 50 Minas, or 5’000 silver Denars, would therefore be 1.38 g = 0.04 oz of gold or at today’s gold prices, $14.45. This is a very high price but not out of line in a time of extreme decline of farming and ranching. It is quite clear from this and other stories that the obligation to eat meat on holidays was a serious monetary obligation. (The so-called silver coins of that period were copper coins dipped for a second in a silver solution.)קורסם is Greek κρουσμός, ὁ, “striking, smiting, collision”.",https://chavrutai.com/yerushalmi/Berakhot/2#8-10,Jerusalem_Talmud_Berakhot.2.8.10
κρουσμός,Greek,"The price of meat can be taken to determine the time of R. Zeïra’s arrival in Israel. A Mina (Μνᾶ͂) was 100 Denar. In old times, a Mina was an enormous sum. But the inflation in the later part of the military anarchy, from the failed currency reform of Aurelianus to the reorganization of the Roman state under Diocletianus, was extreme. All Midrashim telling about exorbitant sums being paid for simple objects of daily use must be dated to that period, from 274–284 C.E. Diocletian introduced new gold coinage based on a price of 50’000 old gold Denars for a Roman pound of gold. This makes one pound of gold (345 g) the equivalent of 1’250’000 old silver denars. At that time, 50 Minas, or 5’000 silver Denars, would therefore be 1.38 g = 0.04 oz of gold or at today’s gold prices, $14.45. This is a very high price but not out of line in a time of extreme decline of farming and ranching. It is quite clear from this and other stories that the obligation to eat meat on holidays was a serious monetary obligation. (The so-called silver coins of that period were copper coins dipped for a second in a silver solution.)קורסם is Greek κρουσμός, ὁ, “striking, smiting, collision”.",https://chavrutai.com/yerushalmi/Berakhot/2#8-10,Jerusalem_Talmud_Berakhot.2.8.10
ὁ,Greek,"The price of meat can be taken to determine the time of R. Zeïra’s arrival in Israel. A Mina (Μνᾶ͂) was 100 Denar. In old times, a Mina was an enormous sum. But the inflation in the later part of the military anarchy, from the failed currency reform of Aurelianus to the reorganization of the Roman state under Diocletianus, was extreme. All Midrashim telling about exorbitant sums being paid for simple objects of daily use must be dated to that period, from 274–284 C.E. Diocletian introduced new gold coinage based on a price of 50’000 old gold Denars for a Roman pound of gold. This makes one pound of gold (345 g) the equivalent of 1’250’000 old silver denars. At that time, 50 Minas, or 5’000 silver Denars, would therefore be 1.38 g = 0.04 oz of gold or at today’s gold prices, $14.45. This is a very high price but not out of line in a time of extreme decline of farming and ranching. It is quite clear from this and other stories that the obligation to eat meat on holidays was a serious monetary obligation. (The so-called silver coins of that period were copper coins dipped for a second in a silver solution.)קורסם is Greek κρουσμός, ὁ, “striking, smiting, collision”.",https://chavrutai.com/yerushalmi/Berakhot/2#8-10,Jerusalem_Talmud_Berakhot.2.8.10
Ἄρχων,Greek,"Ἄρχων, “ruler”; in Imperial Rome a local administrator, praefectus",https://chavrutai.com/yerushalmi/Berakhot/2#8-11,Jerusalem_Talmud_Berakhot.2.8.11
λῃστής,Greek,Greek λῃστής (also a collateral form ληιστής). The word appears in the Babylonian tradition as לִסְטִים.,https://chavrutai.com/yerushalmi/Berakhot/2#8-11,Jerusalem_Talmud_Berakhot.2.8.11
ληιστής,Greek,Greek λῃστής (also a collateral form ληιστής). The word appears in the Babylonian tradition as לִסְטִים.,https://chavrutai.com/yerushalmi/Berakhot/2#8-11,Jerusalem_Talmud_Berakhot.2.8.11
ἰδιώτης,Greek,"Greek ἰδιώτης “private person, individual” (as opposed to the State).",https://chavrutai.com/yerushalmi/Berakhot/2#9-4,Jerusalem_Talmud_Berakhot.2.9.4
Τὰ,Greek,"Τὰ ἀνάκλιτα, “things to lean on”; according to both Rashi and Arukh the two posts over which the mosquito screen was hung.",https://chavrutai.com/yerushalmi/Berakhot/3#1-7,Jerusalem_Talmud_Berakhot.3.1.7
ἀνάκλιτα,Greek,"Τὰ ἀνάκλιτα, “things to lean on”; according to both Rashi and Arukh the two posts over which the mosquito screen was hung.",https://chavrutai.com/yerushalmi/Berakhot/3#1-7,Jerusalem_Talmud_Berakhot.3.1.7
εἰκών,Greek,"Greek εἰκών “image”, also “phantom”.",https://chavrutai.com/yerushalmi/Berakhot/3#1-9,Jerusalem_Talmud_Berakhot.3.1.9
platea,Latin,Latin platea,https://chavrutai.com/yerushalmi/Berakhot/3#1-17,Jerusalem_Talmud_Berakhot.3.1.17
μερίς,Greek,"This is the reading of the Rome ms., from Syriac מרדא, “fortified”. Graetz’s translation “revolutionary” is phantasy. The word could be from Greek μερίς, -ίδος, ἡ “part, region, district”. In that case, the translation would be “regional synagogue” (E. G.). The reading of the Leyden ms. and the Venice print, מדדתא, “measuring” or “tripping”, does not make any sense.",https://chavrutai.com/yerushalmi/Berakhot/3#1-20,Jerusalem_Talmud_Berakhot.3.1.20
ίδος,Greek,"This is the reading of the Rome ms., from Syriac מרדא, “fortified”. Graetz’s translation “revolutionary” is phantasy. The word could be from Greek μερίς, -ίδος, ἡ “part, region, district”. In that case, the translation would be “regional synagogue” (E. G.). The reading of the Leyden ms. and the Venice print, מדדתא, “measuring” or “tripping”, does not make any sense.",https://chavrutai.com/yerushalmi/Berakhot/3#1-20,Jerusalem_Talmud_Berakhot.3.1.20
ἡ,Greek,"This is the reading of the Rome ms., from Syriac מרדא, “fortified”. Graetz’s translation “revolutionary” is phantasy. The word could be from Greek μερίς, -ίδος, ἡ “part, region, district”. In that case, the translation would be “regional synagogue” (E. G.). The reading of the Leyden ms. and the Venice print, מדדתא, “measuring” or “tripping”, does not make any sense.",https://chavrutai.com/yerushalmi/Berakhot/3#1-20,Jerusalem_Talmud_Berakhot.3.1.20
δημόσιος,Greek,"Greek δημόσιος, α, ον, adj. “public”, here understood with βαλανεῖα “baths”. The public baths certainly were not open before dawn and Rebbi Ḥanina orders the people there not to waste their time but to study Torah (being from the first Amora generation, he said “to study Mishnah”) since the interpretation given later to qeri",https://chavrutai.com/yerushalmi/Berakhot/3#4-7,Jerusalem_Talmud_Berakhot.3.4.7
ον,Greek,"Greek δημόσιος, α, ον, adj. “public”, here understood with βαλανεῖα “baths”. The public baths certainly were not open before dawn and Rebbi Ḥanina orders the people there not to waste their time but to study Torah (being from the first Amora generation, he said “to study Mishnah”) since the interpretation given later to qeri",https://chavrutai.com/yerushalmi/Berakhot/3#4-7,Jerusalem_Talmud_Berakhot.3.4.7
βαλανεῖα,Greek,"Greek δημόσιος, α, ον, adj. “public”, here understood with βαλανεῖα “baths”. The public baths certainly were not open before dawn and Rebbi Ḥanina orders the people there not to waste their time but to study Torah (being from the first Amora generation, he said “to study Mishnah”) since the interpretation given later to qeri",https://chavrutai.com/yerushalmi/Berakhot/3#4-7,Jerusalem_Talmud_Berakhot.3.4.7
semita,Latin,Latin semita,https://chavrutai.com/yerushalmi/Berakhot/3#4-14,Jerusalem_Talmud_Berakhot.3.4.14
λιμήν,Greek,Greek λιμήν.,https://chavrutai.com/yerushalmi/Berakhot/3#4-15,Jerusalem_Talmud_Berakhot.3.4.15
πανδοκεῖον,Greek,Greek πανδοκεῖον (also πανδοκίον) “inn”. It is difficult to see what is so bad about a hostelry. Maybe they were sitting close to the outhouse.,https://chavrutai.com/yerushalmi/Berakhot/3#5-9,Jerusalem_Talmud_Berakhot.3.5.9
πανδοκίον,Greek,Greek πανδοκεῖον (also πανδοκίον) “inn”. It is difficult to see what is so bad about a hostelry. Maybe they were sitting close to the outhouse.,https://chavrutai.com/yerushalmi/Berakhot/3#5-9,Jerusalem_Talmud_Berakhot.3.5.9
triclinium,Latin,Latin triclinium,https://chavrutai.com/yerushalmi/Berakhot/3#5-10,Jerusalem_Talmud_Berakhot.3.5.10
τήγανον,Greek,Greek τήγανον. Rashi (Babli Qiddushin,https://chavrutai.com/yerushalmi/Berakhot/3#5-11,Jerusalem_Talmud_Berakhot.3.5.11
subsellium,Latin,Latin subsellium,https://chavrutai.com/yerushalmi/Berakhot/3#5-14,Jerusalem_Talmud_Berakhot.3.5.14
δισάκκιον,Greek,"Greek δισάκκιον, “saddle bag”, a sack made to be carried by a donkey (or horse) hanging down on both sides of the animal. The rule is inserted here in the sequence of rules dealing with the respect due to holy things. The respect shown here is that the sack may not be put on the animal but must be carried on the person even if the latter is riding.",https://chavrutai.com/yerushalmi/Berakhot/3#5-15,Jerusalem_Talmud_Berakhot.3.5.15
στήλη,Greek,"Greek στήλη. The stele in the synagogue was the pulpit on which the Torah scroll was laid for reading and was a place of particular holiness [Cf. Y. Brand, Iẓṭeli",https://chavrutai.com/yerushalmi/Berakhot/3#5-17,Jerusalem_Talmud_Berakhot.3.5.17
translation,Greek,"Here and in the next paragraph, one supposes, as in most Talmudic derivations, that the vocabulary of the Torah is uniquely fixed and that different expressions must have different meanings. [The only Bible translation that can be clearly dated to Tannaïtic times, the fragments of Aquilas’s Greek translation from the school of Rebbis Eliezer and Joshua, systematically has one-on-one correspondence between Hebrew and Greek words.]",https://chavrutai.com/yerushalmi/Berakhot/4#1-10,Jerusalem_Talmud_Berakhot.4.1.10
words,Greek,"Here and in the next paragraph, one supposes, as in most Talmudic derivations, that the vocabulary of the Torah is uniquely fixed and that different expressions must have different meanings. [The only Bible translation that can be clearly dated to Tannaïtic times, the fragments of Aquilas’s Greek translation from the school of Rebbis Eliezer and Joshua, systematically has one-on-one correspondence between Hebrew and Greek words.]",https://chavrutai.com/yerushalmi/Berakhot/4#1-10,Jerusalem_Talmud_Berakhot.4.1.10
παράκλητος,Greek,Greek παράκλητος (also meaning “intercessor”.).,https://chavrutai.com/yerushalmi/Berakhot/4#1-14,Jerusalem_Talmud_Berakhot.4.1.14
ἄριστον,Greek,"Greek ἄριστον (“breakfast”, later also “main meal”).",https://chavrutai.com/yerushalmi/Berakhot/4#1-16,Jerusalem_Talmud_Berakhot.4.1.16
situs,Latin,Latin situs,https://chavrutai.com/yerushalmi/Berakhot/4#1-20,Jerusalem_Talmud_Berakhot.4.1.20
σχολαστικός,Greek,"A title, σχολαστικός “scholar”, also found in ancient synagogue inscriptions. The prayer, with minor variations, is reported in the Babli (17a) in the name of Rebbi Alexandri.בר may mean “son of”; it also may mean “endowed with the quality of”.",https://chavrutai.com/yerushalmi/Berakhot/4#2-6,Jerusalem_Talmud_Berakhot.4.2.6
ξενία,Greek,Greek ξενία “hospitality; guest chamber”.,https://chavrutai.com/yerushalmi/Berakhot/4#4-6,Jerusalem_Talmud_Berakhot.4.4.6
Ἀνθύπατος,Greek,"Ἀνθύπατος “proconsul”, the Roman governor of an entire province. Both prefect and proconsul were also the local military commanders.",https://chavrutai.com/yerushalmi/Berakhot/5#1-18,Jerusalem_Talmud_Berakhot.5.1.18
saltus,Latin,The hapax אסלטין seems to be Latin saltus,https://chavrutai.com/yerushalmi/Berakhot/5#1-19,Jerusalem_Talmud_Berakhot.5.1.19
πλατεῖα,Greek,"Greek πλατεῖα (ὁδός) “wide open” (road). “Cart” is from Greek κάρρος, κάρρον. “Thoroughfare” is also found in Arabic as صرآط צִרַאט.",https://chavrutai.com/yerushalmi/Berakhot/5#1-21,Jerusalem_Talmud_Berakhot.5.1.21
ὁδός,Greek,"Greek πλατεῖα (ὁδός) “wide open” (road). “Cart” is from Greek κάρρος, κάρρον. “Thoroughfare” is also found in Arabic as صرآط צִרַאט.",https://chavrutai.com/yerushalmi/Berakhot/5#1-21,Jerusalem_Talmud_Berakhot.5.1.21
κάρρος,Greek,"Greek πλατεῖα (ὁδός) “wide open” (road). “Cart” is from Greek κάρρος, κάρρον. “Thoroughfare” is also found in Arabic as صرآط צִרַאט.",https://chavrutai.com/yerushalmi/Berakhot/5#1-21,Jerusalem_Talmud_Berakhot.5.1.21
κάρρον,Greek,"Greek πλατεῖα (ὁδός) “wide open” (road). “Cart” is from Greek κάρρος, κάρρον. “Thoroughfare” is also found in Arabic as صرآط צִרַאט.",https://chavrutai.com/yerushalmi/Berakhot/5#1-21,Jerusalem_Talmud_Berakhot.5.1.21
νάρθηξ,Greek,"Greek νάρθηξ, a plant (Ferula communis",https://chavrutai.com/yerushalmi/Berakhot/5#2-3,Jerusalem_Talmud_Berakhot.5.2.3
διαθήκη,Greek,"Greek διαθήκη “will, permanent disposition.”",https://chavrutai.com/yerushalmi/Berakhot/5#2-4,Jerusalem_Talmud_Berakhot.5.2.4
ὅδε,Greek,“This man” in Talmudic speech means “me”. {The same usage is found in Greek (ὅδε) and Latin (hic,https://chavrutai.com/yerushalmi/Berakhot/5#3-2,Jerusalem_Talmud_Berakhot.5.3.2
θέρμος,Greek,"Greek θέρμος. Raw lupines are cattle feed, too bitter for human consumption. They become edible only after long cooking. This statement supports R. Ḥiyya bar Abba.",https://chavrutai.com/yerushalmi/Berakhot/6#1-8,Jerusalem_Talmud_Berakhot.6.1.8
ὄρυζα,Greek,Greek ὄρυζα.,https://chavrutai.com/yerushalmi/Berakhot/6#1-17,Jerusalem_Talmud_Berakhot.6.1.17
bulla,Latin,"If the individual kernels are still recognizable, in contrast to the ball (Latin bulla",https://chavrutai.com/yerushalmi/Berakhot/6#1-17,Jerusalem_Talmud_Berakhot.6.1.17
κόλλιξ,Greek,"Greek, singular κόλλιξ, “roll”.",https://chavrutai.com/yerushalmi/Berakhot/6#1-25,Jerusalem_Talmud_Berakhot.6.1.25
κυρηβία,Greek,"Levy declares it to be from Greek κυρηβία, τά (plur.) “bran, shells of grain kernels,” Krauss and Löw from cibarius",https://chavrutai.com/yerushalmi/Berakhot/6#1-25,Jerusalem_Talmud_Berakhot.6.1.25
τά,Greek,"Levy declares it to be from Greek κυρηβία, τά (plur.) “bran, shells of grain kernels,” Krauss and Löw from cibarius",https://chavrutai.com/yerushalmi/Berakhot/6#1-25,Jerusalem_Talmud_Berakhot.6.1.25
κυνάρα,Greek,"Greek κυνάρα, κινάρα.",https://chavrutai.com/yerushalmi/Berakhot/6#1-26,Jerusalem_Talmud_Berakhot.6.1.26
κινάρα,Greek,"Greek κυνάρα, κινάρα.",https://chavrutai.com/yerushalmi/Berakhot/6#1-26,Jerusalem_Talmud_Berakhot.6.1.26
κεφαλωτός,Greek,"Greek κεφαλωτός, “having a head”. The identification as leeks is from Rashi in Babli Yom Ṭov",https://chavrutai.com/yerushalmi/Berakhot/6#2-4,Jerusalem_Talmud_Berakhot.6.2.4
conditum,Latin,Latin conditum,https://chavrutai.com/yerushalmi/Berakhot/6#5-2,Jerusalem_Talmud_Berakhot.6.5.2
balnea,Latin,"Latin balnea, -orum",https://chavrutai.com/yerushalmi/Berakhot/6#5-2,Jerusalem_Talmud_Berakhot.6.5.2
subsellium,Latin,Latin subsellium,https://chavrutai.com/yerushalmi/Berakhot/6#6-3,Jerusalem_Talmud_Berakhot.6.6.3
καθέδρα,Greek,Greek καθέδρα.,https://chavrutai.com/yerushalmi/Berakhot/6#6-3,Jerusalem_Talmud_Berakhot.6.6.3
ἴασις,Greek,Greek ἴασις. The Arukh,https://chavrutai.com/yerushalmi/Berakhot/6#6-5,Jerusalem_Talmud_Berakhot.6.6.5
olens,Latin,"Latin olens, olentis",https://chavrutai.com/yerushalmi/Berakhot/6#6-6,Jerusalem_Talmud_Berakhot.6.6.6
Τρυφῶν,Greek,"Probably the Greek name Τρυφῶν. He was old enough to have served as a priest in the Temple before its destruction. The text of the Yerushalmi in the Halakhah, a manuscript of the Babli, and some quotes from Medieval authorities have “R. Yehudah” instead of “R. Tarphon”. Since the main thrust of the Mishnah is about concluding benedictions, it is not clear whether R. Tarphon/Yehudah speaks of a first benediction, contradicting R. Aqiba, or about the concluding benediction for food that needs neither “three benedictions” nor “one benediction imitating three.”",https://chavrutai.com/yerushalmi/Berakhot/6#8-1,Jerusalem_Talmud_Berakhot.6.8.1
name,Greek,"Probably the Greek name Τρυφῶν. He was old enough to have served as a priest in the Temple before its destruction. The text of the Yerushalmi in the Halakhah, a manuscript of the Babli, and some quotes from Medieval authorities have “R. Yehudah” instead of “R. Tarphon”. Since the main thrust of the Mishnah is about concluding benedictions, it is not clear whether R. Tarphon/Yehudah speaks of a first benediction, contradicting R. Aqiba, or about the concluding benediction for food that needs neither “three benedictions” nor “one benediction imitating three.”",https://chavrutai.com/yerushalmi/Berakhot/6#8-1,Jerusalem_Talmud_Berakhot.6.8.1
decalicator,Latin,Compare Latin decalicator,https://chavrutai.com/yerushalmi/Berakhot/6#8-3,Jerusalem_Talmud_Berakhot.6.8.3
collare,Latin,Latin collare,https://chavrutai.com/yerushalmi/Berakhot/7#3-9,Jerusalem_Talmud_Berakhot.7.3.9
mulus,Latin,Latin mulus,https://chavrutai.com/yerushalmi/Berakhot/8#5-6,Jerusalem_Talmud_Berakhot.8.5.6
φανός,Greek,"Greek φανός, “torch, light”.",https://chavrutai.com/yerushalmi/Berakhot/8#6-3,Jerusalem_Talmud_Berakhot.8.6.3
specularia,Latin,Latin specularia,https://chavrutai.com/yerushalmi/Berakhot/8#6-3,Jerusalem_Talmud_Berakhot.8.6.3
στρατηγός,Greek,Greek (sing.) στρατηγός.,https://chavrutai.com/yerushalmi/Berakhot/8#6-9,Jerusalem_Talmud_Berakhot.8.6.9
ἑρμολογέω,Greek,"According to both Talmudim, in the Eastern provinces of the Roman Empire, a Hermes (or Mercury) could be simply a heap of stones to which passers-by added in order to show their respect. [Note Greek ἑρμολογέω (τάφον) “build with loose stones (grave)” (E. G.)]. The benediction refers to the fact that God allows idols to exist; the Hermes is singled out since it was ubiquitous at intersections of roads.",https://chavrutai.com/yerushalmi/Berakhot/9#1-4,Jerusalem_Talmud_Berakhot.9.1.4
τάφον,Greek,"According to both Talmudim, in the Eastern provinces of the Roman Empire, a Hermes (or Mercury) could be simply a heap of stones to which passers-by added in order to show their respect. [Note Greek ἑρμολογέω (τάφον) “build with loose stones (grave)” (E. G.)]. The benediction refers to the fact that God allows idols to exist; the Hermes is singled out since it was ubiquitous at intersections of roads.",https://chavrutai.com/yerushalmi/Berakhot/9#1-4,Jerusalem_Talmud_Berakhot.9.1.4
τιμή,Greek,"Greek τιμή “value, price”.",https://chavrutai.com/yerushalmi/Berakhot/9#1-6,Jerusalem_Talmud_Berakhot.9.1.6
βασιλεύς,Greek,Greek βασιλεύς.,https://chavrutai.com/yerushalmi/Berakhot/9#1-10,Jerusalem_Talmud_Berakhot.9.1.10
ἀρχιτέκτων,Greek,Greek ἀρχιτέκτων. The first נ probably should be a ו. This paragraph is missing in Bereshit rabba,https://chavrutai.com/yerushalmi/Berakhot/9#1-11,Jerusalem_Talmud_Berakhot.9.1.11
patronus,Latin,Latin patronus,https://chavrutai.com/yerushalmi/Berakhot/9#1-14,Jerusalem_Talmud_Berakhot.9.1.14
ὄχλος,Greek,"Semitic plural of Greek ὄχλος, “multitude” (of people, troops).",https://chavrutai.com/yerushalmi/Berakhot/9#1-14,Jerusalem_Talmud_Berakhot.9.1.14
λῃστής,Greek,Note the exact transliteration of Greek λῃστής.,https://chavrutai.com/yerushalmi/Berakhot/9#1-20,Jerusalem_Talmud_Berakhot.9.1.20
ἐπαρχία,Greek,Greek ἐπαρχία.,https://chavrutai.com/yerushalmi/Berakhot/9#1-22,Jerusalem_Talmud_Berakhot.9.1.22
κοσμοκράτωρ,Greek,"Greek κοσμοκράτωρ. In the parallel, Avodah zarah",https://chavrutai.com/yerushalmi/Berakhot/9#1-22,Jerusalem_Talmud_Berakhot.9.1.22
ξένος,Greek,"At other places in the Yerushalmi, the spelling is אכסניי, Greek ξένος “stranger, guest”, with prothetic א.",https://chavrutai.com/yerushalmi/Berakhot/9#1-23,Jerusalem_Talmud_Berakhot.9.1.23
λευκός,Greek,Greek λευκός “white”.,https://chavrutai.com/yerushalmi/Berakhot/9#1-30,Jerusalem_Talmud_Berakhot.9.1.30
ἀπειλῶν,Greek,Greek ἀπειλῶν.,https://chavrutai.com/yerushalmi/Berakhot/9#2-4,Jerusalem_Talmud_Berakhot.9.2.4
κοσμικόν,Greek,Greek κοσμικόν.,https://chavrutai.com/yerushalmi/Berakhot/9#2-10,Jerusalem_Talmud_Berakhot.9.2.10
καματηρός,Greek,"Greek καματηρός “laborious, hardworking” (E. G.). This person is mentioned only here and in the following Aggadah",https://chavrutai.com/yerushalmi/Berakhot/9#2-11,Jerusalem_Talmud_Berakhot.9.2.11
πίναξ,Greek,"Greek πίναξ, “wooden platter”.",https://chavrutai.com/yerushalmi/Berakhot/9#2-12,Jerusalem_Talmud_Berakhot.9.2.12
comes,Latin,Latin comes,https://chavrutai.com/yerushalmi/Berakhot/9#2-12,Jerusalem_Talmud_Berakhot.9.2.12
σύγκλητος,Greek,"Greek singular σύγκλητος (βουλή) “summoned (council, senate)”, also συγκλητικός “of senatorial rank”, with Aramaic plural ending. Seder Olam",https://chavrutai.com/yerushalmi/Berakhot/9#2-12,Jerusalem_Talmud_Berakhot.9.2.12
βουλή,Greek,"Greek singular σύγκλητος (βουλή) “summoned (council, senate)”, also συγκλητικός “of senatorial rank”, with Aramaic plural ending. Seder Olam",https://chavrutai.com/yerushalmi/Berakhot/9#2-12,Jerusalem_Talmud_Berakhot.9.2.12
συγκλητικός,Greek,"Greek singular σύγκλητος (βουλή) “summoned (council, senate)”, also συγκλητικός “of senatorial rank”, with Aramaic plural ending. Seder Olam",https://chavrutai.com/yerushalmi/Berakhot/9#2-12,Jerusalem_Talmud_Berakhot.9.2.12
singular,Greek,"Greek singular σύγκλητος (βουλή) “summoned (council, senate)”, also συγκλητικός “of senatorial rank”, with Aramaic plural ending. Seder Olam",https://chavrutai.com/yerushalmi/Berakhot/9#2-12,Jerusalem_Talmud_Berakhot.9.2.12
χάραξ,Greek,Greek χάραξ “palisade”. A Roman fortified camp with soldiers and police not under the control of the local authorities.,https://chavrutai.com/yerushalmi/Berakhot/9#4-1,Jerusalem_Talmud_Berakhot.9.4.1
funda,Latin,Latin funda,https://chavrutai.com/yerushalmi/Berakhot/9#5-1,Jerusalem_Talmud_Berakhot.9.5.1
compendiaria,Latin,Latin compendiaria,https://chavrutai.com/yerushalmi/Berakhot/9#5-1,Jerusalem_Talmud_Berakhot.9.5.1
dimissio,Latin,Latin dimissio,https://chavrutai.com/yerushalmi/Berakhot/9#5-2,Jerusalem_Talmud_Berakhot.9.5.2
spiculum,Latin,Latin spiculum,https://chavrutai.com/yerushalmi/Berakhot/9#5-2,Jerusalem_Talmud_Berakhot.9.5.2
καί,Greek,"The particles denoting exclusion are רַק “only”, אַךְ “but only”. Those denoting inclusion are גַּם “also”, and אֶת, which either is the particle of the accusative or means “and”. In R. Aqiba’s theory, all accusative particles also have the meaning of “and.” This is not original with him; in the Greek translation of Aquila, a student of Rebbis Eliezer and Joshua, every את is translated as καί “and”, whether it makes sense or not. In the verse in question, it is the accusative participle used as “and” that seems to result in a meaning unacceptable to pure monotheism.",https://chavrutai.com/yerushalmi/Berakhot/9#5-10,Jerusalem_Talmud_Berakhot.9.5.10
translation,Greek,"The particles denoting exclusion are רַק “only”, אַךְ “but only”. Those denoting inclusion are גַּם “also”, and אֶת, which either is the particle of the accusative or means “and”. In R. Aqiba’s theory, all accusative particles also have the meaning of “and.” This is not original with him; in the Greek translation of Aquila, a student of Rebbis Eliezer and Joshua, every את is translated as καί “and”, whether it makes sense or not. In the verse in question, it is the accusative participle used as “and” that seems to result in a meaning unacceptable to pure monotheism.",https://chavrutai.com/yerushalmi/Berakhot/9#5-10,Jerusalem_Talmud_Berakhot.9.5.10
ζημία,Greek,Greek ζημία.,https://chavrutai.com/yerushalmi/Peah/1#1-18,Jerusalem_Talmud_Peah.1.1.18
annona,Latin,Latin annona,https://chavrutai.com/yerushalmi/Peah/1#1-18,Jerusalem_Talmud_Peah.1.1.18
πατὴρ,Greek,"A mixed expression, ראש πατὴρ βουλής, “head, father of the Senate.” Cf. the Hebrew אב בית דין “father of the court,” used for the president of Jewish courts of law, and the Latin pater senatus",https://chavrutai.com/yerushalmi/Peah/1#1-22,Jerusalem_Talmud_Peah.1.1.22
βουλής,Greek,"A mixed expression, ראש πατὴρ βουλής, “head, father of the Senate.” Cf. the Hebrew אב בית דין “father of the court,” used for the president of Jewish courts of law, and the Latin pater senatus",https://chavrutai.com/yerushalmi/Peah/1#1-22,Jerusalem_Talmud_Peah.1.1.22
pater,Latin,"A mixed expression, ראש πατὴρ βουλής, “head, father of the Senate.” Cf. the Hebrew אב בית דין “father of the court,” used for the president of Jewish courts of law, and the Latin pater senatus",https://chavrutai.com/yerushalmi/Peah/1#1-22,Jerusalem_Talmud_Peah.1.1.22
ἀτίμητος,Greek,"Greek ἀτίμητος, adj., “priceless”; τιμή “worth, price.”",https://chavrutai.com/yerushalmi/Peah/1#1-36,Jerusalem_Talmud_Peah.1.1.36
τιμή,Greek,"Greek ἀτίμητος, adj., “priceless”; τιμή “worth, price.”",https://chavrutai.com/yerushalmi/Peah/1#1-36,Jerusalem_Talmud_Peah.1.1.36
follis,Latin,Latin follis,https://chavrutai.com/yerushalmi/Peah/1#1-36,Jerusalem_Talmud_Peah.1.1.36
βουλευταί,Greek,Greek βουλευταί “councilmen”.,https://chavrutai.com/yerushalmi/Peah/1#1-45,Jerusalem_Talmud_Peah.1.1.45
delator,Latin,Latin delator,https://chavrutai.com/yerushalmi/Peah/1#1-46,Jerusalem_Talmud_Peah.1.1.46
Ρ́ώμη,Greek,"Hebrew spelling perhaps derived from Greek Ρ́ώμη, “Rome”. The Latin locative Romae",https://chavrutai.com/yerushalmi/Peah/1#1-49,Jerusalem_Talmud_Peah.1.1.49
locative,Latin,"Hebrew spelling perhaps derived from Greek Ρ́ώμη, “Rome”. The Latin locative Romae",https://chavrutai.com/yerushalmi/Peah/1#1-49,Jerusalem_Talmud_Peah.1.1.49
ἰδιώτης,Greek,"R. Joshua ben Levi does not consider the second “to harvest” redundant but referring to a different kind of harvest.הדיוֹט “private person”, Greek ἰδιώτης.",https://chavrutai.com/yerushalmi/Peah/1#3-2,Jerusalem_Talmud_Peah.1.3.2
κολοκασία,Greek,"Colocasia, Greek κολοκασία, Arabic קֻלקָאס. Its root is used to produce a kind of flour in Africa; hence, it is an intermediate between a vegetable and a legume. The only problem is that of vows (e. g., if a person makes a vow to abstain from vegetables), since in matters of vows one does not follow technical usage but the meaning in local dialects. Hence, there may be places where taro is commonly subsumed under vegetables and other places where it is not.",https://chavrutai.com/yerushalmi/Peah/1#4-10,Jerusalem_Talmud_Peah.1.4.10
libellaris,Latin,Cf. Latin libellaris,https://chavrutai.com/yerushalmi/Peah/2#4-1,Jerusalem_Talmud_Peah.2.4.1
διφθέρα,Greek,"Greek διφθέρα, ἡ, “leather prepared for writing.” The argument is: If there were no oral Torah Jewish law would not differ from any Gentile law. Babli Giṭṭin",https://chavrutai.com/yerushalmi/Peah/2#4-6,Jerusalem_Talmud_Peah.2.4.6
ἡ,Greek,"Greek διφθέρα, ἡ, “leather prepared for writing.” The argument is: If there were no oral Torah Jewish law would not differ from any Gentile law. Babli Giṭṭin",https://chavrutai.com/yerushalmi/Peah/2#4-6,Jerusalem_Talmud_Peah.2.4.6
λῃστής,Greek,"Greek λῃστής; in Galilean dialect, final m",https://chavrutai.com/yerushalmi/Peah/2#5-1,Jerusalem_Talmud_Peah.2.5.1
προσβολή,Greek,"Greek προσβολή, ή, ""falling upon, application."" As a legal term, ""in an auction, document recording the knocking down of a lot to a purchaser"" (L. & S.). Only in the Babli does the word appear with ס instead of ז; the etymology proposed would require s and not ζ but this may be a matter of local dialect. Prozbol was instituted by Hillel as a way to circumvent the annulment of debts in the Seventh Year in cases when that annulment would only be a rabbinic ordinance. Since only debts due to real persons are annulled by the Seventh Year, the creditor may deliver the debt to the court to be collected. Since the court is not a real person, the debt is not subject to annulment. The document may be written only as a lien on real estate. The details of prozbol are given in tractate Gittin.",https://chavrutai.com/yerushalmi/Peah/3#7-1,Jerusalem_Talmud_Peah.3.7.1
alienatio,Latin,"Real estate is always sold with a title guarantee unless explicitly disclaimed. If the buyer loses the land he bought, either for lack of a valid title or because of a foreclosure of a pre-existing mortgage, he has regress on all other real estate owned by the seller. [The technical term אחריות “warranty” is אַחֵרָיוּת, corresponding to Latin alienatio",https://chavrutai.com/yerushalmi/Peah/3#7-1,Jerusalem_Talmud_Peah.3.7.1
κέρκος,Greek,"Greek κέρκος, ἡ “tail of an animal” (Explanation of De Rossi.)",https://chavrutai.com/yerushalmi/Peah/3#7-5,Jerusalem_Talmud_Peah.3.7.5
ἡ,Greek,"Greek κέρκος, ἡ “tail of an animal” (Explanation of De Rossi.)",https://chavrutai.com/yerushalmi/Peah/3#7-5,Jerusalem_Talmud_Peah.3.7.5
διαθήκη,Greek,"Greek διαθήκη “will, testament”.",https://chavrutai.com/yerushalmi/Peah/3#7-14,Jerusalem_Talmud_Peah.3.7.14
ὄγμος,Greek,"Greek ὄγμος, Byzantine pronunciation oymos",https://chavrutai.com/yerushalmi/Peah/4#3-1,Jerusalem_Talmud_Peah.4.3.1
πρόνοος,Greek,"Of the public charity funds. Cf. Greek πρόνοος, ον adj., “careful, prudent”; also late form προνοητής, οῦ, ὁ, “supervisor, administrator” (E. G.).",https://chavrutai.com/yerushalmi/Peah/4#6-7,Jerusalem_Talmud_Peah.4.6.7
ον,Greek,"Of the public charity funds. Cf. Greek πρόνοος, ον adj., “careful, prudent”; also late form προνοητής, οῦ, ὁ, “supervisor, administrator” (E. G.).",https://chavrutai.com/yerushalmi/Peah/4#6-7,Jerusalem_Talmud_Peah.4.6.7
προνοητής,Greek,"Of the public charity funds. Cf. Greek πρόνοος, ον adj., “careful, prudent”; also late form προνοητής, οῦ, ὁ, “supervisor, administrator” (E. G.).",https://chavrutai.com/yerushalmi/Peah/4#6-7,Jerusalem_Talmud_Peah.4.6.7
οῦ,Greek,"Of the public charity funds. Cf. Greek πρόνοος, ον adj., “careful, prudent”; also late form προνοητής, οῦ, ὁ, “supervisor, administrator” (E. G.).",https://chavrutai.com/yerushalmi/Peah/4#6-7,Jerusalem_Talmud_Peah.4.6.7
ὁ,Greek,"Of the public charity funds. Cf. Greek πρόνοος, ον adj., “careful, prudent”; also late form προνοητής, οῦ, ὁ, “supervisor, administrator” (E. G.).",https://chavrutai.com/yerushalmi/Peah/4#6-7,Jerusalem_Talmud_Peah.4.6.7
σίφων,Greek,"Greek σίφων, -ωνος, ὁ, “pipe, water spout; a musical instrument” (I. Löw), same as Biblical (pl.) סופניה (Dan.",https://chavrutai.com/yerushalmi/Peah/6#4-6,Jerusalem_Talmud_Peah.6.4.6
ωνος,Greek,"Greek σίφων, -ωνος, ὁ, “pipe, water spout; a musical instrument” (I. Löw), same as Biblical (pl.) סופניה (Dan.",https://chavrutai.com/yerushalmi/Peah/6#4-6,Jerusalem_Talmud_Peah.6.4.6
ὁ,Greek,"Greek σίφων, -ωνος, ὁ, “pipe, water spout; a musical instrument” (I. Löw), same as Biblical (pl.) סופניה (Dan.",https://chavrutai.com/yerushalmi/Peah/6#4-6,Jerusalem_Talmud_Peah.6.4.6
λίτρα,Greek,"Greek λίτρα, Latin libra",https://chavrutai.com/yerushalmi/Peah/7#3-4,Jerusalem_Talmud_Peah.7.3.4
libra,Latin,"Greek λίτρα, Latin libra",https://chavrutai.com/yerushalmi/Peah/7#3-4,Jerusalem_Talmud_Peah.7.3.4
tabula,Latin,Latin tabula,https://chavrutai.com/yerushalmi/Peah/7#3-4,Jerusalem_Talmud_Peah.7.3.4
περσικὸν,Greek,"Greek περσικὸν μῆλον, τὸ, also περσικός, ὁ, “Persian apple.”",https://chavrutai.com/yerushalmi/Peah/7#3-7,Jerusalem_Talmud_Peah.7.3.7
μῆλον,Greek,"Greek περσικὸν μῆλον, τὸ, also περσικός, ὁ, “Persian apple.”",https://chavrutai.com/yerushalmi/Peah/7#3-7,Jerusalem_Talmud_Peah.7.3.7
τὸ,Greek,"Greek περσικὸν μῆλον, τὸ, also περσικός, ὁ, “Persian apple.”",https://chavrutai.com/yerushalmi/Peah/7#3-7,Jerusalem_Talmud_Peah.7.3.7
περσικός,Greek,"Greek περσικὸν μῆλον, τὸ, also περσικός, ὁ, “Persian apple.”",https://chavrutai.com/yerushalmi/Peah/7#3-7,Jerusalem_Talmud_Peah.7.3.7
ὁ,Greek,"Greek περσικὸν μῆλον, τὸ, also περσικός, ὁ, “Persian apple.”",https://chavrutai.com/yerushalmi/Peah/7#3-7,Jerusalem_Talmud_Peah.7.3.7
λοπάς,Greek,"Greek λοπάς, -άδος, ἡ, “plate.”",https://chavrutai.com/yerushalmi/Peah/7#3-7,Jerusalem_Talmud_Peah.7.3.7
άδος,Greek,"Greek λοπάς, -άδος, ἡ, “plate.”",https://chavrutai.com/yerushalmi/Peah/7#3-7,Jerusalem_Talmud_Peah.7.3.7
ἡ,Greek,"Greek λοπάς, -άδος, ἡ, “plate.”",https://chavrutai.com/yerushalmi/Peah/7#3-7,Jerusalem_Talmud_Peah.7.3.7
τιμή,Greek,"Greek τιμή, “value.” He set aside the difference in value between premium bee’s honey and ẓeli",https://chavrutai.com/yerushalmi/Peah/7#3-17,Jerusalem_Talmud_Peah.7.3.17
ἄρχων,Greek,Greek ἄρχων. He also inducted them to their offices by giving them the Torah scroll to carry.,https://chavrutai.com/yerushalmi/Peah/8#6-5,Jerusalem_Talmud_Peah.8.6.5
καπηλεῖον,Greek,Greek καπηλεῖον.,https://chavrutai.com/yerushalmi/Peah/8#7-2,Jerusalem_Talmud_Peah.8.7.2
λοπάς,Greek,"Greek λοπάς, cf. Chapter 7, Note 69. There was no difference heard between ס = s",https://chavrutai.com/yerushalmi/Peah/8#7-6,Jerusalem_Talmud_Peah.8.7.6
argentum,Latin,Latin argentum,https://chavrutai.com/yerushalmi/Peah/8#8-4,Jerusalem_Talmud_Peah.8.8.4
argentarius,Latin,Latin argentarius,https://chavrutai.com/yerushalmi/Peah/8#8-4,Jerusalem_Talmud_Peah.8.8.4
τιμή,Greek,"Greek τιμή “value,” cf. Berakhot",https://chavrutai.com/yerushalmi/Peah/8#8-11,Jerusalem_Talmud_Peah.8.8.11
δῶρον,Greek,"Greek δῶρον, τό, “gift”.",https://chavrutai.com/yerushalmi/Peah/8#8-12,Jerusalem_Talmud_Peah.8.8.12
τό,Greek,"Greek δῶρον, τό, “gift”.",https://chavrutai.com/yerushalmi/Peah/8#8-12,Jerusalem_Talmud_Peah.8.8.12
δισάκκιον,Greek,"Byzantine Greek δισάκκιον “double sack”, hanging down on both sides of a donkey; cf. Berakhot",https://chavrutai.com/yerushalmi/Demai/1#2-5,Jerusalem_Talmud_Demai.1.2.5
mulus,Latin,Latin mulus. Yoma,https://chavrutai.com/yerushalmi/Demai/1#3-12,Jerusalem_Talmud_Demai.1.3.12
muries,Latin,Latin muries,https://chavrutai.com/yerushalmi/Demai/1#3-16,Jerusalem_Talmud_Demai.1.3.16
olentia,Latin,Latin olentia,https://chavrutai.com/yerushalmi/Demai/1#3-16,Jerusalem_Talmud_Demai.1.3.16
κολλύριον,Greek,Greek κολλύριον. The text in Tosephta Demay,https://chavrutai.com/yerushalmi/Demai/1#3-17,Jerusalem_Talmud_Demai.1.3.17
μάλαγμα,Greek,"Greek μάλαγμα. If wine and flour are produced, they are subject to the duties of heave and tithes, no matter what the final use is. But if one buys medication which definitely is not food, no obligation exists even if heave was not given from grain or wine.",https://chavrutai.com/yerushalmi/Demai/1#3-17,Jerusalem_Talmud_Demai.1.3.17
foliatum,Latin,Latin foliatum,https://chavrutai.com/yerushalmi/Demai/1#3-25,Jerusalem_Talmud_Demai.1.3.25
ἴρινον,Greek,Greek ἴρινον “made from the iris”.,https://chavrutai.com/yerushalmi/Demai/1#3-25,Jerusalem_Talmud_Demai.1.3.25
σημεῖον,Greek,"Greek σημεῖον “mark, symbol.”",https://chavrutai.com/yerushalmi/Demai/2#1-2,Jerusalem_Talmud_Demai.2.1.2
χάραξ,Greek,"Palisades, Greek χάραξ (cf. Berakhot",https://chavrutai.com/yerushalmi/Demai/2#1-3,Jerusalem_Talmud_Demai.2.1.3
ἀγορανόμος,Greek,"Greek ἀγορανόμος, the market supervisor. Usually, his function was only to act as police for correct weights and measures and fair trading practices.",https://chavrutai.com/yerushalmi/Demai/2#1-6,Jerusalem_Talmud_Demai.2.1.6
Τέλαμων,Greek,"Probably the salt pans at the Northern end of the sands. The place of the cave is unknown; the only caves in the neighborhood are (burial) caves in the petrified first row of dunes North of the aqueduct from the Carmel range. Τέλαμων is a Greek mythological figure; also “base of στήλη”, Τελαμῶνες the name of colossal figures supporting pillars (E. G.).",https://chavrutai.com/yerushalmi/Demai/2#1-9,Jerusalem_Talmud_Demai.2.1.9
στήλη,Greek,"Probably the salt pans at the Northern end of the sands. The place of the cave is unknown; the only caves in the neighborhood are (burial) caves in the petrified first row of dunes North of the aqueduct from the Carmel range. Τέλαμων is a Greek mythological figure; also “base of στήλη”, Τελαμῶνες the name of colossal figures supporting pillars (E. G.).",https://chavrutai.com/yerushalmi/Demai/2#1-9,Jerusalem_Talmud_Demai.2.1.9
Τελαμῶνες,Greek,"Probably the salt pans at the Northern end of the sands. The place of the cave is unknown; the only caves in the neighborhood are (burial) caves in the petrified first row of dunes North of the aqueduct from the Carmel range. Τέλαμων is a Greek mythological figure; also “base of στήλη”, Τελαμῶνες the name of colossal figures supporting pillars (E. G.).",https://chavrutai.com/yerushalmi/Demai/2#1-9,Jerusalem_Talmud_Demai.2.1.9
mythological,Greek,"Probably the salt pans at the Northern end of the sands. The place of the cave is unknown; the only caves in the neighborhood are (burial) caves in the petrified first row of dunes North of the aqueduct from the Carmel range. Τέλαμων is a Greek mythological figure; also “base of στήλη”, Τελαμῶνες the name of colossal figures supporting pillars (E. G.).",https://chavrutai.com/yerushalmi/Demai/2#1-9,Jerusalem_Talmud_Demai.2.1.9
σταφυλῖνος,Greek,"In the Beth Shean inscription, אסטפליני, Greek σταφυλῖνος “carrot, Daucus carota",https://chavrutai.com/yerushalmi/Demai/2#1-13,Jerusalem_Talmud_Demai.2.1.13
melopepo,Latin,Latin melopepo,https://chavrutai.com/yerushalmi/Demai/2#1-13,Jerusalem_Talmud_Demai.2.1.13
town,Greek,"Banias, at the Jordan source, a Greek town just upstream from Caesarea Philippi. The text of Reḥov reads: הפירות הללו אסורין בפניס בשביעית ובישאר שני שבוע הן מתעסרין דמיי משלם האורז והאגוזין והשמשמין ופול המצרי יש אומרין אוף אחוניות הבכירות הרי אלו בשביעית שביעית ובשאר שני שבוע הן מתעסרין ודיי ואפילו מן תרנגולה עלייה ולחוץ. “The following produce is forbidden at Paneas in the Sabbatical year; in the other years their are tithed as complete demay",https://chavrutai.com/yerushalmi/Demai/2#1-15,Jerusalem_Talmud_Demai.2.1.15
sitona,Latin,Latin sitona,https://chavrutai.com/yerushalmi/Demai/2#4-1,Jerusalem_Talmud_Demai.2.4.1
nummus,Latin,In R. Ḥiyya’s time of honest coinage and stable prices. Latin nummus,https://chavrutai.com/yerushalmi/Demai/2#5-2,Jerusalem_Talmud_Demai.2.5.2
ξένος,Greek,"Greek ξένος, meaning either a non-resident or a passer-by (Berakhot",https://chavrutai.com/yerushalmi/Demai/3#1-1,Jerusalem_Talmud_Demai.3.1.1
πρωτογαμία,Greek,"πρωτογαμία, ἡ, Greek word in a Latin inscription from Carthage, “the Jewish celebration of the preliminary marriage” (cf. Peah",https://chavrutai.com/yerushalmi/Demai/4#1-6,Jerusalem_Talmud_Demai.4.1.6
ἡ,Greek,"πρωτογαμία, ἡ, Greek word in a Latin inscription from Carthage, “the Jewish celebration of the preliminary marriage” (cf. Peah",https://chavrutai.com/yerushalmi/Demai/4#1-6,Jerusalem_Talmud_Demai.4.1.6
inscription,Latin,"πρωτογαμία, ἡ, Greek word in a Latin inscription from Carthage, “the Jewish celebration of the preliminary marriage” (cf. Peah",https://chavrutai.com/yerushalmi/Demai/4#1-6,Jerusalem_Talmud_Demai.4.1.6
ὄχλος,Greek,"Greek ὄχλος “multitude, troups” (Berakhot",https://chavrutai.com/yerushalmi/Demai/4#1-8,Jerusalem_Talmud_Demai.4.1.8
parum,Latin,Cf. Latin parum,https://chavrutai.com/yerushalmi/Demai/5#2-8,Jerusalem_Talmud_Demai.5.2.8
τύπος,Greek,Greek τύπος. It is not clear whether “type” or “shape” is the form of a baking pan or the form of bread baked on sheets. The commentators take “shape” to be the baking mould even though it forces Maimonides to note that the technique of baking bread had changed from Mishnaic times to his time. It seems more likely that “type” refers to the kind of the bread since different kinds of bread require different kinds of flour. This is the position of R. Jehudah.,https://chavrutai.com/yerushalmi/Demai/5#3-1,Jerusalem_Talmud_Demai.5.3.1
πρατήρ,Greek,"Greek πρατήρ “seller”; he might buy from different bakeries, and everybody agrees that bread from different sources incurs different obligations of ḥallah",https://chavrutai.com/yerushalmi/Demai/5#4-1,Jerusalem_Talmud_Demai.5.4.1
τύπος,Greek,Greek τύπος. It is not clear whether “type” or “shape” is the form of a baking pan or the form of bread baked on sheets. The commentators take “shape” to be the baking mould even though it forces Maimonides to note that the technique of baking bread had changed from Mishnaic times to his time. It seems more likely that “type” refers to the kind of the bread since different kinds of bread require different kinds of flour. This is the position of R. Jehudah.,https://chavrutai.com/yerushalmi/Demai/5#4-1,Jerusalem_Talmud_Demai.5.4.1
μονοπώλιον,Greek,"Greek μονοπώλιον “right of monopoly,” certain to have more than one source, as explained in the Halakhah.",https://chavrutai.com/yerushalmi/Demai/5#4-1,Jerusalem_Talmud_Demai.5.4.1
οἴνου,Greek,"This word has not been identified. The Rome ms. has אורתי קדמיתא, [Cirillo (ed. Luncz) has אולותוקרימא.] Lieberman (תוספתא כפשוטה p. 254–255) is correct in insisting that the word designates a kind of barrel; his emendation οἴνου κεράμια is unsupported by the evidence. D. Sperber (Sinai 78, 40–41) reads *ὄρθοκεράμια, “upright standing jar.” But he takes שְׁפָייָא to mean “flat lying vessels,” not parallel to the usual שפיתא “vessel used to draw wine.” It is difficult to imagine a clay vessel lying with its opening horizontal, even if closed by a clay stopper, without losing all its contents. Liebermann quotes a Syriac source showing that the שפיתא used to draw wine from the storage tank was also used to transport the wine from the producer to retail stores.Perhaps the word is a combination of ὑδρία, ἡ “water pot”, but also used for a vessel or urn of any kind, including “wine pot”, and κέραμος, ὁ “clay”, but also anything made of clay, including “wine jar” (E. G.).",https://chavrutai.com/yerushalmi/Demai/5#5-6,Jerusalem_Talmud_Demai.5.5.6
κεράμια,Greek,"This word has not been identified. The Rome ms. has אורתי קדמיתא, [Cirillo (ed. Luncz) has אולותוקרימא.] Lieberman (תוספתא כפשוטה p. 254–255) is correct in insisting that the word designates a kind of barrel; his emendation οἴνου κεράμια is unsupported by the evidence. D. Sperber (Sinai 78, 40–41) reads *ὄρθοκεράμια, “upright standing jar.” But he takes שְׁפָייָא to mean “flat lying vessels,” not parallel to the usual שפיתא “vessel used to draw wine.” It is difficult to imagine a clay vessel lying with its opening horizontal, even if closed by a clay stopper, without losing all its contents. Liebermann quotes a Syriac source showing that the שפיתא used to draw wine from the storage tank was also used to transport the wine from the producer to retail stores.Perhaps the word is a combination of ὑδρία, ἡ “water pot”, but also used for a vessel or urn of any kind, including “wine pot”, and κέραμος, ὁ “clay”, but also anything made of clay, including “wine jar” (E. G.).",https://chavrutai.com/yerushalmi/Demai/5#5-6,Jerusalem_Talmud_Demai.5.5.6
ὄρθοκεράμια,Greek,"This word has not been identified. The Rome ms. has אורתי קדמיתא, [Cirillo (ed. Luncz) has אולותוקרימא.] Lieberman (תוספתא כפשוטה p. 254–255) is correct in insisting that the word designates a kind of barrel; his emendation οἴνου κεράμια is unsupported by the evidence. D. Sperber (Sinai 78, 40–41) reads *ὄρθοκεράμια, “upright standing jar.” But he takes שְׁפָייָא to mean “flat lying vessels,” not parallel to the usual שפיתא “vessel used to draw wine.” It is difficult to imagine a clay vessel lying with its opening horizontal, even if closed by a clay stopper, without losing all its contents. Liebermann quotes a Syriac source showing that the שפיתא used to draw wine from the storage tank was also used to transport the wine from the producer to retail stores.Perhaps the word is a combination of ὑδρία, ἡ “water pot”, but also used for a vessel or urn of any kind, including “wine pot”, and κέραμος, ὁ “clay”, but also anything made of clay, including “wine jar” (E. G.).",https://chavrutai.com/yerushalmi/Demai/5#5-6,Jerusalem_Talmud_Demai.5.5.6
ὑδρία,Greek,"This word has not been identified. The Rome ms. has אורתי קדמיתא, [Cirillo (ed. Luncz) has אולותוקרימא.] Lieberman (תוספתא כפשוטה p. 254–255) is correct in insisting that the word designates a kind of barrel; his emendation οἴνου κεράμια is unsupported by the evidence. D. Sperber (Sinai 78, 40–41) reads *ὄρθοκεράμια, “upright standing jar.” But he takes שְׁפָייָא to mean “flat lying vessels,” not parallel to the usual שפיתא “vessel used to draw wine.” It is difficult to imagine a clay vessel lying with its opening horizontal, even if closed by a clay stopper, without losing all its contents. Liebermann quotes a Syriac source showing that the שפיתא used to draw wine from the storage tank was also used to transport the wine from the producer to retail stores.Perhaps the word is a combination of ὑδρία, ἡ “water pot”, but also used for a vessel or urn of any kind, including “wine pot”, and κέραμος, ὁ “clay”, but also anything made of clay, including “wine jar” (E. G.).",https://chavrutai.com/yerushalmi/Demai/5#5-6,Jerusalem_Talmud_Demai.5.5.6
ἡ,Greek,"This word has not been identified. The Rome ms. has אורתי קדמיתא, [Cirillo (ed. Luncz) has אולותוקרימא.] Lieberman (תוספתא כפשוטה p. 254–255) is correct in insisting that the word designates a kind of barrel; his emendation οἴνου κεράμια is unsupported by the evidence. D. Sperber (Sinai 78, 40–41) reads *ὄρθοκεράμια, “upright standing jar.” But he takes שְׁפָייָא to mean “flat lying vessels,” not parallel to the usual שפיתא “vessel used to draw wine.” It is difficult to imagine a clay vessel lying with its opening horizontal, even if closed by a clay stopper, without losing all its contents. Liebermann quotes a Syriac source showing that the שפיתא used to draw wine from the storage tank was also used to transport the wine from the producer to retail stores.Perhaps the word is a combination of ὑδρία, ἡ “water pot”, but also used for a vessel or urn of any kind, including “wine pot”, and κέραμος, ὁ “clay”, but also anything made of clay, including “wine jar” (E. G.).",https://chavrutai.com/yerushalmi/Demai/5#5-6,Jerusalem_Talmud_Demai.5.5.6
κέραμος,Greek,"This word has not been identified. The Rome ms. has אורתי קדמיתא, [Cirillo (ed. Luncz) has אולותוקרימא.] Lieberman (תוספתא כפשוטה p. 254–255) is correct in insisting that the word designates a kind of barrel; his emendation οἴνου κεράμια is unsupported by the evidence. D. Sperber (Sinai 78, 40–41) reads *ὄρθοκεράμια, “upright standing jar.” But he takes שְׁפָייָא to mean “flat lying vessels,” not parallel to the usual שפיתא “vessel used to draw wine.” It is difficult to imagine a clay vessel lying with its opening horizontal, even if closed by a clay stopper, without losing all its contents. Liebermann quotes a Syriac source showing that the שפיתא used to draw wine from the storage tank was also used to transport the wine from the producer to retail stores.Perhaps the word is a combination of ὑδρία, ἡ “water pot”, but also used for a vessel or urn of any kind, including “wine pot”, and κέραμος, ὁ “clay”, but also anything made of clay, including “wine jar” (E. G.).",https://chavrutai.com/yerushalmi/Demai/5#5-6,Jerusalem_Talmud_Demai.5.5.6
ὁ,Greek,"This word has not been identified. The Rome ms. has אורתי קדמיתא, [Cirillo (ed. Luncz) has אולותוקרימא.] Lieberman (תוספתא כפשוטה p. 254–255) is correct in insisting that the word designates a kind of barrel; his emendation οἴνου κεράμια is unsupported by the evidence. D. Sperber (Sinai 78, 40–41) reads *ὄρθοκεράμια, “upright standing jar.” But he takes שְׁפָייָא to mean “flat lying vessels,” not parallel to the usual שפיתא “vessel used to draw wine.” It is difficult to imagine a clay vessel lying with its opening horizontal, even if closed by a clay stopper, without losing all its contents. Liebermann quotes a Syriac source showing that the שפיתא used to draw wine from the storage tank was also used to transport the wine from the producer to retail stores.Perhaps the word is a combination of ὑδρία, ἡ “water pot”, but also used for a vessel or urn of any kind, including “wine pot”, and κέραμος, ὁ “clay”, but also anything made of clay, including “wine jar” (E. G.).",https://chavrutai.com/yerushalmi/Demai/5#5-6,Jerusalem_Talmud_Demai.5.5.6
ἰσάτις,Greek,"Greek ἰσάτις, Latin isatis tinctoria",https://chavrutai.com/yerushalmi/Demai/6#2-12,Jerusalem_Talmud_Demai.6.2.12
isatis,Latin,"Greek ἰσάτις, Latin isatis tinctoria",https://chavrutai.com/yerushalmi/Demai/6#2-12,Jerusalem_Talmud_Demai.6.2.12
δέλφιξ,Greek,"Greek δέλφιξ “tripod” [e. g. “three-legged pot”, which might be dedicated to a temple.]",https://chavrutai.com/yerushalmi/Demai/6#7-2,Jerusalem_Talmud_Demai.6.7.2
κόλλιξ,Greek,"Greek κόλλιξ, “roll, loaf of coarse bread.”",https://chavrutai.com/yerushalmi/Demai/6#8-1,Jerusalem_Talmud_Demai.6.8.1
λειτουργία,Greek,"Greek λειτουργία, ἡ. “public service”, offices and obligations forced upon private citizens by the government. Obligations included providing food and wine to officials or troups. The Jew himself could not satisfy his obligations with cheaper untithed produce and Gentile wine. (Cf. R. Solomon ben Adrat loc. cit.; בעל התרומות שער מו ח״ד יח in the name of Nachmanides.)",https://chavrutai.com/yerushalmi/Demai/6#8-10,Jerusalem_Talmud_Demai.6.8.10
ἡ,Greek,"Greek λειτουργία, ἡ. “public service”, offices and obligations forced upon private citizens by the government. Obligations included providing food and wine to officials or troups. The Jew himself could not satisfy his obligations with cheaper untithed produce and Gentile wine. (Cf. R. Solomon ben Adrat loc. cit.; בעל התרומות שער מו ח״ד יח in the name of Nachmanides.)",https://chavrutai.com/yerushalmi/Demai/6#8-10,Jerusalem_Talmud_Demai.6.8.10
lagena,Latin,Latin lagena,https://chavrutai.com/yerushalmi/Demai/7#4-5,Jerusalem_Talmud_Demai.7.4.5
λοξός,Greek,"Greek λοξός, ή, όν “slanting, crosswise”.",https://chavrutai.com/yerushalmi/Demai/7#8-1,Jerusalem_Talmud_Demai.7.8.1
ή,Greek,"Greek λοξός, ή, όν “slanting, crosswise”.",https://chavrutai.com/yerushalmi/Demai/7#8-1,Jerusalem_Talmud_Demai.7.8.1
όν,Greek,"Greek λοξός, ή, όν “slanting, crosswise”.",https://chavrutai.com/yerushalmi/Demai/7#8-1,Jerusalem_Talmud_Demai.7.8.1
φάσηλος,Greek,"R. Simson reads פסילתא, Greek φάσηλος, Latin phaselus",https://chavrutai.com/yerushalmi/Kilayim/1#1-7,Jerusalem_Talmud_Kilayim.1.1.7
phaselus,Latin,"R. Simson reads פסילתא, Greek φάσηλος, Latin phaselus",https://chavrutai.com/yerushalmi/Kilayim/1#1-7,Jerusalem_Talmud_Kilayim.1.1.7
μηλοπέπων,Greek,"In the Halakhah, the word is explained as Greek μηλοπέπων “apple melon,” composite of μῆλον “apple,” πέπων “sun ripened.” Pliny [Hist",https://chavrutai.com/yerushalmi/Kilayim/1#2-1,Jerusalem_Talmud_Kilayim.1.2.1
μῆλον,Greek,"In the Halakhah, the word is explained as Greek μηλοπέπων “apple melon,” composite of μῆλον “apple,” πέπων “sun ripened.” Pliny [Hist",https://chavrutai.com/yerushalmi/Kilayim/1#2-1,Jerusalem_Talmud_Kilayim.1.2.1
πέπων,Greek,"In the Halakhah, the word is explained as Greek μηλοπέπων “apple melon,” composite of μῆλον “apple,” πέπων “sun ripened.” Pliny [Hist",https://chavrutai.com/yerushalmi/Kilayim/1#2-1,Jerusalem_Talmud_Kilayim.1.2.1
Τρώξιμα,Greek,"Τρώξιμα, τά “what is eaten raw, vegetable”, from τρώγω “to nibble, eat raw”; in Jewish sources only used for endives.",https://chavrutai.com/yerushalmi/Kilayim/1#2-4,Jerusalem_Talmud_Kilayim.1.2.4
τά,Greek,"Τρώξιμα, τά “what is eaten raw, vegetable”, from τρώγω “to nibble, eat raw”; in Jewish sources only used for endives.",https://chavrutai.com/yerushalmi/Kilayim/1#2-4,Jerusalem_Talmud_Kilayim.1.2.4
τρώγω,Greek,"Τρώξιμα, τά “what is eaten raw, vegetable”, from τρώγω “to nibble, eat raw”; in Jewish sources only used for endives.",https://chavrutai.com/yerushalmi/Kilayim/1#2-4,Jerusalem_Talmud_Kilayim.1.2.4
napus,Latin,Latin napus,https://chavrutai.com/yerushalmi/Kilayim/1#3-1,Jerusalem_Talmud_Kilayim.1.3.1
δενδροφάσηλος,Greek,"R. Isaac Simponti refers to Greek δενδροφάσηλος, a kind not recorded in Byzantine Greek botanical lists. In the opinion of J. Löw, the word is a Semitic diminutive and designates probably Lupinus luteus",https://chavrutai.com/yerushalmi/Kilayim/1#3-1,Jerusalem_Talmud_Kilayim.1.3.1
botanical,Greek,"R. Isaac Simponti refers to Greek δενδροφάσηλος, a kind not recorded in Byzantine Greek botanical lists. In the opinion of J. Löw, the word is a Semitic diminutive and designates probably Lupinus luteus",https://chavrutai.com/yerushalmi/Kilayim/1#3-1,Jerusalem_Talmud_Kilayim.1.3.1
Χρυσόμηλον,Greek,"Χρυσόμηλον, chrysomelum",https://chavrutai.com/yerushalmi/Kilayim/1#4-1,Jerusalem_Talmud_Kilayim.1.4.1
χρυσολάχανον,Greek,"Reading with Löw כרוסלכינין, χρυσολάχανον, atriplex agrestis",https://chavrutai.com/yerushalmi/Kilayim/1#4-6,Jerusalem_Talmud_Kilayim.1.4.6
Πετροσέλινον,Greek,"Πετροσέλινον. The Venice text has dittographyפטר פיטרה סולינון . R. Simson: אסטפלינון, σταφυλῖνος, “carrot,” daucus carota",https://chavrutai.com/yerushalmi/Kilayim/1#4-6,Jerusalem_Talmud_Kilayim.1.4.6
σταφυλῖνος,Greek,"Πετροσέλινον. The Venice text has dittographyפטר פיטרה סולינון . R. Simson: אסטפלינון, σταφυλῖνος, “carrot,” daucus carota",https://chavrutai.com/yerushalmi/Kilayim/1#4-6,Jerusalem_Talmud_Kilayim.1.4.6
λαψάνη,Greek,"Greek λαψάνη (also λαμψάνη, “charlock”, brassica arvensis",https://chavrutai.com/yerushalmi/Kilayim/1#5-1,Jerusalem_Talmud_Kilayim.1.5.1
λαμψάνη,Greek,"Greek λαψάνη (also λαμψάνη, “charlock”, brassica arvensis",https://chavrutai.com/yerushalmi/Kilayim/1#5-1,Jerusalem_Talmud_Kilayim.1.5.1
λεῦκος,Greek,"Greek λεῦκος, name of a fish; cf. also λευκός “white”.",https://chavrutai.com/yerushalmi/Kilayim/1#6-4,Jerusalem_Talmud_Kilayim.1.6.4
λευκός,Greek,"Greek λεῦκος, name of a fish; cf. also λευκός “white”.",https://chavrutai.com/yerushalmi/Kilayim/1#6-4,Jerusalem_Talmud_Kilayim.1.6.4
πέτρα,Greek,"Greek πέτρα “rock by the sea, rocky peak”. “On a petra or",https://chavrutai.com/yerushalmi/Kilayim/1#9-4,Jerusalem_Talmud_Kilayim.1.9.4
τορός,Greek,"ראש תור “ox head, trapezoid, vertex” describes the configuration in which two fields are not parallel but are at an angle to each other, so that a vertex of one field touches the other field in the middle of a side. (Musaphia wants to derive the expression from the Greek adjective τορός, ά, όν “sharp, piercing,” but probably it means ראש תור, “head of the line.”) It is spelled out in Mishnah 3:3 that in this case, no minimal distance has to be observed since the fields appear distinct by their neat geometrical form. Ḥizqiah adds that even if one of the fields does not have a regular shape, e. g., if it ends in a dry spot, if in the neighborhood of the other field it forms a triangle with a vertex touching the other field the leniency of ראש תור applies.Cf. the discussion of ראש תור in Chapter 2, Note 101.",https://chavrutai.com/yerushalmi/Kilayim/1#9-5,Jerusalem_Talmud_Kilayim.1.9.5
ά,Greek,"ראש תור “ox head, trapezoid, vertex” describes the configuration in which two fields are not parallel but are at an angle to each other, so that a vertex of one field touches the other field in the middle of a side. (Musaphia wants to derive the expression from the Greek adjective τορός, ά, όν “sharp, piercing,” but probably it means ראש תור, “head of the line.”) It is spelled out in Mishnah 3:3 that in this case, no minimal distance has to be observed since the fields appear distinct by their neat geometrical form. Ḥizqiah adds that even if one of the fields does not have a regular shape, e. g., if it ends in a dry spot, if in the neighborhood of the other field it forms a triangle with a vertex touching the other field the leniency of ראש תור applies.Cf. the discussion of ראש תור in Chapter 2, Note 101.",https://chavrutai.com/yerushalmi/Kilayim/1#9-5,Jerusalem_Talmud_Kilayim.1.9.5
όν,Greek,"ראש תור “ox head, trapezoid, vertex” describes the configuration in which two fields are not parallel but are at an angle to each other, so that a vertex of one field touches the other field in the middle of a side. (Musaphia wants to derive the expression from the Greek adjective τορός, ά, όν “sharp, piercing,” but probably it means ראש תור, “head of the line.”) It is spelled out in Mishnah 3:3 that in this case, no minimal distance has to be observed since the fields appear distinct by their neat geometrical form. Ḥizqiah adds that even if one of the fields does not have a regular shape, e. g., if it ends in a dry spot, if in the neighborhood of the other field it forms a triangle with a vertex touching the other field the leniency of ראש תור applies.Cf. the discussion of ראש תור in Chapter 2, Note 101.",https://chavrutai.com/yerushalmi/Kilayim/1#9-5,Jerusalem_Talmud_Kilayim.1.9.5
adjective,Greek,"ראש תור “ox head, trapezoid, vertex” describes the configuration in which two fields are not parallel but are at an angle to each other, so that a vertex of one field touches the other field in the middle of a side. (Musaphia wants to derive the expression from the Greek adjective τορός, ά, όν “sharp, piercing,” but probably it means ראש תור, “head of the line.”) It is spelled out in Mishnah 3:3 that in this case, no minimal distance has to be observed since the fields appear distinct by their neat geometrical form. Ḥizqiah adds that even if one of the fields does not have a regular shape, e. g., if it ends in a dry spot, if in the neighborhood of the other field it forms a triangle with a vertex touching the other field the leniency of ראש תור applies.Cf. the discussion of ראש תור in Chapter 2, Note 101.",https://chavrutai.com/yerushalmi/Kilayim/1#9-5,Jerusalem_Talmud_Kilayim.1.9.5
seeds,Greek,"In that case, the grasses are really weeds; they have to be removed before the fenugreek seeds can be taken from the stems.",https://chavrutai.com/yerushalmi/Kilayim/2#3-4,Jerusalem_Talmud_Kilayim.2.3.4
bundles,Greek,"The grape harvest is transported in vessels; fenugreek bundles are tied on the “field,” i. e., the garden plot.",https://chavrutai.com/yerushalmi/Kilayim/2#3-4,Jerusalem_Talmud_Kilayim.2.3.4
gourd,Greek,"If oats with their soft stalks lean over straight wheat at the border between two fields, that is not bad, as long as the sowing was done correctly. The same is true for all other annual plants grown from seeds, except for Greek gourd having wide leaves and long, crawling stems which enter neighboring fields and appear as kilaim",https://chavrutai.com/yerushalmi/Kilayim/2#8-1,Jerusalem_Talmud_Kilayim.2.8.1
gourd,Greek,"If the leaves of Greek gourd are growing on a trellis, they act as roof. A human corpse in a house (“a tent,” Num",https://chavrutai.com/yerushalmi/Kilayim/2#8-7,Jerusalem_Talmud_Kilayim.2.8.7
gourd,Greek,"For Greek gourd, whether it forms kilaim",https://chavrutai.com/yerushalmi/Kilayim/2#8-8,Jerusalem_Talmud_Kilayim.2.8.8
gourd,Greek,Their leaves are not as large as those of Greek gourd.,https://chavrutai.com/yerushalmi/Kilayim/2#8-9,Jerusalem_Talmud_Kilayim.2.8.9
μέσος,Greek,"Greek μέσος, η, ον “middle-, in the middle”. (Rome ms: נימוס.)",https://chavrutai.com/yerushalmi/Kilayim/3#1-5,Jerusalem_Talmud_Kilayim.3.1.5
ον,Greek,"Greek μέσος, η, ον “middle-, in the middle”. (Rome ms: נימוס.)",https://chavrutai.com/yerushalmi/Kilayim/3#1-5,Jerusalem_Talmud_Kilayim.3.1.5
parum,Latin,Latin parum,https://chavrutai.com/yerushalmi/Kilayim/3#1-5,Jerusalem_Talmud_Kilayim.3.1.5
gourd,Greek,"Is “pumpkin” in the Mishnah a generic name, or does it apply only to Greek gourd that has the most expansive leaves? The Mishnah applies only to Greek gourd. Melon and Egytian beans are treated in parallel with pumpkin in Halakhah 2:11.",https://chavrutai.com/yerushalmi/Kilayim/3#6-5,Jerusalem_Talmud_Kilayim.3.6.5
δίκρανον,Greek,Greek δίκρανον “pitchfork”. The “woods” were planks put on the ground and connected to the wall; the poles were stuck into the ground. They were forked so that on each side a rope could be attached forming פיאה to the next pole. Cf. Latin furcilla,https://chavrutai.com/yerushalmi/Kilayim/4#2-3,Jerusalem_Talmud_Kilayim.4.2.3
furcilla,Latin,Greek δίκρανον “pitchfork”. The “woods” were planks put on the ground and connected to the wall; the poles were stuck into the ground. They were forked so that on each side a rope could be attached forming פיאה to the next pole. Cf. Latin furcilla,https://chavrutai.com/yerushalmi/Kilayim/4#2-3,Jerusalem_Talmud_Kilayim.4.2.3
τετράπυλον,Greek,"Greek τετράπυλον, τό, “archway entered from four sides.” Bowers erected at the crossing of two paths, with only the posts and the connecting beams built, and the roof formed by plants climbing on the poles. Rebbi Abba bar Mamal considers these beams as קורה under which one may not carry in a dead-end street. The vineyard in question is not enclosed by a wall, or it is enclosed but too large (larger than 5000 square cubits) to be considered a courtyard for the rules of Sabbath; hence, one may carry under the roof of the bower but not outside.",https://chavrutai.com/yerushalmi/Kilayim/4#2-6,Jerusalem_Talmud_Kilayim.4.2.6
τό,Greek,"Greek τετράπυλον, τό, “archway entered from four sides.” Bowers erected at the crossing of two paths, with only the posts and the connecting beams built, and the roof formed by plants climbing on the poles. Rebbi Abba bar Mamal considers these beams as קורה under which one may not carry in a dead-end street. The vineyard in question is not enclosed by a wall, or it is enclosed but too large (larger than 5000 square cubits) to be considered a courtyard for the rules of Sabbath; hence, one may carry under the roof of the bower but not outside.",https://chavrutai.com/yerushalmi/Kilayim/4#2-6,Jerusalem_Talmud_Kilayim.4.2.6
ἐπιστύλιον,Greek,"Greek ἐπιστύλιον, τό “architrave.” (In Eruvin",https://chavrutai.com/yerushalmi/Kilayim/4#2-6,Jerusalem_Talmud_Kilayim.4.2.6
τό,Greek,"Greek ἐπιστύλιον, τό “architrave.” (In Eruvin",https://chavrutai.com/yerushalmi/Kilayim/4#2-6,Jerusalem_Talmud_Kilayim.4.2.6
λοξός,Greek,"Greek λοξός, -ή, -όν “slanting, crosswise, oblique.”",https://chavrutai.com/yerushalmi/Kilayim/4#4-3,Jerusalem_Talmud_Kilayim.4.4.3
ή,Greek,"Greek λοξός, -ή, -όν “slanting, crosswise, oblique.”",https://chavrutai.com/yerushalmi/Kilayim/4#4-3,Jerusalem_Talmud_Kilayim.4.4.3
όν,Greek,"Greek λοξός, -ή, -όν “slanting, crosswise, oblique.”",https://chavrutai.com/yerushalmi/Kilayim/4#4-3,Jerusalem_Talmud_Kilayim.4.4.3
παρά,Greek,Greek παρά.,https://chavrutai.com/yerushalmi/Kilayim/5#1-3,Jerusalem_Talmud_Kilayim.5.1.3
ἀήρ,Greek,Greek ἀήρ.,https://chavrutai.com/yerushalmi/Kilayim/5#3-3,Jerusalem_Talmud_Kilayim.5.3.3
ἶρις,Greek,"Greek ἶρις, -ιδος, ἡ, “iris, orris root”; the root was used to produce an ointment.",https://chavrutai.com/yerushalmi/Kilayim/5#7-1,Jerusalem_Talmud_Kilayim.5.7.1
ιδος,Greek,"Greek ἶρις, -ιδος, ἡ, “iris, orris root”; the root was used to produce an ointment.",https://chavrutai.com/yerushalmi/Kilayim/5#7-1,Jerusalem_Talmud_Kilayim.5.7.1
ἡ,Greek,"Greek ἶρις, -ιδος, ἡ, “iris, orris root”; the root was used to produce an ointment.",https://chavrutai.com/yerushalmi/Kilayim/5#7-1,Jerusalem_Talmud_Kilayim.5.7.1
κισσός,Greek,"Greek κισσός. One would not expect a plant holy to Osiris and Bacchus in a Jewish vineyard, but its leaves were sometimes used as spice (and possibly in medicine) and the name might also be applied to related kinds of angelica of which both roots and berries were used. |Cf. κίσσινον, τό, name of a plaster (E. G.)]",https://chavrutai.com/yerushalmi/Kilayim/5#7-1,Jerusalem_Talmud_Kilayim.5.7.1
κίσσινον,Greek,"Greek κισσός. One would not expect a plant holy to Osiris and Bacchus in a Jewish vineyard, but its leaves were sometimes used as spice (and possibly in medicine) and the name might also be applied to related kinds of angelica of which both roots and berries were used. |Cf. κίσσινον, τό, name of a plaster (E. G.)]",https://chavrutai.com/yerushalmi/Kilayim/5#7-1,Jerusalem_Talmud_Kilayim.5.7.1
τό,Greek,"Greek κισσός. One would not expect a plant holy to Osiris and Bacchus in a Jewish vineyard, but its leaves were sometimes used as spice (and possibly in medicine) and the name might also be applied to related kinds of angelica of which both roots and berries were used. |Cf. κίσσινον, τό, name of a plaster (E. G.)]",https://chavrutai.com/yerushalmi/Kilayim/5#7-1,Jerusalem_Talmud_Kilayim.5.7.1
κάνναβις,Greek,"Greek κάνναβις, Latin cannabis",https://chavrutai.com/yerushalmi/Kilayim/5#7-1,Jerusalem_Talmud_Kilayim.5.7.1
cannabis,Latin,"Greek κάνναβις, Latin cannabis",https://chavrutai.com/yerushalmi/Kilayim/5#7-1,Jerusalem_Talmud_Kilayim.5.7.1
κινάρα,Greek,"Greek κινάρα, Modern Greek plural κινάρας (H. L. Fleischer). Since artichoke is an edible thistle, it has to be mentioned as kilaim",https://chavrutai.com/yerushalmi/Kilayim/5#7-1,Jerusalem_Talmud_Kilayim.5.7.1
κινάρας,Greek,"Greek κινάρα, Modern Greek plural κινάρας (H. L. Fleischer). Since artichoke is an edible thistle, it has to be mentioned as kilaim",https://chavrutai.com/yerushalmi/Kilayim/5#7-1,Jerusalem_Talmud_Kilayim.5.7.1
plural,Greek,"Greek κινάρα, Modern Greek plural κινάρας (H. L. Fleischer). Since artichoke is an edible thistle, it has to be mentioned as kilaim",https://chavrutai.com/yerushalmi/Kilayim/5#7-1,Jerusalem_Talmud_Kilayim.5.7.1
κάρρον,Greek,"This Mishnah deals with a cart (Greek κάρρον, τό, “car, cart”; cf. κάρρος, ὁ, Latin carrus, carrum",https://chavrutai.com/yerushalmi/Kilayim/8#2-1,Jerusalem_Talmud_Kilayim.8.2.1
τό,Greek,"This Mishnah deals with a cart (Greek κάρρον, τό, “car, cart”; cf. κάρρος, ὁ, Latin carrus, carrum",https://chavrutai.com/yerushalmi/Kilayim/8#2-1,Jerusalem_Talmud_Kilayim.8.2.1
κάρρος,Greek,"This Mishnah deals with a cart (Greek κάρρον, τό, “car, cart”; cf. κάρρος, ὁ, Latin carrus, carrum",https://chavrutai.com/yerushalmi/Kilayim/8#2-1,Jerusalem_Talmud_Kilayim.8.2.1
ὁ,Greek,"This Mishnah deals with a cart (Greek κάρρον, τό, “car, cart”; cf. κάρρος, ὁ, Latin carrus, carrum",https://chavrutai.com/yerushalmi/Kilayim/8#2-1,Jerusalem_Talmud_Kilayim.8.2.1
carrus,Latin,"This Mishnah deals with a cart (Greek κάρρον, τό, “car, cart”; cf. κάρρος, ὁ, Latin carrus, carrum",https://chavrutai.com/yerushalmi/Kilayim/8#2-1,Jerusalem_Talmud_Kilayim.8.2.1
equus,Latin,Perhaps the ending דקס refers to Latin equus,https://chavrutai.com/yerushalmi/Kilayim/8#3-4,Jerusalem_Talmud_Kilayim.8.3.4
paraveredus,Latin,"All commentaries depending on gaonic sources declare these to be mules about which it is unknown whether their mother was a horse or a donkey and whose ears do not allow to determine the species of their mother. This implies that the opinion of R. Jehudah in the preceding Mishnah is accepted here as opinion of the anonymous majority and, therefore, practice to be followed. This would make superfluous the statement of R. Isaac bar Naḥman in the preceding Halakhah. Now in Arabic, פֻדַט فُرَط is “a horse which outruns all others” (from the root فرط “to surpass”). It might be that the entire sentence speaks of horses and that thoroughbreds are considered a separate species created by what today would be called genetic engineering, while wild horses are the same as a standard domesticated horse. {Cf. also Medieval Latin paraveredus",https://chavrutai.com/yerushalmi/Kilayim/8#4-1,Jerusalem_Talmud_Kilayim.8.4.1
τάραξιν,Greek,"Jastrow’s explanation is Greek τάραξιν, accusative of τάραξις “confusion”. [Maimonides (Commentary to Middot",https://chavrutai.com/yerushalmi/Kilayim/8#4-5,Jerusalem_Talmud_Kilayim.8.4.5
τάραξις,Greek,"Jastrow’s explanation is Greek τάραξιν, accusative of τάραξις “confusion”. [Maimonides (Commentary to Middot",https://chavrutai.com/yerushalmi/Kilayim/8#4-5,Jerusalem_Talmud_Kilayim.8.4.5
cannabis,Latin,Latin cannabis,https://chavrutai.com/yerushalmi/Kilayim/9#1-1,Jerusalem_Talmud_Kilayim.9.1.1
fibra,Latin,The fibers that might be blown from one bale to the next. Latin fibra,https://chavrutai.com/yerushalmi/Kilayim/9#1-7,Jerusalem_Talmud_Kilayim.9.1.7
form,Latin,"Greek “raw silk”, early Latin form mataxa",https://chavrutai.com/yerushalmi/Kilayim/9#1-8,Jerusalem_Talmud_Kilayim.9.1.8
σπόγγος,Greek,"The סַפָּג is the bath attendant using the סְפוֹג, Greek σπόγγος “sponge”.",https://chavrutai.com/yerushalmi/Kilayim/9#2-1,Jerusalem_Talmud_Kilayim.9.2.1
θήκη,Greek,Greek θήκη. R. Jonathan follows the text of our Mishnah that scroll wraps are not subject to kilaim,https://chavrutai.com/yerushalmi/Kilayim/9#2-5,Jerusalem_Talmud_Kilayim.9.2.5
natatorius,Latin,"In Mo'ed Qatan 3:2 (fol. 82a) the reading is אנטינייא. One might derive the word from Syrian Arabic نطا נטא ""to be wet""; the meaning would be wet towels. Another possible derivation is from Latin natatorius",https://chavrutai.com/yerushalmi/Kilayim/9#2-6,Jerusalem_Talmud_Kilayim.9.2.6
ῥόδινος,Greek,"In the parallel Ketubot 12:3 (fol.35a), בורידיקא. This cannot mean “pink” since “rose colored” in the Yerushalmi is ורדינון, Greek ῥόδινος. Since יריר means pus, יריריקא is taken to mean “pus colored”.",https://chavrutai.com/yerushalmi/Kilayim/9#3-4,Jerusalem_Talmud_Kilayim.9.3.4
στροβιλᾶς,Greek,"A Tanna of the fourth generation, reputed to speak Latin like a Roman. Late Hellenistic Greek στροβιλᾶς, ᾶ, ὁ “dealer in pine cones” but, since pine cones were used in pagan worship, it might be better to derive the name from Greek ἀστραβηλάτης, ου, ὁ “muleteer”.",https://chavrutai.com/yerushalmi/Kilayim/9#3-14,Jerusalem_Talmud_Kilayim.9.3.14
ᾶ,Greek,"A Tanna of the fourth generation, reputed to speak Latin like a Roman. Late Hellenistic Greek στροβιλᾶς, ᾶ, ὁ “dealer in pine cones” but, since pine cones were used in pagan worship, it might be better to derive the name from Greek ἀστραβηλάτης, ου, ὁ “muleteer”.",https://chavrutai.com/yerushalmi/Kilayim/9#3-14,Jerusalem_Talmud_Kilayim.9.3.14
ὁ,Greek,"A Tanna of the fourth generation, reputed to speak Latin like a Roman. Late Hellenistic Greek στροβιλᾶς, ᾶ, ὁ “dealer in pine cones” but, since pine cones were used in pagan worship, it might be better to derive the name from Greek ἀστραβηλάτης, ου, ὁ “muleteer”.",https://chavrutai.com/yerushalmi/Kilayim/9#3-14,Jerusalem_Talmud_Kilayim.9.3.14
ἀστραβηλάτης,Greek,"A Tanna of the fourth generation, reputed to speak Latin like a Roman. Late Hellenistic Greek στροβιλᾶς, ᾶ, ὁ “dealer in pine cones” but, since pine cones were used in pagan worship, it might be better to derive the name from Greek ἀστραβηλάτης, ου, ὁ “muleteer”.",https://chavrutai.com/yerushalmi/Kilayim/9#3-14,Jerusalem_Talmud_Kilayim.9.3.14
ου,Greek,"A Tanna of the fourth generation, reputed to speak Latin like a Roman. Late Hellenistic Greek στροβιλᾶς, ᾶ, ὁ “dealer in pine cones” but, since pine cones were used in pagan worship, it might be better to derive the name from Greek ἀστραβηλάτης, ου, ὁ “muleteer”.",https://chavrutai.com/yerushalmi/Kilayim/9#3-14,Jerusalem_Talmud_Kilayim.9.3.14
like,Latin,"A Tanna of the fourth generation, reputed to speak Latin like a Roman. Late Hellenistic Greek στροβιλᾶς, ᾶ, ὁ “dealer in pine cones” but, since pine cones were used in pagan worship, it might be better to derive the name from Greek ἀστραβηλάτης, ου, ὁ “muleteer”.",https://chavrutai.com/yerushalmi/Kilayim/9#3-14,Jerusalem_Talmud_Kilayim.9.3.14
πῖλος,Greek,"Mishnah readings פונון, פיבון and Rome ms. פיטין. The common explanation is from Greek πῖλος, ὁ, “felt (as lining of helmets, shoes, etc.); felt cloth”, but felt is commonly called לבד in Mishnah and Tosephta; the Halakhah defines these “shoes” as socks.",https://chavrutai.com/yerushalmi/Kilayim/9#4-1,Jerusalem_Talmud_Kilayim.9.4.1
ὁ,Greek,"Mishnah readings פונון, פיבון and Rome ms. פיטין. The common explanation is from Greek πῖλος, ὁ, “felt (as lining of helmets, shoes, etc.); felt cloth”, but felt is commonly called לבד in Mishnah and Tosephta; the Halakhah defines these “shoes” as socks.",https://chavrutai.com/yerushalmi/Kilayim/9#4-1,Jerusalem_Talmud_Kilayim.9.4.1
birrus,Latin,Latin birrus,https://chavrutai.com/yerushalmi/Kilayim/9#4-2,Jerusalem_Talmud_Kilayim.9.4.2
δουλαμά,Greek,"The Rome ms. has דלמא but this is the Rome scribe’s usual style for the rhetorical דֵילֹמָא. The dictionaries explain the word from from Byzantine δουλαμά “loose garment, wrapping garment”; this would fit the context but H. L. Fleischer has shown that δουλαμά is derived from Turkish dolamak",https://chavrutai.com/yerushalmi/Kilayim/9#4-2,Jerusalem_Talmud_Kilayim.9.4.2
ἐφυφή,Greek,"This meaning of פיף is attested to by all Gaonic sources and the commentaries dependent on them; cf. Note 28. Musaphia’s derivation from the Greek (derived from R. Simson’s interpretation of פיף as “fringes”) ἐφυφή “woof” and accepted by the dictionaries makes no sense, as recognized by I. Löw.",https://chavrutai.com/yerushalmi/Kilayim/9#5-1,Jerusalem_Talmud_Kilayim.9.5.1
splenium,Latin,Latin splenium,https://chavrutai.com/yerushalmi/Kilayim/9#6-6,Jerusalem_Talmud_Kilayim.9.6.6
parum,Latin,Latin parum,https://chavrutai.com/yerushalmi/Sheviit/1#3-2,Jerusalem_Talmud_Sheviit.1.3.2
form,Greek,"An Amora of the second generation, usually associated with R. Eleazar. He is the only Amora whose patronymic is given in Greek form (A B’s instead of the usual A son of B.)",https://chavrutai.com/yerushalmi/Sheviit/2#5-6,Jerusalem_Talmud_Sheviit.2.5.6
Zeus,Greek,"An unirrigated field that must be watered by hand if used for vegetables. The term seems to be taken from pagan neighbors since Ba‘al is the Semitic rain god, equivalent of the Greek Zeus. The Tosephta (Note 83) makes it explicit that the first rule speaks of fields irrigated by a permanent installation.",https://chavrutai.com/yerushalmi/Sheviit/2#6-1,Jerusalem_Talmud_Sheviit.2.6.1
γύψος,Greek,"Greek γύψος. If the banks of a water canal are of stone or mortar, it is obviously not an agricultural construction.",https://chavrutai.com/yerushalmi/Sheviit/3#2-5,Jerusalem_Talmud_Sheviit.3.2.5
heus,Latin,Latin heus tu,https://chavrutai.com/yerushalmi/Sheviit/4#2-3,Jerusalem_Talmud_Sheviit.4.2.3
ζημία,Greek,"Greek ζημία, ἥ.",https://chavrutai.com/yerushalmi/Sheviit/4#3-3,Jerusalem_Talmud_Sheviit.4.3.3
ἥ,Greek,"Greek ζημία, ἥ.",https://chavrutai.com/yerushalmi/Sheviit/4#3-3,Jerusalem_Talmud_Sheviit.4.3.3
μάλαγμα,Greek,"Greek μάλαγμα, cf. Berakhot",https://chavrutai.com/yerushalmi/Sheviit/4#6-4,Jerusalem_Talmud_Sheviit.4.6.4
ἔλευσις,Greek,"Cf. Greek ἔλευσις, -εως, ἡ, “coming, arrival”.",https://chavrutai.com/yerushalmi/Sheviit/4#7-4,Jerusalem_Talmud_Sheviit.4.7.4
εως,Greek,"Cf. Greek ἔλευσις, -εως, ἡ, “coming, arrival”.",https://chavrutai.com/yerushalmi/Sheviit/4#7-4,Jerusalem_Talmud_Sheviit.4.7.4
ἡ,Greek,"Cf. Greek ἔλευσις, -εως, ἡ, “coming, arrival”.",https://chavrutai.com/yerushalmi/Sheviit/4#7-4,Jerusalem_Talmud_Sheviit.4.7.4
πετραῖος,Greek,"Greek adj. πετραῖος, α, ον, Latin petraeus, a, um, “stony, of stone”.",https://chavrutai.com/yerushalmi/Sheviit/5#1-2,Jerusalem_Talmud_Sheviit.5.1.2
ον,Greek,"Greek adj. πετραῖος, α, ον, Latin petraeus, a, um, “stony, of stone”.",https://chavrutai.com/yerushalmi/Sheviit/5#1-2,Jerusalem_Talmud_Sheviit.5.1.2
adj,Greek,"Greek adj. πετραῖος, α, ον, Latin petraeus, a, um, “stony, of stone”.",https://chavrutai.com/yerushalmi/Sheviit/5#1-2,Jerusalem_Talmud_Sheviit.5.1.2
petraeus,Latin,"Greek adj. πετραῖος, α, ον, Latin petraeus, a, um, “stony, of stone”.",https://chavrutai.com/yerushalmi/Sheviit/5#1-2,Jerusalem_Talmud_Sheviit.5.1.2
πέτρα,Greek,Greek πέτρα “rock”.,https://chavrutai.com/yerushalmi/Sheviit/5#2-10,Jerusalem_Talmud_Sheviit.5.2.10
corbis,Latin,"According to Maimonides, נפה is a sieve for flour and כברה (“braided from twigs”) is a sieve for seeds, but the Halakhah shows that נפה is coarse and כברה fine (the Arabic כִּרבִּיל given by Maimonides for כברה denotes a fine sieve). The root verbs are כבר “to sift” and נוף “to move to and fro”. [Cf. also Latin corbis",https://chavrutai.com/yerushalmi/Sheviit/5#4-1,Jerusalem_Talmud_Sheviit.5.4.1
baccar,Latin,Latin baccar,https://chavrutai.com/yerushalmi/Sheviit/7#1-1,Jerusalem_Talmud_Sheviit.7.1.1
citratus,Latin,Latin citratus,https://chavrutai.com/yerushalmi/Sheviit/7#1-5,Jerusalem_Talmud_Sheviit.7.1.5
myrtites,Latin,Cf. Latin myrtites,https://chavrutai.com/yerushalmi/Sheviit/7#1-5,Jerusalem_Talmud_Sheviit.7.1.5
ῥοδόμυρον,Greek,"No reasonable explanation of this word has been offered; Musaphia conjectures Greek ῥοδόμυρον, ῥόδινον μύρον “rose ointment.” {Kohout thinks of absinth, Farsi درمنة darmneh",https://chavrutai.com/yerushalmi/Sheviit/7#1-5,Jerusalem_Talmud_Sheviit.7.1.5
ῥόδινον,Greek,"No reasonable explanation of this word has been offered; Musaphia conjectures Greek ῥοδόμυρον, ῥόδινον μύρον “rose ointment.” {Kohout thinks of absinth, Farsi درمنة darmneh",https://chavrutai.com/yerushalmi/Sheviit/7#1-5,Jerusalem_Talmud_Sheviit.7.1.5
μύρον,Greek,"No reasonable explanation of this word has been offered; Musaphia conjectures Greek ῥοδόμυρον, ῥόδινον μύρον “rose ointment.” {Kohout thinks of absinth, Farsi درمنة darmneh",https://chavrutai.com/yerushalmi/Sheviit/7#1-5,Jerusalem_Talmud_Sheviit.7.1.5
ὑδρόμηλον,Greek,"The Venice print has אידרוטירון but the Leyden ms. אידרומירון as already conjectured by most Hebrew lexicographers. Kohout notes that the closest word is ὑδρόμηλον, τό “drink of water and μηλόμηλι, honey flavored with quinces”. He conjectures that it should be *ὑδρόμυρρον for “myrrh water” but notes that this word is not found in the dictionaries. {Cf. Greek ὑγρόμυρον “liquid ointment” (E. G.)}",https://chavrutai.com/yerushalmi/Sheviit/7#1-5,Jerusalem_Talmud_Sheviit.7.1.5
τό,Greek,"The Venice print has אידרוטירון but the Leyden ms. אידרומירון as already conjectured by most Hebrew lexicographers. Kohout notes that the closest word is ὑδρόμηλον, τό “drink of water and μηλόμηλι, honey flavored with quinces”. He conjectures that it should be *ὑδρόμυρρον for “myrrh water” but notes that this word is not found in the dictionaries. {Cf. Greek ὑγρόμυρον “liquid ointment” (E. G.)}",https://chavrutai.com/yerushalmi/Sheviit/7#1-5,Jerusalem_Talmud_Sheviit.7.1.5
μηλόμηλι,Greek,"The Venice print has אידרוטירון but the Leyden ms. אידרומירון as already conjectured by most Hebrew lexicographers. Kohout notes that the closest word is ὑδρόμηλον, τό “drink of water and μηλόμηλι, honey flavored with quinces”. He conjectures that it should be *ὑδρόμυρρον for “myrrh water” but notes that this word is not found in the dictionaries. {Cf. Greek ὑγρόμυρον “liquid ointment” (E. G.)}",https://chavrutai.com/yerushalmi/Sheviit/7#1-5,Jerusalem_Talmud_Sheviit.7.1.5
ὑδρόμυρρον,Greek,"The Venice print has אידרוטירון but the Leyden ms. אידרומירון as already conjectured by most Hebrew lexicographers. Kohout notes that the closest word is ὑδρόμηλον, τό “drink of water and μηλόμηλι, honey flavored with quinces”. He conjectures that it should be *ὑδρόμυρρον for “myrrh water” but notes that this word is not found in the dictionaries. {Cf. Greek ὑγρόμυρον “liquid ointment” (E. G.)}",https://chavrutai.com/yerushalmi/Sheviit/7#1-5,Jerusalem_Talmud_Sheviit.7.1.5
ὑγρόμυρον,Greek,"The Venice print has אידרוטירון but the Leyden ms. אידרומירון as already conjectured by most Hebrew lexicographers. Kohout notes that the closest word is ὑδρόμηλον, τό “drink of water and μηλόμηλι, honey flavored with quinces”. He conjectures that it should be *ὑδρόμυρρον for “myrrh water” but notes that this word is not found in the dictionaries. {Cf. Greek ὑγρόμυρον “liquid ointment” (E. G.)}",https://chavrutai.com/yerushalmi/Sheviit/7#1-5,Jerusalem_Talmud_Sheviit.7.1.5
διὰ,Greek,"Reading of the Leyden ms. Cf. perhaps Greek διὰ μελίτων “salve made from honey.” (E. G.)The Venice print and Rome ms. Have דיומידן which the lexicographers read with Musaphia as דימורון (Syriac רימירו), Greek διά μόρων “medicine from black mulberry juice and honey”.",https://chavrutai.com/yerushalmi/Sheviit/7#1-5,Jerusalem_Talmud_Sheviit.7.1.5
μελίτων,Greek,"Reading of the Leyden ms. Cf. perhaps Greek διὰ μελίτων “salve made from honey.” (E. G.)The Venice print and Rome ms. Have דיומידן which the lexicographers read with Musaphia as דימורון (Syriac רימירו), Greek διά μόρων “medicine from black mulberry juice and honey”.",https://chavrutai.com/yerushalmi/Sheviit/7#1-5,Jerusalem_Talmud_Sheviit.7.1.5
διά,Greek,"Reading of the Leyden ms. Cf. perhaps Greek διὰ μελίτων “salve made from honey.” (E. G.)The Venice print and Rome ms. Have דיומידן which the lexicographers read with Musaphia as דימורון (Syriac רימירו), Greek διά μόρων “medicine from black mulberry juice and honey”.",https://chavrutai.com/yerushalmi/Sheviit/7#1-5,Jerusalem_Talmud_Sheviit.7.1.5
μόρων,Greek,"Reading of the Leyden ms. Cf. perhaps Greek διὰ μελίτων “salve made from honey.” (E. G.)The Venice print and Rome ms. Have דיומידן which the lexicographers read with Musaphia as דימורון (Syriac רימירו), Greek διά μόρων “medicine from black mulberry juice and honey”.",https://chavrutai.com/yerushalmi/Sheviit/7#1-5,Jerusalem_Talmud_Sheviit.7.1.5
πρατήρ,Greek,"Greek πρατήρ, cf. Demay",https://chavrutai.com/yerushalmi/Sheviit/7#1-16,Jerusalem_Talmud_Sheviit.7.1.16
ἐλαιόγαρον,Greek,"I. Löw defines as ἐλαιόγαρον, “olive oil with fish sauce” with change of the liquids n",https://chavrutai.com/yerushalmi/Sheviit/8#2-2,Jerusalem_Talmud_Sheviit.8.2.2
ὀξύγαρον,Greek,Greek ὀξύγαρον “fish sauce with vinegar”. The Tosephta reads סניגרון both here and in Terumot,https://chavrutai.com/yerushalmi/Sheviit/8#2-2,Jerusalem_Talmud_Sheviit.8.2.2
κατάβλημα,Greek,"Cf. Greek κατάβλημα, τό, “anything let down; tarpaulin; curtain, outer wrapper, etc.” (E. G.). The Gaonic commentary to Kelim",https://chavrutai.com/yerushalmi/Sheviit/8#8-3,Jerusalem_Talmud_Sheviit.8.8.3
τό,Greek,"Cf. Greek κατάβλημα, τό, “anything let down; tarpaulin; curtain, outer wrapper, etc.” (E. G.). The Gaonic commentary to Kelim",https://chavrutai.com/yerushalmi/Sheviit/8#8-3,Jerusalem_Talmud_Sheviit.8.8.3
tabula,Latin,Latin tabula,https://chavrutai.com/yerushalmi/Sheviit/8#8-3,Jerusalem_Talmud_Sheviit.8.8.3
δημόσιος,Greek,"Greek δημόσιος, α, ον “belonging to the public or the state” [e. g., βαλανεῖα “baths”]. Even though straw is animal fodder and as such sanctified in the Sabbatical, the utility of public use overrides the potential abuse of Sabbatical matter.",https://chavrutai.com/yerushalmi/Sheviit/8#8-6,Jerusalem_Talmud_Sheviit.8.8.6
ον,Greek,"Greek δημόσιος, α, ον “belonging to the public or the state” [e. g., βαλανεῖα “baths”]. Even though straw is animal fodder and as such sanctified in the Sabbatical, the utility of public use overrides the potential abuse of Sabbatical matter.",https://chavrutai.com/yerushalmi/Sheviit/8#8-6,Jerusalem_Talmud_Sheviit.8.8.6
βαλανεῖα,Greek,"Greek δημόσιος, α, ον “belonging to the public or the state” [e. g., βαλανεῖα “baths”]. Even though straw is animal fodder and as such sanctified in the Sabbatical, the utility of public use overrides the potential abuse of Sabbatical matter.",https://chavrutai.com/yerushalmi/Sheviit/8#8-6,Jerusalem_Talmud_Sheviit.8.8.6
privata,Latin,Latin privata,https://chavrutai.com/yerushalmi/Sheviit/8#8-6,Jerusalem_Talmud_Sheviit.8.8.6
σοφιστής,Greek,"Greek σοφιστής “Sophist, expert”",https://chavrutai.com/yerushalmi/Sheviit/9#2-3,Jerusalem_Talmud_Sheviit.9.2.3
μελία,Greek,Greek μελία (Musaphia). Rashi and R. Ḥananel in Pesaḥim,https://chavrutai.com/yerushalmi/Sheviit/9#2-4,Jerusalem_Talmud_Sheviit.9.2.4
δίφορος,Greek,"Greek δίφορος, (adj.) “bearing fruit twice a year (E. G.). This produce never has to be removed.",https://chavrutai.com/yerushalmi/Sheviit/9#3-1,Jerusalem_Talmud_Sheviit.9.3.1
ὑποθήκη,Greek,Greek ὑποθήκη “mortgage”.,https://chavrutai.com/yerushalmi/Sheviit/10#1-6,Jerusalem_Talmud_Sheviit.10.1.6
προσβολή,Greek,"A Greek legal term, προσβολή, “document recording the knocking down of a lot to a purchaser”, cf. Peah",https://chavrutai.com/yerushalmi/Sheviit/10#2-1,Jerusalem_Talmud_Sheviit.10.2.1
legal,Greek,"A Greek legal term, προσβολή, “document recording the knocking down of a lot to a purchaser”, cf. Peah",https://chavrutai.com/yerushalmi/Sheviit/10#2-1,Jerusalem_Talmud_Sheviit.10.2.1
ἐπίτροπος,Greek,"Greek ἐπίτροπος “guardian, attorney”. In the opinion of the Babli (Giṭṭin",https://chavrutai.com/yerushalmi/Sheviit/10#3-1,Jerusalem_Talmud_Sheviit.10.3.1
κυ,Greek,"Greek κυ(ν)άνθρωπος (νόσος) “dog-man (malady)”; cf. E. and H. Guggenheimer, Talmudic Evidence of Greek Spelling",https://chavrutai.com/yerushalmi/Terumot/1#1-11,Jerusalem_Talmud_Terumot.1.1.11
άνθρωπος,Greek,"Greek κυ(ν)άνθρωπος (νόσος) “dog-man (malady)”; cf. E. and H. Guggenheimer, Talmudic Evidence of Greek Spelling",https://chavrutai.com/yerushalmi/Terumot/1#1-11,Jerusalem_Talmud_Terumot.1.1.11
νόσος,Greek,"Greek κυ(ν)άνθρωπος (νόσος) “dog-man (malady)”; cf. E. and H. Guggenheimer, Talmudic Evidence of Greek Spelling",https://chavrutai.com/yerushalmi/Terumot/1#1-11,Jerusalem_Talmud_Terumot.1.1.11
Spelling,Greek,"Greek κυ(ν)άνθρωπος (νόσος) “dog-man (malady)”; cf. E. and H. Guggenheimer, Talmudic Evidence of Greek Spelling",https://chavrutai.com/yerushalmi/Terumot/1#1-11,Jerusalem_Talmud_Terumot.1.1.11
χολικός,Greek,Greek χολικός “bilious”.,https://chavrutai.com/yerushalmi/Terumot/1#1-11,Jerusalem_Talmud_Terumot.1.1.11
κυνικός,Greek,"Greek κυνικός “dog-like”, a philosopher who has no use for industrial products.",https://chavrutai.com/yerushalmi/Terumot/1#1-11,Jerusalem_Talmud_Terumot.1.1.11
κόρδαξ,Greek,"Cf. Greek κόρδαξ, Latin cordax",https://chavrutai.com/yerushalmi/Terumot/1#1-11,Jerusalem_Talmud_Terumot.1.1.11
cordax,Latin,"Cf. Greek κόρδαξ, Latin cordax",https://chavrutai.com/yerushalmi/Terumot/1#1-11,Jerusalem_Talmud_Terumot.1.1.11
Εὔελπις,Greek,"The exact name has not been determined. Levy proposes Εὔελπις, Kohout Ἐλπίας, Krauss Ἀλοπίς. The Rome ms. reads the name as ליפסה.",https://chavrutai.com/yerushalmi/Terumot/1#1-18,Jerusalem_Talmud_Terumot.1.1.18
Ἐλπίας,Greek,"The exact name has not been determined. Levy proposes Εὔελπις, Kohout Ἐλπίας, Krauss Ἀλοπίς. The Rome ms. reads the name as ליפסה.",https://chavrutai.com/yerushalmi/Terumot/1#1-18,Jerusalem_Talmud_Terumot.1.1.18
Ἀλοπίς,Greek,"The exact name has not been determined. Levy proposes Εὔελπις, Kohout Ἐλπίας, Krauss Ἀλοπίς. The Rome ms. reads the name as ליפסה.",https://chavrutai.com/yerushalmi/Terumot/1#1-18,Jerusalem_Talmud_Terumot.1.1.18
κολυμβάς,Greek,"In the Tosephta, the Vienna ms. has קולפסין, the Erfurt ms. קלופסין , the printed editionsקלפין . The word is usually identified with Greek κολυμβάς, ἥ, Latin colymbas",https://chavrutai.com/yerushalmi/Terumot/1#5-7,Jerusalem_Talmud_Terumot.1.5.7
ἥ,Greek,"In the Tosephta, the Vienna ms. has קולפסין, the Erfurt ms. קלופסין , the printed editionsקלפין . The word is usually identified with Greek κολυμβάς, ἥ, Latin colymbas",https://chavrutai.com/yerushalmi/Terumot/1#5-7,Jerusalem_Talmud_Terumot.1.5.7
colymbas,Latin,"In the Tosephta, the Vienna ms. has קולפסין, the Erfurt ms. קלופסין , the printed editionsקלפין . The word is usually identified with Greek κολυμβάς, ἥ, Latin colymbas",https://chavrutai.com/yerushalmi/Terumot/1#5-7,Jerusalem_Talmud_Terumot.1.5.7
Ἀσίων,Greek,"A Galilean Amora of the fifth generation, student of R. Jonah, possibly Ἀσίων.",https://chavrutai.com/yerushalmi/Terumot/1#5-9,Jerusalem_Talmud_Terumot.1.5.9
πάγκρεας,Greek,"Probably Greek πάγκρεας, -ατος, τό “sweet bread, pancreas” (E. G.).",https://chavrutai.com/yerushalmi/Terumot/2#1-20,Jerusalem_Talmud_Terumot.2.1.20
ατος,Greek,"Probably Greek πάγκρεας, -ατος, τό “sweet bread, pancreas” (E. G.).",https://chavrutai.com/yerushalmi/Terumot/2#1-20,Jerusalem_Talmud_Terumot.2.1.20
τό,Greek,"Probably Greek πάγκρεας, -ατος, τό “sweet bread, pancreas” (E. G.).",https://chavrutai.com/yerushalmi/Terumot/2#1-20,Jerusalem_Talmud_Terumot.2.1.20
πολιτικός,Greek,"Greek πολιτικός (adj.), “fit for, belonging to the city”. Onions sold in the city are of uniform quality while rural onions are those that cannot be sold in the city.",https://chavrutai.com/yerushalmi/Terumot/2#2-1,Jerusalem_Talmud_Terumot.2.2.1
letter,Greek,Capital Greek letter χ.,https://chavrutai.com/yerushalmi/Terumot/3#3-6,Jerusalem_Talmud_Terumot.3.3.6
gourd,Greek,"This refers to Greek gourd, a variety of pumpkin mentioned in Mishnah Kilaim",https://chavrutai.com/yerushalmi/Terumot/4#7-11,Jerusalem_Talmud_Terumot.4.7.11
κάροινον,Greek,"Wine that lost one third of its volume by cooking, Greek κάροινον. {The word may originally be Accadic, karānu",https://chavrutai.com/yerushalmi/Terumot/8#3-7,Jerusalem_Talmud_Terumot.8.3.7
ludi,Latin,Latin ludi,https://chavrutai.com/yerushalmi/Terumot/8#3-16,Jerusalem_Talmud_Terumot.8.3.16
θήκη,Greek,"In the Tosephta (7:16): “Forbidden.” For the Yerushalmi, the casing (θήκη) keeps the snake out; the Tosephta worries that a miniature snake was in the casing but not noticed.",https://chavrutai.com/yerushalmi/Terumot/8#3-20,Jerusalem_Talmud_Terumot.8.3.20
ἄποψις,Greek,"In the Rome ms., אפיפסרון. Cf. Greek ἄποψις, -εως, ἡ, “outlook, tower from which one looks out”. Perhaps “they did not reach the lookout” or “they had not vanished from sight.” (E. G.)",https://chavrutai.com/yerushalmi/Terumot/8#4-12,Jerusalem_Talmud_Terumot.8.4.12
εως,Greek,"In the Rome ms., אפיפסרון. Cf. Greek ἄποψις, -εως, ἡ, “outlook, tower from which one looks out”. Perhaps “they did not reach the lookout” or “they had not vanished from sight.” (E. G.)",https://chavrutai.com/yerushalmi/Terumot/8#4-12,Jerusalem_Talmud_Terumot.8.4.12
ἡ,Greek,"In the Rome ms., אפיפסרון. Cf. Greek ἄποψις, -εως, ἡ, “outlook, tower from which one looks out”. Perhaps “they did not reach the lookout” or “they had not vanished from sight.” (E. G.)",https://chavrutai.com/yerushalmi/Terumot/8#4-12,Jerusalem_Talmud_Terumot.8.4.12
λάγυνος,Greek,"Name of a vessel and a measure of grain, Greek λάγυνος, λάγηνος, Latin lagena",https://chavrutai.com/yerushalmi/Terumot/9#2-1,Jerusalem_Talmud_Terumot.9.2.1
λάγηνος,Greek,"Name of a vessel and a measure of grain, Greek λάγυνος, λάγηνος, Latin lagena",https://chavrutai.com/yerushalmi/Terumot/9#2-1,Jerusalem_Talmud_Terumot.9.2.1
lagena,Latin,"Name of a vessel and a measure of grain, Greek λάγυνος, λάγηνος, Latin lagena",https://chavrutai.com/yerushalmi/Terumot/9#2-1,Jerusalem_Talmud_Terumot.9.2.1
κιβώτιον,Greek,"Greek κιβώτιον “box, chest”. For muries",https://chavrutai.com/yerushalmi/Terumot/10#2-4,Jerusalem_Talmud_Terumot.10.2.4
ἁλμεύω,Greek,Greek ἁλμεύω “to put into brine”.,https://chavrutai.com/yerushalmi/Terumot/10#2-4,Jerusalem_Talmud_Terumot.10.2.4
give,Greek,"The wooden parts of fenugreek give less taste than the seeds but may be used as cheap substitute. Nevertheless, the wood is not subject to heave and tithes and cannot be counted in matters of heave and tithes.",https://chavrutai.com/yerushalmi/Terumot/10#3-1,Jerusalem_Talmud_Terumot.10.3.1
Plautus,Latin,An Amora of the second generation (רִבִּי לֵוִי בַּר פְּרֹטָא); almost all of his sayings are aggadic and quoted in the old Galilean Midrashim. His father’s name is either Latin Plautus,https://chavrutai.com/yerushalmi/Terumot/10#6-8,Jerusalem_Talmud_Terumot.10.6.8
Ϝοιν,Greek,"“Wine-honey”, a mixture of wine, honey, and spices. The Greek has been hebraized, showing the relationship between יין (Arabic וַין “black raisin”) and Ϝοιν-.",https://chavrutai.com/yerushalmi/Terumot/11#1-1,Jerusalem_Talmud_Terumot.11.1.1
παρήγορος,Greek,"He is mentioned only here. Greek παρήγορος “comforting”, a sobriquet for Menaḥem; cf. E. and H. Guggenheimer, Jewish Family Names and their Origins",https://chavrutai.com/yerushalmi/Terumot/11#2-6,Jerusalem_Talmud_Terumot.11.2.6
χρυστουμῖνος,Greek,"Greek χρυστουμῖνος, Latin crustuminus",https://chavrutai.com/yerushalmi/Terumot/11#4-2,Jerusalem_Talmud_Terumot.11.4.2
crustuminus,Latin,"Greek χρυστουμῖνος, Latin crustuminus",https://chavrutai.com/yerushalmi/Terumot/11#4-2,Jerusalem_Talmud_Terumot.11.4.2
seeds,Greek,When the fenugreek seeds will produce new plants.,https://chavrutai.com/yerushalmi/Maasrot/1#2-1,Jerusalem_Talmud_Maasrot.1.2.1
grown,Greek,"The criterion is obviously impractical for fenugreek grown for sale. Hence, it must be formulated as hypothetical.",https://chavrutai.com/yerushalmi/Maasrot/1#2-13,Jerusalem_Talmud_Maasrot.1.2.13
seeds,Greek,"Since fenugreek seeds are extremely small and valuable, a handful of seeds will come from many plants and, therefore, all seeds from one ear can sink or float. This would make the ear either subject to tithes or exempt.The advice to take a handful is impractical.",https://chavrutai.com/yerushalmi/Maasrot/1#2-13,Jerusalem_Talmud_Maasrot.1.2.13
μελίμηλον,Greek,"Greek μελίμηλον, τό. (“Summer apple”, pyrus praecox",https://chavrutai.com/yerushalmi/Maasrot/1#3-3,Jerusalem_Talmud_Maasrot.1.3.3
τό,Greek,"Greek μελίμηλον, τό. (“Summer apple”, pyrus praecox",https://chavrutai.com/yerushalmi/Maasrot/1#3-3,Jerusalem_Talmud_Maasrot.1.3.3
τύπος,Greek,Greek τύπος “form”. It grows in an unnatural shape.,https://chavrutai.com/yerushalmi/Maasrot/1#3-4,Jerusalem_Talmud_Maasrot.1.3.4
ἐξέδρα,Greek,"Greek ἐξέδρα, a covered walkway in front of the house.",https://chavrutai.com/yerushalmi/Maasrot/3#3-1,Jerusalem_Talmud_Maasrot.3.3.1
πύργος,Greek,"Greek πύργος, ὅ, “tower”; Syriac בָרגֻנָן “small tower”.",https://chavrutai.com/yerushalmi/Maasrot/3#3-1,Jerusalem_Talmud_Maasrot.3.3.1
ὅ,Greek,"Greek πύργος, ὅ, “tower”; Syriac בָרגֻנָן “small tower”.",https://chavrutai.com/yerushalmi/Maasrot/3#3-1,Jerusalem_Talmud_Maasrot.3.3.1
sinus,Latin,Hebrew חיק “bosom” is used as an equivalent of Latin sinus,https://chavrutai.com/yerushalmi/Maasrot/3#4-1,Jerusalem_Talmud_Maasrot.3.4.1
ἄσημος,Greek,"Greek ἄσημος, -ον “without mark; uncoined”, a blank for coining. Cf. D. Sperber, Roman Palestine 200–400",https://chavrutai.com/yerushalmi/Maaser_Sheni/1#1-1,Jerusalem_Talmud_Maaser_Sheni.1.1.1
ον,Greek,"Greek ἄσημος, -ον “without mark; uncoined”, a blank for coining. Cf. D. Sperber, Roman Palestine 200–400",https://chavrutai.com/yerushalmi/Maaser_Sheni/1#1-1,Jerusalem_Talmud_Maaser_Sheni.1.1.1
patella,Latin,Latin patella,https://chavrutai.com/yerushalmi/Maaser_Sheni/1#2-3,Jerusalem_Talmud_Maaser_Sheni.1.2.3
plants,Greek,Since Second Tithe must be eaten; ripe fenugreek plants are hard as straw and its seeds also are hard; the only time fenugreek really is edible is in young sprouts.,https://chavrutai.com/yerushalmi/Maaser_Sheni/2#2-1,Jerusalem_Talmud_Maaser_Sheni.2.2.1
really,Greek,Since Second Tithe must be eaten; ripe fenugreek plants are hard as straw and its seeds also are hard; the only time fenugreek really is edible is in young sprouts.,https://chavrutai.com/yerushalmi/Maaser_Sheni/2#2-1,Jerusalem_Talmud_Maaser_Sheni.2.2.1
etymologies,Greek,"The Rome ms. reads ניטומטומי. All commentators read the expression as one of concurrence with the rule tentatively expressed by R. Isaac ben Eliashiv. The expression has not been convincingly explained. {The Latin and Greek etymologies offered by Levy, Löw (in Krauss’s Dictionary), Kohout, and Lieberman (Tarbiẓ",https://chavrutai.com/yerushalmi/Maaser_Sheni/2#2-8,Jerusalem_Talmud_Maaser_Sheni.2.2.8
συμβολή,Greek,Greek συμβολή.,https://chavrutai.com/yerushalmi/Maaser_Sheni/4#6-3,Jerusalem_Talmud_Maaser_Sheni.4.6.3
ὀποβάλσαμον,Greek,"Greek ὀποβάλσαμον, τό, “juice of the balsam-tree”.",https://chavrutai.com/yerushalmi/Maaser_Sheni/5#1-9,Jerusalem_Talmud_Maaser_Sheni.5.1.9
τό,Greek,"Greek ὀποβάλσαμον, τό, “juice of the balsam-tree”.",https://chavrutai.com/yerushalmi/Maaser_Sheni/5#1-9,Jerusalem_Talmud_Maaser_Sheni.5.1.9
candela,Latin,For the Friday night service in the synagoge. Latin candela,https://chavrutai.com/yerushalmi/Maaser_Sheni/5#2-3,Jerusalem_Talmud_Maaser_Sheni.5.2.3
triturator,Latin,Arabic طَر طُرر “pointed cap”. [Perhaps also cf. late Latin triturator,https://chavrutai.com/yerushalmi/Maaser_Sheni/5#2-4,Jerusalem_Talmud_Maaser_Sheni.5.2.4
ἀστυνόμοι,Greek,Jastrow reads סיטונין for איסתוננסין. Buxtorf and Mussaphia read ἀστυνόμοι “street police”; R. M. Margalit reads “asthenics” who in his view are vegetarians and know the price of fruits.,https://chavrutai.com/yerushalmi/Maaser_Sheni/5#3-2,Jerusalem_Talmud_Maaser_Sheni.5.3.2
tiro,Latin,"From Latin tiro, -onis",https://chavrutai.com/yerushalmi/Maaser_Sheni/5#5-9,Jerusalem_Talmud_Maaser_Sheni.5.5.9
σπόγγος,Greek,"The traditional spelling pronunciation is הַסּוּפְגָּנִים but better Mishnah sources write the word without ו, derived from Greek σπόγγος, Armenian and Syriac spung “",https://chavrutai.com/yerushalmi/Challah/1#3-1,Jerusalem_Talmud_Challah.1.3.1
ἄρτος,Greek,"Greek, [ἄρτος] ἐσχαρίτης, ὁ, “[bread] baked over the fire”.",https://chavrutai.com/yerushalmi/Challah/1#3-1,Jerusalem_Talmud_Challah.1.3.1
ἐσχαρίτης,Greek,"Greek, [ἄρτος] ἐσχαρίτης, ὁ, “[bread] baked over the fire”.",https://chavrutai.com/yerushalmi/Challah/1#3-1,Jerusalem_Talmud_Challah.1.3.1
ὁ,Greek,"Greek, [ἄρτος] ἐσχαρίτης, ὁ, “[bread] baked over the fire”.",https://chavrutai.com/yerushalmi/Challah/1#3-1,Jerusalem_Talmud_Challah.1.3.1
tractum,Latin,"Latin tractum, tracta,",https://chavrutai.com/yerushalmi/Challah/1#3-14,Jerusalem_Talmud_Challah.1.3.14
clibanicius,Latin,"A word of unknown etymology, cf. Note 182. {Perhaps cf. Latin clibanicius",https://chavrutai.com/yerushalmi/Challah/1#4-1,Jerusalem_Talmud_Challah.1.4.1
ἴτριον,Greek,"Cf. Greek ἴτριον “a kind of cake;” in later usage, any cake (L.&S.). In Modern Hebrew, איטריות are “noodles”; cf. Arabic اطرية “vermicelli”.",https://chavrutai.com/yerushalmi/Challah/1#4-2,Jerusalem_Talmud_Challah.1.4.2
κόλλιξ,Greek,Greek κόλλιξ; cf. Berakhot,https://chavrutai.com/yerushalmi/Challah/1#5-6,Jerusalem_Talmud_Challah.1.5.6
cucuma,Latin,"Latin cucuma, ae, f",https://chavrutai.com/yerushalmi/Challah/1#5-7,Jerusalem_Talmud_Challah.1.5.7
cancelli,Latin,Latin cancelli,https://chavrutai.com/yerushalmi/Orlah/1#5-8,Jerusalem_Talmud_Orlah.1.5.8
splenium,Latin,"Latin splenium,",https://chavrutai.com/yerushalmi/Orlah/3#1-5,Jerusalem_Talmud_Orlah.3.1.5
ἐπίτροπος,Greek,Administrators of orphans’ property; Greek ἐπίτροπος.,https://chavrutai.com/yerushalmi/Bikkurim/1#5-1,Jerusalem_Talmud_Bikkurim.1.5.1
subsellium,Latin,Latin subsellium; to,https://chavrutai.com/yerushalmi/Bikkurim/1#5-3,Jerusalem_Talmud_Bikkurim.1.5.3
κάλαθος,Greek,"Greek κάλαθος, Latin calathus",https://chavrutai.com/yerushalmi/Bikkurim/3#4-1,Jerusalem_Talmud_Bikkurim.3.4.1
calathus,Latin,"Greek κάλαθος, Latin calathus",https://chavrutai.com/yerushalmi/Bikkurim/3#4-1,Jerusalem_Talmud_Bikkurim.3.4.1
πλατεῖα,Greek,"Greek πλατεῖα (sc., ὁδός) “a wide (road)”, equivalent of Hebrew רְחוֹב.",https://chavrutai.com/yerushalmi/Shabbat/1#1-4,Jerusalem_Talmud_Shabbat.1.1.4
ὁδός,Greek,"Greek πλατεῖα (sc., ὁδός) “a wide (road)”, equivalent of Hebrew רְחוֹב.",https://chavrutai.com/yerushalmi/Shabbat/1#1-4,Jerusalem_Talmud_Shabbat.1.1.4
πλατεῖα,Greek,"Greek πλατεῖα (sc., ὁδός) “a wide (road)”, equivalent of Hebrew רְחוֹב.",https://chavrutai.com/yerushalmi/Shabbat/1#1-17,Jerusalem_Talmud_Shabbat.1.1.17
ὁδός,Greek,"Greek πλατεῖα (sc., ὁδός) “a wide (road)”, equivalent of Hebrew רְחוֹב.",https://chavrutai.com/yerushalmi/Shabbat/1#1-17,Jerusalem_Talmud_Shabbat.1.1.17
tabula,Latin,Latin tabula.,https://chavrutai.com/yerushalmi/Shabbat/1#1-18,Jerusalem_Talmud_Shabbat.1.1.18
καμάρα,Greek,"Greek καμάρα, Latin camara, -ae, f.",https://chavrutai.com/yerushalmi/Shabbat/1#1-20,Jerusalem_Talmud_Shabbat.1.1.20
camara,Latin,"Greek καμάρα, Latin camara, -ae, f.",https://chavrutai.com/yerushalmi/Shabbat/1#1-20,Jerusalem_Talmud_Shabbat.1.1.20
strata,Latin,Latin strata (sc. via),https://chavrutai.com/yerushalmi/Shabbat/1#1-23,Jerusalem_Talmud_Shabbat.1.1.23
πλατεῖα,Greek,"Greek πλατεῖα (sc., ὁδός) “a wide (road)”, equivalent of Hebrew רְחוֹב.",https://chavrutai.com/yerushalmi/Shabbat/1#1-23,Jerusalem_Talmud_Shabbat.1.1.23
ὁδός,Greek,"Greek πλατεῖα (sc., ὁδός) “a wide (road)”, equivalent of Hebrew רְחוֹב.",https://chavrutai.com/yerushalmi/Shabbat/1#1-23,Jerusalem_Talmud_Shabbat.1.1.23
stibadium,Latin,"Latin stibadium, -ii, n.,",https://chavrutai.com/yerushalmi/Shabbat/1#1-23,Jerusalem_Talmud_Shabbat.1.1.23
semita,Latin,"Even though the reading סמטיות (“paths”, Latin semita, -ae",https://chavrutai.com/yerushalmi/Shabbat/1#1-25,Jerusalem_Talmud_Shabbat.1.1.25
linteum,Latin,"Latin linteum, i,",https://chavrutai.com/yerushalmi/Shabbat/1#2-3,Jerusalem_Talmud_Shabbat.1.2.3
δήλωμα,Greek,"Greek δήλωμα, ατος, τό.",https://chavrutai.com/yerushalmi/Shabbat/1#2-8,Jerusalem_Talmud_Shabbat.1.2.8
ατος,Greek,"Greek δήλωμα, ατος, τό.",https://chavrutai.com/yerushalmi/Shabbat/1#2-8,Jerusalem_Talmud_Shabbat.1.2.8
τό,Greek,"Greek δήλωμα, ατος, τό.",https://chavrutai.com/yerushalmi/Shabbat/1#2-8,Jerusalem_Talmud_Shabbat.1.2.8
ἰδιώτης,Greek,"Greek ἰδιώτης, -ου, ὁ.",https://chavrutai.com/yerushalmi/Shabbat/1#2-8,Jerusalem_Talmud_Shabbat.1.2.8
ου,Greek,"Greek ἰδιώτης, -ου, ὁ.",https://chavrutai.com/yerushalmi/Shabbat/1#2-8,Jerusalem_Talmud_Shabbat.1.2.8
ὁ,Greek,"Greek ἰδιώτης, -ου, ὁ.",https://chavrutai.com/yerushalmi/Shabbat/1#2-8,Jerusalem_Talmud_Shabbat.1.2.8
delator,Latin,"Latin delator, -oris",https://chavrutai.com/yerushalmi/Shabbat/1#2-11,Jerusalem_Talmud_Shabbat.1.2.11
libellarius,Latin,"Latin libellarius, -ii, m.",https://chavrutai.com/yerushalmi/Shabbat/1#3-2,Jerusalem_Talmud_Shabbat.1.3.2
δεῖγμα,Greek,He carries a sample (Greek δεῖγμα) of his work with him to show potential customers.,https://chavrutai.com/yerushalmi/Shabbat/1#3-2,Jerusalem_Talmud_Shabbat.1.3.2
foliatum,Latin,"Latin foliatum, -ii, n., scil. unguentum,",https://chavrutai.com/yerushalmi/Shabbat/1#3-2,Jerusalem_Talmud_Shabbat.1.3.2
specula,Latin,"Latin specula, -ae, f.",https://chavrutai.com/yerushalmi/Shabbat/1#3-5,Jerusalem_Talmud_Shabbat.1.3.5
πίναξ,Greek,"Greek πίναξ, -ακος, ὁ.",https://chavrutai.com/yerushalmi/Shabbat/1#3-6,Jerusalem_Talmud_Shabbat.1.3.6
ακος,Greek,"Greek πίναξ, -ακος, ὁ.",https://chavrutai.com/yerushalmi/Shabbat/1#3-6,Jerusalem_Talmud_Shabbat.1.3.6
ὁ,Greek,"Greek πίναξ, -ακος, ὁ.",https://chavrutai.com/yerushalmi/Shabbat/1#3-6,Jerusalem_Talmud_Shabbat.1.3.6
solea,Latin,Latin solea,https://chavrutai.com/yerushalmi/Shabbat/1#3-11,Jerusalem_Talmud_Shabbat.1.3.11
muria,Latin,Latin muria,https://chavrutai.com/yerushalmi/Shabbat/1#4-5,Jerusalem_Talmud_Shabbat.1.4.5
πτισάνη,Greek,"טִיסָּנִי is Greek πτισάνη, Latin transcription ptisana. tisana, -ae",https://chavrutai.com/yerushalmi/Shabbat/1#4-5,Jerusalem_Talmud_Shabbat.1.4.5
transcription,Latin,"טִיסָּנִי is Greek πτισάνη, Latin transcription ptisana. tisana, -ae",https://chavrutai.com/yerushalmi/Shabbat/1#4-5,Jerusalem_Talmud_Shabbat.1.4.5
κολλύριον,Greek,"Greek κολλύριον, τό.",https://chavrutai.com/yerushalmi/Shabbat/1#5-2,Jerusalem_Talmud_Shabbat.1.5.2
τό,Greek,"Greek κολλύριον, τό.",https://chavrutai.com/yerushalmi/Shabbat/1#5-2,Jerusalem_Talmud_Shabbat.1.5.2
δαμάσκηνος,Greek,"According to H. L. Fleischer, New Greek δαμάσκηνος “Damascus plum”; δαμάσκηνα “Damascus plum tree”.",https://chavrutai.com/yerushalmi/Shabbat/1#7-5,Jerusalem_Talmud_Shabbat.1.7.5
δαμάσκηνα,Greek,"According to H. L. Fleischer, New Greek δαμάσκηνος “Damascus plum”; δαμάσκηνα “Damascus plum tree”.",https://chavrutai.com/yerushalmi/Shabbat/1#7-5,Jerusalem_Talmud_Shabbat.1.7.5
λύγος,Greek,"According to the Yerushalmi, bast of a kind of willow, Greek λύγος, ἡ. The Babli, 20b, defines as cedar bast.",https://chavrutai.com/yerushalmi/Shabbat/2#1-1,Jerusalem_Talmud_Shabbat.2.1.1
ἡ,Greek,"According to the Yerushalmi, bast of a kind of willow, Greek λύγος, ἡ. The Babli, 20b, defines as cedar bast.",https://chavrutai.com/yerushalmi/Shabbat/2#1-1,Jerusalem_Talmud_Shabbat.2.1.1
λύγος,Greek,"According to the Yerushalmi, bast of a kind of willow, Greek λύγος, ἡ. The Babli, 20b, defines as cedar bast.",https://chavrutai.com/yerushalmi/Shabbat/2#1-2,Jerusalem_Talmud_Shabbat.2.1.2
ἡ,Greek,"According to the Yerushalmi, bast of a kind of willow, Greek λύγος, ἡ. The Babli, 20b, defines as cedar bast.",https://chavrutai.com/yerushalmi/Shabbat/2#1-2,Jerusalem_Talmud_Shabbat.2.1.2
δάδινος,Greek,"δάδινος, -η, -ον, “of pine wood”; δαδινίον “splinter of pine wood”, I. Löw’s interpretation. Musaphia reads דרינון which he takes to be Greek δρύϊνον “of oak” but Jastrow emends to קדרינון κέδρινον “of cedar” to coincide with the explanation of the Babli. Lieberman accepts Jastrow’s emendation on basis of the Geniza fragment edited by Ginzberg (p. 70): ליא .. דינון. Since the reading דינון clearly is common to the Leiden ms. and the Genizah text, Löw’s reading has to be accepted.",https://chavrutai.com/yerushalmi/Shabbat/2#1-2,Jerusalem_Talmud_Shabbat.2.1.2
ον,Greek,"δάδινος, -η, -ον, “of pine wood”; δαδινίον “splinter of pine wood”, I. Löw’s interpretation. Musaphia reads דרינון which he takes to be Greek δρύϊνον “of oak” but Jastrow emends to קדרינון κέδρινον “of cedar” to coincide with the explanation of the Babli. Lieberman accepts Jastrow’s emendation on basis of the Geniza fragment edited by Ginzberg (p. 70): ליא .. דינון. Since the reading דינון clearly is common to the Leiden ms. and the Genizah text, Löw’s reading has to be accepted.",https://chavrutai.com/yerushalmi/Shabbat/2#1-2,Jerusalem_Talmud_Shabbat.2.1.2
δαδινίον,Greek,"δάδινος, -η, -ον, “of pine wood”; δαδινίον “splinter of pine wood”, I. Löw’s interpretation. Musaphia reads דרינון which he takes to be Greek δρύϊνον “of oak” but Jastrow emends to קדרינון κέδρινον “of cedar” to coincide with the explanation of the Babli. Lieberman accepts Jastrow’s emendation on basis of the Geniza fragment edited by Ginzberg (p. 70): ליא .. דינון. Since the reading דינון clearly is common to the Leiden ms. and the Genizah text, Löw’s reading has to be accepted.",https://chavrutai.com/yerushalmi/Shabbat/2#1-2,Jerusalem_Talmud_Shabbat.2.1.2
δρύϊνον,Greek,"δάδινος, -η, -ον, “of pine wood”; δαδινίον “splinter of pine wood”, I. Löw’s interpretation. Musaphia reads דרינון which he takes to be Greek δρύϊνον “of oak” but Jastrow emends to קדרינון κέδρινον “of cedar” to coincide with the explanation of the Babli. Lieberman accepts Jastrow’s emendation on basis of the Geniza fragment edited by Ginzberg (p. 70): ליא .. דינון. Since the reading דינון clearly is common to the Leiden ms. and the Genizah text, Löw’s reading has to be accepted.",https://chavrutai.com/yerushalmi/Shabbat/2#1-2,Jerusalem_Talmud_Shabbat.2.1.2
κέδρινον,Greek,"δάδινος, -η, -ον, “of pine wood”; δαδινίον “splinter of pine wood”, I. Löw’s interpretation. Musaphia reads דרינון which he takes to be Greek δρύϊνον “of oak” but Jastrow emends to קדרינון κέδρινον “of cedar” to coincide with the explanation of the Babli. Lieberman accepts Jastrow’s emendation on basis of the Geniza fragment edited by Ginzberg (p. 70): ליא .. דינון. Since the reading דינון clearly is common to the Leiden ms. and the Genizah text, Löw’s reading has to be accepted.",https://chavrutai.com/yerushalmi/Shabbat/2#1-2,Jerusalem_Talmud_Shabbat.2.1.2
cera,Latin,"Read קירה, Latin cera",https://chavrutai.com/yerushalmi/Shabbat/2#1-9,Jerusalem_Talmud_Shabbat.2.1.9
ἰάνθινος,Greek,"Following Buxtorf, accepted by most moderns, this is Greek ἰάνθινος, -η, -ον, adj., “violet-colored”. In Eccl. r",https://chavrutai.com/yerushalmi/Shabbat/2#3-3,Jerusalem_Talmud_Shabbat.2.3.3
ον,Greek,"Following Buxtorf, accepted by most moderns, this is Greek ἰάνθινος, -η, -ον, adj., “violet-colored”. In Eccl. r",https://chavrutai.com/yerushalmi/Shabbat/2#3-3,Jerusalem_Talmud_Shabbat.2.3.3
γλαύκινος,Greek,"This is identified as Greek γλαύκινος, -η, -ον, adj., “bluish-gray”. In Eccl. r",https://chavrutai.com/yerushalmi/Shabbat/2#3-3,Jerusalem_Talmud_Shabbat.2.3.3
ον,Greek,"This is identified as Greek γλαύκινος, -η, -ον, adj., “bluish-gray”. In Eccl. r",https://chavrutai.com/yerushalmi/Shabbat/2#3-3,Jerusalem_Talmud_Shabbat.2.3.3
κατηγορέω,Greek,A Hebrew verb formed from Greek κατηγορέω “accuse”. The vocalization בְשָׁעַת is from G.,https://chavrutai.com/yerushalmi/Shabbat/2#6-2,Jerusalem_Talmud_Shabbat.2.6.2
δανειστής,Greek,"Greek δανειστής, -οῶ, Latin danista,",https://chavrutai.com/yerushalmi/Shabbat/2#6-8,Jerusalem_Talmud_Shabbat.2.6.8
οῶ,Greek,"Greek δανειστής, -οῶ, Latin danista,",https://chavrutai.com/yerushalmi/Shabbat/2#6-8,Jerusalem_Talmud_Shabbat.2.6.8
danista,Latin,"Greek δανειστής, -οῶ, Latin danista,",https://chavrutai.com/yerushalmi/Shabbat/2#6-8,Jerusalem_Talmud_Shabbat.2.6.8
matrona,Latin,"Latin matrona,",https://chavrutai.com/yerushalmi/Shabbat/2#6-9,Jerusalem_Talmud_Shabbat.2.6.9
γάστρα,Greek,"Greek γάστρα, -τρη, ἡ “belly”-shaped vessel.",https://chavrutai.com/yerushalmi/Shabbat/3#1-5,Jerusalem_Talmud_Shabbat.3.1.5
τρη,Greek,"Greek γάστρα, -τρη, ἡ “belly”-shaped vessel.",https://chavrutai.com/yerushalmi/Shabbat/3#1-5,Jerusalem_Talmud_Shabbat.3.1.5
ἡ,Greek,"Greek γάστρα, -τρη, ἡ “belly”-shaped vessel.",https://chavrutai.com/yerushalmi/Shabbat/3#1-5,Jerusalem_Talmud_Shabbat.3.1.5
πάγκρεας,Greek,"Greek πάγκρεας, -ατος, τό.",https://chavrutai.com/yerushalmi/Shabbat/3#1-11,Jerusalem_Talmud_Shabbat.3.1.11
ατος,Greek,"Greek πάγκρεας, -ατος, τό.",https://chavrutai.com/yerushalmi/Shabbat/3#1-11,Jerusalem_Talmud_Shabbat.3.1.11
τό,Greek,"Greek πάγκρεας, -ατος, τό.",https://chavrutai.com/yerushalmi/Shabbat/3#1-11,Jerusalem_Talmud_Shabbat.3.1.11
siser,Latin,"An undetermined kind of legumes; in the words of the Geonim they exist in the Land of Israel but not in Babylonia. Clearly they need a very long time for cooking similar to lupines. Cf. Arabic عصّ “to be hard”. Cf. Latin siser, -eris,",https://chavrutai.com/yerushalmi/Shabbat/3#1-12,Jerusalem_Talmud_Shabbat.3.1.12
δίαιτα,Greek,"Greek δίαιτα, ἡ, “dwelling”.",https://chavrutai.com/yerushalmi/Shabbat/3#1-13,Jerusalem_Talmud_Shabbat.3.1.13
ἡ,Greek,"Greek δίαιτα, ἡ, “dwelling”.",https://chavrutai.com/yerushalmi/Shabbat/3#1-13,Jerusalem_Talmud_Shabbat.3.1.13
miliarium,Latin,"Latin miliarium, -ii,",https://chavrutai.com/yerushalmi/Shabbat/3#3-1,Jerusalem_Talmud_Shabbat.3.3.1
subsellium,Latin,Latin subsellium.,https://chavrutai.com/yerushalmi/Shabbat/3#3-3,Jerusalem_Talmud_Shabbat.3.3.3
καθέδρα,Greek,"Greek καθέδρα, ἡ.",https://chavrutai.com/yerushalmi/Shabbat/3#3-3,Jerusalem_Talmud_Shabbat.3.3.3
ἡ,Greek,"Greek καθέδρα, ἡ.",https://chavrutai.com/yerushalmi/Shabbat/3#3-3,Jerusalem_Talmud_Shabbat.3.3.3
καμῖνος,Greek,"Greek καμῖνος, ὁ.",https://chavrutai.com/yerushalmi/Shabbat/3#3-7,Jerusalem_Talmud_Shabbat.3.3.7
ὁ,Greek,"Greek καμῖνος, ὁ.",https://chavrutai.com/yerushalmi/Shabbat/3#3-7,Jerusalem_Talmud_Shabbat.3.3.7
linteum,Latin,Latin linteum;,https://chavrutai.com/yerushalmi/Shabbat/3#3-7,Jerusalem_Talmud_Shabbat.3.3.7
Τρεῖς,Greek,"This is Liebermann’s reading, Τρεῖς Χάριτες as a geographic name (?). Arukh",https://chavrutai.com/yerushalmi/Shabbat/3#3-9,Jerusalem_Talmud_Shabbat.3.3.9
Χάριτες,Greek,"This is Liebermann’s reading, Τρεῖς Χάριτες as a geographic name (?). Arukh",https://chavrutai.com/yerushalmi/Shabbat/3#3-9,Jerusalem_Talmud_Shabbat.3.3.9
miliarium,Latin,"Latin miliarium, -ii,",https://chavrutai.com/yerushalmi/Shabbat/3#3-14,Jerusalem_Talmud_Shabbat.3.3.14
ἐμβατή,Greek,"Greek ἐμβατή, ἡ “bath”.",https://chavrutai.com/yerushalmi/Shabbat/3#4-3,Jerusalem_Talmud_Shabbat.3.4.3
ἡ,Greek,"Greek ἐμβατή, ἡ “bath”.",https://chavrutai.com/yerushalmi/Shabbat/3#4-3,Jerusalem_Talmud_Shabbat.3.4.3
λοπάς,Greek,"Greek λοπάς, -άδος, ἡ.",https://chavrutai.com/yerushalmi/Shabbat/3#4-4,Jerusalem_Talmud_Shabbat.3.4.4
άδος,Greek,"Greek λοπάς, -άδος, ἡ.",https://chavrutai.com/yerushalmi/Shabbat/3#4-4,Jerusalem_Talmud_Shabbat.3.4.4
ἡ,Greek,"Greek λοπάς, -άδος, ἡ.",https://chavrutai.com/yerushalmi/Shabbat/3#4-4,Jerusalem_Talmud_Shabbat.3.4.4
λοπάς,Greek,"Greek λοπάς, -άδος, ή.",https://chavrutai.com/yerushalmi/Shabbat/3#5-1,Jerusalem_Talmud_Shabbat.3.5.1
άδος,Greek,"Greek λοπάς, -άδος, ή.",https://chavrutai.com/yerushalmi/Shabbat/3#5-1,Jerusalem_Talmud_Shabbat.3.5.1
μηχανή,Greek,"Greek μηχανή, ἡ, “mechanical device”. The object is a שִׁדָּה which the Geonic Commentary to Kelim",https://chavrutai.com/yerushalmi/Shabbat/3#7-5,Jerusalem_Talmud_Shabbat.3.7.5
ἡ,Greek,"Greek μηχανή, ἡ, “mechanical device”. The object is a שִׁדָּה which the Geonic Commentary to Kelim",https://chavrutai.com/yerushalmi/Shabbat/3#7-5,Jerusalem_Talmud_Shabbat.3.7.5
θρόνος,Greek,"Cf. Chapter 1, Note 115. At this place, Kohut proposes to read תרנוס, Greek θρόνος “chair”. From the following it follows that one speaks of a chair to which one ascends in steps. {Also cf. Greek θρᾶνος, ὁ “bench, wooden beam” (E. G.).}",https://chavrutai.com/yerushalmi/Shabbat/3#7-14,Jerusalem_Talmud_Shabbat.3.7.14
θρᾶνος,Greek,"Cf. Chapter 1, Note 115. At this place, Kohut proposes to read תרנוס, Greek θρόνος “chair”. From the following it follows that one speaks of a chair to which one ascends in steps. {Also cf. Greek θρᾶνος, ὁ “bench, wooden beam” (E. G.).}",https://chavrutai.com/yerushalmi/Shabbat/3#7-14,Jerusalem_Talmud_Shabbat.3.7.14
ὁ,Greek,"Cf. Chapter 1, Note 115. At this place, Kohut proposes to read תרנוס, Greek θρόνος “chair”. From the following it follows that one speaks of a chair to which one ascends in steps. {Also cf. Greek θρᾶνος, ὁ “bench, wooden beam” (E. G.).}",https://chavrutai.com/yerushalmi/Shabbat/3#7-14,Jerusalem_Talmud_Shabbat.3.7.14
subsellium,Latin,Latin subsellium.,https://chavrutai.com/yerushalmi/Shabbat/3#7-14,Jerusalem_Talmud_Shabbat.3.7.14
ἀποθήκη,Greek,"Greek ἀποθήκη, ἡ.",https://chavrutai.com/yerushalmi/Shabbat/4#2-2,Jerusalem_Talmud_Shabbat.4.2.2
ἡ,Greek,"Greek ἀποθήκη, ἡ.",https://chavrutai.com/yerushalmi/Shabbat/4#2-2,Jerusalem_Talmud_Shabbat.4.2.2
κᾶλον,Greek,"Greek κᾶλον, τό, “wooden”.",https://chavrutai.com/yerushalmi/Shabbat/4#2-7,Jerusalem_Talmud_Shabbat.4.2.7
τό,Greek,"Greek κᾶλον, τό, “wooden”.",https://chavrutai.com/yerushalmi/Shabbat/4#2-7,Jerusalem_Talmud_Shabbat.4.2.7
ζυγόν,Greek,"Greek ζυγόν, τό, also ζεῦγος, -εος, τό.",https://chavrutai.com/yerushalmi/Shabbat/4#2-10,Jerusalem_Talmud_Shabbat.4.2.10
τό,Greek,"Greek ζυγόν, τό, also ζεῦγος, -εος, τό.",https://chavrutai.com/yerushalmi/Shabbat/4#2-10,Jerusalem_Talmud_Shabbat.4.2.10
ζεῦγος,Greek,"Greek ζυγόν, τό, also ζεῦγος, -εος, τό.",https://chavrutai.com/yerushalmi/Shabbat/4#2-10,Jerusalem_Talmud_Shabbat.4.2.10
εος,Greek,"Greek ζυγόν, τό, also ζεῦγος, -εος, τό.",https://chavrutai.com/yerushalmi/Shabbat/4#2-10,Jerusalem_Talmud_Shabbat.4.2.10
φορβειά,Greek,"Greek φορβειά, ἡ, “mouthband”.",https://chavrutai.com/yerushalmi/Shabbat/5#1-1,Jerusalem_Talmud_Shabbat.5.1.1
ἡ,Greek,"Greek φορβειά, ἡ, “mouthband”.",https://chavrutai.com/yerushalmi/Shabbat/5#1-1,Jerusalem_Talmud_Shabbat.5.1.1
ἀναβάτης,Greek,"A poetic word, usually ἀναβάτης, -ου, ὁ, “stallion”. J. N. Epstein points out that because of the nasal pronunciation of m",https://chavrutai.com/yerushalmi/Shabbat/5#1-3,Jerusalem_Talmud_Shabbat.5.1.3
ου,Greek,"A poetic word, usually ἀναβάτης, -ου, ὁ, “stallion”. J. N. Epstein points out that because of the nasal pronunciation of m",https://chavrutai.com/yerushalmi/Shabbat/5#1-3,Jerusalem_Talmud_Shabbat.5.1.3
ὁ,Greek,"A poetic word, usually ἀναβάτης, -ου, ὁ, “stallion”. J. N. Epstein points out that because of the nasal pronunciation of m",https://chavrutai.com/yerushalmi/Shabbat/5#1-3,Jerusalem_Talmud_Shabbat.5.1.3
κιγκλίς,Greek,"Greek κιγκλίς, -ίδος, ἡ, mostly in plural κιγκλίδες, “lattice gates”; Latin cancellus,",https://chavrutai.com/yerushalmi/Shabbat/5#1-6,Jerusalem_Talmud_Shabbat.5.1.6
ίδος,Greek,"Greek κιγκλίς, -ίδος, ἡ, mostly in plural κιγκλίδες, “lattice gates”; Latin cancellus,",https://chavrutai.com/yerushalmi/Shabbat/5#1-6,Jerusalem_Talmud_Shabbat.5.1.6
ἡ,Greek,"Greek κιγκλίς, -ίδος, ἡ, mostly in plural κιγκλίδες, “lattice gates”; Latin cancellus,",https://chavrutai.com/yerushalmi/Shabbat/5#1-6,Jerusalem_Talmud_Shabbat.5.1.6
κιγκλίδες,Greek,"Greek κιγκλίς, -ίδος, ἡ, mostly in plural κιγκλίδες, “lattice gates”; Latin cancellus,",https://chavrutai.com/yerushalmi/Shabbat/5#1-6,Jerusalem_Talmud_Shabbat.5.1.6
cancellus,Latin,"Greek κιγκλίς, -ίδος, ἡ, mostly in plural κιγκλίδες, “lattice gates”; Latin cancellus,",https://chavrutai.com/yerushalmi/Shabbat/5#1-6,Jerusalem_Talmud_Shabbat.5.1.6
κλεῖστρον,Greek,"It is not clear what this means. One possibility is κλεῖστρον, τό = κλεῖθρον “bar, boom, fence”. Rosh who quotes the paragraph in extenso",https://chavrutai.com/yerushalmi/Shabbat/5#2-2,Jerusalem_Talmud_Shabbat.5.2.2
τό,Greek,"It is not clear what this means. One possibility is κλεῖστρον, τό = κλεῖθρον “bar, boom, fence”. Rosh who quotes the paragraph in extenso",https://chavrutai.com/yerushalmi/Shabbat/5#2-2,Jerusalem_Talmud_Shabbat.5.2.2
κλεῖθρον,Greek,"It is not clear what this means. One possibility is κλεῖστρον, τό = κλεῖθρον “bar, boom, fence”. Rosh who quotes the paragraph in extenso",https://chavrutai.com/yerushalmi/Shabbat/5#2-2,Jerusalem_Talmud_Shabbat.5.2.2
βυρσεύω,Greek,"According to Salomon Adani, a kind of animal. Others see here “tanned leather” from βυρσεύω “tanning”. Greek βυρσίνη, ἡ “leather thong” (E. G.).",https://chavrutai.com/yerushalmi/Shabbat/5#2-3,Jerusalem_Talmud_Shabbat.5.2.3
βυρσίνη,Greek,"According to Salomon Adani, a kind of animal. Others see here “tanned leather” from βυρσεύω “tanning”. Greek βυρσίνη, ἡ “leather thong” (E. G.).",https://chavrutai.com/yerushalmi/Shabbat/5#2-3,Jerusalem_Talmud_Shabbat.5.2.3
ἡ,Greek,"According to Salomon Adani, a kind of animal. Others see here “tanned leather” from βυρσεύω “tanning”. Greek βυρσίνη, ἡ “leather thong” (E. G.).",https://chavrutai.com/yerushalmi/Shabbat/5#2-3,Jerusalem_Talmud_Shabbat.5.2.3
πίναξ,Greek,"Greek πίναξ, -ακος, ὁ. Both a tablet and a spit would be hung around the calf’s neck to wean it.",https://chavrutai.com/yerushalmi/Shabbat/5#4-5,Jerusalem_Talmud_Shabbat.5.4.5
ακος,Greek,"Greek πίναξ, -ακος, ὁ. Both a tablet and a spit would be hung around the calf’s neck to wean it.",https://chavrutai.com/yerushalmi/Shabbat/5#4-5,Jerusalem_Talmud_Shabbat.5.4.5
ὁ,Greek,"Greek πίναξ, -ακος, ὁ. Both a tablet and a spit would be hung around the calf’s neck to wean it.",https://chavrutai.com/yerushalmi/Shabbat/5#4-5,Jerusalem_Talmud_Shabbat.5.4.5
margarita,Latin,Latin margarita,https://chavrutai.com/yerushalmi/Shabbat/6#1-4,Jerusalem_Talmud_Shabbat.6.1.4
νῆμα,Greek,"Greek νῆμα, -ατος, τό, “thread, hair”.",https://chavrutai.com/yerushalmi/Shabbat/6#1-8,Jerusalem_Talmud_Shabbat.6.1.8
ατος,Greek,"Greek νῆμα, -ατος, τό, “thread, hair”.",https://chavrutai.com/yerushalmi/Shabbat/6#1-8,Jerusalem_Talmud_Shabbat.6.1.8
τό,Greek,"Greek νῆμα, -ατος, τό, “thread, hair”.",https://chavrutai.com/yerushalmi/Shabbat/6#1-8,Jerusalem_Talmud_Shabbat.6.1.8
κόμη,Greek,"Greek κόμη, ἡ.",https://chavrutai.com/yerushalmi/Shabbat/6#1-8,Jerusalem_Talmud_Shabbat.6.1.8
ἡ,Greek,"Greek κόμη, ἡ.",https://chavrutai.com/yerushalmi/Shabbat/6#1-8,Jerusalem_Talmud_Shabbat.6.1.8
language,Greek,"Not simply the Greek language which every trader had to master but Greek education, literature, and philosophy, which are intrinsically pagan. Babli Soṭah",https://chavrutai.com/yerushalmi/Shabbat/6#1-8,Jerusalem_Talmud_Shabbat.6.1.8
education,Greek,"Not simply the Greek language which every trader had to master but Greek education, literature, and philosophy, which are intrinsically pagan. Babli Soṭah",https://chavrutai.com/yerushalmi/Shabbat/6#1-8,Jerusalem_Talmud_Shabbat.6.1.8
στέμμα,Greek,"Greek στέμμα, -ατος, τό “wreath, garland, chaplet”. A felt band around the head cover. If the band is removed the head still is covered. Therefore there is the possibility that the woman will remove it in the public domain. A head-band which when removed will expose hair may be worn on the Sabbath since a married woman will never remove it in the public domain. (According to Rashi, a woman who wears her hair tied in a knot over her neck which is not covered by her head-cover covers the knot by an איסטמא.)",https://chavrutai.com/yerushalmi/Shabbat/6#1-9,Jerusalem_Talmud_Shabbat.6.1.9
ατος,Greek,"Greek στέμμα, -ατος, τό “wreath, garland, chaplet”. A felt band around the head cover. If the band is removed the head still is covered. Therefore there is the possibility that the woman will remove it in the public domain. A head-band which when removed will expose hair may be worn on the Sabbath since a married woman will never remove it in the public domain. (According to Rashi, a woman who wears her hair tied in a knot over her neck which is not covered by her head-cover covers the knot by an איסטמא.)",https://chavrutai.com/yerushalmi/Shabbat/6#1-9,Jerusalem_Talmud_Shabbat.6.1.9
τό,Greek,"Greek στέμμα, -ατος, τό “wreath, garland, chaplet”. A felt band around the head cover. If the band is removed the head still is covered. Therefore there is the possibility that the woman will remove it in the public domain. A head-band which when removed will expose hair may be worn on the Sabbath since a married woman will never remove it in the public domain. (According to Rashi, a woman who wears her hair tied in a knot over her neck which is not covered by her head-cover covers the knot by an איסטמא.)",https://chavrutai.com/yerushalmi/Shabbat/6#1-9,Jerusalem_Talmud_Shabbat.6.1.9
strata,Latin,Latin strata,https://chavrutai.com/yerushalmi/Shabbat/6#2-8,Jerusalem_Talmud_Shabbat.6.2.8
πύλη,Greek,Greek πύλη.,https://chavrutai.com/yerushalmi/Shabbat/6#2-8,Jerusalem_Talmud_Shabbat.6.2.8
coclear,Latin,"The word in the Mishnah seems to be Latin coclear, cochlear, -aris, n",https://chavrutai.com/yerushalmi/Shabbat/6#3-1,Jerusalem_Talmud_Shabbat.6.3.1
foliatum,Latin,Latin foliatum,https://chavrutai.com/yerushalmi/Shabbat/6#3-1,Jerusalem_Talmud_Shabbat.6.3.1
δίκρανον,Greek,"Greek δίκρανον, τό “pitchfork”.",https://chavrutai.com/yerushalmi/Shabbat/6#4-2,Jerusalem_Talmud_Shabbat.6.4.2
τό,Greek,"Greek δίκρανον, τό “pitchfork”.",https://chavrutai.com/yerushalmi/Shabbat/6#4-2,Jerusalem_Talmud_Shabbat.6.4.2
ποδοψέλλιον,Greek,With G one has to read Greek ποδοψέλλιον τό “anklet”.,https://chavrutai.com/yerushalmi/Shabbat/6#4-3,Jerusalem_Talmud_Shabbat.6.4.3
τό,Greek,With G one has to read Greek ποδοψέλλιον τό “anklet”.,https://chavrutai.com/yerushalmi/Shabbat/6#4-3,Jerusalem_Talmud_Shabbat.6.4.3
τύπος,Greek,"Babli 64a. טפוס is Greek τύπος, ὁ, “carved figure, image”.",https://chavrutai.com/yerushalmi/Shabbat/6#4-3,Jerusalem_Talmud_Shabbat.6.4.3
ὁ,Greek,"Babli 64a. טפוס is Greek τύπος, ὁ, “carved figure, image”.",https://chavrutai.com/yerushalmi/Shabbat/6#4-3,Jerusalem_Talmud_Shabbat.6.4.3
corticeus,Latin,"Latin corticeus, a, um",https://chavrutai.com/yerushalmi/Shabbat/6#4-4,Jerusalem_Talmud_Shabbat.6.4.4
μανιάκης,Greek,"With G read Greek μανιάκης, -ου, ὁ, “necklace” worn by Persians and Gauls. The word in the Leiden ms. is unexplained.",https://chavrutai.com/yerushalmi/Shabbat/6#4-4,Jerusalem_Talmud_Shabbat.6.4.4
ου,Greek,"With G read Greek μανιάκης, -ου, ὁ, “necklace” worn by Persians and Gauls. The word in the Leiden ms. is unexplained.",https://chavrutai.com/yerushalmi/Shabbat/6#4-4,Jerusalem_Talmud_Shabbat.6.4.4
ὁ,Greek,"With G read Greek μανιάκης, -ου, ὁ, “necklace” worn by Persians and Gauls. The word in the Leiden ms. is unexplained.",https://chavrutai.com/yerushalmi/Shabbat/6#4-4,Jerusalem_Talmud_Shabbat.6.4.4
σταλαγμία,Greek,The translation is very tentative. The dictionaries propose to read Greek σταλαγμία “ear pendant” assuming the γ was elided.,https://chavrutai.com/yerushalmi/Shabbat/6#4-4,Jerusalem_Talmud_Shabbat.6.4.4
lanicium,Latin,"For בלנידייא reading Latin lanicium, -ii, n",https://chavrutai.com/yerushalmi/Shabbat/6#4-4,Jerusalem_Talmud_Shabbat.6.4.4
ποδοψέλλιον,Greek,With G one has to read Greek ποδοψέλλιον τό “anklet”.,https://chavrutai.com/yerushalmi/Shabbat/6#4-4,Jerusalem_Talmud_Shabbat.6.4.4
τό,Greek,With G one has to read Greek ποδοψέλλιον τό “anklet”.,https://chavrutai.com/yerushalmi/Shabbat/6#4-4,Jerusalem_Talmud_Shabbat.6.4.4
στόμιον,Greek,"The word is unexplained. Cf. Greek στόμιον, τό, “opening, bridle, female ornament for the neck” (E. G.).",https://chavrutai.com/yerushalmi/Shabbat/6#4-4,Jerusalem_Talmud_Shabbat.6.4.4
τό,Greek,"The word is unexplained. Cf. Greek στόμιον, τό, “opening, bridle, female ornament for the neck” (E. G.).",https://chavrutai.com/yerushalmi/Shabbat/6#4-4,Jerusalem_Talmud_Shabbat.6.4.4
κολόβιον,Greek,Read קולבין for Greek κολόβιον “tunic”.,https://chavrutai.com/yerushalmi/Shabbat/6#4-4,Jerusalem_Talmud_Shabbat.6.4.4
σάβανον,Greek,Greek σάβανον “fine tissue”.,https://chavrutai.com/yerushalmi/Shabbat/6#4-4,Jerusalem_Talmud_Shabbat.6.4.4
ζωνάριον,Greek,Greek ζωνάριον “belt”.,https://chavrutai.com/yerushalmi/Shabbat/6#4-4,Jerusalem_Talmud_Shabbat.6.4.4
τό,Greek,Greek τό ὁλοσερικόν “pure silk tissue”.,https://chavrutai.com/yerushalmi/Shabbat/6#4-4,Jerusalem_Talmud_Shabbat.6.4.4
ὁλοσερικόν,Greek,Greek τό ὁλοσερικόν “pure silk tissue”.,https://chavrutai.com/yerushalmi/Shabbat/6#4-4,Jerusalem_Talmud_Shabbat.6.4.4
velarium,Latin,"The meaning of this word is unknown. Cf. Latin velarium, -ii, n",https://chavrutai.com/yerushalmi/Shabbat/6#4-4,Jerusalem_Talmud_Shabbat.6.4.4
ὄνος,Greek,The Halakhah defines this as ὄνος κατʼ ὦμον “donkey on shoulder”. According to Rashi a mask; following Rabbenu Ḥananel a prosthesis for a lost arm.,https://chavrutai.com/yerushalmi/Shabbat/6#8-1,Jerusalem_Talmud_Shabbat.6.8.1
κατ,Greek,The Halakhah defines this as ὄνος κατʼ ὦμον “donkey on shoulder”. According to Rashi a mask; following Rabbenu Ḥananel a prosthesis for a lost arm.,https://chavrutai.com/yerushalmi/Shabbat/6#8-1,Jerusalem_Talmud_Shabbat.6.8.1
ὦμον,Greek,The Halakhah defines this as ὄνος κατʼ ὦμον “donkey on shoulder”. According to Rashi a mask; following Rabbenu Ḥananel a prosthesis for a lost arm.,https://chavrutai.com/yerushalmi/Shabbat/6#8-1,Jerusalem_Talmud_Shabbat.6.8.1
ὄνος,Greek,The Halakhah defines this as ὄνος κατʼ ὦμον “donkey on shoulder”. According to Rashi a mask; following Rabbenu Ḥananel a prosthesis for a lost arm.,https://chavrutai.com/yerushalmi/Shabbat/6#8-2,Jerusalem_Talmud_Shabbat.6.8.2
κατ,Greek,The Halakhah defines this as ὄνος κατʼ ὦμον “donkey on shoulder”. According to Rashi a mask; following Rabbenu Ḥananel a prosthesis for a lost arm.,https://chavrutai.com/yerushalmi/Shabbat/6#8-2,Jerusalem_Talmud_Shabbat.6.8.2
ὦμον,Greek,The Halakhah defines this as ὄνος κατʼ ὦμον “donkey on shoulder”. According to Rashi a mask; following Rabbenu Ḥananel a prosthesis for a lost arm.,https://chavrutai.com/yerushalmi/Shabbat/6#8-2,Jerusalem_Talmud_Shabbat.6.8.2
εὔθυνος,Greek,"Greek εὔθυνος, ὁ, “corrector, judge, publiv examiner”.",https://chavrutai.com/yerushalmi/Shabbat/6#9-6,Jerusalem_Talmud_Shabbat.6.9.6
ὁ,Greek,"Greek εὔθυνος, ὁ, “corrector, judge, publiv examiner”.",https://chavrutai.com/yerushalmi/Shabbat/6#9-6,Jerusalem_Talmud_Shabbat.6.9.6
μελίτωμα,Greek,"Greek μελίτωμα, -ατος, τό.",https://chavrutai.com/yerushalmi/Shabbat/6#9-12,Jerusalem_Talmud_Shabbat.6.9.12
ατος,Greek,"Greek μελίτωμα, -ατος, τό.",https://chavrutai.com/yerushalmi/Shabbat/6#9-12,Jerusalem_Talmud_Shabbat.6.9.12
τό,Greek,"Greek μελίτωμα, -ατος, τό.",https://chavrutai.com/yerushalmi/Shabbat/6#9-12,Jerusalem_Talmud_Shabbat.6.9.12
ἀστρολόγος,Greek,"Greek ἀστρολόγος, ὁ.",https://chavrutai.com/yerushalmi/Shabbat/6#9-13,Jerusalem_Talmud_Shabbat.6.9.13
ὁ,Greek,"Greek ἀστρολόγος, ὁ.",https://chavrutai.com/yerushalmi/Shabbat/6#9-13,Jerusalem_Talmud_Shabbat.6.9.13
τρώξιμος,Greek,"Greek τρώξιμος, -ον, “edible”; τά τρώξιμα “vegetables eaten raw”, in rabbinic sources traditionally used for endives.",https://chavrutai.com/yerushalmi/Shabbat/7#2-23,Jerusalem_Talmud_Shabbat.7.2.23
ον,Greek,"Greek τρώξιμος, -ον, “edible”; τά τρώξιμα “vegetables eaten raw”, in rabbinic sources traditionally used for endives.",https://chavrutai.com/yerushalmi/Shabbat/7#2-23,Jerusalem_Talmud_Shabbat.7.2.23
τά,Greek,"Greek τρώξιμος, -ον, “edible”; τά τρώξιμα “vegetables eaten raw”, in rabbinic sources traditionally used for endives.",https://chavrutai.com/yerushalmi/Shabbat/7#2-23,Jerusalem_Talmud_Shabbat.7.2.23
τρώξιμα,Greek,"Greek τρώξιμος, -ον, “edible”; τά τρώξιμα “vegetables eaten raw”, in rabbinic sources traditionally used for endives.",https://chavrutai.com/yerushalmi/Shabbat/7#2-23,Jerusalem_Talmud_Shabbat.7.2.23
ὄρυζα,Greek,"Greel ὄρυζα, ἡ.",https://chavrutai.com/yerushalmi/Shabbat/7#2-24,Jerusalem_Talmud_Shabbat.7.2.24
ἡ,Greek,"Greel ὄρυζα, ἡ.",https://chavrutai.com/yerushalmi/Shabbat/7#2-24,Jerusalem_Talmud_Shabbat.7.2.24
alica,Latin,Latin alica,https://chavrutai.com/yerushalmi/Shabbat/7#2-24,Jerusalem_Talmud_Shabbat.7.2.24
κόπανον,Greek,"Greek κόπανον, τό “pestle”.",https://chavrutai.com/yerushalmi/Shabbat/7#2-26,Jerusalem_Talmud_Shabbat.7.2.26
τό,Greek,"Greek κόπανον, τό “pestle”.",https://chavrutai.com/yerushalmi/Shabbat/7#2-26,Jerusalem_Talmud_Shabbat.7.2.26
antrum,Latin,Latin antrum,https://chavrutai.com/yerushalmi/Shabbat/7#2-28,Jerusalem_Talmud_Shabbat.7.2.28
ψῆφος,Greek,"Greek ψῆφος, ἡ, “pebble, mosaic stone”, meaning a stone floor.",https://chavrutai.com/yerushalmi/Shabbat/7#2-32,Jerusalem_Talmud_Shabbat.7.2.32
ἡ,Greek,"Greek ψῆφος, ἡ, “pebble, mosaic stone”, meaning a stone floor.",https://chavrutai.com/yerushalmi/Shabbat/7#2-32,Jerusalem_Talmud_Shabbat.7.2.32
θέρμος,Greek,"Greek θέρμος, ὁ.",https://chavrutai.com/yerushalmi/Shabbat/7#2-35,Jerusalem_Talmud_Shabbat.7.2.35
ὁ,Greek,"Greek θέρμος, ὁ.",https://chavrutai.com/yerushalmi/Shabbat/7#2-35,Jerusalem_Talmud_Shabbat.7.2.35
φάσηλος,Greek,"Greek φάσηλος, ὁ.",https://chavrutai.com/yerushalmi/Shabbat/7#2-35,Jerusalem_Talmud_Shabbat.7.2.35
ὁ,Greek,"Greek φάσηλος, ὁ.",https://chavrutai.com/yerushalmi/Shabbat/7#2-35,Jerusalem_Talmud_Shabbat.7.2.35
γύψος,Greek,"Greek γύψος, ἡ.",https://chavrutai.com/yerushalmi/Shabbat/7#2-38,Jerusalem_Talmud_Shabbat.7.2.38
ἡ,Greek,"Greek γύψος, ἡ.",https://chavrutai.com/yerushalmi/Shabbat/7#2-38,Jerusalem_Talmud_Shabbat.7.2.38
κολλύριον,Greek,"Greek κολλύριον, τό.",https://chavrutai.com/yerushalmi/Shabbat/7#2-38,Jerusalem_Talmud_Shabbat.7.2.38
τό,Greek,"Greek κολλύριον, τό.",https://chavrutai.com/yerushalmi/Shabbat/7#2-38,Jerusalem_Talmud_Shabbat.7.2.38
μάλαγμα,Greek,"Greek μάλαγμα, -ατος, τό.",https://chavrutai.com/yerushalmi/Shabbat/7#2-38,Jerusalem_Talmud_Shabbat.7.2.38
ατος,Greek,"Greek μάλαγμα, -ατος, τό.",https://chavrutai.com/yerushalmi/Shabbat/7#2-38,Jerusalem_Talmud_Shabbat.7.2.38
τό,Greek,"Greek μάλαγμα, -ατος, τό.",https://chavrutai.com/yerushalmi/Shabbat/7#2-38,Jerusalem_Talmud_Shabbat.7.2.38
βῶλος,Greek,"Following G, reading Greek βῶλος, ἡ, “lump, clod”.",https://chavrutai.com/yerushalmi/Shabbat/7#2-39,Jerusalem_Talmud_Shabbat.7.2.39
ἡ,Greek,"Following G, reading Greek βῶλος, ἡ, “lump, clod”.",https://chavrutai.com/yerushalmi/Shabbat/7#2-39,Jerusalem_Talmud_Shabbat.7.2.39
μίσυ,Greek,"This word is unexplained. In other contexts, מוסר is “one who delivers; informant”. Cf. Greek μίσυ, -υος and -εως, τό, “copper ore from Cyprus” (E. G.).",https://chavrutai.com/yerushalmi/Shabbat/7#2-39,Jerusalem_Talmud_Shabbat.7.2.39
υος,Greek,"This word is unexplained. In other contexts, מוסר is “one who delivers; informant”. Cf. Greek μίσυ, -υος and -εως, τό, “copper ore from Cyprus” (E. G.).",https://chavrutai.com/yerushalmi/Shabbat/7#2-39,Jerusalem_Talmud_Shabbat.7.2.39
εως,Greek,"This word is unexplained. In other contexts, מוסר is “one who delivers; informant”. Cf. Greek μίσυ, -υος and -εως, τό, “copper ore from Cyprus” (E. G.).",https://chavrutai.com/yerushalmi/Shabbat/7#2-39,Jerusalem_Talmud_Shabbat.7.2.39
τό,Greek,"This word is unexplained. In other contexts, מוסר is “one who delivers; informant”. Cf. Greek μίσυ, -υος and -εως, τό, “copper ore from Cyprus” (E. G.).",https://chavrutai.com/yerushalmi/Shabbat/7#2-39,Jerusalem_Talmud_Shabbat.7.2.39
κάλαμος,Greek,"Greek κάλαμος, -ου, m",https://chavrutai.com/yerushalmi/Shabbat/7#2-41,Jerusalem_Talmud_Shabbat.7.2.41
ου,Greek,"Greek κάλαμος, -ου, m",https://chavrutai.com/yerushalmi/Shabbat/7#2-41,Jerusalem_Talmud_Shabbat.7.2.41
ἕλικα,Greek,"For נחבלין אליקה in G one reads חבלין אל יקה. The translation, which is tentative, is based on Liebermann’s emendation to read וחבלין לאליקה reading the last word as Greek ἕλικα, accusative of ἕλιξ (identified by Jastrow).",https://chavrutai.com/yerushalmi/Shabbat/7#2-42,Jerusalem_Talmud_Shabbat.7.2.42
ἕλιξ,Greek,"For נחבלין אליקה in G one reads חבלין אל יקה. The translation, which is tentative, is based on Liebermann’s emendation to read וחבלין לאליקה reading the last word as Greek ἕλικα, accusative of ἕλιξ (identified by Jastrow).",https://chavrutai.com/yerushalmi/Shabbat/7#2-42,Jerusalem_Talmud_Shabbat.7.2.42
ἀμίαντος,Greek,"Greek ἀμίαντος, -ον, “pure” (adj.); ὁ ἀμίαντος λίθος, Latin amiantus",https://chavrutai.com/yerushalmi/Shabbat/7#2-42,Jerusalem_Talmud_Shabbat.7.2.42
ον,Greek,"Greek ἀμίαντος, -ον, “pure” (adj.); ὁ ἀμίαντος λίθος, Latin amiantus",https://chavrutai.com/yerushalmi/Shabbat/7#2-42,Jerusalem_Talmud_Shabbat.7.2.42
ὁ,Greek,"Greek ἀμίαντος, -ον, “pure” (adj.); ὁ ἀμίαντος λίθος, Latin amiantus",https://chavrutai.com/yerushalmi/Shabbat/7#2-42,Jerusalem_Talmud_Shabbat.7.2.42
λίθος,Greek,"Greek ἀμίαντος, -ον, “pure” (adj.); ὁ ἀμίαντος λίθος, Latin amiantus",https://chavrutai.com/yerushalmi/Shabbat/7#2-42,Jerusalem_Talmud_Shabbat.7.2.42
amiantus,Latin,"Greek ἀμίαντος, -ον, “pure” (adj.); ὁ ἀμίαντος λίθος, Latin amiantus",https://chavrutai.com/yerushalmi/Shabbat/7#2-42,Jerusalem_Talmud_Shabbat.7.2.42
καίρωμα,Greek,"The word in the text is unexplained. The translation follows R. Ḥananel who in his Commentary to 75a reads קירומה, which is interpreted as Greek καίρωμα, -ατος, τό. This is derived from καῖρος, ὁ, “row of thrums in the loom, to which the threads of the warp are attached” and the corresponding verb καιρόω “make fast these threads”; καίρωμα therefoe means “web so fastened”.",https://chavrutai.com/yerushalmi/Shabbat/7#2-45,Jerusalem_Talmud_Shabbat.7.2.45
ατος,Greek,"The word in the text is unexplained. The translation follows R. Ḥananel who in his Commentary to 75a reads קירומה, which is interpreted as Greek καίρωμα, -ατος, τό. This is derived from καῖρος, ὁ, “row of thrums in the loom, to which the threads of the warp are attached” and the corresponding verb καιρόω “make fast these threads”; καίρωμα therefoe means “web so fastened”.",https://chavrutai.com/yerushalmi/Shabbat/7#2-45,Jerusalem_Talmud_Shabbat.7.2.45
τό,Greek,"The word in the text is unexplained. The translation follows R. Ḥananel who in his Commentary to 75a reads קירומה, which is interpreted as Greek καίρωμα, -ατος, τό. This is derived from καῖρος, ὁ, “row of thrums in the loom, to which the threads of the warp are attached” and the corresponding verb καιρόω “make fast these threads”; καίρωμα therefoe means “web so fastened”.",https://chavrutai.com/yerushalmi/Shabbat/7#2-45,Jerusalem_Talmud_Shabbat.7.2.45
καῖρος,Greek,"The word in the text is unexplained. The translation follows R. Ḥananel who in his Commentary to 75a reads קירומה, which is interpreted as Greek καίρωμα, -ατος, τό. This is derived from καῖρος, ὁ, “row of thrums in the loom, to which the threads of the warp are attached” and the corresponding verb καιρόω “make fast these threads”; καίρωμα therefoe means “web so fastened”.",https://chavrutai.com/yerushalmi/Shabbat/7#2-45,Jerusalem_Talmud_Shabbat.7.2.45
ὁ,Greek,"The word in the text is unexplained. The translation follows R. Ḥananel who in his Commentary to 75a reads קירומה, which is interpreted as Greek καίρωμα, -ατος, τό. This is derived from καῖρος, ὁ, “row of thrums in the loom, to which the threads of the warp are attached” and the corresponding verb καιρόω “make fast these threads”; καίρωμα therefoe means “web so fastened”.",https://chavrutai.com/yerushalmi/Shabbat/7#2-45,Jerusalem_Talmud_Shabbat.7.2.45
καιρόω,Greek,"The word in the text is unexplained. The translation follows R. Ḥananel who in his Commentary to 75a reads קירומה, which is interpreted as Greek καίρωμα, -ατος, τό. This is derived from καῖρος, ὁ, “row of thrums in the loom, to which the threads of the warp are attached” and the corresponding verb καιρόω “make fast these threads”; καίρωμα therefoe means “web so fastened”.",https://chavrutai.com/yerushalmi/Shabbat/7#2-45,Jerusalem_Talmud_Shabbat.7.2.45
πάτελλα,Greek,"Greek πάτελλα, ἡ.",https://chavrutai.com/yerushalmi/Shabbat/7#2-47,Jerusalem_Talmud_Shabbat.7.2.47
ἡ,Greek,"Greek πάτελλα, ἡ.",https://chavrutai.com/yerushalmi/Shabbat/7#2-47,Jerusalem_Talmud_Shabbat.7.2.47
δισάκκιον,Greek,"Greek δισάκκιον, τό.",https://chavrutai.com/yerushalmi/Shabbat/7#2-48,Jerusalem_Talmud_Shabbat.7.2.48
τό,Greek,"Greek δισάκκιον, τό.",https://chavrutai.com/yerushalmi/Shabbat/7#2-48,Jerusalem_Talmud_Shabbat.7.2.48
splenium,Latin,Latin splenium,https://chavrutai.com/yerushalmi/Shabbat/7#2-55,Jerusalem_Talmud_Shabbat.7.2.55
domus,Latin,Latin domus,https://chavrutai.com/yerushalmi/Shabbat/7#2-58,Jerusalem_Talmud_Shabbat.7.2.58
τύπος,Greek,"Greek τύπος, ὁ. The vessel is cast.",https://chavrutai.com/yerushalmi/Shabbat/7#2-59,Jerusalem_Talmud_Shabbat.7.2.59
ὁ,Greek,"Greek τύπος, ὁ. The vessel is cast.",https://chavrutai.com/yerushalmi/Shabbat/7#2-59,Jerusalem_Talmud_Shabbat.7.2.59
conditus,Latin,"Latin conditus, -a, -um",https://chavrutai.com/yerushalmi/Shabbat/8#1-5,Jerusalem_Talmud_Shabbat.8.1.5
matrona,Latin,"Latin matrona, -ae",https://chavrutai.com/yerushalmi/Shabbat/8#1-6,Jerusalem_Talmud_Shabbat.8.1.6
πρατήρ,Greek,"The explanations of this word vary from πρατήρ (Buxtorf), πωλητήρ (Krauss) “seller”, to panetarius",https://chavrutai.com/yerushalmi/Shabbat/8#1-9,Jerusalem_Talmud_Shabbat.8.1.9
πωλητήρ,Greek,"The explanations of this word vary from πρατήρ (Buxtorf), πωλητήρ (Krauss) “seller”, to panetarius",https://chavrutai.com/yerushalmi/Shabbat/8#1-9,Jerusalem_Talmud_Shabbat.8.1.9
letters,Greek,In the interpretation of the Babli (78b) the confirmation of paid tolls uses a code of two Capital Greek letters.,https://chavrutai.com/yerushalmi/Shabbat/8#2-1,Jerusalem_Talmud_Shabbat.8.2.1
foliatum,Latin,Latin foliatum,https://chavrutai.com/yerushalmi/Shabbat/8#2-1,Jerusalem_Talmud_Shabbat.8.2.1
δίσχιστος,Greek,"Greek δίσχιστος, “the thinner, inner part of split leather, in contrast to the thicker outer part קלף” (I. Löw).",https://chavrutai.com/yerushalmi/Shabbat/8#3-1,Jerusalem_Talmud_Shabbat.8.3.1
δίσχιστος,Greek,"Greek δίσχιστος, “the thinner, inner part of split leather, in contrast to the thicker outer part קלף” (I. Löw).",https://chavrutai.com/yerushalmi/Shabbat/8#3-3,Jerusalem_Talmud_Shabbat.8.3.3
λοπάς,Greek,"Greek λοπάς, -άδος, ἡ “flat dish”.",https://chavrutai.com/yerushalmi/Shabbat/8#5-1,Jerusalem_Talmud_Shabbat.8.5.1
άδος,Greek,"Greek λοπάς, -άδος, ἡ “flat dish”.",https://chavrutai.com/yerushalmi/Shabbat/8#5-1,Jerusalem_Talmud_Shabbat.8.5.1
ἡ,Greek,"Greek λοπάς, -άδος, ἡ “flat dish”.",https://chavrutai.com/yerushalmi/Shabbat/8#5-1,Jerusalem_Talmud_Shabbat.8.5.1
κερκίς,Greek,"Greek κερκίς, -ίδος, ἡ “weaver’s shuttle; peg; pin; measuring rod”.",https://chavrutai.com/yerushalmi/Shabbat/8#6-1,Jerusalem_Talmud_Shabbat.8.6.1
ίδος,Greek,"Greek κερκίς, -ίδος, ἡ “weaver’s shuttle; peg; pin; measuring rod”.",https://chavrutai.com/yerushalmi/Shabbat/8#6-1,Jerusalem_Talmud_Shabbat.8.6.1
ἡ,Greek,"Greek κερκίς, -ίδος, ἡ “weaver’s shuttle; peg; pin; measuring rod”.",https://chavrutai.com/yerushalmi/Shabbat/8#6-1,Jerusalem_Talmud_Shabbat.8.6.1
κερκίς,Greek,"Greek κερκίς, -ίδος, ἡ “weaver’s shuttle; peg; pin; measuring rod”.",https://chavrutai.com/yerushalmi/Shabbat/8#6-3,Jerusalem_Talmud_Shabbat.8.6.3
ίδος,Greek,"Greek κερκίς, -ίδος, ἡ “weaver’s shuttle; peg; pin; measuring rod”.",https://chavrutai.com/yerushalmi/Shabbat/8#6-3,Jerusalem_Talmud_Shabbat.8.6.3
ἡ,Greek,"Greek κερκίς, -ίδος, ἡ “weaver’s shuttle; peg; pin; measuring rod”.",https://chavrutai.com/yerushalmi/Shabbat/8#6-3,Jerusalem_Talmud_Shabbat.8.6.3
ἀμίς,Greek,"Greek ἀμίς, -ίδος, ἡ, “chamber pot” (identified by Musaphia.)",https://chavrutai.com/yerushalmi/Shabbat/9#1-3,Jerusalem_Talmud_Shabbat.9.1.3
ίδος,Greek,"Greek ἀμίς, -ίδος, ἡ, “chamber pot” (identified by Musaphia.)",https://chavrutai.com/yerushalmi/Shabbat/9#1-3,Jerusalem_Talmud_Shabbat.9.1.3
ἡ,Greek,"Greek ἀμίς, -ίδος, ἡ, “chamber pot” (identified by Musaphia.)",https://chavrutai.com/yerushalmi/Shabbat/9#1-3,Jerusalem_Talmud_Shabbat.9.1.3
Κιμωλία,Greek,"Κιμωλία (γῆ), ἡ, a white clay like fuller’s earth, used in baths and medicine. The Halakhah presumes different readings for some of the substances mentioned here.",https://chavrutai.com/yerushalmi/Shabbat/9#5-1,Jerusalem_Talmud_Shabbat.9.5.1
γῆ,Greek,"Κιμωλία (γῆ), ἡ, a white clay like fuller’s earth, used in baths and medicine. The Halakhah presumes different readings for some of the substances mentioned here.",https://chavrutai.com/yerushalmi/Shabbat/9#5-1,Jerusalem_Talmud_Shabbat.9.5.1
ἡ,Greek,"Κιμωλία (γῆ), ἡ, a white clay like fuller’s earth, used in baths and medicine. The Halakhah presumes different readings for some of the substances mentioned here.",https://chavrutai.com/yerushalmi/Shabbat/9#5-1,Jerusalem_Talmud_Shabbat.9.5.1
νίτρον,Greek,"The technical terms for cleaning materials are explained, νίτρον is soda, kali",https://chavrutai.com/yerushalmi/Shabbat/9#5-4,Jerusalem_Talmud_Shabbat.9.5.4
δεῖγμα,Greek,"Greek δεῖγμα, -ατος, τό, Latin digma",https://chavrutai.com/yerushalmi/Shabbat/10#1-2,Jerusalem_Talmud_Shabbat.10.1.2
ατος,Greek,"Greek δεῖγμα, -ατος, τό, Latin digma",https://chavrutai.com/yerushalmi/Shabbat/10#1-2,Jerusalem_Talmud_Shabbat.10.1.2
τό,Greek,"Greek δεῖγμα, -ατος, τό, Latin digma",https://chavrutai.com/yerushalmi/Shabbat/10#1-2,Jerusalem_Talmud_Shabbat.10.1.2
digma,Latin,"Greek δεῖγμα, -ατος, τό, Latin digma",https://chavrutai.com/yerushalmi/Shabbat/10#1-2,Jerusalem_Talmud_Shabbat.10.1.2
funda,Latin,Latin funda,https://chavrutai.com/yerushalmi/Shabbat/10#3-1,Jerusalem_Talmud_Shabbat.10.3.1
dux,Latin,"Latin dux, ducis,",https://chavrutai.com/yerushalmi/Shabbat/10#3-3,Jerusalem_Talmud_Shabbat.10.3.3
pittacium,Latin,פטק is Latin pittacium,https://chavrutai.com/yerushalmi/Shabbat/10#4-1,Jerusalem_Talmud_Shabbat.10.4.1
κνηστήρ,Greek,"Greek κνηστήρ, -ῆρος, ὁ. S. Liebermann, Tosefta kiFshutah Šabbat",https://chavrutai.com/yerushalmi/Shabbat/10#6-2,Jerusalem_Talmud_Shabbat.10.6.2
ῆρος,Greek,"Greek κνηστήρ, -ῆρος, ὁ. S. Liebermann, Tosefta kiFshutah Šabbat",https://chavrutai.com/yerushalmi/Shabbat/10#6-2,Jerusalem_Talmud_Shabbat.10.6.2
ὁ,Greek,"Greek κνηστήρ, -ῆρος, ὁ. S. Liebermann, Tosefta kiFshutah Šabbat",https://chavrutai.com/yerushalmi/Shabbat/10#6-2,Jerusalem_Talmud_Shabbat.10.6.2
fascia,Latin,Latin fascia,https://chavrutai.com/yerushalmi/Shabbat/10#6-2,Jerusalem_Talmud_Shabbat.10.6.2
marsupium,Latin,Latin marsupium,https://chavrutai.com/yerushalmi/Shabbat/10#6-2,Jerusalem_Talmud_Shabbat.10.6.2
ἐξώστρα,Greek,"Greek ἐξώστρα, ἡ “balcony, bridge between two towers (military)”, also Latin exostra",https://chavrutai.com/yerushalmi/Shabbat/11#2-1,Jerusalem_Talmud_Shabbat.11.2.1
ἡ,Greek,"Greek ἐξώστρα, ἡ “balcony, bridge between two towers (military)”, also Latin exostra",https://chavrutai.com/yerushalmi/Shabbat/11#2-1,Jerusalem_Talmud_Shabbat.11.2.1
exostra,Latin,"Greek ἐξώστρα, ἡ “balcony, bridge between two towers (military)”, also Latin exostra",https://chavrutai.com/yerushalmi/Shabbat/11#2-1,Jerusalem_Talmud_Shabbat.11.2.1
δίαιτα,Greek,"Greek δίαιτα, ἡ. Separate balconies on the same floor, extending over the public domain. If one hands over from one to the other one imitates the Merarites in the desert, which is counted as a Sabbath violation. But since the planks of the Tabernacles never were thrown, throwing from one balcony to an other cannot be sanctioned.",https://chavrutai.com/yerushalmi/Shabbat/11#2-1,Jerusalem_Talmud_Shabbat.11.2.1
ἡ,Greek,"Greek δίαιτα, ἡ. Separate balconies on the same floor, extending over the public domain. If one hands over from one to the other one imitates the Merarites in the desert, which is counted as a Sabbath violation. But since the planks of the Tabernacles never were thrown, throwing from one balcony to an other cannot be sanctioned.",https://chavrutai.com/yerushalmi/Shabbat/11#2-1,Jerusalem_Talmud_Shabbat.11.2.1
λοπάς,Greek,"Greek λοπάς, -άδος, ἡ “dish, frying pan”.The spelling עִירוֹנִיּוֹת is found only here; in the other quote of the Mishnah in the Yeruishalmi, Beṣah",https://chavrutai.com/yerushalmi/Shabbat/11#2-5,Jerusalem_Talmud_Shabbat.11.2.5
άδος,Greek,"Greek λοπάς, -άδος, ἡ “dish, frying pan”.The spelling עִירוֹנִיּוֹת is found only here; in the other quote of the Mishnah in the Yeruishalmi, Beṣah",https://chavrutai.com/yerushalmi/Shabbat/11#2-5,Jerusalem_Talmud_Shabbat.11.2.5
ἡ,Greek,"Greek λοπάς, -άδος, ἡ “dish, frying pan”.The spelling עִירוֹנִיּוֹת is found only here; in the other quote of the Mishnah in the Yeruishalmi, Beṣah",https://chavrutai.com/yerushalmi/Shabbat/11#2-5,Jerusalem_Talmud_Shabbat.11.2.5
λοξός,Greek,"Greek λοξός, -ή, -όν, adj",https://chavrutai.com/yerushalmi/Shabbat/11#3-2,Jerusalem_Talmud_Shabbat.11.3.2
ή,Greek,"Greek λοξός, -ή, -όν, adj",https://chavrutai.com/yerushalmi/Shabbat/11#3-2,Jerusalem_Talmud_Shabbat.11.3.2
όν,Greek,"Greek λοξός, -ή, -όν, adj",https://chavrutai.com/yerushalmi/Shabbat/11#3-2,Jerusalem_Talmud_Shabbat.11.3.2
ψῆφος,Greek,"Greek ψῆφος, ἡ.",https://chavrutai.com/yerushalmi/Shabbat/12#1-4,Jerusalem_Talmud_Shabbat.12.1.4
ἡ,Greek,"Greek ψῆφος, ἡ.",https://chavrutai.com/yerushalmi/Shabbat/12#1-4,Jerusalem_Talmud_Shabbat.12.1.4
τὰ,Greek,"Greek τὰ ἀνάκλιτα “what is leaning to”, two posts at head and end of the bed which hold a rod over which the mosquito net is spread.",https://chavrutai.com/yerushalmi/Shabbat/12#1-4,Jerusalem_Talmud_Shabbat.12.1.4
ἀνάκλιτα,Greek,"Greek τὰ ἀνάκλιτα “what is leaning to”, two posts at head and end of the bed which hold a rod over which the mosquito net is spread.",https://chavrutai.com/yerushalmi/Shabbat/12#1-4,Jerusalem_Talmud_Shabbat.12.1.4
θυρεός,Greek,"Modern Hebrew (Babli spelling) תריס. Greek θυρεός, ὁ “shield, armor”. Here again ס and צ are interchangeable.",https://chavrutai.com/yerushalmi/Shabbat/12#1-6,Jerusalem_Talmud_Shabbat.12.1.6
ὁ,Greek,"Modern Hebrew (Babli spelling) תריס. Greek θυρεός, ὁ “shield, armor”. Here again ס and צ are interchangeable.",https://chavrutai.com/yerushalmi/Shabbat/12#1-6,Jerusalem_Talmud_Shabbat.12.1.6
σημεῖον,Greek,"Any sign (Greek σημεῖον, τό) which can be used to identify an object he considers to be the equivalent of a letter.",https://chavrutai.com/yerushalmi/Shabbat/12#3-1,Jerusalem_Talmud_Shabbat.12.3.1
τό,Greek,"Any sign (Greek σημεῖον, τό) which can be used to identify an object he considers to be the equivalent of a letter.",https://chavrutai.com/yerushalmi/Shabbat/12#3-1,Jerusalem_Talmud_Shabbat.12.3.1
κίμμι,Greek,"Greek κίμμι, τό.",https://chavrutai.com/yerushalmi/Shabbat/12#4-1,Jerusalem_Talmud_Shabbat.12.4.1
τό,Greek,"Greek κίμμι, τό.",https://chavrutai.com/yerushalmi/Shabbat/12#4-1,Jerusalem_Talmud_Shabbat.12.4.1
χάλκανθος,Greek,"Greek χάλκανθος, ὁ, ἡ.",https://chavrutai.com/yerushalmi/Shabbat/12#4-1,Jerusalem_Talmud_Shabbat.12.4.1
ὁ,Greek,"Greek χάλκανθος, ὁ, ἡ.",https://chavrutai.com/yerushalmi/Shabbat/12#4-1,Jerusalem_Talmud_Shabbat.12.4.1
ἡ,Greek,"Greek χάλκανθος, ὁ, ἡ.",https://chavrutai.com/yerushalmi/Shabbat/12#4-1,Jerusalem_Talmud_Shabbat.12.4.1
πίναξ,Greek,"Greek πίναξ, -ακος, ὁ.",https://chavrutai.com/yerushalmi/Shabbat/12#4-1,Jerusalem_Talmud_Shabbat.12.4.1
ακος,Greek,"Greek πίναξ, -ακος, ὁ.",https://chavrutai.com/yerushalmi/Shabbat/12#4-1,Jerusalem_Talmud_Shabbat.12.4.1
ὁ,Greek,"Greek πίναξ, -ακος, ὁ.",https://chavrutai.com/yerushalmi/Shabbat/12#4-1,Jerusalem_Talmud_Shabbat.12.4.1
καῖρος,Greek,"Greak καῖρος, ὁ.",https://chavrutai.com/yerushalmi/Shabbat/13#2-1,Jerusalem_Talmud_Shabbat.13.2.1
ὁ,Greek,"Greak καῖρος, ὁ.",https://chavrutai.com/yerushalmi/Shabbat/13#2-1,Jerusalem_Talmud_Shabbat.13.2.1
πίθος,Greek,"Greek πίθος, ὁ. Scooping up fish from an aquarium using a wide-belly clay vessel is not catching.",https://chavrutai.com/yerushalmi/Shabbat/13#5-3,Jerusalem_Talmud_Shabbat.13.5.3
ἅλμη,Greek,"Greek ἅλμη, ἡ. The name is reserved for professionally prepared brine.",https://chavrutai.com/yerushalmi/Shabbat/14#2-1,Jerusalem_Talmud_Shabbat.14.2.1
ἡ,Greek,"Greek ἅλμη, ἡ. The name is reserved for professionally prepared brine.",https://chavrutai.com/yerushalmi/Shabbat/14#2-1,Jerusalem_Talmud_Shabbat.14.2.1
οἰνόμελι,Greek,"οἰνόμελι, -ίτος, τό.",https://chavrutai.com/yerushalmi/Shabbat/14#2-3,Jerusalem_Talmud_Shabbat.14.2.3
ίτος,Greek,"οἰνόμελι, -ίτος, τό.",https://chavrutai.com/yerushalmi/Shabbat/14#2-3,Jerusalem_Talmud_Shabbat.14.2.3
τό,Greek,"οἰνόμελι, -ίτος, τό.",https://chavrutai.com/yerushalmi/Shabbat/14#2-3,Jerusalem_Talmud_Shabbat.14.2.3
claretum,Latin,The identification of קְרִירְטוֹן as late Latin claretum is Musaphia’s.,https://chavrutai.com/yerushalmi/Shabbat/14#3-2,Jerusalem_Talmud_Shabbat.14.3.2
ranula,Latin,"“Frog” (Aramaic), Latin ranula",https://chavrutai.com/yerushalmi/Shabbat/14#4-5,Jerusalem_Talmud_Shabbat.14.4.5
κόλον,Greek,"Greek κόλον, τό, “large intestine; disease of the colon.”",https://chavrutai.com/yerushalmi/Shabbat/14#4-7,Jerusalem_Talmud_Shabbat.14.4.7
τό,Greek,"Greek κόλον, τό, “large intestine; disease of the colon.”",https://chavrutai.com/yerushalmi/Shabbat/14#4-7,Jerusalem_Talmud_Shabbat.14.4.7
fascia,Latin,"Latin fascia, -ae, f",https://chavrutai.com/yerushalmi/Shabbat/15#2-1,Jerusalem_Talmud_Shabbat.15.2.1
subsellium,Latin,"Latin subsellium, -ii, n",https://chavrutai.com/yerushalmi/Shabbat/15#3-2,Jerusalem_Talmud_Shabbat.15.3.2
δήλωμα,Greek,"Greek δήλωμα, -ατος, τὁ.",https://chavrutai.com/yerushalmi/Shabbat/16#1-4,Jerusalem_Talmud_Shabbat.16.1.4
ατος,Greek,"Greek δήλωμα, -ατος, τὁ.",https://chavrutai.com/yerushalmi/Shabbat/16#1-4,Jerusalem_Talmud_Shabbat.16.1.4
τὁ,Greek,"Greek δήλωμα, -ατος, τὁ.",https://chavrutai.com/yerushalmi/Shabbat/16#1-4,Jerusalem_Talmud_Shabbat.16.1.4
σπόγγος,Greek,"Greek σπόγγος, ὁ.",https://chavrutai.com/yerushalmi/Shabbat/16#1-4,Jerusalem_Talmud_Shabbat.16.1.4
ὁ,Greek,"Greek σπόγγος, ὁ.",https://chavrutai.com/yerushalmi/Shabbat/16#1-4,Jerusalem_Talmud_Shabbat.16.1.4
θήκη,Greek,"Greek θήκη, ἡ.",https://chavrutai.com/yerushalmi/Shabbat/16#2-2,Jerusalem_Talmud_Shabbat.16.2.2
ἡ,Greek,"Greek θήκη, ἡ.",https://chavrutai.com/yerushalmi/Shabbat/16#2-2,Jerusalem_Talmud_Shabbat.16.2.2
δισάκκιον,Greek,"Greek δισάκκιον, τό; modern Greek δισάκκι. Literally “double bag”.",https://chavrutai.com/yerushalmi/Shabbat/16#2-3,Jerusalem_Talmud_Shabbat.16.2.3
τό,Greek,"Greek δισάκκιον, τό; modern Greek δισάκκι. Literally “double bag”.",https://chavrutai.com/yerushalmi/Shabbat/16#2-3,Jerusalem_Talmud_Shabbat.16.2.3
δισάκκι,Greek,"Greek δισάκκιον, τό; modern Greek δισάκκι. Literally “double bag”.",https://chavrutai.com/yerushalmi/Shabbat/16#2-3,Jerusalem_Talmud_Shabbat.16.2.3
ἀγκάλη,Greek,"In the Babli אונקלי, explained as Greek ἀγκάλη, ἡ. Rashi: “A wide garment worn by Sarracens.” R. Ḥananel: “A thin garment معرقة worn on the body to absorb the sweat.”",https://chavrutai.com/yerushalmi/Shabbat/16#5-2,Jerusalem_Talmud_Shabbat.16.5.2
ἡ,Greek,"In the Babli אונקלי, explained as Greek ἀγκάλη, ἡ. Rashi: “A wide garment worn by Sarracens.” R. Ḥananel: “A thin garment معرقة worn on the body to absorb the sweat.”",https://chavrutai.com/yerushalmi/Shabbat/16#5-2,Jerusalem_Talmud_Shabbat.16.5.2
funda,Latin,Latin funda,https://chavrutai.com/yerushalmi/Shabbat/16#5-2,Jerusalem_Talmud_Shabbat.16.5.2
pilleus,Latin,Latin pilleus,https://chavrutai.com/yerushalmi/Shabbat/16#5-2,Jerusalem_Talmud_Shabbat.16.5.2
κολόβιον,Greek,"Greek κολόβιον, τό “sleeveless or short-sleeved tunic”. Rashi: ganbeis",https://chavrutai.com/yerushalmi/Shabbat/16#5-2,Jerusalem_Talmud_Shabbat.16.5.2
τό,Greek,"Greek κολόβιον, τό “sleeveless or short-sleeved tunic”. Rashi: ganbeis",https://chavrutai.com/yerushalmi/Shabbat/16#5-2,Jerusalem_Talmud_Shabbat.16.5.2
ἐμπίλια,Greek,"Greek ἐμπίλια, τά “felt shoes” (also bandage for horses’ legs). Rashi: calçones",https://chavrutai.com/yerushalmi/Shabbat/16#5-2,Jerusalem_Talmud_Shabbat.16.5.2
τά,Greek,"Greek ἐμπίλια, τά “felt shoes” (also bandage for horses’ legs). Rashi: calçones",https://chavrutai.com/yerushalmi/Shabbat/16#5-2,Jerusalem_Talmud_Shabbat.16.5.2
bracchia,Latin,Latin bracchia,https://chavrutai.com/yerushalmi/Shabbat/16#5-2,Jerusalem_Talmud_Shabbat.16.5.2
sudarium,Latin,Latin sudarium,https://chavrutai.com/yerushalmi/Shabbat/16#5-2,Jerusalem_Talmud_Shabbat.16.5.2
castra,Latin,Latin castra,https://chavrutai.com/yerushalmi/Shabbat/16#7-2,Jerusalem_Talmud_Shabbat.16.7.2
ἔπαρχος,Greek,Greek ἔπαρχος,https://chavrutai.com/yerushalmi/Shabbat/16#7-2,Jerusalem_Talmud_Shabbat.16.7.2
missicius,Latin,Latin missicius,https://chavrutai.com/yerushalmi/Shabbat/16#8-4,Jerusalem_Talmud_Shabbat.16.8.4
claustrum,Latin,Latin claustrum,https://chavrutai.com/yerushalmi/Shabbat/17#1-4,Jerusalem_Talmud_Shabbat.17.1.4
ζωμήρυσις,Greek,"Greek ζωμήρυσις, -εως, ἡ.",https://chavrutai.com/yerushalmi/Shabbat/17#1-4,Jerusalem_Talmud_Shabbat.17.1.4
εως,Greek,"Greek ζωμήρυσις, -εως, ἡ.",https://chavrutai.com/yerushalmi/Shabbat/17#1-4,Jerusalem_Talmud_Shabbat.17.1.4
ἡ,Greek,"Greek ζωμήρυσις, -εως, ἡ.",https://chavrutai.com/yerushalmi/Shabbat/17#1-4,Jerusalem_Talmud_Shabbat.17.1.4
subsellium,Latin,Latin subsellium,https://chavrutai.com/yerushalmi/Shabbat/17#1-7,Jerusalem_Talmud_Shabbat.17.1.7
καῖρος,Greek,"This seems to be Greek καῖρος, ὁ “weaving”, short for קורייס כְּלֵי “instruments needed for weave” used in the next sentence, for any implements needed for the manufacture of textiles. Jastrow’s identification as Latin corius",https://chavrutai.com/yerushalmi/Shabbat/17#1-7,Jerusalem_Talmud_Shabbat.17.1.7
ὁ,Greek,"This seems to be Greek καῖρος, ὁ “weaving”, short for קורייס כְּלֵי “instruments needed for weave” used in the next sentence, for any implements needed for the manufacture of textiles. Jastrow’s identification as Latin corius",https://chavrutai.com/yerushalmi/Shabbat/17#1-7,Jerusalem_Talmud_Shabbat.17.1.7
corius,Latin,"This seems to be Greek καῖρος, ὁ “weaving”, short for קורייס כְּלֵי “instruments needed for weave” used in the next sentence, for any implements needed for the manufacture of textiles. Jastrow’s identification as Latin corius",https://chavrutai.com/yerushalmi/Shabbat/17#1-7,Jerusalem_Talmud_Shabbat.17.1.7
δελφική,Greek,"Greek δελφική, ἡ “Delphian”, adjective used as a noun, Latin delphica",https://chavrutai.com/yerushalmi/Shabbat/17#2-4,Jerusalem_Talmud_Shabbat.17.2.4
ἡ,Greek,"Greek δελφική, ἡ “Delphian”, adjective used as a noun, Latin delphica",https://chavrutai.com/yerushalmi/Shabbat/17#2-4,Jerusalem_Talmud_Shabbat.17.2.4
delphica,Latin,"Greek δελφική, ἡ “Delphian”, adjective used as a noun, Latin delphica",https://chavrutai.com/yerushalmi/Shabbat/17#2-4,Jerusalem_Talmud_Shabbat.17.2.4
κολλύριον,Greek,"Greek κολλύριον, τό, “salve”, Latin collyrium",https://chavrutai.com/yerushalmi/Shabbat/17#2-5,Jerusalem_Talmud_Shabbat.17.2.5
τό,Greek,"Greek κολλύριον, τό, “salve”, Latin collyrium",https://chavrutai.com/yerushalmi/Shabbat/17#2-5,Jerusalem_Talmud_Shabbat.17.2.5
collyrium,Latin,"Greek κολλύριον, τό, “salve”, Latin collyrium",https://chavrutai.com/yerushalmi/Shabbat/17#2-5,Jerusalem_Talmud_Shabbat.17.2.5
θέρμος,Greek,"Greek θέρμος, ὁ.",https://chavrutai.com/yerushalmi/Shabbat/18#1-1,Jerusalem_Talmud_Shabbat.18.1.1
ὁ,Greek,"Greek θέρμος, ὁ.",https://chavrutai.com/yerushalmi/Shabbat/18#1-1,Jerusalem_Talmud_Shabbat.18.1.1
λάγυνος,Greek,"Greek λάγυνος, ὁ, “flask”, Latin lagena",https://chavrutai.com/yerushalmi/Shabbat/18#1-6,Jerusalem_Talmud_Shabbat.18.1.6
ὁ,Greek,"Greek λάγυνος, ὁ, “flask”, Latin lagena",https://chavrutai.com/yerushalmi/Shabbat/18#1-6,Jerusalem_Talmud_Shabbat.18.1.6
lagena,Latin,"Greek λάγυνος, ὁ, “flask”, Latin lagena",https://chavrutai.com/yerushalmi/Shabbat/18#1-6,Jerusalem_Talmud_Shabbat.18.1.6
μηρία,Greek,"Greek μηρία, τά, “thigh bones”, the parts of a sacrifice which have to be burned on the altar. This does not refer to the Passover sacrifice, of which nothing is burned on the altar, nor the regular Sabbath sacrifice which is a holocaust of which nothing is separated for the altar. It must refer to the public purification offering required on holidays, of which only parts are burned. If the holiday is on a Sabbath, all sacrifices or parts destined for the altar have to be burned either on the holiday or the following night. There is no requirement to wait until nightfall, after the end of the Sabbath, for any of these.",https://chavrutai.com/yerushalmi/Shabbat/19#1-10,Jerusalem_Talmud_Shabbat.19.1.10
τά,Greek,"Greek μηρία, τά, “thigh bones”, the parts of a sacrifice which have to be burned on the altar. This does not refer to the Passover sacrifice, of which nothing is burned on the altar, nor the regular Sabbath sacrifice which is a holocaust of which nothing is separated for the altar. It must refer to the public purification offering required on holidays, of which only parts are burned. If the holiday is on a Sabbath, all sacrifices or parts destined for the altar have to be burned either on the holiday or the following night. There is no requirement to wait until nightfall, after the end of the Sabbath, for any of these.",https://chavrutai.com/yerushalmi/Shabbat/19#1-10,Jerusalem_Talmud_Shabbat.19.1.10
σπληνίον,Greek,"Greek σπληνίον, τό “pad, compress of linen laid on wound,”; Latin splenium, -ii, n.",https://chavrutai.com/yerushalmi/Shabbat/19#2-1,Jerusalem_Talmud_Shabbat.19.2.1
τό,Greek,"Greek σπληνίον, τό “pad, compress of linen laid on wound,”; Latin splenium, -ii, n.",https://chavrutai.com/yerushalmi/Shabbat/19#2-1,Jerusalem_Talmud_Shabbat.19.2.1
splenium,Latin,"Greek σπληνίον, τό “pad, compress of linen laid on wound,”; Latin splenium, -ii, n.",https://chavrutai.com/yerushalmi/Shabbat/19#2-1,Jerusalem_Talmud_Shabbat.19.2.1
ἀνδρόγυνος,Greek,"Greek ἀνδρόγυνος, ὁ “man-woman”.",https://chavrutai.com/yerushalmi/Shabbat/19#3-1,Jerusalem_Talmud_Shabbat.19.3.1
ὁ,Greek,"Greek ἀνδρόγυνος, ὁ “man-woman”.",https://chavrutai.com/yerushalmi/Shabbat/19#3-1,Jerusalem_Talmud_Shabbat.19.3.1
ἀνδρόγυνος,Greek,"Greek ἀνδρόγυνος, ὁ “man-woman”.",https://chavrutai.com/yerushalmi/Shabbat/19#3-4,Jerusalem_Talmud_Shabbat.19.3.4
ὁ,Greek,"Greek ἀνδρόγυνος, ὁ “man-woman”.",https://chavrutai.com/yerushalmi/Shabbat/19#3-4,Jerusalem_Talmud_Shabbat.19.3.4
sudarium,Latin,"Latin sudarium, -ii, n.",https://chavrutai.com/yerushalmi/Shabbat/20#2-1,Jerusalem_Talmud_Shabbat.20.2.1
οἰνόμελι,Greek,Greek οἰνόμελι.,https://chavrutai.com/yerushalmi/Shabbat/20#2-1,Jerusalem_Talmud_Shabbat.20.2.1
tabula,Latin,"Latin tabula, -ae, f.",https://chavrutai.com/yerushalmi/Shabbat/21#3-1,Jerusalem_Talmud_Shabbat.21.3.1
σπόγγος,Greek,"Greek σπόγγος, ὁ.",https://chavrutai.com/yerushalmi/Shabbat/21#3-1,Jerusalem_Talmud_Shabbat.21.3.1
ὁ,Greek,"Greek σπόγγος, ὁ.",https://chavrutai.com/yerushalmi/Shabbat/21#3-1,Jerusalem_Talmud_Shabbat.21.3.1
κολίας,Greek,"Greek κολίας, -ου, τό.",https://chavrutai.com/yerushalmi/Shabbat/22#2-1,Jerusalem_Talmud_Shabbat.22.2.1
ου,Greek,"Greek κολίας, -ου, τό.",https://chavrutai.com/yerushalmi/Shabbat/22#2-1,Jerusalem_Talmud_Shabbat.22.2.1
τό,Greek,"Greek κολίας, -ου, τό.",https://chavrutai.com/yerushalmi/Shabbat/22#2-1,Jerusalem_Talmud_Shabbat.22.2.1
linteum,Latin,"Latin linteum, -i, n.,",https://chavrutai.com/yerushalmi/Shabbat/22#5-1,Jerusalem_Talmud_Shabbat.22.5.1
πήλωμα,Greek,"Greek πήλωμα, -ατος, τό, “mud”.",https://chavrutai.com/yerushalmi/Shabbat/22#6-1,Jerusalem_Talmud_Shabbat.22.6.1
ατος,Greek,"Greek πήλωμα, -ατος, τό, “mud”.",https://chavrutai.com/yerushalmi/Shabbat/22#6-1,Jerusalem_Talmud_Shabbat.22.6.1
τό,Greek,"Greek πήλωμα, -ατος, τό, “mud”.",https://chavrutai.com/yerushalmi/Shabbat/22#6-1,Jerusalem_Talmud_Shabbat.22.6.1
μέλαθρον,Greek,"Greek μέλαθρον, τό. This is a substantial load-carrying beam used in construction.",https://chavrutai.com/yerushalmi/Eruvin/1#1-2,Jerusalem_Talmud_Eruvin.1.1.2
τό,Greek,"Greek μέλαθρον, τό. This is a substantial load-carrying beam used in construction.",https://chavrutai.com/yerushalmi/Eruvin/1#1-2,Jerusalem_Talmud_Eruvin.1.1.2
δίκρανον,Greek,"Greek δίκρανον, τό.",https://chavrutai.com/yerushalmi/Eruvin/1#1-2,Jerusalem_Talmud_Eruvin.1.1.2
τό,Greek,"Greek δίκρανον, τό.",https://chavrutai.com/yerushalmi/Eruvin/1#1-2,Jerusalem_Talmud_Eruvin.1.1.2
μέλαθρον,Greek,"Greek μέλαθρον, τό. This is a substantial load-carrying beam used in construction.",https://chavrutai.com/yerushalmi/Eruvin/1#1-8,Jerusalem_Talmud_Eruvin.1.1.8
τό,Greek,"Greek μέλαθρον, τό. This is a substantial load-carrying beam used in construction.",https://chavrutai.com/yerushalmi/Eruvin/1#1-8,Jerusalem_Talmud_Eruvin.1.1.8
ἐξέδρα,Greek,"Greek ἐξέδρα, ἡ, a covered walkway. While this is a well-defined space, it has no walls. In order to treat it by the rules of an alley one has to hold that the beams which form the frame for the roofing (which may be either a full roof or simply lattice work) define virtual walls around the walkway.",https://chavrutai.com/yerushalmi/Eruvin/1#1-8,Jerusalem_Talmud_Eruvin.1.1.8
ἡ,Greek,"Greek ἐξέδρα, ἡ, a covered walkway. While this is a well-defined space, it has no walls. In order to treat it by the rules of an alley one has to hold that the beams which form the frame for the roofing (which may be either a full roof or simply lattice work) define virtual walls around the walkway.",https://chavrutai.com/yerushalmi/Eruvin/1#1-8,Jerusalem_Talmud_Eruvin.1.1.8
δίκρανον,Greek,"Greek δίκρανον, τό.",https://chavrutai.com/yerushalmi/Eruvin/1#1-10,Jerusalem_Talmud_Eruvin.1.1.10
τό,Greek,"Greek δίκρανον, τό.",https://chavrutai.com/yerushalmi/Eruvin/1#1-10,Jerusalem_Talmud_Eruvin.1.1.10
μέλαθρον,Greek,"Greek μέλαθρον, τό. This is a substantial load-carrying beam used in construction.",https://chavrutai.com/yerushalmi/Eruvin/1#1-26,Jerusalem_Talmud_Eruvin.1.1.26
τό,Greek,"Greek μέλαθρον, τό. This is a substantial load-carrying beam used in construction.",https://chavrutai.com/yerushalmi/Eruvin/1#1-26,Jerusalem_Talmud_Eruvin.1.1.26
μέλαθρον,Greek,It is implied here that a μέλαθρον is at least four hand-breadths wide (quoted by R. Hananel ad,https://chavrutai.com/yerushalmi/Eruvin/1#1-26,Jerusalem_Talmud_Eruvin.1.1.26
δόμος,Greek,"Greek δόμος, ὁ.",https://chavrutai.com/yerushalmi/Eruvin/1#3-2,Jerusalem_Talmud_Eruvin.1.3.2
ὁ,Greek,"Greek δόμος, ὁ.",https://chavrutai.com/yerushalmi/Eruvin/1#3-2,Jerusalem_Talmud_Eruvin.1.3.2
λοξός,Greek,"If the walls bordering on the alley do not end at equal distances from the road, one may use a beam going from the end of the wall at one side to the end of the wall at the other. Greek λοξός,-ή, -όν “oblique”.",https://chavrutai.com/yerushalmi/Eruvin/1#6-5,Jerusalem_Talmud_Eruvin.1.6.5
ή,Greek,"If the walls bordering on the alley do not end at equal distances from the road, one may use a beam going from the end of the wall at one side to the end of the wall at the other. Greek λοξός,-ή, -όν “oblique”.",https://chavrutai.com/yerushalmi/Eruvin/1#6-5,Jerusalem_Talmud_Eruvin.1.6.5
όν,Greek,"If the walls bordering on the alley do not end at equal distances from the road, one may use a beam going from the end of the wall at one side to the end of the wall at the other. Greek λοξός,-ή, -όν “oblique”.",https://chavrutai.com/yerushalmi/Eruvin/1#6-5,Jerusalem_Talmud_Eruvin.1.6.5
νάρθηξ,Greek,"Greek νάρθηξ, -ηκος, ὁ.",https://chavrutai.com/yerushalmi/Eruvin/1#7-4,Jerusalem_Talmud_Eruvin.1.7.4
ηκος,Greek,"Greek νάρθηξ, -ηκος, ὁ.",https://chavrutai.com/yerushalmi/Eruvin/1#7-4,Jerusalem_Talmud_Eruvin.1.7.4
ὁ,Greek,"Greek νάρθηξ, -ηκος, ὁ.",https://chavrutai.com/yerushalmi/Eruvin/1#7-4,Jerusalem_Talmud_Eruvin.1.7.4
δίκρανον,Greek,"Greek δίκρανον, τό.",https://chavrutai.com/yerushalmi/Eruvin/1#9-3,Jerusalem_Talmud_Eruvin.1.9.3
τό,Greek,"Greek δίκρανον, τό.",https://chavrutai.com/yerushalmi/Eruvin/1#9-3,Jerusalem_Talmud_Eruvin.1.9.3
δίκρανον,Greek,"Greek δίκρανον, τό.",https://chavrutai.com/yerushalmi/Eruvin/1#9-4,Jerusalem_Talmud_Eruvin.1.9.4
τό,Greek,"Greek δίκρανον, τό.",https://chavrutai.com/yerushalmi/Eruvin/1#9-4,Jerusalem_Talmud_Eruvin.1.9.4
τετράπυλον,Greek,"Greek τετράπυλον, τό, “archway entered from four sides.” Bowers erected at the crossing of two paths, with only the posts and the connecting beams built, and the roof formed by plants climbing on the poles. Rebbi Abba bar Mamal considers these beams as קוֹרָה under which one may not carry in a dead-end street (Note 159).",https://chavrutai.com/yerushalmi/Eruvin/1#9-6,Jerusalem_Talmud_Eruvin.1.9.6
τό,Greek,"Greek τετράπυλον, τό, “archway entered from four sides.” Bowers erected at the crossing of two paths, with only the posts and the connecting beams built, and the roof formed by plants climbing on the poles. Rebbi Abba bar Mamal considers these beams as קוֹרָה under which one may not carry in a dead-end street (Note 159).",https://chavrutai.com/yerushalmi/Eruvin/1#9-6,Jerusalem_Talmud_Eruvin.1.9.6
ἐπιστύλιον,Greek,"Greek ἐπιστύλιον, τό, “architrave.”",https://chavrutai.com/yerushalmi/Eruvin/1#9-6,Jerusalem_Talmud_Eruvin.1.9.6
τό,Greek,"Greek ἐπιστύλιον, τό, “architrave.”",https://chavrutai.com/yerushalmi/Eruvin/1#9-6,Jerusalem_Talmud_Eruvin.1.9.6
πόλεμος,Greek,"Greek πόλεμος, ὁ. This must refer to Gentile fallen soldiers.",https://chavrutai.com/yerushalmi/Eruvin/1#10-6,Jerusalem_Talmud_Eruvin.1.10.6
ὁ,Greek,"Greek πόλεμος, ὁ. This must refer to Gentile fallen soldiers.",https://chavrutai.com/yerushalmi/Eruvin/1#10-6,Jerusalem_Talmud_Eruvin.1.10.6
δύο,Greek,"The word seems to be a Greek-Hebrew hybrid, δύο-עֲמוּדִים “double column”. The circular well is in the middle of a square; at each corner one erects planks 10 hand-breadths high and on each side 6 wide. Since from each side one sees two planks, these are “4 looking like 8”. Since the opening between two planks, space in excess of the width of 6 cows for R. Meïr or eight for R. Jehudah, is more than what is permitted as opening of a wall of a private domain, special rules are needed to permit grazing animals to drink from a well. Even though the meadows on which they are grazing is public domain or karmelit",https://chavrutai.com/yerushalmi/Eruvin/2#1-1,Jerusalem_Talmud_Eruvin.2.1.1
parum,Latin,"Both R. Meïr and R. Jehudah presume that an average cow is 1.5 cubits wide and between the two teams one leaves 1 cubit of space. R. Meïr permits space for 6 cows, 9 cubits, + 1 cubit. R. Jehudah for 8 cows, 12 cubits, + 1 cubit, for a width of 13 cubits. He admits a wider room for moving of the cows and accepts any distance less than 14 cubits.פרא is Latin parum",https://chavrutai.com/yerushalmi/Eruvin/2#1-10,Jerusalem_Talmud_Eruvin.2.1.10
ξένος,Greek,"An Aramaic word derived from Greek ξένος, ὁ “stranger”. A guest who has no property rights in the courtyard is irrelevant for the eruv",https://chavrutai.com/yerushalmi/Eruvin/2#8-3,Jerusalem_Talmud_Eruvin.2.8.3
ὁ,Greek,"An Aramaic word derived from Greek ξένος, ὁ “stranger”. A guest who has no property rights in the courtyard is irrelevant for the eruv",https://chavrutai.com/yerushalmi/Eruvin/2#8-3,Jerusalem_Talmud_Eruvin.2.8.3
χαλκίς,Greek,"χαλκίς, -ίδος, ἡ, a kind of herring or sardine. This translation follows the text in Peah",https://chavrutai.com/yerushalmi/Eruvin/3#1-6,Jerusalem_Talmud_Eruvin.3.1.6
ίδος,Greek,"χαλκίς, -ίδος, ἡ, a kind of herring or sardine. This translation follows the text in Peah",https://chavrutai.com/yerushalmi/Eruvin/3#1-6,Jerusalem_Talmud_Eruvin.3.1.6
ἡ,Greek,"χαλκίς, -ίδος, ἡ, a kind of herring or sardine. This translation follows the text in Peah",https://chavrutai.com/yerushalmi/Eruvin/3#1-6,Jerusalem_Talmud_Eruvin.3.1.6
κοντός,Greek,"Greek κοντός, ὁ. Since stick or pole are not 16 hand-breadths2 wide at the top they cannot form a separate domain.",https://chavrutai.com/yerushalmi/Eruvin/3#3-1,Jerusalem_Talmud_Eruvin.3.3.1
ὁ,Greek,"Greek κοντός, ὁ. Since stick or pole are not 16 hand-breadths2 wide at the top they cannot form a separate domain.",https://chavrutai.com/yerushalmi/Eruvin/3#3-1,Jerusalem_Talmud_Eruvin.3.3.1
κοντός,Greek,"Greek κοντός, ὁ. Since stick or pole are not 16 hand-breadths2 wide at the top they cannot form a separate domain.",https://chavrutai.com/yerushalmi/Eruvin/3#3-5,Jerusalem_Talmud_Eruvin.3.3.5
ὁ,Greek,"Greek κοντός, ὁ. Since stick or pole are not 16 hand-breadths2 wide at the top they cannot form a separate domain.",https://chavrutai.com/yerushalmi/Eruvin/3#3-5,Jerusalem_Talmud_Eruvin.3.3.5
συμφώνημα,Greek,"Greek συμφώνημα, -ατος, τό, “agreement”; cf. Qiddušin",https://chavrutai.com/yerushalmi/Eruvin/3#5-3,Jerusalem_Talmud_Eruvin.3.5.3
ατος,Greek,"Greek συμφώνημα, -ατος, τό, “agreement”; cf. Qiddušin",https://chavrutai.com/yerushalmi/Eruvin/3#5-3,Jerusalem_Talmud_Eruvin.3.5.3
τό,Greek,"Greek συμφώνημα, -ατος, τό, “agreement”; cf. Qiddušin",https://chavrutai.com/yerushalmi/Eruvin/3#5-3,Jerusalem_Talmud_Eruvin.3.5.3
ταξεώτης,Greek,"Greek ταξεώτης, -ου ὁ, “officer of a magistrate, member of militia palatina",https://chavrutai.com/yerushalmi/Eruvin/3#5-5,Jerusalem_Talmud_Eruvin.3.5.5
ου,Greek,"Greek ταξεώτης, -ου ὁ, “officer of a magistrate, member of militia palatina",https://chavrutai.com/yerushalmi/Eruvin/3#5-5,Jerusalem_Talmud_Eruvin.3.5.5
ὁ,Greek,"Greek ταξεώτης, -ου ὁ, “officer of a magistrate, member of militia palatina",https://chavrutai.com/yerushalmi/Eruvin/3#5-5,Jerusalem_Talmud_Eruvin.3.5.5
λάγυνος,Greek,"Greek λάγυνος, ὁ.",https://chavrutai.com/yerushalmi/Eruvin/3#7-3,Jerusalem_Talmud_Eruvin.3.7.3
ὁ,Greek,"Greek λάγυνος, ὁ.",https://chavrutai.com/yerushalmi/Eruvin/3#7-3,Jerusalem_Talmud_Eruvin.3.7.3
ἐξέδρα,Greek,"Greek ἐξέδρα, ή. The exedra",https://chavrutai.com/yerushalmi/Eruvin/4#1-7,Jerusalem_Talmud_Eruvin.4.1.7
ή,Greek,"Greek ἐξέδρα, ή. The exedra",https://chavrutai.com/yerushalmi/Eruvin/4#1-7,Jerusalem_Talmud_Eruvin.4.1.7
γαληνός,Greek,"Greek γαληνός, -ή, -όν “calm” (adj.). Assuming the ship being a sailboat which does not move in the absence of wind, it is difficult to see why walking the entire deck should be forbidden by anybody. It seems unlikely that here also one should switch the statements: for the colleagues there is no reason to forbid; for R. Zeˋira there might be an argument that he expected to be elsewhere on the Sabbath and now he is not there.",https://chavrutai.com/yerushalmi/Eruvin/4#1-7,Jerusalem_Talmud_Eruvin.4.1.7
ή,Greek,"Greek γαληνός, -ή, -όν “calm” (adj.). Assuming the ship being a sailboat which does not move in the absence of wind, it is difficult to see why walking the entire deck should be forbidden by anybody. It seems unlikely that here also one should switch the statements: for the colleagues there is no reason to forbid; for R. Zeˋira there might be an argument that he expected to be elsewhere on the Sabbath and now he is not there.",https://chavrutai.com/yerushalmi/Eruvin/4#1-7,Jerusalem_Talmud_Eruvin.4.1.7
όν,Greek,"Greek γαληνός, -ή, -όν “calm” (adj.). Assuming the ship being a sailboat which does not move in the absence of wind, it is difficult to see why walking the entire deck should be forbidden by anybody. It seems unlikely that here also one should switch the statements: for the colleagues there is no reason to forbid; for R. Zeˋira there might be an argument that he expected to be elsewhere on the Sabbath and now he is not there.",https://chavrutai.com/yerushalmi/Eruvin/4#1-7,Jerusalem_Talmud_Eruvin.4.1.7
λιμήν,Greek,"This is Babli spelling. With the Halakhah one should read לִמֵן, Greek λιμήν. They arrived at the harbor Friday evening after nightfall. If they entered the Sabbath domain after nightfall, RR. Joshua and Aqiba would have to stay within their 4 cubits. For the problem of Rabban Gamliel and R. Eleazar ben Azariah see the Halakhah (Notes 57–59).",https://chavrutai.com/yerushalmi/Eruvin/4#2-1,Jerusalem_Talmud_Eruvin.4.2.1
πῆγμα,Greek,"Greek πῆγμα, τό. This expression is used for all structures that are not human dwellings. The pegma",https://chavrutai.com/yerushalmi/Eruvin/5#1-1,Jerusalem_Talmud_Eruvin.5.1.1
τό,Greek,"Greek πῆγμα, τό. This expression is used for all structures that are not human dwellings. The pegma",https://chavrutai.com/yerushalmi/Eruvin/5#1-1,Jerusalem_Talmud_Eruvin.5.1.1
τύραννος,Greek,"Greek τύραννος, ὁ (Arukh",https://chavrutai.com/yerushalmi/Eruvin/5#1-4,Jerusalem_Talmud_Eruvin.5.1.4
ὁ,Greek,"Greek τύραννος, ὁ (Arukh",https://chavrutai.com/yerushalmi/Eruvin/5#1-4,Jerusalem_Talmud_Eruvin.5.1.4
πύργος,Greek,"Greek πύργος, ὁ.",https://chavrutai.com/yerushalmi/Eruvin/5#1-5,Jerusalem_Talmud_Eruvin.5.1.5
ὁ,Greek,"Greek πύργος, ὁ.",https://chavrutai.com/yerushalmi/Eruvin/5#1-5,Jerusalem_Talmud_Eruvin.5.1.5
εὔθικτος,Greek,"Greek εὔθικτος, -ον.",https://chavrutai.com/yerushalmi/Eruvin/5#1-9,Jerusalem_Talmud_Eruvin.5.1.9
ον,Greek,"Greek εὔθικτος, -ον.",https://chavrutai.com/yerushalmi/Eruvin/5#1-9,Jerusalem_Talmud_Eruvin.5.1.9
ὄχλος,Greek,"Greek ὄχλος, ὁ, “multitude”.",https://chavrutai.com/yerushalmi/Eruvin/5#1-17,Jerusalem_Talmud_Eruvin.5.1.17
ὁ,Greek,"Greek ὄχλος, ὁ, “multitude”.",https://chavrutai.com/yerushalmi/Eruvin/5#1-17,Jerusalem_Talmud_Eruvin.5.1.17
ἰδιώτης,Greek,"Greek ἰδιώτης, ὁ. A non-professional may testify to the limits of the traditional Sabbath domain (Tosephta 4:16, see below) but may not initiate any changes. Rashba col. 345.",https://chavrutai.com/yerushalmi/Eruvin/5#4-2,Jerusalem_Talmud_Eruvin.5.4.2
ὁ,Greek,"Greek ἰδιώτης, ὁ. A non-professional may testify to the limits of the traditional Sabbath domain (Tosephta 4:16, see below) but may not initiate any changes. Rashba col. 345.",https://chavrutai.com/yerushalmi/Eruvin/5#4-2,Jerusalem_Talmud_Eruvin.5.4.2
πῆγμα,Greek,"Greek πῆγμα, τό. This expression is used for all structures that are not human dwellings. The pegma",https://chavrutai.com/yerushalmi/Eruvin/5#6-1,Jerusalem_Talmud_Eruvin.5.6.1
τό,Greek,"Greek πῆγμα, τό. This expression is used for all structures that are not human dwellings. The pegma",https://chavrutai.com/yerushalmi/Eruvin/5#6-1,Jerusalem_Talmud_Eruvin.5.6.1
quaestor,Latin,Latin quaestor,https://chavrutai.com/yerushalmi/Eruvin/6#2-4,Jerusalem_Talmud_Eruvin.6.2.4
ξενία,Greek,"Greek ξενία, ἡ, from ξενός in the sense of mercenary soldier.",https://chavrutai.com/yerushalmi/Eruvin/6#2-4,Jerusalem_Talmud_Eruvin.6.2.4
ἡ,Greek,"Greek ξενία, ἡ, from ξενός in the sense of mercenary soldier.",https://chavrutai.com/yerushalmi/Eruvin/6#2-4,Jerusalem_Talmud_Eruvin.6.2.4
ξενός,Greek,"Greek ξενία, ἡ, from ξενός in the sense of mercenary soldier.",https://chavrutai.com/yerushalmi/Eruvin/6#2-4,Jerusalem_Talmud_Eruvin.6.2.4
ξενία,Greek,"Greek ξενία, ἡ.",https://chavrutai.com/yerushalmi/Eruvin/6#3-6,Jerusalem_Talmud_Eruvin.6.3.6
ἡ,Greek,"Greek ξενία, ἡ.",https://chavrutai.com/yerushalmi/Eruvin/6#3-6,Jerusalem_Talmud_Eruvin.6.3.6
δισάκκιον,Greek,"Greek δισάκκιον, τό. He spread his things out in all rooms to that he could carry on the Sabbath in the entire building.",https://chavrutai.com/yerushalmi/Eruvin/6#3-6,Jerusalem_Talmud_Eruvin.6.3.6
τό,Greek,"Greek δισάκκιον, τό. He spread his things out in all rooms to that he could carry on the Sabbath in the entire building.",https://chavrutai.com/yerushalmi/Eruvin/6#3-6,Jerusalem_Talmud_Eruvin.6.3.6
πάνδοκος,Greek,"Greek adjective, πάνδοκος, -ον, “of a hostelry”.",https://chavrutai.com/yerushalmi/Eruvin/6#3-6,Jerusalem_Talmud_Eruvin.6.3.6
ον,Greek,"Greek adjective, πάνδοκος, -ον, “of a hostelry”.",https://chavrutai.com/yerushalmi/Eruvin/6#3-6,Jerusalem_Talmud_Eruvin.6.3.6
adjective,Greek,"Greek adjective, πάνδοκος, -ον, “of a hostelry”.",https://chavrutai.com/yerushalmi/Eruvin/6#3-6,Jerusalem_Talmud_Eruvin.6.3.6
triclinium,Latin,Latin triclinium,https://chavrutai.com/yerushalmi/Eruvin/6#6-1,Jerusalem_Talmud_Eruvin.6.6.1
papilio,Latin,Latin papilio,https://chavrutai.com/yerushalmi/Eruvin/6#6-2,Jerusalem_Talmud_Eruvin.6.6.2
ἐξέδρα,Greek,"Greek ἐξέδρα, a covered walkway without walls.",https://chavrutai.com/yerushalmi/Eruvin/8#4-1,Jerusalem_Talmud_Eruvin.8.4.1
δίαιτα,Greek,"Greek δίαιτα, ἡ. The two rows of houses share a common courtyard but no eruv",https://chavrutai.com/yerushalmi/Eruvin/8#9-1,Jerusalem_Talmud_Eruvin.8.9.1
ἡ,Greek,"Greek δίαιτα, ἡ. The two rows of houses share a common courtyard but no eruv",https://chavrutai.com/yerushalmi/Eruvin/8#9-1,Jerusalem_Talmud_Eruvin.8.9.1
καταφερής,Greek,"Greek καταφερής, -ές.",https://chavrutai.com/yerushalmi/Eruvin/8#9-2,Jerusalem_Talmud_Eruvin.8.9.2
ές,Greek,"Greek καταφερής, -ές.",https://chavrutai.com/yerushalmi/Eruvin/8#9-2,Jerusalem_Talmud_Eruvin.8.9.2
ψήφος,Greek,"With the Tosephta read פסיפס Greek ψήφος, ὁ.",https://chavrutai.com/yerushalmi/Eruvin/9#1-4,Jerusalem_Talmud_Eruvin.9.1.4
ὁ,Greek,"With the Tosephta read פסיפס Greek ψήφος, ὁ.",https://chavrutai.com/yerushalmi/Eruvin/9#1-4,Jerusalem_Talmud_Eruvin.9.1.4
linteum,Latin,Latin linteum,https://chavrutai.com/yerushalmi/Eruvin/9#1-5,Jerusalem_Talmud_Eruvin.9.1.5
fascia,Latin,"Latin fascia, -ae, f",https://chavrutai.com/yerushalmi/Eruvin/10#3-4,Jerusalem_Talmud_Eruvin.10.3.4
claustrum,Latin,"Latin claustrum, -i, n.,",https://chavrutai.com/yerushalmi/Eruvin/10#10-1,Jerusalem_Talmud_Eruvin.10.10.1
splenium,Latin,Latin splenium,https://chavrutai.com/yerushalmi/Eruvin/10#11-3,Jerusalem_Talmud_Eruvin.10.11.3
νῆμα,Greek,"Greek νῆμα, ἡ, “string” of musical instruments. Tying a new string would make an unusable instrument usable; this is biblically forbidden also in the Temple where biblically forbidden work on the Sabbath is only permitted for the explicitly required sacrifices. Making a permanent knot is also biblically forbidden (Mishnah Šabbat",https://chavrutai.com/yerushalmi/Eruvin/10#12-1,Jerusalem_Talmud_Eruvin.10.12.1
ἡ,Greek,"Greek νῆμα, ἡ, “string” of musical instruments. Tying a new string would make an unusable instrument usable; this is biblically forbidden also in the Temple where biblically forbidden work on the Sabbath is only permitted for the explicitly required sacrifices. Making a permanent knot is also biblically forbidden (Mishnah Šabbat",https://chavrutai.com/yerushalmi/Eruvin/10#12-1,Jerusalem_Talmud_Eruvin.10.12.1
νῆμα,Greek,"Greek νῆμα, ἡ, “string” of musical instruments. Tying a new string would make an unusable instrument usable; this is biblically forbidden also in the Temple where biblically forbidden work on the Sabbath is only permitted for the explicitly required sacrifices. Making a permanent knot is also biblically forbidden (Mishnah Šabbat",https://chavrutai.com/yerushalmi/Eruvin/10#12-2,Jerusalem_Talmud_Eruvin.10.12.2
ἡ,Greek,"Greek νῆμα, ἡ, “string” of musical instruments. Tying a new string would make an unusable instrument usable; this is biblically forbidden also in the Temple where biblically forbidden work on the Sabbath is only permitted for the explicitly required sacrifices. Making a permanent knot is also biblically forbidden (Mishnah Šabbat",https://chavrutai.com/yerushalmi/Eruvin/10#12-2,Jerusalem_Talmud_Eruvin.10.12.2
βύνιτος,Greek,"This word has not been explained. Perhaps it is Egyptian, appearing in Greek as βύνιτος, ὁ “an Egyptian garment” (E.G.).",https://chavrutai.com/yerushalmi/Eruvin/10#13-2,Jerusalem_Talmud_Eruvin.10.13.2
ὁ,Greek,"This word has not been explained. Perhaps it is Egyptian, appearing in Greek as βύνιτος, ὁ “an Egyptian garment” (E.G.).",https://chavrutai.com/yerushalmi/Eruvin/10#13-2,Jerusalem_Talmud_Eruvin.10.13.2
διαβήτης,Greek,"Greek διαβήτης, τό. In the Babylonian sources the word appears as דיופי.Producing sound mechanically is rabbinically forbidden on the Sabbath. An exception is made for medical purposes. It is permitted to make a contraption which can be put together without violating any Sabbath rule, which produces a monotonous sound which induces sleep in a sick person. For this one lifts water in a siphon which delivers water into an ˋedeq",https://chavrutai.com/yerushalmi/Eruvin/10#13-3,Jerusalem_Talmud_Eruvin.10.13.3
τό,Greek,"Greek διαβήτης, τό. In the Babylonian sources the word appears as דיופי.Producing sound mechanically is rabbinically forbidden on the Sabbath. An exception is made for medical purposes. It is permitted to make a contraption which can be put together without violating any Sabbath rule, which produces a monotonous sound which induces sleep in a sick person. For this one lifts water in a siphon which delivers water into an ˋedeq",https://chavrutai.com/yerushalmi/Eruvin/10#13-3,Jerusalem_Talmud_Eruvin.10.13.3
ψυκτήρ,Greek,"Greek ψυκτήρ, -ῆρος. It must be a metal pot whose impurity can be removed in a miqweh",https://chavrutai.com/yerushalmi/Eruvin/10#14-1,Jerusalem_Talmud_Eruvin.10.14.1
ῆρος,Greek,"Greek ψυκτήρ, -ῆρος. It must be a metal pot whose impurity can be removed in a miqweh",https://chavrutai.com/yerushalmi/Eruvin/10#14-1,Jerusalem_Talmud_Eruvin.10.14.1
missicus,Latin,"Latin missicus,",https://chavrutai.com/yerushalmi/Pesachim/1#3-4,Jerusalem_Talmud_Pesachim.1.3.4
δισάκκιον,Greek,"Greek δισάκκιον, τό. A different version is in the Babli 13a.",https://chavrutai.com/yerushalmi/Pesachim/1#4-6,Jerusalem_Talmud_Pesachim.1.4.6
τό,Greek,"Greek δισάκκιον, τό. A different version is in the Babli 13a.",https://chavrutai.com/yerushalmi/Pesachim/1#4-6,Jerusalem_Talmud_Pesachim.1.4.6
splenium,Latin,"Latin splenium,",https://chavrutai.com/yerushalmi/Pesachim/2#1-5,Jerusalem_Talmud_Pesachim.2.1.5
splenium,Latin,"Latin splenium,",https://chavrutai.com/yerushalmi/Pesachim/2#1-6,Jerusalem_Talmud_Pesachim.2.1.6
πλατεῖα,Greek,"Greek πλατεῖα (sc., ὁδός) “a wide (road)”, equivalent of Hebrew רחוֹב.",https://chavrutai.com/yerushalmi/Pesachim/2#2-14,Jerusalem_Talmud_Pesachim.2.2.14
ὁδός,Greek,"Greek πλατεῖα (sc., ὁδός) “a wide (road)”, equivalent of Hebrew רחוֹב.",https://chavrutai.com/yerushalmi/Pesachim/2#2-14,Jerusalem_Talmud_Pesachim.2.2.14
ὑποθήκη,Greek,Greek ὑποθήκη.,https://chavrutai.com/yerushalmi/Pesachim/2#2-16,Jerusalem_Talmud_Pesachim.2.2.16
τύπος,Greek,"Greek τύπος, ὁ, “figure, form”.",https://chavrutai.com/yerushalmi/Pesachim/2#4-12,Jerusalem_Talmud_Pesachim.2.4.12
ὁ,Greek,"Greek τύπος, ὁ, “figure, form”.",https://chavrutai.com/yerushalmi/Pesachim/2#4-12,Jerusalem_Talmud_Pesachim.2.4.12
κόλλιξ,Greek,"Greek κόλλιξ; S. Fraenkel conjectures a diminutive κολλίσκιον, τό.",https://chavrutai.com/yerushalmi/Pesachim/2#4-12,Jerusalem_Talmud_Pesachim.2.4.12
κολλίσκιον,Greek,"Greek κόλλιξ; S. Fraenkel conjectures a diminutive κολλίσκιον, τό.",https://chavrutai.com/yerushalmi/Pesachim/2#4-12,Jerusalem_Talmud_Pesachim.2.4.12
τό,Greek,"Greek κόλλιξ; S. Fraenkel conjectures a diminutive κολλίσκιον, τό.",https://chavrutai.com/yerushalmi/Pesachim/2#4-12,Jerusalem_Talmud_Pesachim.2.4.12
τρώξιμος,Greek,"Greek τρώξιμος, -ον, “edible”; τά τρώξιμα “vegetables eaten raw”, in rabbinic sources traditionally used for endives.",https://chavrutai.com/yerushalmi/Pesachim/2#5-2,Jerusalem_Talmud_Pesachim.2.5.2
ον,Greek,"Greek τρώξιμος, -ον, “edible”; τά τρώξιμα “vegetables eaten raw”, in rabbinic sources traditionally used for endives.",https://chavrutai.com/yerushalmi/Pesachim/2#5-2,Jerusalem_Talmud_Pesachim.2.5.2
τά,Greek,"Greek τρώξιμος, -ον, “edible”; τά τρώξιμα “vegetables eaten raw”, in rabbinic sources traditionally used for endives.",https://chavrutai.com/yerushalmi/Pesachim/2#5-2,Jerusalem_Talmud_Pesachim.2.5.2
τρώξιμα,Greek,"Greek τρώξιμος, -ον, “edible”; τά τρώξιμα “vegetables eaten raw”, in rabbinic sources traditionally used for endives.",https://chavrutai.com/yerushalmi/Pesachim/2#5-2,Jerusalem_Talmud_Pesachim.2.5.2
θέρμος,Greek,"Greek θέρμος, ὁ. Raw lupines are cattle feed, too bitter for human consumption. They become edible only after long cooking. This statement seems to supprt R. Ḥiyya bar Abba.",https://chavrutai.com/yerushalmi/Pesachim/2#5-4,Jerusalem_Talmud_Pesachim.2.5.4
ὁ,Greek,"Greek θέρμος, ὁ. Raw lupines are cattle feed, too bitter for human consumption. They become edible only after long cooking. This statement seems to supprt R. Ḥiyya bar Abba.",https://chavrutai.com/yerushalmi/Pesachim/2#5-4,Jerusalem_Talmud_Pesachim.2.5.4
μάλαγμα,Greek,Greek μάλαγμα The base of the unguent contains flour.,https://chavrutai.com/yerushalmi/Pesachim/2#6-3,Jerusalem_Talmud_Pesachim.2.6.3
καταφερές,Greek,"Greek adjective καταφερές, “inclined”.",https://chavrutai.com/yerushalmi/Pesachim/2#7-5,Jerusalem_Talmud_Pesachim.2.7.5
adjective,Greek,"Greek adjective καταφερές, “inclined”.",https://chavrutai.com/yerushalmi/Pesachim/2#7-5,Jerusalem_Talmud_Pesachim.2.7.5
ζῦθος,Greek,"Greek ζῦθος, ὁ, a kind of beer.",https://chavrutai.com/yerushalmi/Pesachim/3#1-1,Jerusalem_Talmud_Pesachim.3.1.1
ὁ,Greek,"Greek ζῦθος, ὁ, a kind of beer.",https://chavrutai.com/yerushalmi/Pesachim/3#1-1,Jerusalem_Talmud_Pesachim.3.1.1
ζύμη,Greek,"Greek ζύμη, ἡ.",https://chavrutai.com/yerushalmi/Pesachim/3#1-1,Jerusalem_Talmud_Pesachim.3.1.1
ἡ,Greek,"Greek ζύμη, ἡ.",https://chavrutai.com/yerushalmi/Pesachim/3#1-1,Jerusalem_Talmud_Pesachim.3.1.1
κόλλα,Greek,"Greek κόλλα, -ης, ἡ, “flour paste”.",https://chavrutai.com/yerushalmi/Pesachim/3#1-1,Jerusalem_Talmud_Pesachim.3.1.1
ης,Greek,"Greek κόλλα, -ης, ἡ, “flour paste”.",https://chavrutai.com/yerushalmi/Pesachim/3#1-1,Jerusalem_Talmud_Pesachim.3.1.1
ἡ,Greek,"Greek κόλλα, -ης, ἡ, “flour paste”.",https://chavrutai.com/yerushalmi/Pesachim/3#1-1,Jerusalem_Talmud_Pesachim.3.1.1
ζῦθος,Greek,"Greek ζῦθος, ὁ, a kind of beer.",https://chavrutai.com/yerushalmi/Pesachim/3#1-6,Jerusalem_Talmud_Pesachim.3.1.6
ὁ,Greek,"Greek ζῦθος, ὁ, a kind of beer.",https://chavrutai.com/yerushalmi/Pesachim/3#1-6,Jerusalem_Talmud_Pesachim.3.1.6
ζύμη,Greek,"Greek ζύμη, ἡ.",https://chavrutai.com/yerushalmi/Pesachim/3#1-7,Jerusalem_Talmud_Pesachim.3.1.7
ἡ,Greek,"Greek ζύμη, ἡ.",https://chavrutai.com/yerushalmi/Pesachim/3#1-7,Jerusalem_Talmud_Pesachim.3.1.7
χλῆδος,Greek,"Greek χλῆδος, ὁ, “dirt, slime”.",https://chavrutai.com/yerushalmi/Pesachim/3#1-8,Jerusalem_Talmud_Pesachim.3.1.8
ὁ,Greek,"Greek χλῆδος, ὁ, “dirt, slime”.",https://chavrutai.com/yerushalmi/Pesachim/3#1-8,Jerusalem_Talmud_Pesachim.3.1.8
κόλλα,Greek,"Greek κόλλα, -ης, ἡ, “flour paste”.",https://chavrutai.com/yerushalmi/Pesachim/3#1-9,Jerusalem_Talmud_Pesachim.3.1.9
ης,Greek,"Greek κόλλα, -ης, ἡ, “flour paste”.",https://chavrutai.com/yerushalmi/Pesachim/3#1-9,Jerusalem_Talmud_Pesachim.3.1.9
ἡ,Greek,"Greek κόλλα, -ης, ἡ, “flour paste”.",https://chavrutai.com/yerushalmi/Pesachim/3#1-9,Jerusalem_Talmud_Pesachim.3.1.9
τέταρτον,Greek,Following the reading of G; τέταρτον is the Greek equivalent of the Roman quartarius,https://chavrutai.com/yerushalmi/Pesachim/3#1-12,Jerusalem_Talmud_Pesachim.3.1.12
tractum,Latin,"Latin tractum, tracta",https://chavrutai.com/yerushalmi/Pesachim/3#2-5,Jerusalem_Talmud_Pesachim.3.2.5
κιβωτός,Greek,"Greek κιβωτός “box, chest” (in LXX used to translate תֵּיבָה). Obviously not the boxes have to be eliminated but their contents have to be cleaned out. It seems that the boxes made in Bireh were used to store pastry. (S. Liebermann).",https://chavrutai.com/yerushalmi/Pesachim/3#2-5,Jerusalem_Talmud_Pesachim.3.2.5
προλήνια,Greek,"Liebermann reads προλήνια, places surrounding the ληνός, “kneading trough.” Not only the implement where one makes dough has to be cleaned, but also its surroundings.",https://chavrutai.com/yerushalmi/Pesachim/3#2-5,Jerusalem_Talmud_Pesachim.3.2.5
ληνός,Greek,"Liebermann reads προλήνια, places surrounding the ληνός, “kneading trough.” Not only the implement where one makes dough has to be cleaned, but also its surroundings.",https://chavrutai.com/yerushalmi/Pesachim/3#2-5,Jerusalem_Talmud_Pesachim.3.2.5
corticea,Latin,Latin corticea,https://chavrutai.com/yerushalmi/Pesachim/4#1-10,Jerusalem_Talmud_Pesachim.4.1.10
ἰδιώτης,Greek,"Greek ἰδιώτης, ὁ.",https://chavrutai.com/yerushalmi/Pesachim/4#7-2,Jerusalem_Talmud_Pesachim.4.7.2
ὁ,Greek,"Greek ἰδιώτης, ὁ.",https://chavrutai.com/yerushalmi/Pesachim/4#7-2,Jerusalem_Talmud_Pesachim.4.7.2
terms,Greek,"S. Liebermann’s remark is convincing that they choose to formulate the statement in Greek terms, “lease is acquired like a buy by acquisition” to make the point of their rejection of the Roman law clear to all traders. They consider the right to use leased property as a valuable asset which once acquired in due form cannot be taken away.",https://chavrutai.com/yerushalmi/Pesachim/4#9-7,Jerusalem_Talmud_Pesachim.4.9.7
numerus,Latin,"Latin numerus; a military unit of native auxiliaries in the late Roman Empire. For nonpayment, the government threatened to enslave the children.",https://chavrutai.com/yerushalmi/Pesachim/4#9-7,Jerusalem_Talmud_Pesachim.4.9.7
κεφαλωτόν,Greek,Greek κεφαλωτόν “headed”.,https://chavrutai.com/yerushalmi/Pesachim/4#9-9,Jerusalem_Talmud_Pesachim.4.9.9
τρώξιμον,Greek,Greek τρώξιμον vegetable “eaten raw”.,https://chavrutai.com/yerushalmi/Pesachim/4#9-9,Jerusalem_Talmud_Pesachim.4.9.9
φερνή,Greek,"Greek φερνή, ἡ.",https://chavrutai.com/yerushalmi/Pesachim/4#9-9,Jerusalem_Talmud_Pesachim.4.9.9
ἡ,Greek,"Greek φερνή, ἡ.",https://chavrutai.com/yerushalmi/Pesachim/4#9-9,Jerusalem_Talmud_Pesachim.4.9.9
αἱ,Greek,"Greek αἱ μοῖραι [τοῦ θεοῦ], the fat which is forbidden for human consumption.",https://chavrutai.com/yerushalmi/Pesachim/5#2-2,Jerusalem_Talmud_Pesachim.5.2.2
μοῖραι,Greek,"Greek αἱ μοῖραι [τοῦ θεοῦ], the fat which is forbidden for human consumption.",https://chavrutai.com/yerushalmi/Pesachim/5#2-2,Jerusalem_Talmud_Pesachim.5.2.2
τοῦ,Greek,"Greek αἱ μοῖραι [τοῦ θεοῦ], the fat which is forbidden for human consumption.",https://chavrutai.com/yerushalmi/Pesachim/5#2-2,Jerusalem_Talmud_Pesachim.5.2.2
θεοῦ,Greek,"Greek αἱ μοῖραι [τοῦ θεοῦ], the fat which is forbidden for human consumption.",https://chavrutai.com/yerushalmi/Pesachim/5#2-2,Jerusalem_Talmud_Pesachim.5.2.2
αἱ,Greek,"Greek αἱ μοῖραι [τοῦ θεοῦ], the fat which is forbidden for human consumption.",https://chavrutai.com/yerushalmi/Pesachim/5#2-3,Jerusalem_Talmud_Pesachim.5.2.3
μοῖραι,Greek,"Greek αἱ μοῖραι [τοῦ θεοῦ], the fat which is forbidden for human consumption.",https://chavrutai.com/yerushalmi/Pesachim/5#2-3,Jerusalem_Talmud_Pesachim.5.2.3
τοῦ,Greek,"Greek αἱ μοῖραι [τοῦ θεοῦ], the fat which is forbidden for human consumption.",https://chavrutai.com/yerushalmi/Pesachim/5#2-3,Jerusalem_Talmud_Pesachim.5.2.3
θεοῦ,Greek,"Greek αἱ μοῖραι [τοῦ θεοῦ], the fat which is forbidden for human consumption.",https://chavrutai.com/yerushalmi/Pesachim/5#2-3,Jerusalem_Talmud_Pesachim.5.2.3
αἱ,Greek,"Greek αἱ μοῖραι [τοῦ θεοῦ], the fat which is forbidden for human consumption.",https://chavrutai.com/yerushalmi/Pesachim/5#2-4,Jerusalem_Talmud_Pesachim.5.2.4
μοῖραι,Greek,"Greek αἱ μοῖραι [τοῦ θεοῦ], the fat which is forbidden for human consumption.",https://chavrutai.com/yerushalmi/Pesachim/5#2-4,Jerusalem_Talmud_Pesachim.5.2.4
τοῦ,Greek,"Greek αἱ μοῖραι [τοῦ θεοῦ], the fat which is forbidden for human consumption.",https://chavrutai.com/yerushalmi/Pesachim/5#2-4,Jerusalem_Talmud_Pesachim.5.2.4
θεοῦ,Greek,"Greek αἱ μοῖραι [τοῦ θεοῦ], the fat which is forbidden for human consumption.",https://chavrutai.com/yerushalmi/Pesachim/5#2-4,Jerusalem_Talmud_Pesachim.5.2.4
δήλωμα,Greek,Greek δήλωμα; cf. Berakhot,https://chavrutai.com/yerushalmi/Pesachim/5#5-4,Jerusalem_Talmud_Pesachim.5.5.4
ἀγκύλη,Greek,"Greek ἀγκύλη, ἡ.",https://chavrutai.com/yerushalmi/Pesachim/5#9-1,Jerusalem_Talmud_Pesachim.5.9.1
ἡ,Greek,"Greek ἀγκύλη, ἡ.",https://chavrutai.com/yerushalmi/Pesachim/5#9-1,Jerusalem_Talmud_Pesachim.5.9.1
αἱ,Greek,"Greek αἱ μοῖραι [τοῦ θεοῦ], the fat which is forbidden for human consumption.",https://chavrutai.com/yerushalmi/Pesachim/5#10-1,Jerusalem_Talmud_Pesachim.5.10.1
μοῖραι,Greek,"Greek αἱ μοῖραι [τοῦ θεοῦ], the fat which is forbidden for human consumption.",https://chavrutai.com/yerushalmi/Pesachim/5#10-1,Jerusalem_Talmud_Pesachim.5.10.1
τοῦ,Greek,"Greek αἱ μοῖραι [τοῦ θεοῦ], the fat which is forbidden for human consumption.",https://chavrutai.com/yerushalmi/Pesachim/5#10-1,Jerusalem_Talmud_Pesachim.5.10.1
θεοῦ,Greek,"Greek αἱ μοῖραι [τοῦ θεοῦ], the fat which is forbidden for human consumption.",https://chavrutai.com/yerushalmi/Pesachim/5#10-1,Jerusalem_Talmud_Pesachim.5.10.1
κεντρόω,Greek,"Greek κεντρόω “to spur, goad, hit with a sharp instrument”.",https://chavrutai.com/yerushalmi/Pesachim/6#1-4,Jerusalem_Talmud_Pesachim.6.1.4
καῖρος,Greek,"Greek καῖρος, ό.",https://chavrutai.com/yerushalmi/Pesachim/6#1-7,Jerusalem_Talmud_Pesachim.6.1.7
ό,Greek,"Greek καῖρος, ό.",https://chavrutai.com/yerushalmi/Pesachim/6#1-7,Jerusalem_Talmud_Pesachim.6.1.7
ἐσχάρα,Greek,"Greek ἐσχάρα, ἡ.",https://chavrutai.com/yerushalmi/Pesachim/7#2-1,Jerusalem_Talmud_Pesachim.7.2.1
ἡ,Greek,"Greek ἐσχάρα, ἡ.",https://chavrutai.com/yerushalmi/Pesachim/7#2-1,Jerusalem_Talmud_Pesachim.7.2.1
ἐπίτροπος,Greek,". If there are multiple guardians (Greek ἐπίτροπος, ὁ).",https://chavrutai.com/yerushalmi/Pesachim/8#1-1,Jerusalem_Talmud_Pesachim.8.1.1
ὁ,Greek,". If there are multiple guardians (Greek ἐπίτροπος, ὁ).",https://chavrutai.com/yerushalmi/Pesachim/8#1-1,Jerusalem_Talmud_Pesachim.8.1.1
ἐπίτροπος,Greek,". If there are multiple guardians (Greek ἐπίτροπος, ὁ).",https://chavrutai.com/yerushalmi/Pesachim/8#1-8,Jerusalem_Talmud_Pesachim.8.1.8
ὁ,Greek,". If there are multiple guardians (Greek ἐπίτροπος, ὁ).",https://chavrutai.com/yerushalmi/Pesachim/8#1-8,Jerusalem_Talmud_Pesachim.8.1.8
συμβόλαια,Greek,"Greek συμβόλαια, τὰ, “contributions to partake in a common meal/”",https://chavrutai.com/yerushalmi/Pesachim/8#4-2,Jerusalem_Talmud_Pesachim.8.4.2
τὰ,Greek,"Greek συμβόλαια, τὰ, “contributions to partake in a common meal/”",https://chavrutai.com/yerushalmi/Pesachim/8#4-2,Jerusalem_Talmud_Pesachim.8.4.2
ἐπικάρσιον,Greek,"Greek ἐπικάρσιον, τό.",https://chavrutai.com/yerushalmi/Pesachim/8#8-6,Jerusalem_Talmud_Pesachim.8.8.6
τό,Greek,"Greek ἐπικάρσιον, τό.",https://chavrutai.com/yerushalmi/Pesachim/8#8-6,Jerusalem_Talmud_Pesachim.8.8.6
καλῶς,Greek,"קִילוּס “praise” is derived from Greek καλῶς! “beautiful, excellent”. For the use as “eulogy” compare καλολογέω, same as ἐυλογέω (E. G.).",https://chavrutai.com/yerushalmi/Pesachim/8#8-6,Jerusalem_Talmud_Pesachim.8.8.6
καλολογέω,Greek,"קִילוּס “praise” is derived from Greek καλῶς! “beautiful, excellent”. For the use as “eulogy” compare καλολογέω, same as ἐυλογέω (E. G.).",https://chavrutai.com/yerushalmi/Pesachim/8#8-6,Jerusalem_Talmud_Pesachim.8.8.6
ἐυλογέω,Greek,"קִילוּס “praise” is derived from Greek καλῶς! “beautiful, excellent”. For the use as “eulogy” compare καλολογέω, same as ἐυλογέω (E. G.).",https://chavrutai.com/yerushalmi/Pesachim/8#8-6,Jerusalem_Talmud_Pesachim.8.8.6
στρατιώτης,Greek,"Greek στρατιώτης, ὁ.",https://chavrutai.com/yerushalmi/Pesachim/8#8-9,Jerusalem_Talmud_Pesachim.8.8.9
ὁ,Greek,"Greek στρατιώτης, ὁ.",https://chavrutai.com/yerushalmi/Pesachim/8#8-9,Jerusalem_Talmud_Pesachim.8.8.9
τράγημα,Greek,"Greek τράγημα, τό.",https://chavrutai.com/yerushalmi/Pesachim/10#1-2,Jerusalem_Talmud_Pesachim.10.1.2
τό,Greek,"Greek τράγημα, τό.",https://chavrutai.com/yerushalmi/Pesachim/10#1-2,Jerusalem_Talmud_Pesachim.10.1.2
ἀσθενής,Greek,"Greek ἀσθενής. Cf. Babli 108a, about Rav Sheshet.",https://chavrutai.com/yerushalmi/Pesachim/10#1-3,Jerusalem_Talmud_Pesachim.10.1.3
βύσσινα,Greek,"Reading מסאנין. N. J. Epstein reads ביסנין, Greek βύσσινα, “(garments) made of byssos, fine linen”. It probably is better to read “shoes”, which are accessories like belts, rather than “luxury linen garments” which are not quite what the Babli recommends for women in the Land of Israel.",https://chavrutai.com/yerushalmi/Pesachim/10#1-6,Jerusalem_Talmud_Pesachim.10.1.6
διπλόν,Greek,"Greek διπλόν ποτήριον, τό.",https://chavrutai.com/yerushalmi/Pesachim/10#1-7,Jerusalem_Talmud_Pesachim.10.1.7
ποτήριον,Greek,"Greek διπλόν ποτήριον, τό.",https://chavrutai.com/yerushalmi/Pesachim/10#1-7,Jerusalem_Talmud_Pesachim.10.1.7
τό,Greek,"Greek διπλόν ποτήριον, τό.",https://chavrutai.com/yerushalmi/Pesachim/10#1-7,Jerusalem_Talmud_Pesachim.10.1.7
Τεταρτεύς,Greek,"Τεταρτεύς, -έως, ὁ, or τεταρτηρόν, τὸ, a measure of capacity.",https://chavrutai.com/yerushalmi/Pesachim/10#1-10,Jerusalem_Talmud_Pesachim.10.1.10
έως,Greek,"Τεταρτεύς, -έως, ὁ, or τεταρτηρόν, τὸ, a measure of capacity.",https://chavrutai.com/yerushalmi/Pesachim/10#1-10,Jerusalem_Talmud_Pesachim.10.1.10
ὁ,Greek,"Τεταρτεύς, -έως, ὁ, or τεταρτηρόν, τὸ, a measure of capacity.",https://chavrutai.com/yerushalmi/Pesachim/10#1-10,Jerusalem_Talmud_Pesachim.10.1.10
τεταρτηρόν,Greek,"Τεταρτεύς, -έως, ὁ, or τεταρτηρόν, τὸ, a measure of capacity.",https://chavrutai.com/yerushalmi/Pesachim/10#1-10,Jerusalem_Talmud_Pesachim.10.1.10
τὸ,Greek,"Τεταρτεύς, -έως, ὁ, or τεταρτηρόν, τὸ, a measure of capacity.",https://chavrutai.com/yerushalmi/Pesachim/10#1-10,Jerusalem_Talmud_Pesachim.10.1.10
world,Greek,"This value of 2×2×15/6 = 71/3 cubic digits compares to a Babylonian value of 10.8 cubic digits (Babli 109a). A cubit is 24 digits. Various cubits were in use; therefore it is difficult to define this volume in modern terms. The variability of the cubit is mirrored in the Greek world by the many values given for the stadion,",https://chavrutai.com/yerushalmi/Pesachim/10#1-14,Jerusalem_Talmud_Pesachim.10.1.14
celebrations,Greek,"A (frequently drunken) revelry, characteristic of Greek celebrations and most objectionable to Jews.",https://chavrutai.com/yerushalmi/Pesachim/10#4-2,Jerusalem_Talmud_Pesachim.10.4.2
ἐπὶ,Greek,"While in Halakhah 4 this was interpreted as ἐπὶ κῶμον, the Halakhah here gives other interpretations.",https://chavrutai.com/yerushalmi/Pesachim/10#6-1,Jerusalem_Talmud_Pesachim.10.6.1
κῶμον,Greek,"While in Halakhah 4 this was interpreted as ἐπὶ κῶμον, the Halakhah here gives other interpretations.",https://chavrutai.com/yerushalmi/Pesachim/10#6-1,Jerusalem_Talmud_Pesachim.10.6.1
ἐπικῶμιον,Greek,"He reads the word as ἐπικῶμιον “drinking song”, one of the more objectionable aspects of the κῶμος. The other explanations do not seem to be based on any Greek word. Babli 119b.",https://chavrutai.com/yerushalmi/Pesachim/10#6-4,Jerusalem_Talmud_Pesachim.10.6.4
κῶμος,Greek,"He reads the word as ἐπικῶμιον “drinking song”, one of the more objectionable aspects of the κῶμος. The other explanations do not seem to be based on any Greek word. Babli 119b.",https://chavrutai.com/yerushalmi/Pesachim/10#6-4,Jerusalem_Talmud_Pesachim.10.6.4
χάραξ,Greek,"Greek χάραξ, “palisades”. The expression is used to describe walled cities reputed to have been walled at Joshua’s time, cf. Mishnah Megillah",https://chavrutai.com/yerushalmi/Shekalim/1#1-1,Jerusalem_Talmud_Shekalim.1.1.1
πομπή,Greek,"Greek πομπή, Latin pompa",https://chavrutai.com/yerushalmi/Shekalim/1#1-5,Jerusalem_Talmud_Shekalim.1.1.5
pompa,Latin,"Greek πομπή, Latin pompa",https://chavrutai.com/yerushalmi/Shekalim/1#1-5,Jerusalem_Talmud_Shekalim.1.1.5
collybus,Latin,"Latin collybus, collubus",https://chavrutai.com/yerushalmi/Shekalim/1#4-1,Jerusalem_Talmud_Shekalim.1.4.1
κολλυβιστής,Greek,"Rav insists that anybody who pays with any coin other than a didrachma first has to pay the regular fee for the money changer (into the money changer’s pocket) and then an additional agio (into the Temple’s treasury) for not presenting a didrachma; cf. Tosephta 1:8, end. According to him, the κολλυβιστής “agio collector” in the Temple (Matt",https://chavrutai.com/yerushalmi/Shekalim/1#4-7,Jerusalem_Talmud_Shekalim.1.4.7
Δαρεικός,Greek,"Δαρεικός, a Persian gold coin; here the name stands for the Roman aureus",https://chavrutai.com/yerushalmi/Shekalim/2#1-1,Jerusalem_Talmud_Shekalim.2.1.1
ληστής,Greek,Greek ληστής. The paid keeper does not have to pay for accidents which clearly were beyond his control. Babli Bava Meṣi`a,https://chavrutai.com/yerushalmi/Shekalim/2#1-3,Jerusalem_Talmud_Shekalim.2.1.3
quarta,Latin,With J. Levy reading as Latin quarta,https://chavrutai.com/yerushalmi/Shekalim/2#3-4,Jerusalem_Talmud_Shekalim.2.3.4
γράμμα,Greek,"An Aramaic plural of Greek γράμμα, τό, “gram, scruple (as weight)”. One scruple is two oboloi",https://chavrutai.com/yerushalmi/Shekalim/2#3-5,Jerusalem_Talmud_Shekalim.2.3.5
τό,Greek,"An Aramaic plural of Greek γράμμα, τό, “gram, scruple (as weight)”. One scruple is two oboloi",https://chavrutai.com/yerushalmi/Shekalim/2#3-5,Jerusalem_Talmud_Shekalim.2.3.5
pars,Latin,"If no numbers are given, the Latin pars",https://chavrutai.com/yerushalmi/Shekalim/3#1-2,Jerusalem_Talmud_Shekalim.3.1.2
paragauda,Latin,"Rashi’s interpretation, Latin paragauda",https://chavrutai.com/yerushalmi/Shekalim/3#2-1,Jerusalem_Talmud_Shekalim.3.2.1
matrona,Latin,A post-talmudic diminutive of Latin matrona,https://chavrutai.com/yerushalmi/Shekalim/3#2-6,Jerusalem_Talmud_Shekalim.3.2.6
καταβολή,Greek,"Greek καταβολή “support, cushion”.",https://chavrutai.com/yerushalmi/Shekalim/3#3-1,Jerusalem_Talmud_Shekalim.3.3.1
κερκίς,Greek,"There is very little between them since R. Aqiba only says that R. Eliezer is more logically consistent; he does not decide that practice has to follow R. Eliezer. The weaver’s shuttle is Greek κερκίς, -ίδος. The reading of B, “the statement of Bar Pada” does not seem to make any sense; probably it is a misreading of the version of M, “a matter of invention”, i. e., of formulation.",https://chavrutai.com/yerushalmi/Shekalim/4#4-8,Jerusalem_Talmud_Shekalim.4.4.8
ίδος,Greek,"There is very little between them since R. Aqiba only says that R. Eliezer is more logically consistent; he does not decide that practice has to follow R. Eliezer. The weaver’s shuttle is Greek κερκίς, -ίδος. The reading of B, “the statement of Bar Pada” does not seem to make any sense; probably it is a misreading of the version of M, “a matter of invention”, i. e., of formulation.",https://chavrutai.com/yerushalmi/Shekalim/4#4-8,Jerusalem_Talmud_Shekalim.4.4.8
στρατιώτης,Greek,Greek στρατιώτης.,https://chavrutai.com/yerushalmi/Shekalim/5#1-22,Jerusalem_Talmud_Shekalim.5.1.22
τετράγωνον,Greek,"Greek τετράγωνον. He holds that the tablets were cubes, top and bottom empty and identical writing on each of the faces.",https://chavrutai.com/yerushalmi/Shekalim/6#1-14,Jerusalem_Talmud_Shekalim.6.1.14
γλωσσοκομε̅ι̅ον,Greek,"Greek γλωσσοκομε̅ι̅ον, τό.",https://chavrutai.com/yerushalmi/Shekalim/6#1-15,Jerusalem_Talmud_Shekalim.6.1.15
τό,Greek,"Greek γλωσσοκομε̅ι̅ον, τό.",https://chavrutai.com/yerushalmi/Shekalim/6#1-15,Jerusalem_Talmud_Shekalim.6.1.15
liburna,Latin,Latin liburna,https://chavrutai.com/yerushalmi/Shekalim/6#2-3,Jerusalem_Talmud_Shekalim.6.2.3
καταφερής,Greek,"Greek καταφερής, -ές adj",https://chavrutai.com/yerushalmi/Shekalim/6#2-3,Jerusalem_Talmud_Shekalim.6.2.3
ές,Greek,"Greek καταφερής, -ές adj",https://chavrutai.com/yerushalmi/Shekalim/6#2-3,Jerusalem_Talmud_Shekalim.6.2.3
trutina,Latin,Latin trutina,https://chavrutai.com/yerushalmi/Shekalim/6#4-4,Jerusalem_Talmud_Shekalim.6.4.4
κοχλίας,Greek,"Greek κοχλίας, “snail with a spiral shell”. If the horns are arranged almost in a circle, the box for new sheqalim",https://chavrutai.com/yerushalmi/Shekalim/7#1-2,Jerusalem_Talmud_Shekalim.7.1.2
πλατεῑα,Greek,"Greek πλατεῑα (sc. ‘οδός) “a wide (road)”. On a thoroughfare the traffic is not local; even if all local shops are kosher, the majority of travelers come from places which are not kosher, and meat found there automatically is forbidden.",https://chavrutai.com/yerushalmi/Shekalim/7#2-6,Jerusalem_Talmud_Shekalim.7.2.6
οδός,Greek,"Greek πλατεῑα (sc. ‘οδός) “a wide (road)”. On a thoroughfare the traffic is not local; even if all local shops are kosher, the majority of travelers come from places which are not kosher, and meat found there automatically is forbidden.",https://chavrutai.com/yerushalmi/Shekalim/7#2-6,Jerusalem_Talmud_Shekalim.7.2.6
macellum,Latin,Latin macellum,https://chavrutai.com/yerushalmi/Shekalim/7#2-6,Jerusalem_Talmud_Shekalim.7.2.6
προσώπον,Greek,"Greek προσώπον, τό. The scribe originally wrote correctly פרוסיף.",https://chavrutai.com/yerushalmi/Shekalim/8#2-3,Jerusalem_Talmud_Shekalim.8.2.3
τό,Greek,"Greek προσώπον, τό. The scribe originally wrote correctly פרוסיף.",https://chavrutai.com/yerushalmi/Shekalim/8#2-3,Jerusalem_Talmud_Shekalim.8.2.3
πάρεδρος,Greek,"In the Halakhah the name also appears as פלהדרין with change of liquids. Possibly derived from πάρεδρος, ὁ, “adjunct”; cf. Note 113.",https://chavrutai.com/yerushalmi/Yoma/1#1-1,Jerusalem_Talmud_Yoma.1.1.1
ὁ,Greek,"In the Halakhah the name also appears as פלהדרין with change of liquids. Possibly derived from πάρεδρος, ὁ, “adjunct”; cf. Note 113.",https://chavrutai.com/yerushalmi/Yoma/1#1-1,Jerusalem_Talmud_Yoma.1.1.1
πάρεδρος,Greek,"In the Halakhah the name also appears as פלהדרין with change of liquids. Possibly derived from πάρεδρος, ὁ, “adjunct”; cf. Note 113.",https://chavrutai.com/yerushalmi/Yoma/1#1-19,Jerusalem_Talmud_Yoma.1.1.19
ὁ,Greek,"In the Halakhah the name also appears as פלהדרין with change of liquids. Possibly derived from πάρεδρος, ὁ, “adjunct”; cf. Note 113.",https://chavrutai.com/yerushalmi/Yoma/1#1-19,Jerusalem_Talmud_Yoma.1.1.19
βουλευταί,Greek,"Greek βουλευταί, ὁι. Since under Persian rule the High Priest also was the political head of the commonwealth, it is reasonable to assume that during his stay at the lodge also the council meetings were held there. Babli 8b.",https://chavrutai.com/yerushalmi/Yoma/1#1-19,Jerusalem_Talmud_Yoma.1.1.19
ὁι,Greek,"Greek βουλευταί, ὁι. Since under Persian rule the High Priest also was the political head of the commonwealth, it is reasonable to assume that during his stay at the lodge also the council meetings were held there. Babli 8b.",https://chavrutai.com/yerushalmi/Yoma/1#1-19,Jerusalem_Talmud_Yoma.1.1.19
suetum,Latin,Latin suetum,https://chavrutai.com/yerushalmi/Yoma/1#1-20,Jerusalem_Talmud_Yoma.1.1.20
βουλή,Greek,"Greek βουλή, ἡ.",https://chavrutai.com/yerushalmi/Yoma/1#2-4,Jerusalem_Talmud_Yoma.1.2.4
ἡ,Greek,"Greek βουλή, ἡ.",https://chavrutai.com/yerushalmi/Yoma/1#2-4,Jerusalem_Talmud_Yoma.1.2.4
στρατήγιον,Greek,"Greek στρατήγιον, τό, “the general’s tent”, the rural district under the direct command of the local military commander, not under the authority of the city council.",https://chavrutai.com/yerushalmi/Yoma/1#2-4,Jerusalem_Talmud_Yoma.1.2.4
τό,Greek,"Greek στρατήγιον, τό, “the general’s tent”, the rural district under the direct command of the local military commander, not under the authority of the city council.",https://chavrutai.com/yerushalmi/Yoma/1#2-4,Jerusalem_Talmud_Yoma.1.2.4
κοχλίας,Greek,"Greek κοχλίας “snail with a spiral shell”. Since the row of Cohanim was “snailing”, the overseer could not determine the exact number of those present. Babli 25a.",https://chavrutai.com/yerushalmi/Yoma/2#1-16,Jerusalem_Talmud_Yoma.2.1.16
pompa,Latin,"Latin pompa,",https://chavrutai.com/yerushalmi/Yoma/2#1-18,Jerusalem_Talmud_Yoma.2.1.18
pompa,Latin,"Latin pompa,",https://chavrutai.com/yerushalmi/Yoma/2#2-1,Jerusalem_Talmud_Yoma.2.2.1
δήλωμα,Greek,Greek δήλωμα.,https://chavrutai.com/yerushalmi/Yoma/3#2-5,Jerusalem_Talmud_Yoma.3.2.5
ἀσθενής,Greek,Greek ἀσθενής.,https://chavrutai.com/yerushalmi/Yoma/3#5-1,Jerusalem_Talmud_Yoma.3.5.1
καλόω,Greek,A Semitic adaptation of Greek καλόω.,https://chavrutai.com/yerushalmi/Yoma/3#5-3,Jerusalem_Talmud_Yoma.3.5.3
κάλπη,Greek,Greek κάλπη.,https://chavrutai.com/yerushalmi/Yoma/3#7-1,Jerusalem_Talmud_Yoma.3.7.1
κάλπη,Greek,Greek κάλπη.,https://chavrutai.com/yerushalmi/Yoma/3#8-4,Jerusalem_Talmud_Yoma.3.8.4
κόγχη,Greek,"This translation is traditional; it is pure speculation. More likely is “a lamp (?) in shell form,” Aramaic diminutive of Greek κόγχη, ἡ “mussel”.",https://chavrutai.com/yerushalmi/Yoma/3#8-7,Jerusalem_Talmud_Yoma.3.8.7
ἡ,Greek,"This translation is traditional; it is pure speculation. More likely is “a lamp (?) in shell form,” Aramaic diminutive of Greek κόγχη, ἡ “mussel”.",https://chavrutai.com/yerushalmi/Yoma/3#8-7,Jerusalem_Talmud_Yoma.3.8.7
λαμπάς,Greek,"Genitive of λαμπάς, -άδος, ἡ, “torch”. This is the translation of the Theodotion version of the LXX of Dan.",https://chavrutai.com/yerushalmi/Yoma/3#8-7,Jerusalem_Talmud_Yoma.3.8.7
άδος,Greek,"Genitive of λαμπάς, -άδος, ἡ, “torch”. This is the translation of the Theodotion version of the LXX of Dan.",https://chavrutai.com/yerushalmi/Yoma/3#8-7,Jerusalem_Talmud_Yoma.3.8.7
ἡ,Greek,"Genitive of λαμπάς, -άδος, ἡ, “torch”. This is the translation of the Theodotion version of the LXX of Dan.",https://chavrutai.com/yerushalmi/Yoma/3#8-7,Jerusalem_Talmud_Yoma.3.8.7
λιμήν,Greek,"Greek λιμήν, -ένες, ὁ.",https://chavrutai.com/yerushalmi/Yoma/3#8-9,Jerusalem_Talmud_Yoma.3.8.9
ένες,Greek,"Greek λιμήν, -ένες, ὁ.",https://chavrutai.com/yerushalmi/Yoma/3#8-9,Jerusalem_Talmud_Yoma.3.8.9
ὁ,Greek,"Greek λιμήν, -ένες, ὁ.",https://chavrutai.com/yerushalmi/Yoma/3#8-9,Jerusalem_Talmud_Yoma.3.8.9
Κορίνθιον,Greek,"This is the correct scribe’s text. The corrector who did not understand the word changed it to the text in brackets. Corinthian brass was the most expensive kind, used for luxury goods; a copper alloy probably containing some precious metal. Greek Κορίνθιον “Corinthian”, adj., n..",https://chavrutai.com/yerushalmi/Yoma/3#8-9,Jerusalem_Talmud_Yoma.3.8.9
καθέδριον,Greek,"Greek καθέδριον. τὸ , ""small chair"".",https://chavrutai.com/yerushalmi/Yoma/4#1-6,Jerusalem_Talmud_Yoma.4.1.6
τὸ,Greek,"Greek καθέδριον. τὸ , ""small chair"".",https://chavrutai.com/yerushalmi/Yoma/4#1-6,Jerusalem_Talmud_Yoma.4.1.6
ψυκτήρ,Greek,"Greek ψυκτήρ. The scribe’s spelling is in parentheses, the corrector’s in brackets.",https://chavrutai.com/yerushalmi/Yoma/4#4-2,Jerusalem_Talmud_Yoma.4.4.2
ναρθήκιον,Greek,Greek ναρθήκιον. The fire-pan was of metal.,https://chavrutai.com/yerushalmi/Yoma/4#4-4,Jerusalem_Talmud_Yoma.4.4.4
pars,Latin,"Latin pars, -rtis, f",https://chavrutai.com/yerushalmi/Yoma/4#5-1,Jerusalem_Talmud_Yoma.4.5.1
cothon,Latin,"Identified by Buxtorf as Latin cothon,",https://chavrutai.com/yerushalmi/Yoma/4#5-1,Jerusalem_Talmud_Yoma.4.5.1
μαγίς,Greek,"From a rabbinic Hebrew root מגיס “to stir, to mix dough” which may have been induced by Greek μαγίς “dough”.",https://chavrutai.com/yerushalmi/Yoma/5#1-2,Jerusalem_Talmud_Yoma.5.1.2
τάραξιν,Greek,"Jastrow’s conjecture that טרקסין is Greek τάραξιν, accusative of τάραξις, “confusion”; cf. Kilaim",https://chavrutai.com/yerushalmi/Yoma/5#1-9,Jerusalem_Talmud_Yoma.5.1.9
τάραξις,Greek,"Jastrow’s conjecture that טרקסין is Greek τάραξιν, accusative of τάραξις, “confusion”; cf. Kilaim",https://chavrutai.com/yerushalmi/Yoma/5#1-9,Jerusalem_Talmud_Yoma.5.1.9
ψῆφος,Greek,Greek ψῆφος.,https://chavrutai.com/yerushalmi/Yoma/5#1-9,Jerusalem_Talmud_Yoma.5.1.9
λοξόν,Greek,"Addition of the corrector from the Tosephta. Greek λοξόν, “oblique”.",https://chavrutai.com/yerushalmi/Yoma/5#5-3,Jerusalem_Talmud_Yoma.5.5.3
πόλεμος,Greek,"Greek πόλεμος, ὁ “war”; in this case the first war against the Romans. Babli 59a.",https://chavrutai.com/yerushalmi/Yoma/5#5-4,Jerusalem_Talmud_Yoma.5.5.4
ὁ,Greek,"Greek πόλεμος, ὁ “war”; in this case the first war against the Romans. Babli 59a.",https://chavrutai.com/yerushalmi/Yoma/5#5-4,Jerusalem_Talmud_Yoma.5.5.4
μηρία,Greek,"Greek μηρία, τά, “thigh bones”, the parts of a sacrifice which have to be burned on the altar.",https://chavrutai.com/yerushalmi/Yoma/6#6-1,Jerusalem_Talmud_Yoma.6.6.1
τά,Greek,"Greek μηρία, τά, “thigh bones”, the parts of a sacrifice which have to be burned on the altar.",https://chavrutai.com/yerushalmi/Yoma/6#6-1,Jerusalem_Talmud_Yoma.6.6.1
διάδοχοι,Greek,"Greek διάδοχοι, οἱ.",https://chavrutai.com/yerushalmi/Yoma/6#7-1,Jerusalem_Talmud_Yoma.6.7.1
οἱ,Greek,"Greek διάδοχοι, οἱ.",https://chavrutai.com/yerushalmi/Yoma/6#7-1,Jerusalem_Talmud_Yoma.6.7.1
στολή,Greek,"Greek στολή, ἡ.",https://chavrutai.com/yerushalmi/Yoma/7#1-1,Jerusalem_Talmud_Yoma.7.1.1
ἡ,Greek,"Greek στολή, ἡ.",https://chavrutai.com/yerushalmi/Yoma/7#1-1,Jerusalem_Talmud_Yoma.7.1.1
ὶδιώτης,Greek,"Greek ὶδιώτης, ὁ.",https://chavrutai.com/yerushalmi/Yoma/7#3-1,Jerusalem_Talmud_Yoma.7.3.1
ὁ,Greek,"Greek ὶδιώτης, ὁ.",https://chavrutai.com/yerushalmi/Yoma/7#3-1,Jerusalem_Talmud_Yoma.7.3.1
κατήγωρ,Greek,"Greek κατήγωρ, κατήγορος, ὁ.",https://chavrutai.com/yerushalmi/Yoma/7#3-2,Jerusalem_Talmud_Yoma.7.3.2
κατήγορος,Greek,"Greek κατήγωρ, κατήγορος, ὁ.",https://chavrutai.com/yerushalmi/Yoma/7#3-2,Jerusalem_Talmud_Yoma.7.3.2
ὁ,Greek,"Greek κατήγωρ, κατήγορος, ὁ.",https://chavrutai.com/yerushalmi/Yoma/7#3-2,Jerusalem_Talmud_Yoma.7.3.2
συνήγορος,Greek,"Greek συνήγορος, ὁ.",https://chavrutai.com/yerushalmi/Yoma/7#3-2,Jerusalem_Talmud_Yoma.7.3.2
ὁ,Greek,"Greek συνήγορος, ὁ.",https://chavrutai.com/yerushalmi/Yoma/7#3-2,Jerusalem_Talmud_Yoma.7.3.2
impilia,Latin,"Latin impilia, -ium",https://chavrutai.com/yerushalmi/Yoma/8#1-9,Jerusalem_Talmud_Yoma.8.1.9
ἀσθενής,Greek,"Greek ἀσθενής. Since the rules of not wearing leather shoes are rabbinic, they are waved for health reasons.",https://chavrutai.com/yerushalmi/Yoma/8#1-9,Jerusalem_Talmud_Yoma.8.1.9
λυγμός,Greek,"Greek λυγμός, ὁ.",https://chavrutai.com/yerushalmi/Yoma/8#2-1,Jerusalem_Talmud_Yoma.8.2.1
ὁ,Greek,"Greek λυγμός, ὁ.",https://chavrutai.com/yerushalmi/Yoma/8#2-1,Jerusalem_Talmud_Yoma.8.2.1
βουλιμία,Greek,Greek βουλιμία. ἡ. “ravenous hunger”. It is presumed that the attack is life threatening.,https://chavrutai.com/yerushalmi/Yoma/8#5-1,Jerusalem_Talmud_Yoma.8.5.1
ἡ,Greek,Greek βουλιμία. ἡ. “ravenous hunger”. It is presumed that the attack is life threatening.,https://chavrutai.com/yerushalmi/Yoma/8#5-1,Jerusalem_Talmud_Yoma.8.5.1
σημεῖον,Greek,"Greek σημεῖον, τό.",https://chavrutai.com/yerushalmi/Yoma/8#5-3,Jerusalem_Talmud_Yoma.8.5.3
τό,Greek,"Greek σημεῖον, τό.",https://chavrutai.com/yerushalmi/Yoma/8#5-3,Jerusalem_Talmud_Yoma.8.5.3
castra,Latin,Latin castra,https://chavrutai.com/yerushalmi/Yoma/8#5-8,Jerusalem_Talmud_Yoma.8.5.8
ἔπαρχος,Greek,"Greek ἔπαρχος, ὁ, equivalent of Latin praefectus (castrorum).",https://chavrutai.com/yerushalmi/Yoma/8#5-8,Jerusalem_Talmud_Yoma.8.5.8
ὁ,Greek,"Greek ἔπαρχος, ὁ, equivalent of Latin praefectus (castrorum).",https://chavrutai.com/yerushalmi/Yoma/8#5-8,Jerusalem_Talmud_Yoma.8.5.8
praefectus,Latin,"Greek ἔπαρχος, ὁ, equivalent of Latin praefectus (castrorum).",https://chavrutai.com/yerushalmi/Yoma/8#5-8,Jerusalem_Talmud_Yoma.8.5.8
μέλαθρον,Greek,"Greek μέλαθρον, τό, a substantial load-bearing beam, not simply a thin plank. Cf. Eruvin",https://chavrutai.com/yerushalmi/Sukkah/1#1-2,Jerusalem_Talmud_Sukkah.1.1.2
τό,Greek,"Greek μέλαθρον, τό, a substantial load-bearing beam, not simply a thin plank. Cf. Eruvin",https://chavrutai.com/yerushalmi/Sukkah/1#1-2,Jerusalem_Talmud_Sukkah.1.1.2
δίκρανον,Greek,"Greek δίκρανον, τό.",https://chavrutai.com/yerushalmi/Sukkah/1#1-2,Jerusalem_Talmud_Sukkah.1.1.2
τό,Greek,"Greek δίκρανον, τό.",https://chavrutai.com/yerushalmi/Sukkah/1#1-2,Jerusalem_Talmud_Sukkah.1.1.2
εξέδρα,Greek,"Greek ’εξέδρα ‘η, a covered walkway. Cf. Eruvin",https://chavrutai.com/yerushalmi/Sukkah/1#1-3,Jerusalem_Talmud_Sukkah.1.1.3
καμάρα,Greek,"Greek καμάρα, Latin camara, -ae, f",https://chavrutai.com/yerushalmi/Sukkah/1#1-7,Jerusalem_Talmud_Sukkah.1.1.7
camara,Latin,"Greek καμάρα, Latin camara, -ae, f",https://chavrutai.com/yerushalmi/Sukkah/1#1-7,Jerusalem_Talmud_Sukkah.1.1.7
δίκρανον,Greek,"Greek δίκρανον, τό.",https://chavrutai.com/yerushalmi/Sukkah/1#1-11,Jerusalem_Talmud_Sukkah.1.1.11
τό,Greek,"Greek δίκρανον, τό.",https://chavrutai.com/yerushalmi/Sukkah/1#1-11,Jerusalem_Talmud_Sukkah.1.1.11
δίκρανον,Greek,"Greek δίκρανον, τό.",https://chavrutai.com/yerushalmi/Sukkah/1#1-12,Jerusalem_Talmud_Sukkah.1.1.12
τό,Greek,"Greek δίκρανον, τό.",https://chavrutai.com/yerushalmi/Sukkah/1#1-12,Jerusalem_Talmud_Sukkah.1.1.12
τετράπυλον,Greek,"Greek τετράπυλον, τό, “archway entered from four sides.” Bowers erected at the crossing of two paths, with only the posts and the connecting beams built, and the roof formed by plants climbing on the poles. Rebbi Abba bar Mamal considers these beams as cross beams under which one may not carry in a dead-end street on the Sabbath.",https://chavrutai.com/yerushalmi/Sukkah/1#1-14,Jerusalem_Talmud_Sukkah.1.1.14
τό,Greek,"Greek τετράπυλον, τό, “archway entered from four sides.” Bowers erected at the crossing of two paths, with only the posts and the connecting beams built, and the roof formed by plants climbing on the poles. Rebbi Abba bar Mamal considers these beams as cross beams under which one may not carry in a dead-end street on the Sabbath.",https://chavrutai.com/yerushalmi/Sukkah/1#1-14,Jerusalem_Talmud_Sukkah.1.1.14
επιστύλιον,Greek,"Greek ’επιστύλιον, τό, “architrave.”",https://chavrutai.com/yerushalmi/Sukkah/1#1-14,Jerusalem_Talmud_Sukkah.1.1.14
τό,Greek,"Greek ’επιστύλιον, τό, “architrave.”",https://chavrutai.com/yerushalmi/Sukkah/1#1-14,Jerusalem_Talmud_Sukkah.1.1.14
κωνωπεών,Greek,"Greek κωνωπεών, τό, Latin conopium",https://chavrutai.com/yerushalmi/Sukkah/1#4-1,Jerusalem_Talmud_Sukkah.1.4.1
τό,Greek,"Greek κωνωπεών, τό, Latin conopium",https://chavrutai.com/yerushalmi/Sukkah/1#4-1,Jerusalem_Talmud_Sukkah.1.4.1
conopium,Latin,"Greek κωνωπεών, τό, Latin conopium",https://chavrutai.com/yerushalmi/Sukkah/1#4-1,Jerusalem_Talmud_Sukkah.1.4.1
ανάκλιτα,Greek,Greek ’ανάκλιτα “things to lean on”. Poles in the middle of headboard and foot-end of the bed with a rod connecting them. The mosquito net spread over them forms on both sides a slanting roof which is disregarded since for the majority a slanting roof is not qualified for the sukkah,https://chavrutai.com/yerushalmi/Sukkah/1#4-1,Jerusalem_Talmud_Sukkah.1.4.1
κισσός,Greek,"Greek κισσός, ‘ο.",https://chavrutai.com/yerushalmi/Sukkah/1#5-1,Jerusalem_Talmud_Sukkah.1.5.1
μέλαθρον,Greek,"Greek μέλαθρον, τό, a substantial load-bearing beam, not simply a thin plank. Cf. Eruvin",https://chavrutai.com/yerushalmi/Sukkah/1#7-2,Jerusalem_Talmud_Sukkah.1.7.2
τό,Greek,"Greek μέλαθρον, τό, a substantial load-bearing beam, not simply a thin plank. Cf. Eruvin",https://chavrutai.com/yerushalmi/Sukkah/1#7-2,Jerusalem_Talmud_Sukkah.1.7.2
κωνωπεών,Greek,"Greek κωνωπεών, τό, Latin conopium",https://chavrutai.com/yerushalmi/Sukkah/1#10-2,Jerusalem_Talmud_Sukkah.1.10.2
τό,Greek,"Greek κωνωπεών, τό, Latin conopium",https://chavrutai.com/yerushalmi/Sukkah/1#10-2,Jerusalem_Talmud_Sukkah.1.10.2
conopium,Latin,"Greek κωνωπεών, τό, Latin conopium",https://chavrutai.com/yerushalmi/Sukkah/1#10-2,Jerusalem_Talmud_Sukkah.1.10.2
εξέδρα,Greek,"Greek ’εξέδρα ‘η, a covered walkway. Cf. Eruvin",https://chavrutai.com/yerushalmi/Sukkah/1#11-1,Jerusalem_Talmud_Sukkah.1.11.1
λιμήν,Greek,Greek λιμήν.,https://chavrutai.com/yerushalmi/Sukkah/2#4-2,Jerusalem_Talmud_Sukkah.2.4.2
συνήγορος,Greek,Greek συνήγορος.,https://chavrutai.com/yerushalmi/Sukkah/3#1-2,Jerusalem_Talmud_Sukkah.3.1.2
κατήγορος,Greek,Greek κατήγορος.,https://chavrutai.com/yerushalmi/Sukkah/3#1-2,Jerusalem_Talmud_Sukkah.3.1.2
τύπος,Greek,Greek τύπος.,https://chavrutai.com/yerushalmi/Sukkah/3#7-2,Jerusalem_Talmud_Sukkah.3.7.2
εργαλεῑα,Greek,Greek ʼεργαλεῑα “tools of trade”.,https://chavrutai.com/yerushalmi/Sukkah/4#3-7,Jerusalem_Talmud_Sukkah.4.3.7
pompa,Latin,Latin pompa,https://chavrutai.com/yerushalmi/Sukkah/4#6-2,Jerusalem_Talmud_Sukkah.4.6.2
διπλη̅,Greek,Greek διπλη̅-στοά.,https://chavrutai.com/yerushalmi/Sukkah/5#1-4,Jerusalem_Talmud_Sukkah.5.1.4
στοά,Greek,Greek διπλη̅-στοά.,https://chavrutai.com/yerushalmi/Sukkah/5#1-4,Jerusalem_Talmud_Sukkah.5.1.4
βασιλική,Greek,"Greek βασιλική, ‘η; Latin basilica",https://chavrutai.com/yerushalmi/Sukkah/5#1-4,Jerusalem_Talmud_Sukkah.5.1.4
basilica,Latin,"Greek βασιλική, ‘η; Latin basilica",https://chavrutai.com/yerushalmi/Sukkah/5#1-4,Jerusalem_Talmud_Sukkah.5.1.4
εξωστήρ,Greek,"Greek ʼεξωστήρ “what is standing out”, beams standing out from the wall which for the water-drawing festivities could be covered with planks to create a balcony for the women. This dates the (pharisaic) festivities clearly at a date later than the return from Babylon.",https://chavrutai.com/yerushalmi/Sukkah/5#2-3,Jerusalem_Talmud_Sukkah.5.2.3
ορχηστής,Greek,"Greek ʼορχηστής, ου̅, ‘ο.",https://chavrutai.com/yerushalmi/Sukkah/5#4-4,Jerusalem_Talmud_Sukkah.5.4.4
ου̅,Greek,"Greek ʼορχηστής, ου̅, ‘ο.",https://chavrutai.com/yerushalmi/Sukkah/5#4-4,Jerusalem_Talmud_Sukkah.5.4.4
νη̅μα,Greek,Greek νη̅μα.,https://chavrutai.com/yerushalmi/Sukkah/5#6-3,Jerusalem_Talmud_Sukkah.5.6.3
ύδραυλις,Greek,Greek ‘ύδραυλις.,https://chavrutai.com/yerushalmi/Sukkah/5#6-3,Jerusalem_Talmud_Sukkah.5.6.3
ασσάριον,Greek,"A Roman copper coin, Greek ʼασσάριον.",https://chavrutai.com/yerushalmi/Sukkah/5#6-4,Jerusalem_Talmud_Sukkah.5.6.4
αι,Greek,"Greek αι‘ μοῑραι [του̅ θεου̅], the fat which is forbidden for human consumption, including the entire animals of elevation offerings. All Cohanim of all watches equally participate in the service on the altar.",https://chavrutai.com/yerushalmi/Sukkah/5#8-1,Jerusalem_Talmud_Sukkah.5.8.1
μοῑραι,Greek,"Greek αι‘ μοῑραι [του̅ θεου̅], the fat which is forbidden for human consumption, including the entire animals of elevation offerings. All Cohanim of all watches equally participate in the service on the altar.",https://chavrutai.com/yerushalmi/Sukkah/5#8-1,Jerusalem_Talmud_Sukkah.5.8.1
του̅,Greek,"Greek αι‘ μοῑραι [του̅ θεου̅], the fat which is forbidden for human consumption, including the entire animals of elevation offerings. All Cohanim of all watches equally participate in the service on the altar.",https://chavrutai.com/yerushalmi/Sukkah/5#8-1,Jerusalem_Talmud_Sukkah.5.8.1
θεου̅,Greek,"Greek αι‘ μοῑραι [του̅ θεου̅], the fat which is forbidden for human consumption, including the entire animals of elevation offerings. All Cohanim of all watches equally participate in the service on the altar.",https://chavrutai.com/yerushalmi/Sukkah/5#8-1,Jerusalem_Talmud_Sukkah.5.8.1
στρατιώτης,Greek,Greek στρατιώτης.,https://chavrutai.com/yerushalmi/Sukkah/5#8-6,Jerusalem_Talmud_Sukkah.5.8.6
̓ανδρόγυνος,Greek,"Greek ̓ανδρόγυνος “man-woman”, a person having both male and female sex organs. He is considered a probable male and therefore probably required to hear the shofar",https://chavrutai.com/yerushalmi/Beitzah/1#3-4,Jerusalem_Talmud_Beitzah.1.3.4
θυρίς,Greek,"Greek θυρίς “shield, armor”.",https://chavrutai.com/yerushalmi/Beitzah/1#5-4,Jerusalem_Talmud_Beitzah.1.5.4
δισάκκιον,Greek,Greek δισάκκιον. Literally “double bag”.,https://chavrutai.com/yerushalmi/Beitzah/1#6-3,Jerusalem_Talmud_Beitzah.1.6.3
ασθενής,Greek,Greek ʼασθενής.,https://chavrutai.com/yerushalmi/Beitzah/1#7-2,Jerusalem_Talmud_Beitzah.1.7.2
διπλωματάριον,Greek,Greek διπλωματάριον.,https://chavrutai.com/yerushalmi/Beitzah/1#7-4,Jerusalem_Talmud_Beitzah.1.7.4
conditum,Latin,Latin conditum (vinum),https://chavrutai.com/yerushalmi/Beitzah/1#9-3,Jerusalem_Talmud_Beitzah.1.9.3
θερμός,Greek,Greek θερμός.,https://chavrutai.com/yerushalmi/Beitzah/1#10-3,Jerusalem_Talmud_Beitzah.1.10.3
φάσηλος,Greek,Greek φάσηλος.,https://chavrutai.com/yerushalmi/Beitzah/1#10-3,Jerusalem_Talmud_Beitzah.1.10.3
κινάρα,Greek,"Greek κινάρα. On a holiday it is permitted to select anything for immediate consumption, even if there are no remainders, and eat a different dessert at the end.",https://chavrutai.com/yerushalmi/Beitzah/1#10-3,Jerusalem_Talmud_Beitzah.1.10.3
cocuma,Latin,"Latin cocuma, -ae",https://chavrutai.com/yerushalmi/Beitzah/2#1-3,Jerusalem_Talmud_Beitzah.2.1.3
ιδιώτης,Greek,Greek ʼιδιώτης.,https://chavrutai.com/yerushalmi/Beitzah/2#4-3,Jerusalem_Talmud_Beitzah.2.4.3
pyrdiscos,Latin,Late vulgar Latin pyrdiscos,https://chavrutai.com/yerushalmi/Beitzah/2#7-2,Jerusalem_Talmud_Beitzah.2.7.2
ελαιόγαρον,Greek,Greek ʼελαιόγαρον; cf. Ševi`it,https://chavrutai.com/yerushalmi/Beitzah/2#8-6,Jerusalem_Talmud_Beitzah.2.8.6
subsellium,Latin,Latin subsellium,https://chavrutai.com/yerushalmi/Beitzah/2#10-2,Jerusalem_Talmud_Beitzah.2.10.2
πίθος,Greek,"Greek πίθος, ὁ. Scooping up fish from an aquarium using a wide-belly clay vessel is not catching.",https://chavrutai.com/yerushalmi/Beitzah/3#1-3,Jerusalem_Talmud_Beitzah.3.1.3
δαμάσκηνος,Greek,"According to H. L. Fleischer, New Greek δαμάσκηνος “Damascus plum”; δαμάσκηνα “Damascus plum tree”.",https://chavrutai.com/yerushalmi/Beitzah/3#2-5,Jerusalem_Talmud_Beitzah.3.2.5
δαμάσκηνα,Greek,"According to H. L. Fleischer, New Greek δαμάσκηνος “Damascus plum”; δαμάσκηνα “Damascus plum tree”.",https://chavrutai.com/yerushalmi/Beitzah/3#2-5,Jerusalem_Talmud_Beitzah.3.2.5
λίτρα,Greek,"Greek λίτρα, equivalent of Latin libra",https://chavrutai.com/yerushalmi/Beitzah/3#6-4,Jerusalem_Talmud_Beitzah.3.6.4
libra,Latin,"Greek λίτρα, equivalent of Latin libra",https://chavrutai.com/yerushalmi/Beitzah/3#6-4,Jerusalem_Talmud_Beitzah.3.6.4
calfar,Latin,A word of unknown etymology. Brüll reads Latin calfar,https://chavrutai.com/yerushalmi/Beitzah/4#1-2,Jerusalem_Talmud_Beitzah.4.1.2
κρητυκόν,Greek,This is the modern interpretation starting with Musaphia (Greek κρητυκόν). The Geonic interpretation is “potash”.,https://chavrutai.com/yerushalmi/Beitzah/4#3-11,Jerusalem_Talmud_Beitzah.4.3.11
λοπάς,Greek,"Greek λοπάς “pan, plate”.",https://chavrutai.com/yerushalmi/Beitzah/4#4-2,Jerusalem_Talmud_Beitzah.4.4.2
άηρ,Greek,Greek ʼάηρ.,https://chavrutai.com/yerushalmi/Beitzah/4#4-4,Jerusalem_Talmud_Beitzah.4.4.4
κολλύριον,Greek,Greek κολλύριον.,https://chavrutai.com/yerushalmi/Beitzah/4#4-4,Jerusalem_Talmud_Beitzah.4.4.4
φακίολον,Greek,"According to H. L. Fleischer, Greek φακίολον.",https://chavrutai.com/yerushalmi/Beitzah/5#2-9,Jerusalem_Talmud_Beitzah.5.2.9
μαγειρεῑον,Greek,Greek μαγειρεῑον.,https://chavrutai.com/yerushalmi/Beitzah/5#8-2,Jerusalem_Talmud_Beitzah.5.8.2
numerus,Latin,"S. Liebermann follows J. Levy to read one word, Latin numerus",https://chavrutai.com/yerushalmi/Rosh_Hashanah/1#3-1,Jerusalem_Talmud_Rosh_Hashanah.1.3.1
πίναξ,Greek,"Babli 16b. The word for “ledger’ is a Hebraized form of Greek πίναξ, “writing tablet of pine wood.”",https://chavrutai.com/yerushalmi/Rosh_Hashanah/1#3-3,Jerusalem_Talmud_Rosh_Hashanah.1.3.3
απόφασις,Greek,"Following the reading of G, Greek ʼαπόφασις, “judgment”. The readings of the scribe of the manuscript אפיכי, and of A אופכי, are unexplained.",https://chavrutai.com/yerushalmi/Rosh_Hashanah/1#3-3,Jerusalem_Talmud_Rosh_Hashanah.1.3.3
ληστής,Greek,Greek ληστής.,https://chavrutai.com/yerushalmi/Rosh_Hashanah/1#3-5,Jerusalem_Talmud_Rosh_Hashanah.1.3.5
συνήγορος,Greek,Greek συνήγορος.,https://chavrutai.com/yerushalmi/Rosh_Hashanah/1#3-5,Jerusalem_Talmud_Rosh_Hashanah.1.3.5
κατήγωρ,Greek,"Greek κατήγωρ. A instead reads ספיקטורין which probably is shortened from ספקלטורין, Semitic plural of Latin speculator",https://chavrutai.com/yerushalmi/Rosh_Hashanah/1#3-5,Jerusalem_Talmud_Rosh_Hashanah.1.3.5
speculator,Latin,"Greek κατήγωρ. A instead reads ספיקטורין which probably is shortened from ספקלטורין, Semitic plural of Latin speculator",https://chavrutai.com/yerushalmi/Rosh_Hashanah/1#3-5,Jerusalem_Talmud_Rosh_Hashanah.1.3.5
numerus,Latin,"S. Liebermann follows J. Levy to read one word, Latin numerus",https://chavrutai.com/yerushalmi/Rosh_Hashanah/1#3-6,Jerusalem_Talmud_Rosh_Hashanah.1.3.6
name,Greek,"Since as the Greek name indicates, Pentecost is 50 days after Passover, once Passover is fixed, Pentecost also is fixed. In the pharisaic-rabbinic system, where the count starts on the second day of Passover, Pentecost is the 5th of Sivan if both Nisan and Iyar are 30 days, it is the 6th if one of them (in the computed calendar, Nisan) is 30 days and the other month 29, it is the 7th if both months have 29 days. The lengths of these months are irrelevant for the fixation of Pentecost. Babli 6b; cf. Note 100.",https://chavrutai.com/yerushalmi/Rosh_Hashanah/1#4-2,Jerusalem_Talmud_Rosh_Hashanah.1.4.2
ψη̅φος,Greek,"Greek ψη̅φος “pebble, cube; the stones used for mosaics and tokens used in elections.” Rashi defines as “marbles”.",https://chavrutai.com/yerushalmi/Rosh_Hashanah/1#7-2,Jerusalem_Talmud_Rosh_Hashanah.1.7.2
δα̣δίον,Greek,Krauss conjectures that this is δα̣δίον “pine torch”.,https://chavrutai.com/yerushalmi/Rosh_Hashanah/2#2-2,Jerusalem_Talmud_Rosh_Hashanah.2.2.2
παρά,Greek,"Greek παρά, cf. E. Guggenheimer, H. Guggenheimer, Notes on the Talmudic vocabulary",https://chavrutai.com/yerushalmi/Rosh_Hashanah/2#4-3,Jerusalem_Talmud_Rosh_Hashanah.2.4.3
tabula,Latin,Latin tabula.,https://chavrutai.com/yerushalmi/Rosh_Hashanah/2#6-1,Jerusalem_Talmud_Rosh_Hashanah.2.6.1
̓ιδιώτης,Greek,Who are not trained in astronomy but come to testify. Greek ̓ιδιώτης.,https://chavrutai.com/yerushalmi/Rosh_Hashanah/2#6-1,Jerusalem_Talmud_Rosh_Hashanah.2.6.1
words,Greek,"For the Greek words cf. Chapter 1, Notes 241,242. Babli 26a. The meaning is that since the Golden Calf had the shape of a bovine, it is inappropriate to use any bovine part in connection with prayers for the remission of sins.",https://chavrutai.com/yerushalmi/Rosh_Hashanah/3#2-2,Jerusalem_Talmud_Rosh_Hashanah.3.2.2
πίθος,Greek,Greek πίθος.,https://chavrutai.com/yerushalmi/Rosh_Hashanah/3#7-1,Jerusalem_Talmud_Rosh_Hashanah.3.7.1
γενέσια,Greek,"On the theory that warriors are less vulnerable on their birthday, γενέσια, because the stars of his birth will protect him (and astrology is legitimate for Gentiles.)",https://chavrutai.com/yerushalmi/Rosh_Hashanah/3#8-2,Jerusalem_Talmud_Rosh_Hashanah.3.8.2
triclinium,Latin,Latin triclinium,https://chavrutai.com/yerushalmi/Rosh_Hashanah/4#2-3,Jerusalem_Talmud_Rosh_Hashanah.4.2.3
κοιτών,Greek,Greek κοιτών.,https://chavrutai.com/yerushalmi/Rosh_Hashanah/4#2-3,Jerusalem_Talmud_Rosh_Hashanah.4.2.3
προμετρός,Greek,"Text of the corrector, Greek προμετρός, “trembling”, used in Galen VI, 769, to describe a soft boiled egg with solid egg white but soft yolk which trembles if shelled; Mishnah Nedarim",https://chavrutai.com/yerushalmi/Rosh_Hashanah/4#10-2,Jerusalem_Talmud_Rosh_Hashanah.4.10.2
σημεῑον,Greek,Greek σημεῑον.,https://chavrutai.com/yerushalmi/Taanit/1#1-1,Jerusalem_Talmud_Taanit.1.1.1
παράκλητος,Greek,Greek παράκλητος.,https://chavrutai.com/yerushalmi/Taanit/1#1-2,Jerusalem_Talmud_Taanit.1.1.2
νάρθηξ,Greek,"Greek νάρθηξ, a plant (Ferula communis",https://chavrutai.com/yerushalmi/Taanit/1#1-5,Jerusalem_Talmud_Taanit.1.1.5
διαθήκη,Greek,Greek διαθήκη.,https://chavrutai.com/yerushalmi/Taanit/1#1-6,Jerusalem_Talmud_Taanit.1.1.6
σημεῑον,Greek,Greek σημεῑον.,https://chavrutai.com/yerushalmi/Taanit/1#1-12,Jerusalem_Talmud_Taanit.1.1.12
χάραξ,Greek,"Since in his time, at the start of the military anarchy, Rome was not fortified, the reference must be to the seat of the Roman government. Greek χάραξ “palisades”.",https://chavrutai.com/yerushalmi/Taanit/1#1-16,Jerusalem_Talmud_Taanit.1.1.16
σημεῑον,Greek,Greek σημεῑον.,https://chavrutai.com/yerushalmi/Taanit/1#2-2,Jerusalem_Talmud_Taanit.1.2.2
τιμή,Greek,Greek τιμή.,https://chavrutai.com/yerushalmi/Taanit/1#4-5,Jerusalem_Talmud_Taanit.1.4.5
παντόκακος,Greek,"Greek παντόκακος, “all bad”.",https://chavrutai.com/yerushalmi/Taanit/1#4-6,Jerusalem_Talmud_Taanit.1.4.6
θέατρον,Greek,Greek θέατρον.,https://chavrutai.com/yerushalmi/Taanit/1#4-6,Jerusalem_Talmud_Taanit.1.4.6
βαβούλια,Greek,Greek βαβούλια (Liebermann.) The Hebrew word is misspelled in the editio princeps,https://chavrutai.com/yerushalmi/Taanit/1#4-6,Jerusalem_Talmud_Taanit.1.4.6
impilia,Latin,"Latin impilia, -ium",https://chavrutai.com/yerushalmi/Taanit/1#6-8,Jerusalem_Talmud_Taanit.1.6.8
ασθενής,Greek,"Greek ʼασθενής. Since the rules of not wearing leather shoes are rabbinic, they are waved for health reasons.",https://chavrutai.com/yerushalmi/Taanit/1#6-8,Jerusalem_Talmud_Taanit.1.6.8
σημεῑον,Greek,Greek σημεῑον.,https://chavrutai.com/yerushalmi/Taanit/1#8-1,Jerusalem_Talmud_Taanit.1.8.1
ιδιώτης,Greek,"Greek ʼιδιώτης “individual”, a term for the unlearned. One greats them in a weak voice, not to be impolite but hinting that greeting is undesirable on this day. “Fellow” is the appellation of a person careful (and therefore knowledgeable) in matters of tithes and impurity, cf. Introduction to Tractate Demay.",https://chavrutai.com/yerushalmi/Taanit/1#8-4,Jerusalem_Talmud_Taanit.1.8.4
δήλωμα,Greek,Greek δήλωμα. A shortened version is in Thr. rabba,https://chavrutai.com/yerushalmi/Taanit/2#1-8,Jerusalem_Talmud_Taanit.2.1.8
συνηγορία,Greek,Greek συνηγορία.,https://chavrutai.com/yerushalmi/Taanit/2#4-2,Jerusalem_Talmud_Taanit.2.4.2
διπλωματάριον,Greek,Explained as Greek διπλωματάριον.,https://chavrutai.com/yerushalmi/Taanit/2#6-2,Jerusalem_Talmud_Taanit.2.6.2
carruca,Latin,Latin carruca,https://chavrutai.com/yerushalmi/Taanit/2#12-3,Jerusalem_Talmud_Taanit.2.12.3
κοντός,Greek,Greek κοντός.,https://chavrutai.com/yerushalmi/Taanit/2#12-3,Jerusalem_Talmud_Taanit.2.12.3
θέρμος,Greek,"First R. Bevai asked whether he could go home and break the fast before sundown. This was denied, but R. Yasa said, he had some lupines, (Greek θέρμος) animal feed which is turned into human food by extended cooking. Since the lupines would not be edible before nightfall, R. Bevai concluded that he was told that practice is to keep fasting into the Sabbath.",https://chavrutai.com/yerushalmi/Taanit/2#14-3,Jerusalem_Talmud_Taanit.2.14.3
mulus,Latin,Latin mulus,https://chavrutai.com/yerushalmi/Taanit/3#1-3,Jerusalem_Talmud_Taanit.3.1.3
parum,Latin,"Since every incidence of blight is a focus of infection, dispersed incidences of blight are much more dangerous. “Less” is Latin parum",https://chavrutai.com/yerushalmi/Taanit/3#7-2,Jerusalem_Talmud_Taanit.3.7.2
government,Greek,"In the Babli 28a, the story is told of the Roman government “acting in the manner of Jeroboam”. In the Tosephta 3:7 it is “Greek government acting in the manner of Jeroboam.” In both Babylonian sources the occurrences are dated to the Second commonwealth, which is a more reasonable scenario.",https://chavrutai.com/yerushalmi/Taanit/4#4-3,Jerusalem_Talmud_Taanit.4.4.3
uncia,Latin,Latin uncia,https://chavrutai.com/yerushalmi/Taanit/4#5-2,Jerusalem_Talmud_Taanit.4.5.2
σημεῑον,Greek,Greek σημεῑον.,https://chavrutai.com/yerushalmi/Taanit/4#5-5,Jerusalem_Talmud_Taanit.4.5.5
στρατιά,Greek,Greek στρατιά.,https://chavrutai.com/yerushalmi/Taanit/4#5-13,Jerusalem_Talmud_Taanit.4.5.13
βουλευτής,Greek,Greek βουλευτής.,https://chavrutai.com/yerushalmi/Taanit/4#5-14,Jerusalem_Talmud_Taanit.4.5.14
άρχων,Greek,"Greek ʼάρχων, - οντος.",https://chavrutai.com/yerushalmi/Taanit/4#5-14,Jerusalem_Talmud_Taanit.4.5.14
οντος,Greek,"Greek ʼάρχων, - οντος.",https://chavrutai.com/yerushalmi/Taanit/4#5-14,Jerusalem_Talmud_Taanit.4.5.14
ου,Greek,Greek ου ʼσία.,https://chavrutai.com/yerushalmi/Taanit/4#5-14,Jerusalem_Talmud_Taanit.4.5.14
σία,Greek,Greek ου ʼσία.,https://chavrutai.com/yerushalmi/Taanit/4#5-14,Jerusalem_Talmud_Taanit.4.5.14
ωνή,Greek,A Semitic form of Greek ʼωνή.,https://chavrutai.com/yerushalmi/Taanit/4#5-14,Jerusalem_Talmud_Taanit.4.5.14
ξέστης,Greek,Possibly Greek ξέστης; in both Talmudim the equivalent of a log,https://chavrutai.com/yerushalmi/Taanit/4#6-5,Jerusalem_Talmud_Taanit.4.6.5
χάραξ,Greek,Greek χάραξ “palisade”.,https://chavrutai.com/yerushalmi/Megillah/1#1-1,Jerusalem_Talmud_Megillah.1.1.1
αυτονομία,Greek,Greek ʼαυτονομία.,https://chavrutai.com/yerushalmi/Megillah/1#1-4,Jerusalem_Talmud_Megillah.1.1.4
λάγηνος,Greek,"Greek λάγηνος, Latin lagena",https://chavrutai.com/yerushalmi/Megillah/1#4-14,Jerusalem_Talmud_Megillah.1.4.14
lagena,Latin,"Greek λάγηνος, Latin lagena",https://chavrutai.com/yerushalmi/Megillah/1#4-14,Jerusalem_Talmud_Megillah.1.4.14
αρχεῑον,Greek,Greek ’αρχεῑον.,https://chavrutai.com/yerushalmi/Megillah/1#5-3,Jerusalem_Talmud_Megillah.1.5.3
λοπάς,Greek,Greek λοπάς.,https://chavrutai.com/yerushalmi/Megillah/1#7-2,Jerusalem_Talmud_Megillah.1.7.2
letters,Greek,"In translation, not in phonetic transcription into Greek letters as in Origenes’s Hexapla.",https://chavrutai.com/yerushalmi/Megillah/1#9-1,Jerusalem_Talmud_Megillah.1.9.1
συμφωνία,Greek,"Greek συμφωνία. It is \_/-shaped, having the two mouth pieces close together but the bodies of the flutes diverging.",https://chavrutai.com/yerushalmi/Megillah/1#9-9,Jerusalem_Talmud_Megillah.1.9.9
root,Greek,Hebrew verb built on a Greek root; cf. Berakhot,https://chavrutai.com/yerushalmi/Megillah/1#10-7,Jerusalem_Talmud_Megillah.1.10.7
speakers,Greek,"This refers to the statement in the Mishnah that Greek speakers satisfy their obligation by hearing the Megillah read in Greek translation. This implies that it must be read from a Greek text, not being freely translated from a Hebrew text; but writing a Greek text is not permitted as explained in this paragraph. Babli Šabbat",https://chavrutai.com/yerushalmi/Megillah/2#1-4,Jerusalem_Talmud_Megillah.2.1.4
translation,Greek,"This refers to the statement in the Mishnah that Greek speakers satisfy their obligation by hearing the Megillah read in Greek translation. This implies that it must be read from a Greek text, not being freely translated from a Hebrew text; but writing a Greek text is not permitted as explained in this paragraph. Babli Šabbat",https://chavrutai.com/yerushalmi/Megillah/2#1-4,Jerusalem_Talmud_Megillah.2.1.4
text,Greek,"This refers to the statement in the Mishnah that Greek speakers satisfy their obligation by hearing the Megillah read in Greek translation. This implies that it must be read from a Greek text, not being freely translated from a Hebrew text; but writing a Greek text is not permitted as explained in this paragraph. Babli Šabbat",https://chavrutai.com/yerushalmi/Megillah/2#1-4,Jerusalem_Talmud_Megillah.2.1.4
δίγλωττον,Greek,"No reasonable explanation of this word is known. As far as the meaning is concerned, the most acceptable conjecture is that of Pene Moshe, that the scroll was written in two columns, one in Hebrew square script and the other in Greek; but the word in the text cannot be read δίγλωττον (Brüll). The suggestion by S. Fränkel, to read ’εγένετο, the start of the LXX translation of the masoretic text of Esther, to the exclusion of the apocryphal additions, does not fit the context.",https://chavrutai.com/yerushalmi/Megillah/2#1-4,Jerusalem_Talmud_Megillah.2.1.4
εγένετο,Greek,"No reasonable explanation of this word is known. As far as the meaning is concerned, the most acceptable conjecture is that of Pene Moshe, that the scroll was written in two columns, one in Hebrew square script and the other in Greek; but the word in the text cannot be read δίγλωττον (Brüll). The suggestion by S. Fränkel, to read ’εγένετο, the start of the LXX translation of the masoretic text of Esther, to the exclusion of the apocryphal additions, does not fit the context.",https://chavrutai.com/yerushalmi/Megillah/2#1-4,Jerusalem_Talmud_Megillah.2.1.4
speakers,Greek,"Corrector’s addition which totally misunderstands the text; to be deleted. A person understanding Hebrew must hear the text in Hebrew. As noted in the text, if he speaks both Hebrew and Greek, he must hear the text in Hebrew and cannot read the scroll for Greek speakers ignorant of Hebrew. Only a person ignorant of Hebrew may in public read the Greek text from a bilingual scroll.",https://chavrutai.com/yerushalmi/Megillah/2#1-4,Jerusalem_Talmud_Megillah.2.1.4
text,Greek,"Corrector’s addition which totally misunderstands the text; to be deleted. A person understanding Hebrew must hear the text in Hebrew. As noted in the text, if he speaks both Hebrew and Greek, he must hear the text in Hebrew and cannot read the scroll for Greek speakers ignorant of Hebrew. Only a person ignorant of Hebrew may in public read the Greek text from a bilingual scroll.",https://chavrutai.com/yerushalmi/Megillah/2#1-4,Jerusalem_Talmud_Megillah.2.1.4
χάλκανθος,Greek,Greek χάλκανθος.,https://chavrutai.com/yerushalmi/Megillah/2#2-1,Jerusalem_Talmud_Megillah.2.2.1
διφθέρα,Greek,Greek διφθέρα.,https://chavrutai.com/yerushalmi/Megillah/2#2-1,Jerusalem_Talmud_Megillah.2.2.1
παρά,Greek,"Greek παρά, cf. E. and H. Guggenheimer, Lešonenu 39 (1975) pp. 60–61.",https://chavrutai.com/yerushalmi/Megillah/2#2-2,Jerusalem_Talmud_Megillah.2.2.2
subsellium,Latin,Latin subsellium,https://chavrutai.com/yerushalmi/Megillah/3#1-7,Jerusalem_Talmud_Megillah.3.1.7
κλιντήρ,Greek,Greek κλιντήρ.,https://chavrutai.com/yerushalmi/Megillah/3#1-7,Jerusalem_Talmud_Megillah.3.1.7
vellum,Latin,Latin vellum,https://chavrutai.com/yerushalmi/Megillah/3#1-7,Jerusalem_Talmud_Megillah.3.1.7
ανθύπατος,Greek,Greek ’ανθύπατος.,https://chavrutai.com/yerushalmi/Megillah/3#2-6,Jerusalem_Talmud_Megillah.3.2.6
compendiarium,Latin,Latin compendiarium,https://chavrutai.com/yerushalmi/Megillah/3#3-1,Jerusalem_Talmud_Megillah.3.3.1
κέντρον,Greek,Greek κέντρον.,https://chavrutai.com/yerushalmi/Megillah/3#7-4,Jerusalem_Talmud_Megillah.3.7.4
collare,Latin,Latin collare,https://chavrutai.com/yerushalmi/Megillah/3#7-6,Jerusalem_Talmud_Megillah.3.7.6
σάβανον,Greek,Greek σάβανον “fine cloth”. It appears that this was a synagogue in Tiberias.,https://chavrutai.com/yerushalmi/Megillah/4#5-3,Jerusalem_Talmud_Megillah.4.5.3
ισάτις,Greek,Greek ’ισάτις.,https://chavrutai.com/yerushalmi/Megillah/4#8-1,Jerusalem_Talmud_Megillah.4.8.1
πολύπους,Greek,"Greek πολύπους “multipede”, according to the commentators of the Babli a putrid growth on the nose which is extremely bad smelling.",https://chavrutai.com/yerushalmi/Chagigah/1#1-19,Jerusalem_Talmud_Chagigah.1.1.19
macellum,Latin,Latin macellum,https://chavrutai.com/yerushalmi/Chagigah/1#2-3,Jerusalem_Talmud_Chagigah.1.2.3
saltuarius,Latin,Identified by S. Liebermann as Latin saltuarius,https://chavrutai.com/yerushalmi/Chagigah/1#7-3,Jerusalem_Talmud_Chagigah.1.7.3
paenula,Latin,May a vow be removed informally or only in a court proceeding with the rabbi sitting as judge? “Robe” is Latin paenula,https://chavrutai.com/yerushalmi/Chagigah/1#8-7,Jerusalem_Talmud_Chagigah.1.8.7
διφθέρα,Greek,Greek διφθέρα.,https://chavrutai.com/yerushalmi/Chagigah/1#8-10,Jerusalem_Talmud_Chagigah.1.8.10
πίναξ,Greek,Greek πίναξ.,https://chavrutai.com/yerushalmi/Chagigah/2#1-4,Jerusalem_Talmud_Chagigah.2.1.4
υποπόδιον,Greek,Greek ‘υποπόδιον.,https://chavrutai.com/yerushalmi/Chagigah/2#1-17,Jerusalem_Talmud_Chagigah.2.1.17
λοπάς,Greek,Greek λοπάς.,https://chavrutai.com/yerushalmi/Chagigah/2#1-17,Jerusalem_Talmud_Chagigah.2.1.17
μέλαθρον,Greek,"Greek μέλαθρον. This not only is a flat piece of wood, it is so heavy that the load of ashes is not noticeable; it causes no impurity by carrying.",https://chavrutai.com/yerushalmi/Chagigah/2#5-5,Jerusalem_Talmud_Chagigah.2.5.5
γύργαθος,Greek,Greek γύργαθος.,https://chavrutai.com/yerushalmi/Chagigah/3#1-2,Jerusalem_Talmud_Chagigah.3.1.2
ψυκτήρ,Greek,"Greek ψυκτήρ, a big metal vessel.",https://chavrutai.com/yerushalmi/Chagigah/3#2-4,Jerusalem_Talmud_Chagigah.3.2.4
ιδιώτης,Greek,Greek ’ιδιώτης.,https://chavrutai.com/yerushalmi/Chagigah/3#3-4,Jerusalem_Talmud_Chagigah.3.3.4
tabula,Latin,Latin tabula,https://chavrutai.com/yerushalmi/Chagigah/3#8-5,Jerusalem_Talmud_Chagigah.3.8.5
κήλων,Greek,Greek κήλων “pump-handle”. Pumping water for intensive agriculture would be excessive work on a holiday.,https://chavrutai.com/yerushalmi/Moed_Katan/1#1-1,Jerusalem_Talmud_Moed_Katan.1.1.1
cataracta,Latin,Latin cataracta,https://chavrutai.com/yerushalmi/Moed_Katan/1#1-4,Jerusalem_Talmud_Moed_Katan.1.1.4
κήλων,Greek,Greek κήλων “pump-handle”. Pumping water for intensive agriculture would be excessive work on a holiday.,https://chavrutai.com/yerushalmi/Moed_Katan/1#1-4,Jerusalem_Talmud_Moed_Katan.1.1.4
piscina,Latin,Latin piscina,https://chavrutai.com/yerushalmi/Moed_Katan/1#1-4,Jerusalem_Talmud_Moed_Katan.1.1.4
γύψος,Greek,Greek γύψος.,https://chavrutai.com/yerushalmi/Moed_Katan/1#2-2,Jerusalem_Talmud_Moed_Katan.1.2.2
πραγματεία,Greek,Greek πραγματεία.,https://chavrutai.com/yerushalmi/Moed_Katan/2#3-2,Jerusalem_Talmud_Moed_Katan.2.3.2
conditum,Latin,Latin conditum (vinum),https://chavrutai.com/yerushalmi/Moed_Katan/2#3-2,Jerusalem_Talmud_Moed_Katan.2.3.2
βουλή,Greek,"Since the Roman government never allowed local taxes, it appointed rich people to the council (βουλή); these had to provide public services at their own expense. To avoid such an onerous leiturgia",https://chavrutai.com/yerushalmi/Moed_Katan/2#3-5,Jerusalem_Talmud_Moed_Katan.2.3.5
archivum,Latin,Latin archivum,https://chavrutai.com/yerushalmi/Moed_Katan/2#4-3,Jerusalem_Talmud_Moed_Katan.2.4.3
διαθήκη,Greek,Greek διαθήκη.,https://chavrutai.com/yerushalmi/Moed_Katan/3#3-1,Jerusalem_Talmud_Moed_Katan.3.3.1
ομολογία,Greek,"Greek ‘ομολογία, “consent”. A joint declaration of payor and payee that the debt is extinguished.",https://chavrutai.com/yerushalmi/Moed_Katan/3#3-3,Jerusalem_Talmud_Moed_Katan.3.3.3
πανδόκιον,Greek,"Greek πανδόκιον. In the quote by Tosaphot 21a (s.v. אלו) “a guest”, even if not in a public inn.",https://chavrutai.com/yerushalmi/Moed_Katan/3#5-26,Jerusalem_Talmud_Moed_Katan.3.5.26
φῦκος,Greek,"Greek φῦκος, Latin fucus",https://chavrutai.com/yerushalmi/Moed_Katan/3#5-27,Jerusalem_Talmud_Moed_Katan.3.5.27
fucus,Latin,"Greek φῦκος, Latin fucus",https://chavrutai.com/yerushalmi/Moed_Katan/3#5-27,Jerusalem_Talmud_Moed_Katan.3.5.27
tabula,Latin,Latin tabula.,https://chavrutai.com/yerushalmi/Moed_Katan/3#7-1,Jerusalem_Talmud_Moed_Katan.3.7.1
scutella,Latin,Latin scutella.,https://chavrutai.com/yerushalmi/Moed_Katan/3#7-1,Jerusalem_Talmud_Moed_Katan.3.7.1
κανοῡν,Greek,Greek κανοῡν.,https://chavrutai.com/yerushalmi/Moed_Katan/3#7-1,Jerusalem_Talmud_Moed_Katan.3.7.1
conditum,Latin,Latin conditum (vinum),https://chavrutai.com/yerushalmi/Moed_Katan/3#7-18,Jerusalem_Talmud_Moed_Katan.3.7.18
επικάρσιον,Greek,"The Kafiyya, Greek ʼεπικάρσιον “striped garment”.",https://chavrutai.com/yerushalmi/Moed_Katan/3#8-5,Jerusalem_Talmud_Moed_Katan.3.8.5
δίαιτα,Greek,Greek δίαιτα.,https://chavrutai.com/yerushalmi/Yevamot/1#6-2,Jerusalem_Talmud_Yevamot.1.6.2
κοινωνία,Greek,"Greek κοινωνία, used by LXX as translation (Lev",https://chavrutai.com/yerushalmi/Yevamot/3#9-4,Jerusalem_Talmud_Yevamot.3.9.4
speakers,Greek,Some Greek speakers.,https://chavrutai.com/yerushalmi/Yevamot/4#2-5,Jerusalem_Talmud_Yevamot.4.2.5
ἰδιώτης,Greek,Greek ἰδιώτης.,https://chavrutai.com/yerushalmi/Yevamot/6#2-1,Jerusalem_Talmud_Yevamot.6.2.1
ὑποθήκη,Greek,Greek ὑποθήκη “mortgage”.,https://chavrutai.com/yerushalmi/Yevamot/7#1-4,Jerusalem_Talmud_Yevamot.7.1.4
ὀρχίς,Greek,"The word אורכניס. has a number of explanations in the dictionaries which do not fit since they denote persons of high social standing. It is difficult to see how a foundling can be a son of a “ruler” (Mussaphia) or a “chief leader” (Kohut), etc. According to the context, one may translate בן not as “son” but “endowed with a certain quality” and take אורכניס as a composite of Greek ὀρχίς “testicles”, such as ὀρχιπέδη “restraint of testicles, impotence” (E. G.).",https://chavrutai.com/yerushalmi/Yevamot/8#1-10,Jerusalem_Talmud_Yevamot.8.1.10
ὀρχιπέδη,Greek,"The word אורכניס. has a number of explanations in the dictionaries which do not fit since they denote persons of high social standing. It is difficult to see how a foundling can be a son of a “ruler” (Mussaphia) or a “chief leader” (Kohut), etc. According to the context, one may translate בן not as “son” but “endowed with a certain quality” and take אורכניס as a composite of Greek ὀρχίς “testicles”, such as ὀρχιπέδη “restraint of testicles, impotence” (E. G.).",https://chavrutai.com/yerushalmi/Yevamot/8#1-10,Jerusalem_Talmud_Yevamot.8.1.10
tiro,Latin,"In modern Hebrew טִירוֹנוּת, from Latin tiro",https://chavrutai.com/yerushalmi/Yevamot/8#3-11,Jerusalem_Talmud_Yevamot.8.3.11
conditum,Latin,Latin conditum,https://chavrutai.com/yerushalmi/Yevamot/10#7-4,Jerusalem_Talmud_Yevamot.10.7.4
σημεῖον,Greek,"Greek σημεῖον “sign, marker”.",https://chavrutai.com/yerushalmi/Yevamot/10#7-6,Jerusalem_Talmud_Yevamot.10.7.6
impilia,Latin,"Latin impilia, ium",https://chavrutai.com/yerushalmi/Yevamot/12#1-1,Jerusalem_Talmud_Yevamot.12.1.1
σάνδαλον,Greek,"Made of a single piece of hard leather covering the sole and some of the sides of the foot, held together with shoe laces fastened tightly over the foot.Greek σάνδαλον, τό. The word might have been imported with the article from farther East.",https://chavrutai.com/yerushalmi/Yevamot/12#1-1,Jerusalem_Talmud_Yevamot.12.1.1
τό,Greek,"Made of a single piece of hard leather covering the sole and some of the sides of the foot, held together with shoe laces fastened tightly over the foot.Greek σάνδαλον, τό. The word might have been imported with the article from farther East.",https://chavrutai.com/yerushalmi/Yevamot/12#1-1,Jerusalem_Talmud_Yevamot.12.1.1
sources,Greek,"In Greek sources, Nisibis; the important border town between the Roman and Persian Empires, seat of the rabbinic family Bene Bathyra for many generations.",https://chavrutai.com/yerushalmi/Yevamot/12#1-8,Jerusalem_Talmud_Yevamot.12.1.8
κόθορνος,Greek,"A kind of sandal. There is no convincing identification of this word either in Persian or in a Western language. The best so far is I. Löw’s Greek κόθορνος, Latin cothurnus",https://chavrutai.com/yerushalmi/Yevamot/12#1-16,Jerusalem_Talmud_Yevamot.12.1.16
cothurnus,Latin,"A kind of sandal. There is no convincing identification of this word either in Persian or in a Western language. The best so far is I. Löw’s Greek κόθορνος, Latin cothurnus",https://chavrutai.com/yerushalmi/Yevamot/12#1-16,Jerusalem_Talmud_Yevamot.12.1.16
μολόχη,Greek,"Reading with I. Löw מלכניקי, Arabic ملو خيا “corchorus olitorius”, a kitchen vegetable, relative of jute. He derives the name from Greek μολόχη “mallow”. In the Babli, Sabbath",https://chavrutai.com/yerushalmi/Yevamot/12#2-5,Jerusalem_Talmud_Yevamot.12.2.5
βῆμα,Greek,Greek βῆμα “speaker’s platform”.,https://chavrutai.com/yerushalmi/Yevamot/12#6-6,Jerusalem_Talmud_Yevamot.12.6.6
κοσμίδια,Greek,Greek κοσμίδια “jewelry”.,https://chavrutai.com/yerushalmi/Yevamot/13#2-2,Jerusalem_Talmud_Yevamot.13.2.2
πρόσωπος,Greek,"Greek πρόσωπος, ὁ, πρόσωπον, τό, “face, front, Mask, bust” (meanings also found in Hebrew and Aramaic), also in Greek “dramatic or legal person, portrait”. Since the Yerushalmi expresses only long vowels by writtern letters, the spelling in the Mishnah would permit a vocalization of פּרֳצוֹפּ but Manadaic פארצופא confirms the spelling pronunication parṣuf",https://chavrutai.com/yerushalmi/Yevamot/16#3-1,Jerusalem_Talmud_Yevamot.16.3.1
ὁ,Greek,"Greek πρόσωπος, ὁ, πρόσωπον, τό, “face, front, Mask, bust” (meanings also found in Hebrew and Aramaic), also in Greek “dramatic or legal person, portrait”. Since the Yerushalmi expresses only long vowels by writtern letters, the spelling in the Mishnah would permit a vocalization of פּרֳצוֹפּ but Manadaic פארצופא confirms the spelling pronunication parṣuf",https://chavrutai.com/yerushalmi/Yevamot/16#3-1,Jerusalem_Talmud_Yevamot.16.3.1
πρόσωπον,Greek,"Greek πρόσωπος, ὁ, πρόσωπον, τό, “face, front, Mask, bust” (meanings also found in Hebrew and Aramaic), also in Greek “dramatic or legal person, portrait”. Since the Yerushalmi expresses only long vowels by writtern letters, the spelling in the Mishnah would permit a vocalization of פּרֳצוֹפּ but Manadaic פארצופא confirms the spelling pronunication parṣuf",https://chavrutai.com/yerushalmi/Yevamot/16#3-1,Jerusalem_Talmud_Yevamot.16.3.1
τό,Greek,"Greek πρόσωπος, ὁ, πρόσωπον, τό, “face, front, Mask, bust” (meanings also found in Hebrew and Aramaic), also in Greek “dramatic or legal person, portrait”. Since the Yerushalmi expresses only long vowels by writtern letters, the spelling in the Mishnah would permit a vocalization of פּרֳצוֹפּ but Manadaic פארצופא confirms the spelling pronunication parṣuf",https://chavrutai.com/yerushalmi/Yevamot/16#3-1,Jerusalem_Talmud_Yevamot.16.3.1
σπλήνιον,Greek,"Greek σπλήνιον, Latin splenium,",https://chavrutai.com/yerushalmi/Yevamot/16#3-2,Jerusalem_Talmud_Yevamot.16.3.2
splenium,Latin,"Greek σπλήνιον, Latin splenium,",https://chavrutai.com/yerushalmi/Yevamot/16#3-2,Jerusalem_Talmud_Yevamot.16.3.2
γαλήνη,Greek,"Greek γαλήνη, ἡ “stillness of the sea”. In Erubin 4:1 (fol. 21d) הים גלנו, Greek γαληνὸς, όν “calm (adj.)”.",https://chavrutai.com/yerushalmi/Yevamot/16#4-3,Jerusalem_Talmud_Yevamot.16.4.3
ἡ,Greek,"Greek γαλήνη, ἡ “stillness of the sea”. In Erubin 4:1 (fol. 21d) הים גלנו, Greek γαληνὸς, όν “calm (adj.)”.",https://chavrutai.com/yerushalmi/Yevamot/16#4-3,Jerusalem_Talmud_Yevamot.16.4.3
γαληνὸς,Greek,"Greek γαλήνη, ἡ “stillness of the sea”. In Erubin 4:1 (fol. 21d) הים גלנו, Greek γαληνὸς, όν “calm (adj.)”.",https://chavrutai.com/yerushalmi/Yevamot/16#4-3,Jerusalem_Talmud_Yevamot.16.4.3
όν,Greek,"Greek γαλήνη, ἡ “stillness of the sea”. In Erubin 4:1 (fol. 21d) הים גלנו, Greek γαληνὸς, όν “calm (adj.)”.",https://chavrutai.com/yerushalmi/Yevamot/16#4-3,Jerusalem_Talmud_Yevamot.16.4.3
commentarienses,Latin,Latin commentarienses,https://chavrutai.com/yerushalmi/Yevamot/16#5-2,Jerusalem_Talmud_Yevamot.16.5.2
τρυγητής,Greek,"Greek τρυγητής, from τρύγη, ἡ, “crop, vintage; dryness”. It means that there are women who are congenitally unable to bleed. (In this and similar discussions it is always assumed that the causes of menstrual bleeding and bleeding when the hymen is torn are the same.)",https://chavrutai.com/yerushalmi/Ketubot/1#1-15,Jerusalem_Talmud_Ketubot.1.1.15
τρύγη,Greek,"Greek τρυγητής, from τρύγη, ἡ, “crop, vintage; dryness”. It means that there are women who are congenitally unable to bleed. (In this and similar discussions it is always assumed that the causes of menstrual bleeding and bleeding when the hymen is torn are the same.)",https://chavrutai.com/yerushalmi/Ketubot/1#1-15,Jerusalem_Talmud_Ketubot.1.1.15
ἡ,Greek,"Greek τρυγητής, from τρύγη, ἡ, “crop, vintage; dryness”. It means that there are women who are congenitally unable to bleed. (In this and similar discussions it is always assumed that the causes of menstrual bleeding and bleeding when the hymen is torn are the same.)",https://chavrutai.com/yerushalmi/Ketubot/1#1-15,Jerusalem_Talmud_Ketubot.1.1.15
στρατιώτης,Greek,"Greek στρατιώτης. In the considerably toned down version of the Babli, 3b, it was only the general, ἡγεμών, who would exercise a ius primae noctis",https://chavrutai.com/yerushalmi/Ketubot/1#5-2,Jerusalem_Talmud_Ketubot.1.5.2
ἡγεμών,Greek,"Greek στρατιώτης. In the considerably toned down version of the Babli, 3b, it was only the general, ἡγεμών, who would exercise a ius primae noctis",https://chavrutai.com/yerushalmi/Ketubot/1#5-2,Jerusalem_Talmud_Ketubot.1.5.2
μάγειρος,Greek,"Greek μάγειρος, ὁ, “cook, butcher”.",https://chavrutai.com/yerushalmi/Ketubot/1#5-2,Jerusalem_Talmud_Ketubot.1.5.2
ὁ,Greek,"Greek μάγειρος, ὁ, “cook, butcher”.",https://chavrutai.com/yerushalmi/Ketubot/1#5-2,Jerusalem_Talmud_Ketubot.1.5.2
ἐπίτροπος,Greek,"The formulation in the Babli (13b) and the Tosephta (1:6) is: “There does not exist a guardian against illicit sex.” In Babli and Tosephta this belongs to R. Joshua’s argument. For Greek ἐπίτροπος “guardian, administrator”, cf. Bikkurim",https://chavrutai.com/yerushalmi/Ketubot/1#8-3,Jerusalem_Talmud_Ketubot.1.8.3
κρήνη,Greek,"Greek κρήνη “well, source” (in the Hebrew transliteration, read י for ו.) The translator of the LXX books of Kings uses the word for בְּרֵיכָה “pond”.In the Babli, 14b/15a, the statement is used in an argument that R. Joshua will agree with R. Yose only in this case when the rape happened at a place where not only the inhabitants of the city but all travelers congregate and it was known that at that point in time only qualified people travelled there. One cannot read the Babli’s interpretation into the Yerushalmi text.",https://chavrutai.com/yerushalmi/Ketubot/1#10-2,Jerusalem_Talmud_Ketubot.1.10.2
πλατεῖα,Greek,"Greek πλατεῖα, cf. Berakhot",https://chavrutai.com/yerushalmi/Ketubot/1#10-4,Jerusalem_Talmud_Ketubot.1.10.4
ὑμέναιοι,Greek,"As explained in Chapter 1, Note 65, originally a virgin was led to her husband’s house with ὑμέναιοι “wedding songs”. After the war of Bar Kokhba, when these songs were forbidden (Soṭah",https://chavrutai.com/yerushalmi/Ketubot/2#1-5,Jerusalem_Talmud_Ketubot.2.1.5
πίστις,Greek,"Greek πίστις “trust, credit, credence” (in the editio princeps",https://chavrutai.com/yerushalmi/Ketubot/2#3-5,Jerusalem_Talmud_Ketubot.2.3.5
χαράκωμα,Greek,Greek χαράκωμα “palisade”.,https://chavrutai.com/yerushalmi/Ketubot/2#9-1,Jerusalem_Talmud_Ketubot.2.9.1
λῃστής,Greek,Greek λῃστής.,https://chavrutai.com/yerushalmi/Ketubot/2#9-3,Jerusalem_Talmud_Ketubot.2.9.3
ὑμέναιοι,Greek,"As explained in Chapter 1, Note 65, originally a virgin was led to her husband’s house with ὑμέναιοι “wedding songs”. After the war of Bar Kokhba, when these songs were forbidden (Soṭah",https://chavrutai.com/yerushalmi/Ketubot/2#10-1,Jerusalem_Talmud_Ketubot.2.10.1
τρικλίνιον,Greek,"Greek τρικλίνιον, cf. Berakhot",https://chavrutai.com/yerushalmi/Ketubot/4#7-2,Jerusalem_Talmud_Ketubot.4.7.2
κοιτών,Greek,Greek κοιτών.,https://chavrutai.com/yerushalmi/Ketubot/4#7-2,Jerusalem_Talmud_Ketubot.4.7.2
φερνή,Greek,"Greek φερνή “nuptual gift” used as synonym with ketubah,",https://chavrutai.com/yerushalmi/Ketubot/4#13-2,Jerusalem_Talmud_Ketubot.4.13.2
θεμελίωσις,Greek,"Greek θεμελίωσις “basis”. The acquisition of valuables by speech has no basis in the rabbinic legal system; nevertheless, it is subject to detailed rules. In the Babli, loc.",https://chavrutai.com/yerushalmi/Ketubot/5#1-4,Jerusalem_Talmud_Ketubot.5.1.4
καθέδρα,Greek,Greek καθέδρα “chair”. “Sitting in a καθέδρα” means “sitting idle”.,https://chavrutai.com/yerushalmi/Ketubot/5#6-1,Jerusalem_Talmud_Ketubot.5.6.1
τροπαϊκόν,Greek,"Late classical Greek τροπαϊκόν, τό, “a half denarius” defined in the Babli (64a) as στατήρ (name introduced by Alexander the Great for a gold coin but used in later antiquity for silver didrachmas of varying standards, i. e„ half a sela",https://chavrutai.com/yerushalmi/Ketubot/5#8-1,Jerusalem_Talmud_Ketubot.5.8.1
τό,Greek,"Late classical Greek τροπαϊκόν, τό, “a half denarius” defined in the Babli (64a) as στατήρ (name introduced by Alexander the Great for a gold coin but used in later antiquity for silver didrachmas of varying standards, i. e„ half a sela",https://chavrutai.com/yerushalmi/Ketubot/5#8-1,Jerusalem_Talmud_Ketubot.5.8.1
στατήρ,Greek,"Late classical Greek τροπαϊκόν, τό, “a half denarius” defined in the Babli (64a) as στατήρ (name introduced by Alexander the Great for a gold coin but used in later antiquity for silver didrachmas of varying standards, i. e„ half a sela",https://chavrutai.com/yerushalmi/Ketubot/5#8-1,Jerusalem_Talmud_Ketubot.5.8.1
τά,Greek,"Greek τά παράφερνα, “additions to the dowry which the bride brings”. This corresponds to תּוֹסֶפֶת כְּתוּבָּה, the amounts the husband promises his wife for her dowry over and above the legal minimum of 200/100 zuz",https://chavrutai.com/yerushalmi/Ketubot/5#8-3,Jerusalem_Talmud_Ketubot.5.8.3
παράφερνα,Greek,"Greek τά παράφερνα, “additions to the dowry which the bride brings”. This corresponds to תּוֹסֶפֶת כְּתוּבָּה, the amounts the husband promises his wife for her dowry over and above the legal minimum of 200/100 zuz",https://chavrutai.com/yerushalmi/Ketubot/5#8-3,Jerusalem_Talmud_Ketubot.5.8.3
φερνή,Greek,"Greek φερνή “dowry”. In Halakhah 7:7, the word is used in the meaning of ketubah",https://chavrutai.com/yerushalmi/Ketubot/6#1-4,Jerusalem_Talmud_Ketubot.6.1.4
capillitium,Latin,The word was identified by Musaphia as Latin capillitium.,https://chavrutai.com/yerushalmi/Ketubot/7#6-4,Jerusalem_Talmud_Ketubot.7.6.4
πολύπους,Greek,"Greek πολύπους “many-footed”, a cancerous growth in the nose (according to the Babli, 77a, an evil smelling growth.)",https://chavrutai.com/yerushalmi/Ketubot/7#9-1,Jerusalem_Talmud_Ketubot.7.9.1
ῥέω,Greek,Usually derived somehow from Greek ῥέω “to flow”.,https://chavrutai.com/yerushalmi/Ketubot/7#9-3,Jerusalem_Talmud_Ketubot.7.9.3
πύξινον,Greek,Greek πύξινον “box-tree”.,https://chavrutai.com/yerushalmi/Ketubot/7#9-3,Jerusalem_Talmud_Ketubot.7.9.3
ἐπίτροπος,Greek,To administer his properties. The word is the feminine form to masc. Greek ἐπίτροπος; cf. Mishnah Bikkurim,https://chavrutai.com/yerushalmi/Ketubot/9#4-1,Jerusalem_Talmud_Ketubot.9.4.1
διατάγματα,Greek,Greek διατάγματα; in Roman praxis referring to edicts of the emperor or the provincial prefect. The corresponding Aramaic word דִּין מוּגְמָרִין in the Ketubot,https://chavrutai.com/yerushalmi/Ketubot/9#8-4,Jerusalem_Talmud_Ketubot.9.8.4
κῆρυξ,Greek,"The verb כרז “to announce” is formed from Greek κῆρυξ “herald”. Public announcements were usually made Mondays and Thursdays, the market days.",https://chavrutai.com/yerushalmi/Ketubot/9#8-4,Jerusalem_Talmud_Ketubot.9.8.4
ὁμολογία,Greek,"Greek ὁμολογία “consensus”, a joint statement of payor and payee.",https://chavrutai.com/yerushalmi/Ketubot/9#9-2,Jerusalem_Talmud_Ketubot.9.9.2
annona,Latin,Latin annona,https://chavrutai.com/yerushalmi/Ketubot/10#5-2,Jerusalem_Talmud_Ketubot.10.5.2
ἀναφορά,Greek,"Greek ἀναφορά “report, listing”. In the opinion of A. Gulak, this is the yearly tax which people paid who had the right to farm imperial domains in perpetuity; cf. S. Lieberman, תוספתא כפשוטה מעשר שני, p. 710.",https://chavrutai.com/yerushalmi/Ketubot/10#5-2,Jerusalem_Talmud_Ketubot.10.5.2
θησαυριστής,Greek,Musaphia identifies the word טסורא with Greek θησαυριστής “collector”. The parallel words in the Midrashim seem to be corrupted.,https://chavrutai.com/yerushalmi/Ketubot/11#3-3,Jerusalem_Talmud_Ketubot.11.3.3
πλατεῖα,Greek,Greek πλατεῖα “open place”.,https://chavrutai.com/yerushalmi/Sotah/1#2-4,Jerusalem_Talmud_Sotah.1.2.4
κεντρόω,Greek,"Greek κεντρόω, cf. Berakhot",https://chavrutai.com/yerushalmi/Sotah/1#4-5,Jerusalem_Talmud_Sotah.1.4.5
πραγματεία,Greek,"Greek πραγματεία “business, affairs, work”.",https://chavrutai.com/yerushalmi/Sotah/1#4-5,Jerusalem_Talmud_Sotah.1.4.5
catella,Latin,Semitic plural of Latin catella,https://chavrutai.com/yerushalmi/Sotah/1#6-1,Jerusalem_Talmud_Sotah.1.6.1
λόγχη,Greek,Hebraized plural of Greek λόγχη “lance”.,https://chavrutai.com/yerushalmi/Sotah/1#8-1,Jerusalem_Talmud_Sotah.1.8.1
ἔπαρχος,Greek,Greek ἔπαρχος.,https://chavrutai.com/yerushalmi/Sotah/1#10-5,Jerusalem_Talmud_Sotah.1.10.5
alica,Latin,"J. Levy, supported by H. L. Fleischer, sees in חילקה Latin alica, halica",https://chavrutai.com/yerushalmi/Sotah/2#1-10,Jerusalem_Talmud_Sotah.2.1.10
τράγος,Greek,"Greek τράγος, “spelt (or other grains); goat”. Latin tragos, tragum",https://chavrutai.com/yerushalmi/Sotah/2#1-10,Jerusalem_Talmud_Sotah.2.1.10
tragos,Latin,"Greek τράγος, “spelt (or other grains); goat”. Latin tragos, tragum",https://chavrutai.com/yerushalmi/Sotah/2#1-10,Jerusalem_Talmud_Sotah.2.1.10
ptisana,Latin,"Latin “barley groats, pearl barley; barley water”; originally Latin ptisana",https://chavrutai.com/yerushalmi/Sotah/2#1-10,Jerusalem_Talmud_Sotah.2.1.10
φιάλη,Greek,Greek φιάλη.,https://chavrutai.com/yerushalmi/Sotah/2#2-1,Jerusalem_Talmud_Sotah.2.2.1
commis,Latin,"Latin commis, gummi",https://chavrutai.com/yerushalmi/Sotah/2#4-1,Jerusalem_Talmud_Sotah.2.4.1
χάλκανθον,Greek,Greek χάλκανθον. Rashi (Erubin,https://chavrutai.com/yerushalmi/Sotah/2#4-5,Jerusalem_Talmud_Sotah.2.4.5
φερνή,Greek,Greek φερνή “dowry”.,https://chavrutai.com/yerushalmi/Sotah/3#4-11,Jerusalem_Talmud_Sotah.3.4.11
ἑλληνιστί,Greek,"Greek ἑλληνιστί, adv., “in the Greek language”, here probably Judeo-Greek. [The final ן might indicate a nasal pronuciation]. In Tanḥuma",https://chavrutai.com/yerushalmi/Sotah/7#1-5,Jerusalem_Talmud_Sotah.7.1.5
language,Greek,"Greek ἑλληνιστί, adv., “in the Greek language”, here probably Judeo-Greek. [The final ן might indicate a nasal pronuciation]. In Tanḥuma",https://chavrutai.com/yerushalmi/Sotah/7#1-5,Jerusalem_Talmud_Sotah.7.1.5
notarius,Latin,Latin notarius,https://chavrutai.com/yerushalmi/Sotah/7#5-2,Jerusalem_Talmud_Sotah.7.5.2
ἀπόφασις,Greek,"Greek ἀπόφασις “judgment, sentence”.",https://chavrutai.com/yerushalmi/Sotah/7#5-2,Jerusalem_Talmud_Sotah.7.5.2
στήλη,Greek,"Greek στήλη. For the use of steles in ancient synagogues, cf. י. בראבד, ״איצטלין״, לשוננו 32 תשכח-1968 ע׳ 276.",https://chavrutai.com/yerushalmi/Sotah/7#5-3,Jerusalem_Talmud_Sotah.7.5.3
κύριος,Greek,“The Lord” אֲדוֹנָי or κύριος.,https://chavrutai.com/yerushalmi/Sotah/7#6-1,Jerusalem_Talmud_Sotah.7.6.1
βῆμα,Greek,Greek βῆμα.,https://chavrutai.com/yerushalmi/Sotah/7#7-1,Jerusalem_Talmud_Sotah.7.7.1
θυρεός,Greek,"Greek θυρεός, ὁ; “oblong shield”; shutter, stone put against a door”, from where modern Hebrew “shutter”.",https://chavrutai.com/yerushalmi/Sotah/8#3-1,Jerusalem_Talmud_Sotah.8.3.1
ὁ,Greek,"Greek θυρεός, ὁ; “oblong shield”; shutter, stone put against a door”, from where modern Hebrew “shutter”.",https://chavrutai.com/yerushalmi/Sotah/8#3-1,Jerusalem_Talmud_Sotah.8.3.1
caliga,Latin,"Latin caliga, -ae",https://chavrutai.com/yerushalmi/Sotah/8#3-1,Jerusalem_Talmud_Sotah.8.3.1
turma,Latin,Latin turma,https://chavrutai.com/yerushalmi/Sotah/8#3-2,Jerusalem_Talmud_Sotah.8.3.2
ballista,Latin,"Latin ballista, ballistra",https://chavrutai.com/yerushalmi/Sotah/8#3-2,Jerusalem_Talmud_Sotah.8.3.2
tormentum,Latin,Latin tormentum,https://chavrutai.com/yerushalmi/Sotah/8#3-2,Jerusalem_Talmud_Sotah.8.3.2
σάλπιγξ,Greek,"In a Genizah fragment, כנגד סלפידס שלהן. One might read סַלְפִּידְס for Greek σάλπιγξ “heavenly trumpet, thunder”. This fits much better to “thunder” than the “torches” of both mss.",https://chavrutai.com/yerushalmi/Sotah/8#3-2,Jerusalem_Talmud_Sotah.8.3.2
signum,Latin,Latin signum,https://chavrutai.com/yerushalmi/Sotah/8#3-2,Jerusalem_Talmud_Sotah.8.3.2
τετράγωνον,Greek,"Greek τετράγωνον “a square”. He seems to think that the tablets were cubes, an opinion not found elsewhere.",https://chavrutai.com/yerushalmi/Sotah/8#3-11,Jerusalem_Talmud_Sotah.8.3.11
γλωσσόκομον,Greek,"Read גלוסקום for גלוסקוס; Greek γλωσσόκομον “case, covering, chest”.",https://chavrutai.com/yerushalmi/Sotah/8#3-12,Jerusalem_Talmud_Sotah.8.3.12
ἐξέδρα,Greek,"Greek ἐξέδρα, cf. Ma‘serot",https://chavrutai.com/yerushalmi/Sotah/8#4-2,Jerusalem_Talmud_Sotah.8.4.2
ἐξέδρα,Greek,"Greek ἐξέδρα, cf. Ma‘serot",https://chavrutai.com/yerushalmi/Sotah/8#7-1,Jerusalem_Talmud_Sotah.8.7.1
λῃστής,Greek,"Greek λῃστής, “robber”.",https://chavrutai.com/yerushalmi/Sotah/9#10-3,Jerusalem_Talmud_Sotah.9.10.3
epithalamium,Greek,Lewd language being a regular feature of the Greek epithalamium.,https://chavrutai.com/yerushalmi/Sotah/9#12-3,Jerusalem_Talmud_Sotah.9.12.3
κάμινος,Greek,"Greek κάμινος, ἡ, “oven, furnace, kiln.”",https://chavrutai.com/yerushalmi/Sotah/9#12-4,Jerusalem_Talmud_Sotah.9.12.4
ἡ,Greek,"Greek κάμινος, ἡ, “oven, furnace, kiln.”",https://chavrutai.com/yerushalmi/Sotah/9#12-4,Jerusalem_Talmud_Sotah.9.12.4
πίναξ,Greek,"A writing tablet of two smooth wooden plates hinged together and covered with wax. Greek πίναξ, - ακος, ὁ, “board, plank, anything made of wood; writing tablet, catalogs, etc.”",https://chavrutai.com/yerushalmi/Sotah/9#13-5,Jerusalem_Talmud_Sotah.9.13.5
ακος,Greek,"A writing tablet of two smooth wooden plates hinged together and covered with wax. Greek πίναξ, - ακος, ὁ, “board, plank, anything made of wood; writing tablet, catalogs, etc.”",https://chavrutai.com/yerushalmi/Sotah/9#13-5,Jerusalem_Talmud_Sotah.9.13.5
ὁ,Greek,"A writing tablet of two smooth wooden plates hinged together and covered with wax. Greek πίναξ, - ακος, ὁ, “board, plank, anything made of wood; writing tablet, catalogs, etc.”",https://chavrutai.com/yerushalmi/Sotah/9#13-5,Jerusalem_Talmud_Sotah.9.13.5
πραγματεία,Greek,"Greek πραγματεία, ἡ, “occupation, business, diligent study, prosecution of business”.",https://chavrutai.com/yerushalmi/Sotah/9#13-7,Jerusalem_Talmud_Sotah.9.13.7
ἡ,Greek,"Greek πραγματεία, ἡ, “occupation, business, diligent study, prosecution of business”.",https://chavrutai.com/yerushalmi/Sotah/9#13-7,Jerusalem_Talmud_Sotah.9.13.7
κοιτών,Greek,"קיטונתה is usually derived from Greek κοιτών “bedroom”, Syriac קיטונא “room”. In Babli and independent Mishnah he is called קטונתא “the little one”, because, according to some mss., he was the most insignificant of the pious. It is more than likely that the Yerushalmi קיטונתה is identical with קטונתא except for the addition of a stray י. This is accepted in the translation. Other Babli mss. and early medieval authors also call him “the concentrate of piety”.",https://chavrutai.com/yerushalmi/Sotah/9#16-1,Jerusalem_Talmud_Sotah.9.16.1
πίναξ,Greek,"Greek πίναξ, cf. Soṭah",https://chavrutai.com/yerushalmi/Nedarim/1#1-13,Jerusalem_Talmud_Nedarim.1.1.13
βουλή,Greek,Greek βουλή.,https://chavrutai.com/yerushalmi/Nedarim/3#2-8,Jerusalem_Talmud_Nedarim.3.2.8
κοσμίδιον,Greek,"J. Levy in his Dictionary refers to κοσμίδιον (κόσμιον) “jewellery” in Du Cange’s Greek glossary. S. Lieberman (הירושלמי כפשוטו2, New York -Jerusalem 1995, p. ח) thinks that this refers to professional dancers at weddings.",https://chavrutai.com/yerushalmi/Nedarim/4#1-3,Jerusalem_Talmud_Nedarim.4.1.3
κόσμιον,Greek,"J. Levy in his Dictionary refers to κοσμίδιον (κόσμιον) “jewellery” in Du Cange’s Greek glossary. S. Lieberman (הירושלמי כפשוטו2, New York -Jerusalem 1995, p. ח) thinks that this refers to professional dancers at weddings.",https://chavrutai.com/yerushalmi/Nedarim/4#1-3,Jerusalem_Talmud_Nedarim.4.1.3
glossary,Greek,"J. Levy in his Dictionary refers to κοσμίδιον (κόσμιον) “jewellery” in Du Cange’s Greek glossary. S. Lieberman (הירושלמי כפשוטו2, New York -Jerusalem 1995, p. ח) thinks that this refers to professional dancers at weddings.",https://chavrutai.com/yerushalmi/Nedarim/4#1-3,Jerusalem_Talmud_Nedarim.4.1.3
conditum,Latin,Latin conditum vinum,https://chavrutai.com/yerushalmi/Nedarim/4#4-5,Jerusalem_Talmud_Nedarim.4.4.5
castra,Latin,"Latin castra, -orum, n",https://chavrutai.com/yerushalmi/Nedarim/4#9-2,Jerusalem_Talmud_Nedarim.4.9.2
ἔπαρχος,Greek,"Greek ἔπαρχος, equivalent of Latin praefectus",https://chavrutai.com/yerushalmi/Nedarim/4#9-2,Jerusalem_Talmud_Nedarim.4.9.2
praefectus,Latin,"Greek ἔπαρχος, equivalent of Latin praefectus",https://chavrutai.com/yerushalmi/Nedarim/4#9-2,Jerusalem_Talmud_Nedarim.4.9.2
ψῆφος,Greek,"Greek ψῆφος. If at some time they decide to mark the borders between the domains belonging to the different houses by rows of pebbles cemented into the ground, this amounts to a division of the common property and the rabbis will not hold that a formal contract is needed to disestablish the former common domain. (In modern Hebrew, the word means “mosaic”.)",https://chavrutai.com/yerushalmi/Nedarim/5#1-2,Jerusalem_Talmud_Nedarim.5.1.2
κυβευτής,Greek,"Perhaps Greek κυβευτής, ὁ “gambler”. (In rabbinic practice, a professional gambler is inadmissible as a witness.)",https://chavrutai.com/yerushalmi/Nedarim/5#4-4,Jerusalem_Talmud_Nedarim.5.4.4
ὁ,Greek,"Perhaps Greek κυβευτής, ὁ “gambler”. (In rabbinic practice, a professional gambler is inadmissible as a witness.)",https://chavrutai.com/yerushalmi/Nedarim/5#4-4,Jerusalem_Talmud_Nedarim.5.4.4
ἑφθά,Greek,"Galen VI, 769 distinguishes kinds of eggs: ἑφθά “hard boiled”, τρομητά “trembling”, i. e. with solid egg white but soft yolk, which tremble if shelled, ῥοφητά “soft”, which can be sipped. In contrast to the Yerushalmi which identifies the last two kinds, the Babli (50b) on the testimony of Samuel, a medical doctor, defines a trometa",https://chavrutai.com/yerushalmi/Nedarim/6#1-1,Jerusalem_Talmud_Nedarim.6.1.1
τρομητά,Greek,"Galen VI, 769 distinguishes kinds of eggs: ἑφθά “hard boiled”, τρομητά “trembling”, i. e. with solid egg white but soft yolk, which tremble if shelled, ῥοφητά “soft”, which can be sipped. In contrast to the Yerushalmi which identifies the last two kinds, the Babli (50b) on the testimony of Samuel, a medical doctor, defines a trometa",https://chavrutai.com/yerushalmi/Nedarim/6#1-1,Jerusalem_Talmud_Nedarim.6.1.1
ῥοφητά,Greek,"Galen VI, 769 distinguishes kinds of eggs: ἑφθά “hard boiled”, τρομητά “trembling”, i. e. with solid egg white but soft yolk, which tremble if shelled, ῥοφητά “soft”, which can be sipped. In contrast to the Yerushalmi which identifies the last two kinds, the Babli (50b) on the testimony of Samuel, a medical doctor, defines a trometa",https://chavrutai.com/yerushalmi/Nedarim/6#1-1,Jerusalem_Talmud_Nedarim.6.1.1
ἴτριον,Greek,"Greek ἴτριον, cf. Ḥallah 1, Note 178. The dough must still be so soft that it must be put into a pitta to be eaten.",https://chavrutai.com/yerushalmi/Nedarim/6#1-6,Jerusalem_Talmud_Nedarim.6.1.6
ἑφθά,Greek,"Galen VI, 769 distinguishes kinds of eggs: ἑφθά “hard boiled”, τρομητά “trembling”, i. e. with solid egg white but soft yolk, which tremble if shelled, ῥοφητά “soft”, which can be sipped. In contrast to the Yerushalmi which identifies the last two kinds, the Babli (50b) on the testimony of Samuel, a medical doctor, defines a trometa",https://chavrutai.com/yerushalmi/Nedarim/6#1-7,Jerusalem_Talmud_Nedarim.6.1.7
τρομητά,Greek,"Galen VI, 769 distinguishes kinds of eggs: ἑφθά “hard boiled”, τρομητά “trembling”, i. e. with solid egg white but soft yolk, which tremble if shelled, ῥοφητά “soft”, which can be sipped. In contrast to the Yerushalmi which identifies the last two kinds, the Babli (50b) on the testimony of Samuel, a medical doctor, defines a trometa",https://chavrutai.com/yerushalmi/Nedarim/6#1-7,Jerusalem_Talmud_Nedarim.6.1.7
ῥοφητά,Greek,"Galen VI, 769 distinguishes kinds of eggs: ἑφθά “hard boiled”, τρομητά “trembling”, i. e. with solid egg white but soft yolk, which tremble if shelled, ῥοφητά “soft”, which can be sipped. In contrast to the Yerushalmi which identifies the last two kinds, the Babli (50b) on the testimony of Samuel, a medical doctor, defines a trometa",https://chavrutai.com/yerushalmi/Nedarim/6#1-7,Jerusalem_Talmud_Nedarim.6.1.7
λοπάς,Greek,Greek λοπάς; cf. Peah,https://chavrutai.com/yerushalmi/Nedarim/6#2-3,Jerusalem_Talmud_Nedarim.6.2.3
muries,Latin,Latin muries,https://chavrutai.com/yerushalmi/Nedarim/6#3-1,Jerusalem_Talmud_Nedarim.6.3.1
χαλκίς,Greek,"Greek χαλκίς, -ίδος “pilchard, sardine”.",https://chavrutai.com/yerushalmi/Nedarim/6#3-3,Jerusalem_Talmud_Nedarim.6.3.3
ίδος,Greek,"Greek χαλκίς, -ίδος “pilchard, sardine”.",https://chavrutai.com/yerushalmi/Nedarim/6#3-3,Jerusalem_Talmud_Nedarim.6.3.3
vs,Greek,"The case of leeks is different from the other cases in the Mishnah since it is not question of a composite name but of Greek vs. Hebrew name. Therefore, at a place where allium capitatum",https://chavrutai.com/yerushalmi/Nedarim/6#8-2,Jerusalem_Talmud_Nedarim.6.8.2
βουλευταί,Greek,"Greek βουλευταί, cf. Peah",https://chavrutai.com/yerushalmi/Nedarim/6#8-14,Jerusalem_Talmud_Nedarim.6.8.14
ἀσπαραγός,Greek,"Greek ἀσπαραγός “shoot of edible vegetable”, used here in the restricted sense of cabbage shoot.",https://chavrutai.com/yerushalmi/Nedarim/6#9-1,Jerusalem_Talmud_Nedarim.6.9.1
condition,Latin,Latin condition (vinum,https://chavrutai.com/yerushalmi/Nedarim/6#9-2,Jerusalem_Talmud_Nedarim.6.9.2
πωμάριον,Greek,"Neither the family of plants אפומלייא nor the individual plants mentioned here have been determined, except for the last one. In Arabic, נבע is a tree from which arrows and bows are made. {Perhaps cf. Greek πωμάριον, τό, Latin pomarium",https://chavrutai.com/yerushalmi/Nedarim/7#1-4,Jerusalem_Talmud_Nedarim.7.1.4
τό,Greek,"Neither the family of plants אפומלייא nor the individual plants mentioned here have been determined, except for the last one. In Arabic, נבע is a tree from which arrows and bows are made. {Perhaps cf. Greek πωμάριον, τό, Latin pomarium",https://chavrutai.com/yerushalmi/Nedarim/7#1-4,Jerusalem_Talmud_Nedarim.7.1.4
pomarium,Latin,"Neither the family of plants אפומלייא nor the individual plants mentioned here have been determined, except for the last one. In Arabic, נבע is a tree from which arrows and bows are made. {Perhaps cf. Greek πωμάριον, τό, Latin pomarium",https://chavrutai.com/yerushalmi/Nedarim/7#1-4,Jerusalem_Talmud_Nedarim.7.1.4
πωμάριον,Greek,"Neither the family of plants אפומלייא nor the individual plants mentioned here have been determined, except for the last one. In Arabic, נבע is a tree from which arrows and bows are made. {Perhaps cf. Greek πωμάριον, τό, Latin pomarium",https://chavrutai.com/yerushalmi/Nedarim/7#1-5,Jerusalem_Talmud_Nedarim.7.1.5
τό,Greek,"Neither the family of plants אפומלייא nor the individual plants mentioned here have been determined, except for the last one. In Arabic, נבע is a tree from which arrows and bows are made. {Perhaps cf. Greek πωμάριον, τό, Latin pomarium",https://chavrutai.com/yerushalmi/Nedarim/7#1-5,Jerusalem_Talmud_Nedarim.7.1.5
pomarium,Latin,"Neither the family of plants אפומלייא nor the individual plants mentioned here have been determined, except for the last one. In Arabic, נבע is a tree from which arrows and bows are made. {Perhaps cf. Greek πωμάριον, τό, Latin pomarium",https://chavrutai.com/yerushalmi/Nedarim/7#1-5,Jerusalem_Talmud_Nedarim.7.1.5
κολοκασία,Greek,"Colocasia, Greek κολοκασία, Arabic קֻלקָאס. Its root is used to produce a kind of flour in Africa; hence, it is an intermediate between a vegetable and a legume. The only problem is that of vows (e. g., if a person makes a vow to abstain from vegetables), since in matters of vows one does not follow technical usage but the meaning in local dialects. Hence, there may be places where taro is commonly subsumed under vegetables and other places where it is not.",https://chavrutai.com/yerushalmi/Nedarim/7#1-5,Jerusalem_Talmud_Nedarim.7.1.5
scortea,Latin,"Latin scortea, sc. vestis.",https://chavrutai.com/yerushalmi/Nedarim/7#3-2,Jerusalem_Talmud_Nedarim.7.3.2
feminalia,Latin,"By consensus of the moderns, from Buxtorf to Lieberman, this is Latin feminalia, -ium, n.,",https://chavrutai.com/yerushalmi/Nedarim/7#3-2,Jerusalem_Talmud_Nedarim.7.3.2
funda,Latin,"Latin funda,",https://chavrutai.com/yerushalmi/Nedarim/7#3-2,Jerusalem_Talmud_Nedarim.7.3.2
custodia,Latin,"Reading with Jastrow and Krauss קֻסְטוֹדִייָה for קֻסְטוֹרִייָה, Latin custodia",https://chavrutai.com/yerushalmi/Nedarim/9#1-5,Jerusalem_Talmud_Nedarim.9.1.5
κώρυκος,Greek,Aramaic plural of Greek κώρυκος “leather bag”.,https://chavrutai.com/yerushalmi/Nedarim/9#4-4,Jerusalem_Talmud_Nedarim.9.4.4
ὑποθήκη,Greek,Greek ὑποθήκη; cf. Yebamot,https://chavrutai.com/yerushalmi/Nedarim/9#4-4,Jerusalem_Talmud_Nedarim.9.4.4
κέλευσις,Greek,"Greek κέλευσις “command, order”.",https://chavrutai.com/yerushalmi/Nedarim/9#4-4,Jerusalem_Talmud_Nedarim.9.4.4
ταμεῖον,Greek,"Greek ταμεῖον “treasure, storage”, used in the sense of the king’s treasury. The mixture of Aramaic and Greek in this popular tale may be an example of “hellenistic speech”; cf. Sota",https://chavrutai.com/yerushalmi/Nedarim/9#4-4,Jerusalem_Talmud_Nedarim.9.4.4
φαινόλης,Greek,"Must the rabbi always be wrapped in his robe (Note 106)? The word פלונס parallels Syriac פלימנא, פילמנא, Greek φαινόλης (φαιλόνης) παινόλης, Latin paenula",https://chavrutai.com/yerushalmi/Nedarim/10#8-12,Jerusalem_Talmud_Nedarim.10.8.12
φαιλόνης,Greek,"Must the rabbi always be wrapped in his robe (Note 106)? The word פלונס parallels Syriac פלימנא, פילמנא, Greek φαινόλης (φαιλόνης) παινόλης, Latin paenula",https://chavrutai.com/yerushalmi/Nedarim/10#8-12,Jerusalem_Talmud_Nedarim.10.8.12
παινόλης,Greek,"Must the rabbi always be wrapped in his robe (Note 106)? The word פלונס parallels Syriac פלימנא, פילמנא, Greek φαινόλης (φαιλόνης) παινόλης, Latin paenula",https://chavrutai.com/yerushalmi/Nedarim/10#8-12,Jerusalem_Talmud_Nedarim.10.8.12
paenula,Latin,"Must the rabbi always be wrapped in his robe (Note 106)? The word פלונס parallels Syriac פלימנא, פילמנא, Greek φαινόλης (φαιλόνης) παινόλης, Latin paenula",https://chavrutai.com/yerushalmi/Nedarim/10#8-12,Jerusalem_Talmud_Nedarim.10.8.12
πόποι,Greek,"Greek πόποι is classically an exclamation of surprise, anger, pain, etc.; it is later explained as “divinities, gods”. While the husband avoided using Hebrew or Aramaic expressions for God’s name, the Greek in this case has the meaning of “God of Israel”; this classifies the act as an oath, which R. Yasa refused to annul. The husband swore that his wife should no longer enter his house, i. e., he forced himself to divorce her and pay her the divorce settlement.",https://chavrutai.com/yerushalmi/Nedarim/11#1-3,Jerusalem_Talmud_Nedarim.11.1.3
σιτοδόκη,Greek,"The word is explained as a contraction from סִיטוֹדָקֵּי, Greek σιτοδόκη “granary”. The grocer sells grain from his container.",https://chavrutai.com/yerushalmi/Nedarim/11#2-2,Jerusalem_Talmud_Nedarim.11.2.2
ξένος,Greek,"Greek ξένος “stranger, host”.",https://chavrutai.com/yerushalmi/Nedarim/11#2-2,Jerusalem_Talmud_Nedarim.11.2.2
κολλίκιον,Greek,"In the opinion of S. Fraenkel κολλίκιον, diminutive of Greek κόλλιξ “large round bread”.",https://chavrutai.com/yerushalmi/Nedarim/11#2-3,Jerusalem_Talmud_Nedarim.11.2.3
κόλλιξ,Greek,"In the opinion of S. Fraenkel κολλίκιον, diminutive of Greek κόλλιξ “large round bread”.",https://chavrutai.com/yerushalmi/Nedarim/11#2-3,Jerusalem_Talmud_Nedarim.11.2.3
στρατιώτης,Greek,"Greek στρατιώτης, “warrior, commander”.",https://chavrutai.com/yerushalmi/Nedarim/11#12-2,Jerusalem_Talmud_Nedarim.11.12.2
usage,Latin,"Compare Latin usage to replace 19 by 20-1, etc.",https://chavrutai.com/yerushalmi/Nazir/3#2-1,Jerusalem_Talmud_Nazir.3.2.1
χάρτης,Greek,"Greek χάρτης, Latin charta",https://chavrutai.com/yerushalmi/Nazir/5#1-9,Jerusalem_Talmud_Nazir.5.1.9
charta,Latin,"Greek χάρτης, Latin charta",https://chavrutai.com/yerushalmi/Nazir/5#1-9,Jerusalem_Talmud_Nazir.5.1.9
κιλίκιον,Greek,"קליקין is usually explained as κιλίκιον, τό “coarse cloth (of Cilician goat’s hair); covering used by soldiers and seamen”, but in this case (and the related one in Mishnah Miqwa’ot",https://chavrutai.com/yerushalmi/Nazir/6#3-8,Jerusalem_Talmud_Nazir.6.3.8
τό,Greek,"קליקין is usually explained as κιλίκιον, τό “coarse cloth (of Cilician goat’s hair); covering used by soldiers and seamen”, but in this case (and the related one in Mishnah Miqwa’ot",https://chavrutai.com/yerushalmi/Nazir/6#3-8,Jerusalem_Talmud_Nazir.6.3.8
νομή,Greek,Greek νομή “cancerous growth”.,https://chavrutai.com/yerushalmi/Nazir/7#1-4,Jerusalem_Talmud_Nazir.7.1.4
μέλαθρον,Greek,"Greek μέλαθρον “roof-tree, beam, roof”.",https://chavrutai.com/yerushalmi/Nazir/7#3-4,Jerusalem_Talmud_Nazir.7.3.4
στρατιώτης,Greek,Greek στρατιώτης.,https://chavrutai.com/yerushalmi/Nazir/8#1-10,Jerusalem_Talmud_Nazir.8.1.10
Λύκος,Greek,"If the names sound Roman, it does not mean anything. In the Babli, 11b, R. Joḥanan notes that if a Gentile name is known to be used by Jews, the matter does not have to be investigated. Examples given in the Babli are Λύκος “wolf”, a frequent substitute for Benjamin (Gen",https://chavrutai.com/yerushalmi/Gittin/1#1-4,Jerusalem_Talmud_Gittin.1.1.4
Ὶουδαϊκός,Greek,"Greek Ὶουδαϊκός, -ή, -όν “Jewish”. If the names of the witnesses are Gentile, some indication of this being a purely Jewish document is needed since all documents executed in a Gentile court are valid except bills of divorce.",https://chavrutai.com/yerushalmi/Gittin/1#1-4,Jerusalem_Talmud_Gittin.1.1.4
ή,Greek,"Greek Ὶουδαϊκός, -ή, -όν “Jewish”. If the names of the witnesses are Gentile, some indication of this being a purely Jewish document is needed since all documents executed in a Gentile court are valid except bills of divorce.",https://chavrutai.com/yerushalmi/Gittin/1#1-4,Jerusalem_Talmud_Gittin.1.1.4
όν,Greek,"Greek Ὶουδαϊκός, -ή, -όν “Jewish”. If the names of the witnesses are Gentile, some indication of this being a purely Jewish document is needed since all documents executed in a Gentile court are valid except bills of divorce.",https://chavrutai.com/yerushalmi/Gittin/1#1-4,Jerusalem_Talmud_Gittin.1.1.4
τὰ,Greek,"The Gentile court usually is ערכי, Greek τὰ ἀρχεῖα “public records, archives.” For ערכאות compare τὸ ἀρχεῖον “town hall”.",https://chavrutai.com/yerushalmi/Gittin/1#4-1,Jerusalem_Talmud_Gittin.1.4.1
ἀρχεῖα,Greek,"The Gentile court usually is ערכי, Greek τὰ ἀρχεῖα “public records, archives.” For ערכאות compare τὸ ἀρχεῖον “town hall”.",https://chavrutai.com/yerushalmi/Gittin/1#4-1,Jerusalem_Talmud_Gittin.1.4.1
τὸ,Greek,"The Gentile court usually is ערכי, Greek τὰ ἀρχεῖα “public records, archives.” For ערכאות compare τὸ ἀρχεῖον “town hall”.",https://chavrutai.com/yerushalmi/Gittin/1#4-1,Jerusalem_Talmud_Gittin.1.4.1
ἀρχεῖον,Greek,"The Gentile court usually is ערכי, Greek τὰ ἀρχεῖα “public records, archives.” For ערכאות compare τὸ ἀρχεῖον “town hall”.",https://chavrutai.com/yerushalmi/Gittin/1#4-1,Jerusalem_Talmud_Gittin.1.4.1
πίναξ,Greek,"On a wax-covered writing tablet (πίναξ), one writes by engraving. The same is true for writing cuneiform on clay tablets. Therefore, engraving can be called “writing”.",https://chavrutai.com/yerushalmi/Gittin/2#3-2,Jerusalem_Talmud_Gittin.2.3.2
μυστήριον,Greek,Greek μυστήριον “mystery or secret rite”. In the parallel sources the word is more appropriately the adjective μυστηρικός “of or for mysteries”.,https://chavrutai.com/yerushalmi/Gittin/2#3-2,Jerusalem_Talmud_Gittin.2.3.2
μυστηρικός,Greek,Greek μυστήριον “mystery or secret rite”. In the parallel sources the word is more appropriately the adjective μυστηρικός “of or for mysteries”.,https://chavrutai.com/yerushalmi/Gittin/2#3-2,Jerusalem_Talmud_Gittin.2.3.2
μῆλον,Greek,"This is the meaning of the expression in the Babli, 19a. But the word might also mean “apple juice, fruit juice”, from Greek μῆλον “apple, or other fruit”.",https://chavrutai.com/yerushalmi/Gittin/2#3-2,Jerusalem_Talmud_Gittin.2.3.2
νάρθηξ,Greek,Greek νάρθηξ; cf. Berakhot,https://chavrutai.com/yerushalmi/Gittin/2#3-8,Jerusalem_Talmud_Gittin.2.3.8
γλωσσόκομον,Greek,"Greek γλωσσόκομον “case, box, chest”.",https://chavrutai.com/yerushalmi/Gittin/3#3-1,Jerusalem_Talmud_Gittin.3.3.1
ὠνή,Greek,"Greek ὠνή “sales contract, purchase”. The outright sale of the slave outside the Land is forbidden.",https://chavrutai.com/yerushalmi/Gittin/4#6-3,Jerusalem_Talmud_Gittin.4.6.3
ἀντίχρησις,Greek,"Greek ἀντίχρησις “loan for use,” reading אנטיכריס for אנטריס, which is possible in such a heavily Babylonized text. An antichretic loan is a loan in which the creditor obtains the use of the mortgaged object, and the rental fee, instead of being paid to the borrower, is used to amortize the loan (cf. Taubenschlag, Note 104, p. 218, on antichretic loans of slaves.) Since the slave remains the property of the owner, there is no sale. J. N. Epstein points out that R. Immi in Baba Meṣi‘a",https://chavrutai.com/yerushalmi/Gittin/4#6-3,Jerusalem_Talmud_Gittin.4.6.3
παραχώρησις,Greek,"Greek παραχώρησις “cession, surrender, assignment.” Rabbinic law accepts the division between possession (possessio) and ownership (dominium) found in Ptolemaic and Roman law. Parachoresis means handing over the pledge (in this case, the slave) by the debtor to the creditor for possession to be turned into ownership if the debtor fails to repay the loan. It is now stated that the sale of the slave in form of a fictitious chattel mortgage (when the owner of the slave has no intention to repay the sum he received) is of questionable character; it would be valid if the owner had the intention of repaying the loan and taking back his slave since, as antichresis shows, the (temporary) transfer of possessions without transfer of ownership is perfectly legal. Cf. Taubenschlag, pp. 172,316. (In an earlier article, Epstein had read ἐπίχειρον “wages, pay of manual labor”.)",https://chavrutai.com/yerushalmi/Gittin/4#6-3,Jerusalem_Talmud_Gittin.4.6.3
ἐπίχειρον,Greek,"Greek παραχώρησις “cession, surrender, assignment.” Rabbinic law accepts the division between possession (possessio) and ownership (dominium) found in Ptolemaic and Roman law. Parachoresis means handing over the pledge (in this case, the slave) by the debtor to the creditor for possession to be turned into ownership if the debtor fails to repay the loan. It is now stated that the sale of the slave in form of a fictitious chattel mortgage (when the owner of the slave has no intention to repay the sum he received) is of questionable character; it would be valid if the owner had the intention of repaying the loan and taking back his slave since, as antichresis shows, the (temporary) transfer of possessions without transfer of ownership is perfectly legal. Cf. Taubenschlag, pp. 172,316. (In an earlier article, Epstein had read ἐπίχειρον “wages, pay of manual labor”.)",https://chavrutai.com/yerushalmi/Gittin/4#6-3,Jerusalem_Talmud_Gittin.4.6.3
ἐπίτροπος,Greek,"Greek ἐπίτροπος, cf. Bikkurim",https://chavrutai.com/yerushalmi/Gittin/5#4-1,Jerusalem_Talmud_Gittin.5.4.1
ἀναφορά,Greek,"A. Gulak has shown that ἀναφορά (“offering, installment, means of repairing a deficiency”) was the equivalent of Roman vectigal",https://chavrutai.com/yerushalmi/Gittin/5#7-3,Jerusalem_Talmud_Gittin.5.7.3
γραμμάριον,Greek,"Greek γραμμάριον, the equivalent of Latin scrupulus",https://chavrutai.com/yerushalmi/Gittin/5#7-7,Jerusalem_Talmud_Gittin.5.7.7
scrupulus,Latin,"Greek γραμμάριον, the equivalent of Latin scrupulus",https://chavrutai.com/yerushalmi/Gittin/5#7-7,Jerusalem_Talmud_Gittin.5.7.7
ἀποίητος,Greek,"The uncommon Semitic word פָּעוּט is compared to Greek ἀποίητος “artless”, παιδία “childhood”. (Explanation of H. L. Fleischer.) S. Lieberman (Tosephta kiFshutah",https://chavrutai.com/yerushalmi/Gittin/5#8-2,Jerusalem_Talmud_Gittin.5.8.2
παιδία,Greek,"The uncommon Semitic word פָּעוּט is compared to Greek ἀποίητος “artless”, παιδία “childhood”. (Explanation of H. L. Fleischer.) S. Lieberman (Tosephta kiFshutah",https://chavrutai.com/yerushalmi/Gittin/5#8-2,Jerusalem_Talmud_Gittin.5.8.2
νόμος,Greek,Greek νόμος.,https://chavrutai.com/yerushalmi/Gittin/6#5-1,Jerusalem_Talmud_Gittin.6.5.1
collare,Latin,Latin collare,https://chavrutai.com/yerushalmi/Gittin/6#5-1,Jerusalem_Talmud_Gittin.6.5.1
κορδακικός,Greek,"The word קורדייקוס is taken as Greek κορδακικός “staggering, making drunken movements,” derived from κόρδαξ, Latin cordax",https://chavrutai.com/yerushalmi/Gittin/7#1-1,Jerusalem_Talmud_Gittin.7.1.1
κόρδαξ,Greek,"The word קורדייקוס is taken as Greek κορδακικός “staggering, making drunken movements,” derived from κόρδαξ, Latin cordax",https://chavrutai.com/yerushalmi/Gittin/7#1-1,Jerusalem_Talmud_Gittin.7.1.1
cordax,Latin,"The word קורדייקוס is taken as Greek κορδακικός “staggering, making drunken movements,” derived from κόρδαξ, Latin cordax",https://chavrutai.com/yerushalmi/Gittin/7#1-1,Jerusalem_Talmud_Gittin.7.1.1
ὕστερος,Greek,"Perhaps compare Greek ὕστερος “later, subsequent” as in combination τῇ ὑστέρῃ προσβολῇ “later, subsequent, conditions added to a document.” (E. G.) Less likely is a relation between the hapax",https://chavrutai.com/yerushalmi/Gittin/7#3-5,Jerusalem_Talmud_Gittin.7.3.5
τῇ,Greek,"Perhaps compare Greek ὕστερος “later, subsequent” as in combination τῇ ὑστέρῃ προσβολῇ “later, subsequent, conditions added to a document.” (E. G.) Less likely is a relation between the hapax",https://chavrutai.com/yerushalmi/Gittin/7#3-5,Jerusalem_Talmud_Gittin.7.3.5
ὑστέρῃ,Greek,"Perhaps compare Greek ὕστερος “later, subsequent” as in combination τῇ ὑστέρῃ προσβολῇ “later, subsequent, conditions added to a document.” (E. G.) Less likely is a relation between the hapax",https://chavrutai.com/yerushalmi/Gittin/7#3-5,Jerusalem_Talmud_Gittin.7.3.5
προσβολῇ,Greek,"Perhaps compare Greek ὕστερος “later, subsequent” as in combination τῇ ὑστέρῃ προσβολῇ “later, subsequent, conditions added to a document.” (E. G.) Less likely is a relation between the hapax",https://chavrutai.com/yerushalmi/Gittin/7#3-5,Jerusalem_Talmud_Gittin.7.3.5
adjective,Latin,Rashba reads: R. Bun. [Compare the Latin adjective vivus,https://chavrutai.com/yerushalmi/Gittin/7#3-5,Jerusalem_Talmud_Gittin.7.3.5
κάρυον,Greek,"Arabic فندق, from Greek κάρυον ποντικόν “Pontic (Black Sea) nut”.",https://chavrutai.com/yerushalmi/Gittin/7#4-2,Jerusalem_Talmud_Gittin.7.4.2
ποντικόν,Greek,"Arabic فندق, from Greek κάρυον ποντικόν “Pontic (Black Sea) nut”.",https://chavrutai.com/yerushalmi/Gittin/7#4-2,Jerusalem_Talmud_Gittin.7.4.2
στολίς,Greek,"Greek στολίς, στολή “garment” also “equipment, arms, etc.” Can the rabbinic Hebrew כֵּלִי “garment” (for biblical “vessel, equipment, arms”) be induced by analogy with the Greek (E. G.)? In Latin stola",https://chavrutai.com/yerushalmi/Gittin/7#5-1,Jerusalem_Talmud_Gittin.7.5.1
στολή,Greek,"Greek στολίς, στολή “garment” also “equipment, arms, etc.” Can the rabbinic Hebrew כֵּלִי “garment” (for biblical “vessel, equipment, arms”) be induced by analogy with the Greek (E. G.)? In Latin stola",https://chavrutai.com/yerushalmi/Gittin/7#5-1,Jerusalem_Talmud_Gittin.7.5.1
stola,Latin,"Greek στολίς, στολή “garment” also “equipment, arms, etc.” Can the rabbinic Hebrew כֵּלִי “garment” (for biblical “vessel, equipment, arms”) be induced by analogy with the Greek (E. G.)? In Latin stola",https://chavrutai.com/yerushalmi/Gittin/7#5-1,Jerusalem_Talmud_Gittin.7.5.1
τὸ,Greek,"Greek τὸ σύμφωνον “(written) agreement”. In general, a preliminary marriage was concluded by an act of the male, with passive acceptance by the female. Since a preliminary marriage can also be effected by contract (Mishnah Qiddušin",https://chavrutai.com/yerushalmi/Gittin/7#6-3,Jerusalem_Talmud_Gittin.7.6.3
σύμφωνον,Greek,"Greek τὸ σύμφωνον “(written) agreement”. In general, a preliminary marriage was concluded by an act of the male, with passive acceptance by the female. Since a preliminary marriage can also be effected by contract (Mishnah Qiddušin",https://chavrutai.com/yerushalmi/Gittin/7#6-3,Jerusalem_Talmud_Gittin.7.6.3
σύμφωνον,Greek,"The condition has to be formulated not for the male, who actively has to take the woman in and therefore can claim unavoidable circumstances, but for the passive female. Since the contract is σύμφωνον, a mutual agreement, she gives her passive acceptance of the preliminary marriage only on condition that she be definitively married by a fixed date. If she refuses her agreement, no preliminary marriage is possible and no bill of divorce due.",https://chavrutai.com/yerushalmi/Gittin/7#6-3,Jerusalem_Talmud_Gittin.7.6.3
κάλαθος,Greek,"Greek κάλαθος “wicker-basket”, e. g., basket for wool.",https://chavrutai.com/yerushalmi/Gittin/8#1-1,Jerusalem_Talmud_Gittin.8.1.1
πανδοκεῖον,Greek,Greek πανδοκεῖον.,https://chavrutai.com/yerushalmi/Gittin/8#9-1,Jerusalem_Talmud_Gittin.8.9.1
Ενως,Greek,"The scribe wrote two bills of divorce in two parallel columns. When the witnesses came to sign, they used the space under both columns. Then only the bill whose witnesses sign directly under it is valid since for the other bill the first witness is at least two lines too far away to be counted. The additional complication is that the Hebrew text starts at the right but the Greek text on the left. For example:               bill                                    bill                                                יצחק בן אברהם                                                משה בן עמרםΕνως υἱὸς ΣηθΣημ υἰὸς ΝωεIn this case, if the first two signatures apply to the bill on the right hand side, that bill is valid. If they applied to the bill at the left, both bills would be invalid since the bill is read from the left but the signatures from the right. If each bill carries two signatures, one to be read from the right, the other from the left:               bill                                    bill                                                יצחק בן אברהםΕνως υἱὸς Σηθ                                                משה בן עמרםΣημ υἰὸς Νωεno bill can be read with its signatures and both are invalid. If both Hebrew signatures belong to one bill and both Greek to the other, both bills are still invalid since the second signature is only on the fourth line.",https://chavrutai.com/yerushalmi/Gittin/9#7-1,Jerusalem_Talmud_Gittin.9.7.1
υἱὸς,Greek,"The scribe wrote two bills of divorce in two parallel columns. When the witnesses came to sign, they used the space under both columns. Then only the bill whose witnesses sign directly under it is valid since for the other bill the first witness is at least two lines too far away to be counted. The additional complication is that the Hebrew text starts at the right but the Greek text on the left. For example:               bill                                    bill                                                יצחק בן אברהם                                                משה בן עמרםΕνως υἱὸς ΣηθΣημ υἰὸς ΝωεIn this case, if the first two signatures apply to the bill on the right hand side, that bill is valid. If they applied to the bill at the left, both bills would be invalid since the bill is read from the left but the signatures from the right. If each bill carries two signatures, one to be read from the right, the other from the left:               bill                                    bill                                                יצחק בן אברהםΕνως υἱὸς Σηθ                                                משה בן עמרםΣημ υἰὸς Νωεno bill can be read with its signatures and both are invalid. If both Hebrew signatures belong to one bill and both Greek to the other, both bills are still invalid since the second signature is only on the fourth line.",https://chavrutai.com/yerushalmi/Gittin/9#7-1,Jerusalem_Talmud_Gittin.9.7.1
ΣηθΣημ,Greek,"The scribe wrote two bills of divorce in two parallel columns. When the witnesses came to sign, they used the space under both columns. Then only the bill whose witnesses sign directly under it is valid since for the other bill the first witness is at least two lines too far away to be counted. The additional complication is that the Hebrew text starts at the right but the Greek text on the left. For example:               bill                                    bill                                                יצחק בן אברהם                                                משה בן עמרםΕνως υἱὸς ΣηθΣημ υἰὸς ΝωεIn this case, if the first two signatures apply to the bill on the right hand side, that bill is valid. If they applied to the bill at the left, both bills would be invalid since the bill is read from the left but the signatures from the right. If each bill carries two signatures, one to be read from the right, the other from the left:               bill                                    bill                                                יצחק בן אברהםΕνως υἱὸς Σηθ                                                משה בן עמרםΣημ υἰὸς Νωεno bill can be read with its signatures and both are invalid. If both Hebrew signatures belong to one bill and both Greek to the other, both bills are still invalid since the second signature is only on the fourth line.",https://chavrutai.com/yerushalmi/Gittin/9#7-1,Jerusalem_Talmud_Gittin.9.7.1
υἰὸς,Greek,"The scribe wrote two bills of divorce in two parallel columns. When the witnesses came to sign, they used the space under both columns. Then only the bill whose witnesses sign directly under it is valid since for the other bill the first witness is at least two lines too far away to be counted. The additional complication is that the Hebrew text starts at the right but the Greek text on the left. For example:               bill                                    bill                                                יצחק בן אברהם                                                משה בן עמרםΕνως υἱὸς ΣηθΣημ υἰὸς ΝωεIn this case, if the first two signatures apply to the bill on the right hand side, that bill is valid. If they applied to the bill at the left, both bills would be invalid since the bill is read from the left but the signatures from the right. If each bill carries two signatures, one to be read from the right, the other from the left:               bill                                    bill                                                יצחק בן אברהםΕνως υἱὸς Σηθ                                                משה בן עמרםΣημ υἰὸς Νωεno bill can be read with its signatures and both are invalid. If both Hebrew signatures belong to one bill and both Greek to the other, both bills are still invalid since the second signature is only on the fourth line.",https://chavrutai.com/yerushalmi/Gittin/9#7-1,Jerusalem_Talmud_Gittin.9.7.1
Νωε,Greek,"The scribe wrote two bills of divorce in two parallel columns. When the witnesses came to sign, they used the space under both columns. Then only the bill whose witnesses sign directly under it is valid since for the other bill the first witness is at least two lines too far away to be counted. The additional complication is that the Hebrew text starts at the right but the Greek text on the left. For example:               bill                                    bill                                                יצחק בן אברהם                                                משה בן עמרםΕνως υἱὸς ΣηθΣημ υἰὸς ΝωεIn this case, if the first two signatures apply to the bill on the right hand side, that bill is valid. If they applied to the bill at the left, both bills would be invalid since the bill is read from the left but the signatures from the right. If each bill carries two signatures, one to be read from the right, the other from the left:               bill                                    bill                                                יצחק בן אברהםΕνως υἱὸς Σηθ                                                משה בן עמרםΣημ υἰὸς Νωεno bill can be read with its signatures and both are invalid. If both Hebrew signatures belong to one bill and both Greek to the other, both bills are still invalid since the second signature is only on the fourth line.",https://chavrutai.com/yerushalmi/Gittin/9#7-1,Jerusalem_Talmud_Gittin.9.7.1
Σηθ,Greek,"The scribe wrote two bills of divorce in two parallel columns. When the witnesses came to sign, they used the space under both columns. Then only the bill whose witnesses sign directly under it is valid since for the other bill the first witness is at least two lines too far away to be counted. The additional complication is that the Hebrew text starts at the right but the Greek text on the left. For example:               bill                                    bill                                                יצחק בן אברהם                                                משה בן עמרםΕνως υἱὸς ΣηθΣημ υἰὸς ΝωεIn this case, if the first two signatures apply to the bill on the right hand side, that bill is valid. If they applied to the bill at the left, both bills would be invalid since the bill is read from the left but the signatures from the right. If each bill carries two signatures, one to be read from the right, the other from the left:               bill                                    bill                                                יצחק בן אברהםΕνως υἱὸς Σηθ                                                משה בן עמרםΣημ υἰὸς Νωεno bill can be read with its signatures and both are invalid. If both Hebrew signatures belong to one bill and both Greek to the other, both bills are still invalid since the second signature is only on the fourth line.",https://chavrutai.com/yerushalmi/Gittin/9#7-1,Jerusalem_Talmud_Gittin.9.7.1
Σημ,Greek,"The scribe wrote two bills of divorce in two parallel columns. When the witnesses came to sign, they used the space under both columns. Then only the bill whose witnesses sign directly under it is valid since for the other bill the first witness is at least two lines too far away to be counted. The additional complication is that the Hebrew text starts at the right but the Greek text on the left. For example:               bill                                    bill                                                יצחק בן אברהם                                                משה בן עמרםΕνως υἱὸς ΣηθΣημ υἰὸς ΝωεIn this case, if the first two signatures apply to the bill on the right hand side, that bill is valid. If they applied to the bill at the left, both bills would be invalid since the bill is read from the left but the signatures from the right. If each bill carries two signatures, one to be read from the right, the other from the left:               bill                                    bill                                                יצחק בן אברהםΕνως υἱὸς Σηθ                                                משה בן עמרםΣημ υἰὸς Νωεno bill can be read with its signatures and both are invalid. If both Hebrew signatures belong to one bill and both Greek to the other, both bills are still invalid since the second signature is only on the fourth line.",https://chavrutai.com/yerushalmi/Gittin/9#7-1,Jerusalem_Talmud_Gittin.9.7.1
text,Greek,"The scribe wrote two bills of divorce in two parallel columns. When the witnesses came to sign, they used the space under both columns. Then only the bill whose witnesses sign directly under it is valid since for the other bill the first witness is at least two lines too far away to be counted. The additional complication is that the Hebrew text starts at the right but the Greek text on the left. For example:               bill                                    bill                                                יצחק בן אברהם                                                משה בן עמרםΕνως υἱὸς ΣηθΣημ υἰὸς ΝωεIn this case, if the first two signatures apply to the bill on the right hand side, that bill is valid. If they applied to the bill at the left, both bills would be invalid since the bill is read from the left but the signatures from the right. If each bill carries two signatures, one to be read from the right, the other from the left:               bill                                    bill                                                יצחק בן אברהםΕνως υἱὸς Σηθ                                                משה בן עמרםΣημ υἰὸς Νωεno bill can be read with its signatures and both are invalid. If both Hebrew signatures belong to one bill and both Greek to the other, both bills are still invalid since the second signature is only on the fourth line.",https://chavrutai.com/yerushalmi/Gittin/9#7-1,Jerusalem_Talmud_Gittin.9.7.1
document,Greek,"If judges sign the document, they only certify that it was presented to them and they attest to the genuineness of the signatures. Therefore, judges who do not know Greek can certify Aramaic signatures on a Greek document. But the witnesses testify to the genuineness of the document and they may be called to testify about its meaning; they are prohibited from signing unless they can read and understand it. In the Babli, Ketubot",https://chavrutai.com/yerushalmi/Gittin/9#8-4,Jerusalem_Talmud_Gittin.9.8.4
document,Greek,"Since Rav exercised jurisdiction only in Babylonia, it is quite possible than no Greek document ever came before him.",https://chavrutai.com/yerushalmi/Gittin/9#8-4,Jerusalem_Talmud_Gittin.9.8.4
κοδράντης,Greek,"Greek κοδράντης, equivalent of Roman quadrans",https://chavrutai.com/yerushalmi/Kiddushin/1#1-23,Jerusalem_Talmud_Kiddushin.1.1.23
Μνᾶ,Greek,"The Greek Μνᾶ of 100 drachmas each, not the Babylonian מָנֶה of 60 šeqel",https://chavrutai.com/yerushalmi/Kiddushin/1#2-9,Jerusalem_Talmud_Kiddushin.1.2.9
catella,Latin,Latin catella,https://chavrutai.com/yerushalmi/Kiddushin/1#4-12,Jerusalem_Talmud_Kiddushin.1.4.12
βῶλοι,Greek,"Greek βῶλοι, Latin boloe",https://chavrutai.com/yerushalmi/Kiddushin/1#4-12,Jerusalem_Talmud_Kiddushin.1.4.12
boloe,Latin,"Greek βῶλοι, Latin boloe",https://chavrutai.com/yerushalmi/Kiddushin/1#4-12,Jerusalem_Talmud_Kiddushin.1.4.12
ὠνή,Greek,"Greek ὠνή, cf. Giṭṭin",https://chavrutai.com/yerushalmi/Kiddushin/1#5-7,Jerusalem_Talmud_Kiddushin.1.5.7
ἀπορέω,Greek,"Levy and Kohut explain as Greek ἀπορέω, “to become poor”.",https://chavrutai.com/yerushalmi/Kiddushin/3#4-3,Jerusalem_Talmud_Kiddushin.3.4.3
χάρτης,Greek,"Greek χάρτης, Latin charta",https://chavrutai.com/yerushalmi/Kiddushin/3#4-6,Jerusalem_Talmud_Kiddushin.3.4.6
charta,Latin,"Greek χάρτης, Latin charta",https://chavrutai.com/yerushalmi/Kiddushin/3#4-6,Jerusalem_Talmud_Kiddushin.3.4.6
ἀρχεῖον,Greek,Greek ἀρχεῖον. It seems that only select families were admitted to be notaries to certify deeds in Sepphoris.,https://chavrutai.com/yerushalmi/Kiddushin/4#5-1,Jerusalem_Talmud_Kiddushin.4.5.1
στρατία,Greek,Greek στρατία.,https://chavrutai.com/yerushalmi/Kiddushin/4#5-1,Jerusalem_Talmud_Kiddushin.4.5.1
πάρδαλις,Greek,"Most moderns identify the word as Greek πάρδαλις “panther”, Arabic ابرد. Rashi everywhere translates putois",https://chavrutai.com/yerushalmi/Bava_Kamma/1#5-1,Jerusalem_Talmud_Bava_Kamma.1.5.1
foris,Latin,Latin foris,https://chavrutai.com/yerushalmi/Bava_Kamma/2#5-3,Jerusalem_Talmud_Bava_Kamma.2.5.3
Χρυσάργυρος,Greek,"Χρυσάργυρος, “alloy of gold and silver; tribute of gold and silver”, a Roman tax imposed by Constantine I, repealed by Anastasios I. The tax was imposed on professions and forced artisans into guilds. A certain sum was collected from each profession in a taxing district [cf. A. Dessau, Finanzen des alten Rom,",https://chavrutai.com/yerushalmi/Bava_Kamma/3#1-4,Jerusalem_Talmud_Bava_Kamma.3.1.4
ξενία,Greek,"אכסניי פרכא, from Greek ξενία “hospitality, lodging”; πάροχος, Latin parochus",https://chavrutai.com/yerushalmi/Bava_Kamma/3#1-4,Jerusalem_Talmud_Bava_Kamma.3.1.4
πάροχος,Greek,"אכסניי פרכא, from Greek ξενία “hospitality, lodging”; πάροχος, Latin parochus",https://chavrutai.com/yerushalmi/Bava_Kamma/3#1-4,Jerusalem_Talmud_Bava_Kamma.3.1.4
parochus,Latin,"אכסניי פרכא, from Greek ξενία “hospitality, lodging”; πάροχος, Latin parochus",https://chavrutai.com/yerushalmi/Bava_Kamma/3#1-4,Jerusalem_Talmud_Bava_Kamma.3.1.4
κάθισμα,Greek,"Greek κάθισμα “buttocks, behind; seat; sinking”. It may be that the word is used here in a slightly pornographic meaning.",https://chavrutai.com/yerushalmi/Bava_Kamma/5#5-3,Jerusalem_Talmud_Bava_Kamma.5.5.3
φασιανός,Greek,Greek φασιανός.,https://chavrutai.com/yerushalmi/Bava_Kamma/5#8-3,Jerusalem_Talmud_Bava_Kamma.5.8.3
ταώς,Greek,"טַווָס, Greek ταώς “Peacock”.",https://chavrutai.com/yerushalmi/Bava_Kamma/5#8-3,Jerusalem_Talmud_Bava_Kamma.5.8.3
tomus,Latin,Latin tomus,https://chavrutai.com/yerushalmi/Bava_Kamma/8#1-2,Jerusalem_Talmud_Bava_Kamma.8.1.2
λῃστής,Greek,"In contrast to a גַזְלָן, a לִיסטיס (λῃστής) always is an armed",https://chavrutai.com/yerushalmi/Bava_Kamma/10#2-1,Jerusalem_Talmud_Bava_Kamma.10.2.1
missicius,Latin,"“Retired Roman veterans who received a provincial’s property”, from Latin missicius, missitius,",https://chavrutai.com/yerushalmi/Bava_Kamma/10#6-1,Jerusalem_Talmud_Bava_Kamma.10.6.1
πανδοῦρα,Greek,"Greek πανδοῦρα, a kind of guitar.",https://chavrutai.com/yerushalmi/Bava_Kamma/10#8-2,Jerusalem_Talmud_Bava_Kamma.10.8.2
στιχάριον,Greek,"In the word, ד is not a safe reading. The Venice printer read איסטרכין. Brill reads איסטכרין, Greek στιχάριον, “variegated tunic”.",https://chavrutai.com/yerushalmi/Bava_Kamma/10#10-2,Jerusalem_Talmud_Bava_Kamma.10.10.2
mina,Greek,The Greek mina,https://chavrutai.com/yerushalmi/Bava_Metzia/1#1-2,Jerusalem_Talmud_Bava_Metzia.1.1.2
κοινωνία,Greek,"Greek κοινωνία, cf. Yebamot",https://chavrutai.com/yerushalmi/Bava_Metzia/1#6-3,Jerusalem_Talmud_Bava_Metzia.1.6.3
διαθήκη,Greek,"Greek διαθήκη, usually referring to testamentary gifts.",https://chavrutai.com/yerushalmi/Bava_Metzia/1#7-1,Jerusalem_Talmud_Bava_Metzia.1.7.1
γλωσσοκομεῖον,Greek,"Greek γλωσσοκομεῖον “chest, box”.",https://chavrutai.com/yerushalmi/Bava_Metzia/1#8-1,Jerusalem_Talmud_Bava_Metzia.1.8.1
σύμφωνον,Greek,"Greek σύμφωνον “contract”, an expression used in Byzantine era papyri for special stipulations within a written contract (cf. Taubenschlag, Note 84, p. 224). The commentators of the Babli and Alfasi follow the Geonim and Rashi in explaining symphon",https://chavrutai.com/yerushalmi/Bava_Metzia/1#8-1,Jerusalem_Talmud_Bava_Metzia.1.8.1
ἐμπορία,Greek,"S. Lieberman, following B. Mussaphia, identifies as Greek ἐμπορία. If a new vessel is offered for trade and looks like any other new vessel of the same manufacture, no identification is possible. In the Tosephta, 2:1, R. Simeon ben Eleazar explicitly states that vessels which show signs of use must be advertised.",https://chavrutai.com/yerushalmi/Bava_Metzia/2#2-1,Jerusalem_Talmud_Bava_Metzia.2.2.1
ἐμπορία,Greek,"S. Lieberman, following B. Mussaphia, identifies as Greek ἐμπορία. If a new vessel is offered for trade and looks like any other new vessel of the same manufacture, no identification is possible. In the Tosephta, 2:1, R. Simeon ben Eleazar explicitly states that vessels which show signs of use must be advertised.",https://chavrutai.com/yerushalmi/Bava_Metzia/2#2-3,Jerusalem_Talmud_Bava_Metzia.2.2.3
amictorium,Latin,Latin amictorium,https://chavrutai.com/yerushalmi/Bava_Metzia/2#2-3,Jerusalem_Talmud_Bava_Metzia.2.2.3
semita,Latin,Latin semita.,https://chavrutai.com/yerushalmi/Bava_Metzia/2#2-3,Jerusalem_Talmud_Bava_Metzia.2.2.3
platea,Latin,"Latin platea,",https://chavrutai.com/yerushalmi/Bava_Metzia/2#2-3,Jerusalem_Talmud_Bava_Metzia.2.2.3
πανδοκεῖον,Greek,"Greek πανδοκεῖον, τό.",https://chavrutai.com/yerushalmi/Bava_Metzia/2#4-4,Jerusalem_Talmud_Bava_Metzia.2.4.4
τό,Greek,"Greek πανδοκεῖον, τό.",https://chavrutai.com/yerushalmi/Bava_Metzia/2#4-4,Jerusalem_Talmud_Bava_Metzia.2.4.4
βάρβαρος,Greek,"Greek βάρβαρος, “barbarous, foreign”.",https://chavrutai.com/yerushalmi/Bava_Metzia/2#5-3,Jerusalem_Talmud_Bava_Metzia.2.5.3
δεράνιον,Greek,"Lieberman suggests Greek δεράνιον, Byzantine δεράιον “necklace”.",https://chavrutai.com/yerushalmi/Bava_Metzia/2#5-5,Jerusalem_Talmud_Bava_Metzia.2.5.5
δεράιον,Greek,"Lieberman suggests Greek δεράνιον, Byzantine δεράιον “necklace”.",https://chavrutai.com/yerushalmi/Bava_Metzia/2#5-5,Jerusalem_Talmud_Bava_Metzia.2.5.5
πρᾶξις,Greek,Greek πρᾶξις.,https://chavrutai.com/yerushalmi/Bava_Metzia/2#5-7,Jerusalem_Talmud_Bava_Metzia.2.5.7
δισάκκιον,Greek,"Greek δισάκκιον, cf. Berakhot",https://chavrutai.com/yerushalmi/Bava_Metzia/3#4-2,Jerusalem_Talmud_Bava_Metzia.3.4.2
κλυστήριον,Greek,"E reads first פליסורין, then כליסורין. The first reading is supported by the text quoted by Menaḥem di Lonzano. S. Lieberman reads this as Greek κλυστήριον, “a clyster”, which fits the context. The explanations proposed by earlier commentators are not reasonable.",https://chavrutai.com/yerushalmi/Bava_Metzia/3#7-2,Jerusalem_Talmud_Bava_Metzia.3.7.2
funda,Latin,E reads instead of באפונדתו (from the Latin funda,https://chavrutai.com/yerushalmi/Bava_Metzia/3#7-3,Jerusalem_Talmud_Bava_Metzia.3.7.3
μέταξα,Greek,Greek μέταξα.,https://chavrutai.com/yerushalmi/Bava_Metzia/4#2-3,Jerusalem_Talmud_Bava_Metzia.4.2.3
χάραξ,Greek,"Greek χάραξ, χάρακος “palisade”.",https://chavrutai.com/yerushalmi/Bava_Metzia/4#5-1,Jerusalem_Talmud_Bava_Metzia.4.5.1
χάρακος,Greek,"Greek χάραξ, χάρακος “palisade”.",https://chavrutai.com/yerushalmi/Bava_Metzia/4#5-1,Jerusalem_Talmud_Bava_Metzia.4.5.1
πίθος,Greek,Greek πίθος.,https://chavrutai.com/yerushalmi/Bava_Metzia/4#7-1,Jerusalem_Talmud_Bava_Metzia.4.7.1
saltuarius,Latin,"The word was identified by S. Lieberman as Latin saltuarius,",https://chavrutai.com/yerushalmi/Bava_Metzia/5#5-9,Jerusalem_Talmud_Bava_Metzia.5.5.9
νῆσοι,Greek,"Probably Greece or Southern Italy. The text of E is לכיסין; Lieberman reads לְנִיסִין, Greek νῆσοι “islands”.",https://chavrutai.com/yerushalmi/Bava_Metzia/5#6-6,Jerusalem_Talmud_Bava_Metzia.5.6.6
ξέστης,Greek,"A ξέστης is the equivalent of a Roman sextarius,",https://chavrutai.com/yerushalmi/Bava_Metzia/5#6-6,Jerusalem_Talmud_Bava_Metzia.5.6.6
πλαστός,Greek,"Greek πλαστός, ή, όν, “fabricated”.",https://chavrutai.com/yerushalmi/Bava_Metzia/5#8-2,Jerusalem_Talmud_Bava_Metzia.5.8.2
ή,Greek,"Greek πλαστός, ή, όν, “fabricated”.",https://chavrutai.com/yerushalmi/Bava_Metzia/5#8-2,Jerusalem_Talmud_Bava_Metzia.5.8.2
όν,Greek,"Greek πλαστός, ή, όν, “fabricated”.",https://chavrutai.com/yerushalmi/Bava_Metzia/5#8-2,Jerusalem_Talmud_Bava_Metzia.5.8.2
πορεῖο,Greek,"Reading with D. Hoffmann πορεῖο φόροι. [Cf. Greek πόρευμα “means of transportation or φέρετρον “bier, litter, frame” (E.G.)] {Musaphia reads περιφέραια “circumference, circle” and interprets as “curved trumpets”. Arukh",https://chavrutai.com/yerushalmi/Bava_Metzia/6#1-1,Jerusalem_Talmud_Bava_Metzia.6.1.1
φόροι,Greek,"Reading with D. Hoffmann πορεῖο φόροι. [Cf. Greek πόρευμα “means of transportation or φέρετρον “bier, litter, frame” (E.G.)] {Musaphia reads περιφέραια “circumference, circle” and interprets as “curved trumpets”. Arukh",https://chavrutai.com/yerushalmi/Bava_Metzia/6#1-1,Jerusalem_Talmud_Bava_Metzia.6.1.1
πόρευμα,Greek,"Reading with D. Hoffmann πορεῖο φόροι. [Cf. Greek πόρευμα “means of transportation or φέρετρον “bier, litter, frame” (E.G.)] {Musaphia reads περιφέραια “circumference, circle” and interprets as “curved trumpets”. Arukh",https://chavrutai.com/yerushalmi/Bava_Metzia/6#1-1,Jerusalem_Talmud_Bava_Metzia.6.1.1
φέρετρον,Greek,"Reading with D. Hoffmann πορεῖο φόροι. [Cf. Greek πόρευμα “means of transportation or φέρετρον “bier, litter, frame” (E.G.)] {Musaphia reads περιφέραια “circumference, circle” and interprets as “curved trumpets”. Arukh",https://chavrutai.com/yerushalmi/Bava_Metzia/6#1-1,Jerusalem_Talmud_Bava_Metzia.6.1.1
περιφέραια,Greek,"Reading with D. Hoffmann πορεῖο φόροι. [Cf. Greek πόρευμα “means of transportation or φέρετρον “bier, litter, frame” (E.G.)] {Musaphia reads περιφέραια “circumference, circle” and interprets as “curved trumpets”. Arukh",https://chavrutai.com/yerushalmi/Bava_Metzia/6#1-1,Jerusalem_Talmud_Bava_Metzia.6.1.1
λιμήν,Greek,Greek λιμήν.,https://chavrutai.com/yerushalmi/Bava_Metzia/6#1-4,Jerusalem_Talmud_Bava_Metzia.6.1.4
ἀγγαρεία,Greek,Greek ἀγγαρεία.,https://chavrutai.com/yerushalmi/Bava_Metzia/6#3-1,Jerusalem_Talmud_Bava_Metzia.6.3.1
compendiarium,Latin,Latin compendiarium,https://chavrutai.com/yerushalmi/Bava_Metzia/6#3-4,Jerusalem_Talmud_Bava_Metzia.6.3.4
ὁδός,Greek,"Greek (ὁδός) βασιλική. Since everybody walks there, the lessee is not to blame. This argument is roughly equivalent to that of Note 42.",https://chavrutai.com/yerushalmi/Bava_Metzia/6#3-4,Jerusalem_Talmud_Bava_Metzia.6.3.4
βασιλική,Greek,"Greek (ὁδός) βασιλική. Since everybody walks there, the lessee is not to blame. This argument is roughly equivalent to that of Note 42.",https://chavrutai.com/yerushalmi/Bava_Metzia/6#3-4,Jerusalem_Talmud_Bava_Metzia.6.3.4
πάρδαλις,Greek,"Greek πάρδαλις, Latin pardalis",https://chavrutai.com/yerushalmi/Bava_Metzia/7#7-1,Jerusalem_Talmud_Bava_Metzia.7.7.1
pardalis,Latin,"Greek πάρδαλις, Latin pardalis",https://chavrutai.com/yerushalmi/Bava_Metzia/7#7-1,Jerusalem_Talmud_Bava_Metzia.7.7.1
οἰκονόμος,Greek,"Chapter 5, Note 138. The steward is the organizer of the work on the estate; the administrator (οἰκονόμος) is the paymaster and the accountant. On large estates, both could be slaves, cf. Bava batra",https://chavrutai.com/yerushalmi/Bava_Metzia/8#3-3,Jerusalem_Talmud_Bava_Metzia.8.3.3
ἀνάκλησις,Greek,"Greek ἀνάκλησις “recall, restoration”. ‘Or zarua‘",https://chavrutai.com/yerushalmi/Bava_Metzia/8#9-2,Jerusalem_Talmud_Bava_Metzia.8.9.2
bulla,Latin,"Usually one reads הַבַּלָּן וְהַסַּפָּר “the bath attendant and the barber” but these providers of personal services cannot be understood here. A בּוּל “seal” in Hebrew and Syriac, Latin bulla,",https://chavrutai.com/yerushalmi/Bava_Metzia/9#1-3,Jerusalem_Talmud_Bava_Metzia.9.1.3
σάγος,Greek,"Corrected version of the scribe. First he wrote סָגוֹס σάγος, ""coarse coat"" (expression used in Mekhilta dR. Simeon b. Ioḥai, Sifry Deut.",https://chavrutai.com/yerushalmi/Bava_Metzia/9#12-4,Jerusalem_Talmud_Bava_Metzia.9.12.4
ζεῦγος,Greek,"Since the scissors are indispensable to the barber’s livelihood, for him they are as important as is food and cannot be impounded. Even though the scissors only work as a pair (ζεῦγος), each blade separately is counted as a tool. The rules of items which cannot be taken are spelled out in Mishnah ‘Arakhin",https://chavrutai.com/yerushalmi/Bava_Metzia/9#13-3,Jerusalem_Talmud_Bava_Metzia.9.13.3
prunus,Latin,Latin prunus persica,https://chavrutai.com/yerushalmi/Bava_Metzia/10#4-2,Jerusalem_Talmud_Bava_Metzia.10.4.2
βωμός,Greek,Greek βωμός.,https://chavrutai.com/yerushalmi/Bava_Metzia/10#5-2,Jerusalem_Talmud_Bava_Metzia.10.5.2
δόμος,Greek,Greek δόμος “building; rows of stones or bricks in a building”; cf. Berakhot,https://chavrutai.com/yerushalmi/Bava_Metzia/10#5-2,Jerusalem_Talmud_Bava_Metzia.10.5.2
ζημία,Greek,Greek ζημία; cf. Peah,https://chavrutai.com/yerushalmi/Bava_Batra/1#4-2,Jerusalem_Talmud_Bava_Batra.1.4.2
δίαιτα,Greek,E דייאטות; Greek δίαιτα; cf. Yebamot,https://chavrutai.com/yerushalmi/Bava_Batra/1#5-5,Jerusalem_Talmud_Bava_Batra.1.5.5
κοιλία,Greek,Greek κοιλία “belly”; a stone or brick base which is concave in the middle for the fire; the frustum of the cone of the oven is placed on the rim which is higher than the place of the fire.,https://chavrutai.com/yerushalmi/Bava_Batra/2#1-1,Jerusalem_Talmud_Bava_Batra.2.1.1
στρόβιλος,Greek,Greek στρόβιλος. The grindstone was shaped like a pine cone with a handle on top by which it was moved.,https://chavrutai.com/yerushalmi/Bava_Batra/2#1-4,Jerusalem_Talmud_Bava_Batra.2.1.4
stibadium,Latin,"Cf. Latin stibadium “bench”, Arabic مسطبة.",https://chavrutai.com/yerushalmi/Bava_Batra/2#3-2,Jerusalem_Talmud_Bava_Batra.2.3.2
ἐξώστρα,Greek,"Greek ἐξώστρα, Latin exostra",https://chavrutai.com/yerushalmi/Bava_Batra/3#11-1,Jerusalem_Talmud_Bava_Batra.3.11.1
exostra,Latin,"Greek ἐξώστρα, Latin exostra",https://chavrutai.com/yerushalmi/Bava_Batra/3#11-1,Jerusalem_Talmud_Bava_Batra.3.11.1
columnas,Latin,"Possibly Latin columnas,",https://chavrutai.com/yerushalmi/Bava_Batra/4#1-3,Jerusalem_Talmud_Bava_Batra.4.1.3
κάτω,Greek,"Tosephta 3:1, Babli 63b. It is necessary to convey the rights to the ground and the airspace separately. Compare Greek contracts which mention κάτω, ἄνω “downwards, upwards” cf. A. Gulak, Das Urkundenwesen im Talmud im Lichte der griechisch-aegyptischen Papyri und des griechischen und römischen Rechts,",https://chavrutai.com/yerushalmi/Bava_Batra/4#2-2,Jerusalem_Talmud_Bava_Batra.4.2.2
ἄνω,Greek,"Tosephta 3:1, Babli 63b. It is necessary to convey the rights to the ground and the airspace separately. Compare Greek contracts which mention κάτω, ἄνω “downwards, upwards” cf. A. Gulak, Das Urkundenwesen im Talmud im Lichte der griechisch-aegyptischen Papyri und des griechischen und römischen Rechts,",https://chavrutai.com/yerushalmi/Bava_Batra/4#2-2,Jerusalem_Talmud_Bava_Batra.4.2.2
contracts,Greek,"Tosephta 3:1, Babli 63b. It is necessary to convey the rights to the ground and the airspace separately. Compare Greek contracts which mention κάτω, ἄνω “downwards, upwards” cf. A. Gulak, Das Urkundenwesen im Talmud im Lichte der griechisch-aegyptischen Papyri und des griechischen und römischen Rechts,",https://chavrutai.com/yerushalmi/Bava_Batra/4#2-2,Jerusalem_Talmud_Bava_Batra.4.2.2
μάρσιππος,Greek,"Greek μάρσιππος, ὁ, “bag, pouch”, Latin marsupium, marsuppium, -ii.",https://chavrutai.com/yerushalmi/Bava_Batra/4#5-2,Jerusalem_Talmud_Bava_Batra.4.5.2
ὁ,Greek,"Greek μάρσιππος, ὁ, “bag, pouch”, Latin marsupium, marsuppium, -ii.",https://chavrutai.com/yerushalmi/Bava_Batra/4#5-2,Jerusalem_Talmud_Bava_Batra.4.5.2
marsupium,Latin,"Greek μάρσιππος, ὁ, “bag, pouch”, Latin marsupium, marsuppium, -ii.",https://chavrutai.com/yerushalmi/Bava_Batra/4#5-2,Jerusalem_Talmud_Bava_Batra.4.5.2
subsellium,Latin,"Latin subsellium,",https://chavrutai.com/yerushalmi/Bava_Batra/4#6-1,Jerusalem_Talmud_Bava_Batra.4.6.1
balnearia,Latin,"Latin balnearia, -orum,",https://chavrutai.com/yerushalmi/Bava_Batra/4#6-1,Jerusalem_Talmud_Bava_Batra.4.6.1
horrearius,Latin,Latin horrearius,https://chavrutai.com/yerushalmi/Bava_Batra/4#6-2,Jerusalem_Talmud_Bava_Batra.4.6.2
balneator,Latin,Latin balneator,https://chavrutai.com/yerushalmi/Bava_Batra/4#6-2,Jerusalem_Talmud_Bava_Batra.4.6.2
vivarium,Latin,Latin vivarium.,https://chavrutai.com/yerushalmi/Bava_Batra/4#7-2,Jerusalem_Talmud_Bava_Batra.4.7.2
τάβλα,Greek,"Greek τάβλα, Latin tabula.",https://chavrutai.com/yerushalmi/Bava_Batra/4#8-2,Jerusalem_Talmud_Bava_Batra.4.8.2
tabula,Latin,"Greek τάβλα, Latin tabula.",https://chavrutai.com/yerushalmi/Bava_Batra/4#8-2,Jerusalem_Talmud_Bava_Batra.4.8.2
ἐνθήκη,Greek,Greek ἐνθήκη.,https://chavrutai.com/yerushalmi/Bava_Batra/5#1-1,Jerusalem_Talmud_Bava_Batra.5.1.1
κάρρος,Greek,"Greek κάρρος, κάρρον, Latin carrus, carrum",https://chavrutai.com/yerushalmi/Bava_Batra/5#1-1,Jerusalem_Talmud_Bava_Batra.5.1.1
κάρρον,Greek,"Greek κάρρος, κάρρον, Latin carrus, carrum",https://chavrutai.com/yerushalmi/Bava_Batra/5#1-1,Jerusalem_Talmud_Bava_Batra.5.1.1
carrus,Latin,"Greek κάρρος, κάρρον, Latin carrus, carrum",https://chavrutai.com/yerushalmi/Bava_Batra/5#1-1,Jerusalem_Talmud_Bava_Batra.5.1.1
scalae,Latin,"Latin scalae, -arum, f.;",https://chavrutai.com/yerushalmi/Bava_Batra/5#1-2,Jerusalem_Talmud_Bava_Batra.5.1.2
σκάφος,Greek,Greek σκάφος “ship; hull of a ship”.,https://chavrutai.com/yerushalmi/Bava_Batra/5#1-2,Jerusalem_Talmud_Bava_Batra.5.1.2
stems,Greek,"Fenugreek stems are very thin and valuable; it is impossible to tear out weeds without also damaging some stems, which inflicts a loss on the owner of the field. If the owner harvests his field, he might use the weeds to tie bundles of fenugreek for retail sale.",https://chavrutai.com/yerushalmi/Bava_Batra/5#1-3,Jerusalem_Talmud_Bava_Batra.5.1.3
seeds,Greek,"If the fenugreek seeds are sold not as spice but as seeds, they are not sold on the stalk and, therefore, nothing is needed to bind the stalks; the weeds are unwanted in every respect and leaving them is not trespasssing the prohibition of kilaim.",https://chavrutai.com/yerushalmi/Bava_Batra/5#1-3,Jerusalem_Talmud_Bava_Batra.5.1.3
even,Greek,Since he forbade taking weeds from fenugreek even if they caused kilaim.,https://chavrutai.com/yerushalmi/Bava_Batra/5#1-3,Jerusalem_Talmud_Bava_Batra.5.1.3
flagellum,Latin,"One might read פְרַגוֹל “whip”, Latin flagellum,",https://chavrutai.com/yerushalmi/Bava_Batra/5#1-5,Jerusalem_Talmud_Bava_Batra.5.1.5
canalis,Latin,"With the lungs attached. {The use of קָנֶה “stick” for “reed, windpipe” might be induced by Latin canalis animae",https://chavrutai.com/yerushalmi/Bava_Batra/5#3-1,Jerusalem_Talmud_Bava_Batra.5.3.1
ἀγορανόμος,Greek,Greek ἀγορανόμος. In Demay,https://chavrutai.com/yerushalmi/Bava_Batra/5#5-2,Jerusalem_Talmud_Bava_Batra.5.5.2
triclinium,Latin,"Latin triclinium,",https://chavrutai.com/yerushalmi/Bava_Batra/6#2-1,Jerusalem_Talmud_Bava_Batra.6.2.1
κυβευτής,Greek,"Greek κυβευτής “dicer, gambler.”",https://chavrutai.com/yerushalmi/Bava_Batra/7#3-2,Jerusalem_Talmud_Bava_Batra.7.3.2
λῃστής,Greek,"Greek λῃστής. In contrast to the thief, a robber is armed and subject to capital punishment. He already is considered as dead; the sale of a dead slave is invalid.",https://chavrutai.com/yerushalmi/Bava_Batra/7#3-2,Jerusalem_Talmud_Bava_Batra.7.3.2
πανδοῦρα,Greek,Greek πανδοῦρα “three-stringed lute.”,https://chavrutai.com/yerushalmi/Bava_Batra/7#4-2,Jerusalem_Talmud_Bava_Batra.7.4.2
law,Greek,"This is the rule in Roman and Egyptian native law while in Egyptian Greek law the daughter inherited only if her dowry had not been paid (cf. R. Taubenschlag, The Law of Greco-Roman Egypt in the Light of the Papyri,",https://chavrutai.com/yerushalmi/Bava_Batra/8#1-2,Jerusalem_Talmud_Bava_Batra.8.1.2
πάντοσε,Greek,"The word פנסטא in L’s text defies explanation. E’s reading פנטסה is read by S. Lieberman as πάντοσε “in all ways, in any way”. The Mishnah often is formulated with redundancies, if the enumeration of all cases helps memorization.In the Yerushalmi, the husband’s right to his deceased wife’s estate possibly remains a matter of common law [Halakhah 6, followed by Maimonides (Neḥalot",https://chavrutai.com/yerushalmi/Bava_Batra/8#1-5,Jerusalem_Talmud_Bava_Batra.8.1.5
κακο,Greek,"Greek κακο-παιδευτοί. E reads קקפריגמיניין which Lieberman explains as κακοτραγμόνες “unworthy, useless”.",https://chavrutai.com/yerushalmi/Bava_Batra/8#6-2,Jerusalem_Talmud_Bava_Batra.8.6.2
παιδευτοί,Greek,"Greek κακο-παιδευτοί. E reads קקפריגמיניין which Lieberman explains as κακοτραγμόνες “unworthy, useless”.",https://chavrutai.com/yerushalmi/Bava_Batra/8#6-2,Jerusalem_Talmud_Bava_Batra.8.6.2
κακοτραγμόνες,Greek,"Greek κακο-παιδευτοί. E reads קקפריגמיניין which Lieberman explains as κακοτραγμόνες “unworthy, useless”.",https://chavrutai.com/yerushalmi/Bava_Batra/8#6-2,Jerusalem_Talmud_Bava_Batra.8.6.2
legalese,Greek,They were not acquainted with Greek legalese.,https://chavrutai.com/yerushalmi/Bava_Batra/8#8-4,Jerusalem_Talmud_Bava_Batra.8.8.4
hirnea,Latin,"Latin hirnea,",https://chavrutai.com/yerushalmi/Bava_Batra/9#3-2,Jerusalem_Talmud_Bava_Batra.9.3.2
triclinium,Latin,Latin triclinium,https://chavrutai.com/yerushalmi/Bava_Batra/9#3-3,Jerusalem_Talmud_Bava_Batra.9.3.3
κοιτών,Greek,"Greek κοιτών, -ῶνος, m.",https://chavrutai.com/yerushalmi/Bava_Batra/9#3-3,Jerusalem_Talmud_Bava_Batra.9.3.3
ῶνος,Greek,"Greek κοιτών, -ῶνος, m.",https://chavrutai.com/yerushalmi/Bava_Batra/9#3-3,Jerusalem_Talmud_Bava_Batra.9.3.3
λῃστεία,Greek,Greek λῃστεία.,https://chavrutai.com/yerushalmi/Bava_Batra/9#3-5,Jerusalem_Talmud_Bava_Batra.9.3.5
βουλή,Greek,"Greek βουλή, responsible not only for city services but also for the collection of taxes.",https://chavrutai.com/yerushalmi/Bava_Batra/9#4-2,Jerusalem_Talmud_Bava_Batra.9.4.2
ὀγδοήκοντα,Greek,"Since the amount of the debt stated in the document, ὀγδοήκοντα (80) was partially written on an erasure and the number was not confirmed later in the text, one had to assume that the document was falsified after it had been witnessed. But since κοντα was clearly readable as original text, the document was good to collect τριάκοντα (30), the smallest multiple of 10 whose name is formed with -κοντα.",https://chavrutai.com/yerushalmi/Bava_Batra/10#1-9,Jerusalem_Talmud_Bava_Batra.10.1.9
κοντα,Greek,"Since the amount of the debt stated in the document, ὀγδοήκοντα (80) was partially written on an erasure and the number was not confirmed later in the text, one had to assume that the document was falsified after it had been witnessed. But since κοντα was clearly readable as original text, the document was good to collect τριάκοντα (30), the smallest multiple of 10 whose name is formed with -κοντα.",https://chavrutai.com/yerushalmi/Bava_Batra/10#1-9,Jerusalem_Talmud_Bava_Batra.10.1.9
τριάκοντα,Greek,"Since the amount of the debt stated in the document, ὀγδοήκοντα (80) was partially written on an erasure and the number was not confirmed later in the text, one had to assume that the document was falsified after it had been witnessed. But since κοντα was clearly readable as original text, the document was good to collect τριάκοντα (30), the smallest multiple of 10 whose name is formed with -κοντα.",https://chavrutai.com/yerushalmi/Bava_Batra/10#1-9,Jerusalem_Talmud_Bava_Batra.10.1.9
πεντήκοντα,Greek,"Rebbi Ḥuna had the impression that the original document was for πεντήκοντα (50); instead of an intended gain of 30 the forgery resulted in a loss of 20 (H. M. Pineles). One has to read תלת׳ (i. e., תלתין) instead of תלת, and עשר׳ (i. e. עשרין) instead of עשר.",https://chavrutai.com/yerushalmi/Bava_Batra/10#1-9,Jerusalem_Talmud_Bava_Batra.10.1.9
practices,Greek,"In the third generation of Amoraïm, forfaits were considered enforceable, following Egyptian and Greek practices. By the fifth generation, practice had changed and forfaits were considered asmakhta,",https://chavrutai.com/yerushalmi/Bava_Batra/10#5-2,Jerusalem_Talmud_Bava_Batra.10.5.2
κοινωνία,Greek,"Greek κοινωνία, in the Talmudim always used in the sense of “partnership in crime”.",https://chavrutai.com/yerushalmi/Bava_Batra/10#9-1,Jerusalem_Talmud_Bava_Batra.10.9.1
fides,Latin,The use of “faith” for “credit worthiness” goes back to Latin fides.,https://chavrutai.com/yerushalmi/Bava_Batra/10#10-1,Jerusalem_Talmud_Bava_Batra.10.10.1
εἷτα,Greek,"Greek εἷτα. Since the word is also found in Syriac, it is not impossible that two native Babylonians used it when speaking to one another.",https://chavrutai.com/yerushalmi/Sanhedrin/1#2-16,Jerusalem_Talmud_Sanhedrin.1.2.16
ἡγεμῶν,Greek,"Greek ἡγεμῶν “leader, commander.” In 19c l. 61 (Note 366) his name is Antoninus, in 19d l. 4 (Note 373) Antigonos. The story has many parallels in which various forms of the name appear. Jastrow and Krauss think of Quietus, a general of Trajan not likely to have conversed with a person who died under Vespasian. A Genizah text shows that אגנטוס is the correct form. {Perhaps it is not a name but a title, εὐγενής “noble, well-born.”(E. G.)}",https://chavrutai.com/yerushalmi/Sanhedrin/1#2-47,Jerusalem_Talmud_Sanhedrin.1.2.47
εὐγενής,Greek,"Greek ἡγεμῶν “leader, commander.” In 19c l. 61 (Note 366) his name is Antoninus, in 19d l. 4 (Note 373) Antigonos. The story has many parallels in which various forms of the name appear. Jastrow and Krauss think of Quietus, a general of Trajan not likely to have conversed with a person who died under Vespasian. A Genizah text shows that אגנטוס is the correct form. {Perhaps it is not a name but a title, εὐγενής “noble, well-born.”(E. G.)}",https://chavrutai.com/yerushalmi/Sanhedrin/1#2-47,Jerusalem_Talmud_Sanhedrin.1.2.47
λῃστής,Greek,"Greek, λῃστής, ληϊστής.",https://chavrutai.com/yerushalmi/Sanhedrin/1#2-47,Jerusalem_Talmud_Sanhedrin.1.2.47
ληϊστής,Greek,"Greek, λῃστής, ληϊστής.",https://chavrutai.com/yerushalmi/Sanhedrin/1#2-47,Jerusalem_Talmud_Sanhedrin.1.2.47
πιττάκιον,Greek,"Greek πιττάκιον “ticket, label, etc.”",https://chavrutai.com/yerushalmi/Sanhedrin/1#4-7,Jerusalem_Talmud_Sanhedrin.1.4.7
κάλπη,Greek,"Greek κάλπη, “urn”.",https://chavrutai.com/yerushalmi/Sanhedrin/1#4-7,Jerusalem_Talmud_Sanhedrin.1.4.7
subsellium,Latin,Latin subsellium.,https://chavrutai.com/yerushalmi/Sanhedrin/2#2-1,Jerusalem_Talmud_Sanhedrin.2.2.1
moneta,Latin,Latin moneta,https://chavrutai.com/yerushalmi/Sanhedrin/2#3-8,Jerusalem_Talmud_Sanhedrin.2.3.8
palatium,Latin,"Latin palatium,",https://chavrutai.com/yerushalmi/Sanhedrin/2#4-1,Jerusalem_Talmud_Sanhedrin.2.4.1
ὀρχηστής,Greek,"Greek ὀρχηστής, οῦ, ὁ.",https://chavrutai.com/yerushalmi/Sanhedrin/2#4-4,Jerusalem_Talmud_Sanhedrin.2.4.4
οῦ,Greek,"Greek ὀρχηστής, οῦ, ὁ.",https://chavrutai.com/yerushalmi/Sanhedrin/2#4-4,Jerusalem_Talmud_Sanhedrin.2.4.4
ὁ,Greek,"Greek ὀρχηστής, οῦ, ὁ.",https://chavrutai.com/yerushalmi/Sanhedrin/2#4-4,Jerusalem_Talmud_Sanhedrin.2.4.4
ὀψώνιον,Greek,"Greek ὀψώνιον, Latin obsonium,",https://chavrutai.com/yerushalmi/Sanhedrin/2#6-1,Jerusalem_Talmud_Sanhedrin.2.6.1
obsonium,Latin,"Greek ὀψώνιον, Latin obsonium,",https://chavrutai.com/yerushalmi/Sanhedrin/2#6-1,Jerusalem_Talmud_Sanhedrin.2.6.1
bisellium,Latin,Latin bisellium,https://chavrutai.com/yerushalmi/Sanhedrin/2#6-7,Jerusalem_Talmud_Sanhedrin.2.6.7
διαθήκη,Greek,"Greek διαθήκη “will, disposition”.",https://chavrutai.com/yerushalmi/Sanhedrin/2#6-7,Jerusalem_Talmud_Sanhedrin.2.6.7
bisellium,Latin,Latin bisellium,https://chavrutai.com/yerushalmi/Sanhedrin/2#6-11,Jerusalem_Talmud_Sanhedrin.2.6.11
ὀθονή,Greek,Greek ὀθονή “sail-cloth”.,https://chavrutai.com/yerushalmi/Sanhedrin/2#6-12,Jerusalem_Talmud_Sanhedrin.2.6.12
lacinia,Latin,"Latin lacinia, ae,",https://chavrutai.com/yerushalmi/Sanhedrin/2#6-12,Jerusalem_Talmud_Sanhedrin.2.6.12
ἀρχεῖον,Greek,"Greek ἀρχεῖον, cf. Giṭṭin",https://chavrutai.com/yerushalmi/Sanhedrin/3#2-2,Jerusalem_Talmud_Sanhedrin.3.2.2
ψῆφος,Greek,"Greek ψῆφος “pebble, cube; the stones used for mosaics and tokens used in elections.” Rashi defines as “marbles”.",https://chavrutai.com/yerushalmi/Sanhedrin/3#5-2,Jerusalem_Talmud_Sanhedrin.3.5.2
ἄριστον,Greek,Greek ἄριστον.,https://chavrutai.com/yerushalmi/Sanhedrin/3#8-8,Jerusalem_Talmud_Sanhedrin.3.8.8
decidere,Latin,חתך “to cut” in this connection is a translation of Latin decidere,https://chavrutai.com/yerushalmi/Sanhedrin/4#2-2,Jerusalem_Talmud_Sanhedrin.4.2.2
πρόσωπος,Greek,Greek πρόσωπος.,https://chavrutai.com/yerushalmi/Sanhedrin/4#9-4,Jerusalem_Talmud_Sanhedrin.4.9.4
sudarium,Latin,Latin sudarium,https://chavrutai.com/yerushalmi/Sanhedrin/6#1-1,Jerusalem_Talmud_Sanhedrin.6.1.1
κῆρυξ,Greek,Greek κῆρυξ.,https://chavrutai.com/yerushalmi/Sanhedrin/6#2-1,Jerusalem_Talmud_Sanhedrin.6.2.1
πάντως,Greek,Greek πάντως. The outcome of drawing of lots is essentially predetermined by the set from which the lot is drawn.,https://chavrutai.com/yerushalmi/Sanhedrin/6#3-2,Jerusalem_Talmud_Sanhedrin.6.3.2
σκοπός,Greek,"Greek σκοπός, Latin scopus",https://chavrutai.com/yerushalmi/Sanhedrin/6#3-5,Jerusalem_Talmud_Sanhedrin.6.3.5
scopus,Latin,"Greek σκοπός, Latin scopus",https://chavrutai.com/yerushalmi/Sanhedrin/6#3-5,Jerusalem_Talmud_Sanhedrin.6.3.5
ἅγιον,Greek,"The meaning of these words is unknown. Neither Rapoport’s ἅγιον, ἅγιον (holy, holy) nor Levy’s ὸμοία,ὸμοία (equals, equals), nor Dalmann’s ὠή or Jastrow’s εὔαν (hallo!) make any sense in the context. But compare Greek εὐοῖ, Latin euhoe, euoe, ēvoe",https://chavrutai.com/yerushalmi/Sanhedrin/6#6-5,Jerusalem_Talmud_Sanhedrin.6.6.5
ὸμοία,Greek,"The meaning of these words is unknown. Neither Rapoport’s ἅγιον, ἅγιον (holy, holy) nor Levy’s ὸμοία,ὸμοία (equals, equals), nor Dalmann’s ὠή or Jastrow’s εὔαν (hallo!) make any sense in the context. But compare Greek εὐοῖ, Latin euhoe, euoe, ēvoe",https://chavrutai.com/yerushalmi/Sanhedrin/6#6-5,Jerusalem_Talmud_Sanhedrin.6.6.5
ὠή,Greek,"The meaning of these words is unknown. Neither Rapoport’s ἅγιον, ἅγιον (holy, holy) nor Levy’s ὸμοία,ὸμοία (equals, equals), nor Dalmann’s ὠή or Jastrow’s εὔαν (hallo!) make any sense in the context. But compare Greek εὐοῖ, Latin euhoe, euoe, ēvoe",https://chavrutai.com/yerushalmi/Sanhedrin/6#6-5,Jerusalem_Talmud_Sanhedrin.6.6.5
εὔαν,Greek,"The meaning of these words is unknown. Neither Rapoport’s ἅγιον, ἅγιον (holy, holy) nor Levy’s ὸμοία,ὸμοία (equals, equals), nor Dalmann’s ὠή or Jastrow’s εὔαν (hallo!) make any sense in the context. But compare Greek εὐοῖ, Latin euhoe, euoe, ēvoe",https://chavrutai.com/yerushalmi/Sanhedrin/6#6-5,Jerusalem_Talmud_Sanhedrin.6.6.5
εὐοῖ,Greek,"The meaning of these words is unknown. Neither Rapoport’s ἅγιον, ἅγιον (holy, holy) nor Levy’s ὸμοία,ὸμοία (equals, equals), nor Dalmann’s ὠή or Jastrow’s εὔαν (hallo!) make any sense in the context. But compare Greek εὐοῖ, Latin euhoe, euoe, ēvoe",https://chavrutai.com/yerushalmi/Sanhedrin/6#6-5,Jerusalem_Talmud_Sanhedrin.6.6.5
euhoe,Latin,"The meaning of these words is unknown. Neither Rapoport’s ἅγιον, ἅγιον (holy, holy) nor Levy’s ὸμοία,ὸμοία (equals, equals), nor Dalmann’s ὠή or Jastrow’s εὔαν (hallo!) make any sense in the context. But compare Greek εὐοῖ, Latin euhoe, euoe, ēvoe",https://chavrutai.com/yerushalmi/Sanhedrin/6#6-5,Jerusalem_Talmud_Sanhedrin.6.6.5
ἐπικάρσιον,Greek,"The missing answer, found in the parallels, is: One transports them in an ἐπικάρσιον (“cloth hanging down”, used for striped cloth) from place to place.",https://chavrutai.com/yerushalmi/Sanhedrin/6#9-2,Jerusalem_Talmud_Sanhedrin.6.9.2
ἐπικάρσιον,Greek,"The missing answer, found in the parallels, is: One transports them in an ἐπικάρσιον (“cloth hanging down”, used for striped cloth) from place to place.",https://chavrutai.com/yerushalmi/Sanhedrin/6#9-4,Jerusalem_Talmud_Sanhedrin.6.9.4
καλῶς,Greek,"Praises of the deceased. According to H. L. Fleischer, this word קילוס, which also exists in Syriac, and a related verb in Arabic are derived from Greek καλῶς! “beautiful, excellent.”",https://chavrutai.com/yerushalmi/Sanhedrin/6#9-5,Jerusalem_Talmud_Sanhedrin.6.9.5
καλῶς,Greek,"Praises of the deceased. According to H. L. Fleischer, this word קילוס, which also exists in Syriac, and a related verb in Arabic are derived from Greek καλῶς! “beautiful, excellent.”",https://chavrutai.com/yerushalmi/Sanhedrin/6#10-1,Jerusalem_Talmud_Sanhedrin.6.10.1
name,Greek,"Usually, בעץ is translated as “tin.” But since the pure metal appears in the text under its Greek name, the Hebrew word (and its Aramaic counterpart אֲבָצָא) denote the commercial product, a lead-tin alloy.",https://chavrutai.com/yerushalmi/Sanhedrin/7#2-3,Jerusalem_Talmud_Sanhedrin.7.2.3
κασσίτερος,Greek,"Greek κασσίτερος, ὁ, “tin”. In G: וקסיטיר.",https://chavrutai.com/yerushalmi/Sanhedrin/7#2-3,Jerusalem_Talmud_Sanhedrin.7.2.3
ὁ,Greek,"Greek κασσίτερος, ὁ, “tin”. In G: וקסיטיר.",https://chavrutai.com/yerushalmi/Sanhedrin/7#2-3,Jerusalem_Talmud_Sanhedrin.7.2.3
κεντρόω,Greek,"Adultery is a capital crime; sleeping with one’s sister is punishable only by Heaven, not the human court.The verb קנתר used here is Greek κεντρόω “to strike with a stick” (to goad an animal.)",https://chavrutai.com/yerushalmi/Sanhedrin/7#6-6,Jerusalem_Talmud_Sanhedrin.7.6.6
vivarium,Latin,Latin vivarium,https://chavrutai.com/yerushalmi/Sanhedrin/7#9-7,Jerusalem_Talmud_Sanhedrin.7.9.7
Πύθων,Greek,"Πύθων, -ωνος, ὁ, “the serpent Python”, a spirit of divination. The plural πύθωνες “ventriloquists”.",https://chavrutai.com/yerushalmi/Sanhedrin/7#10-1,Jerusalem_Talmud_Sanhedrin.7.10.1
ωνος,Greek,"Πύθων, -ωνος, ὁ, “the serpent Python”, a spirit of divination. The plural πύθωνες “ventriloquists”.",https://chavrutai.com/yerushalmi/Sanhedrin/7#10-1,Jerusalem_Talmud_Sanhedrin.7.10.1
ὁ,Greek,"Πύθων, -ωνος, ὁ, “the serpent Python”, a spirit of divination. The plural πύθωνες “ventriloquists”.",https://chavrutai.com/yerushalmi/Sanhedrin/7#10-1,Jerusalem_Talmud_Sanhedrin.7.10.1
πύθωνες,Greek,"Πύθων, -ωνος, ὁ, “the serpent Python”, a spirit of divination. The plural πύθωνες “ventriloquists”.",https://chavrutai.com/yerushalmi/Sanhedrin/7#10-1,Jerusalem_Talmud_Sanhedrin.7.10.1
Πύθων,Greek,In the Babli and the independent Mishnah mss: the Πύθων who speaks from his armpit.,https://chavrutai.com/yerushalmi/Sanhedrin/7#10-1,Jerusalem_Talmud_Sanhedrin.7.10.1
Πύθων,Greek,"Πύθων, -ωνος, ὁ, “the serpent Python”, a spirit of divination. The plural πύθωνες “ventriloquists”.",https://chavrutai.com/yerushalmi/Sanhedrin/7#10-9,Jerusalem_Talmud_Sanhedrin.7.10.9
ωνος,Greek,"Πύθων, -ωνος, ὁ, “the serpent Python”, a spirit of divination. The plural πύθωνες “ventriloquists”.",https://chavrutai.com/yerushalmi/Sanhedrin/7#10-9,Jerusalem_Talmud_Sanhedrin.7.10.9
ὁ,Greek,"Πύθων, -ωνος, ὁ, “the serpent Python”, a spirit of divination. The plural πύθωνες “ventriloquists”.",https://chavrutai.com/yerushalmi/Sanhedrin/7#10-9,Jerusalem_Talmud_Sanhedrin.7.10.9
πύθωνες,Greek,"Πύθων, -ωνος, ὁ, “the serpent Python”, a spirit of divination. The plural πύθωνες “ventriloquists”.",https://chavrutai.com/yerushalmi/Sanhedrin/7#10-9,Jerusalem_Talmud_Sanhedrin.7.10.9
Πύθων,Greek,In the Babli and the independent Mishnah mss: the Πύθων who speaks from his armpit.,https://chavrutai.com/yerushalmi/Sanhedrin/7#10-9,Jerusalem_Talmud_Sanhedrin.7.10.9
δημόσια,Greek,δημόσια (scil,https://chavrutai.com/yerushalmi/Sanhedrin/7#13-3,Jerusalem_Talmud_Sanhedrin.7.13.3
myth,Greek,The angel running the Sea of Genezareth. The idea of angels running natural phenomena is a Jewish adaptation of the Greek myth of gods of the sea and nymphs of sources.,https://chavrutai.com/yerushalmi/Sanhedrin/7#13-3,Jerusalem_Talmud_Sanhedrin.7.13.3
κοιτών,Greek,Greek κοιτών.,https://chavrutai.com/yerushalmi/Sanhedrin/7#13-4,Jerusalem_Talmud_Sanhedrin.7.13.4
tabula,Latin,Latin tabula,https://chavrutai.com/yerushalmi/Sanhedrin/7#13-4,Jerusalem_Talmud_Sanhedrin.7.13.4
myth,Greek,The angel running the Sea of Genezareth. The idea of angels running natural phenomena is a Jewish adaptation of the Greek myth of gods of the sea and nymphs of sources.,https://chavrutai.com/yerushalmi/Sanhedrin/7#13-4,Jerusalem_Talmud_Sanhedrin.7.13.4
τετραμοιρία,Greek,"Greek τετραμοιρία “fourfold portion”, cf. H. and E. Guggenheimer, תרטימר בשר Sinai 83(1978) p. 191. A baraita",https://chavrutai.com/yerushalmi/Sanhedrin/8#2-1,Jerusalem_Talmud_Sanhedrin.8.2.1
mina,Greek,A Greek mina,https://chavrutai.com/yerushalmi/Sanhedrin/8#2-1,Jerusalem_Talmud_Sanhedrin.8.2.1
βουλή,Greek,"Since the Roman government never allowed local taxes, it appointed rich people to the council (βουλή); these had to provide public services at their own expense. To avoid such an onerous leiturgia",https://chavrutai.com/yerushalmi/Sanhedrin/8#2-5,Jerusalem_Talmud_Sanhedrin.8.2.5
κίστη,Greek,"Also cf. Greek κίστη “basket, hamper; writing case; voting urn”.",https://chavrutai.com/yerushalmi/Sanhedrin/9#7-2,Jerusalem_Talmud_Sanhedrin.9.7.2
ὑπατεία,Greek,"Greek ὑπατεία, ἡ, “consulate”, for which years are counted.",https://chavrutai.com/yerushalmi/Sanhedrin/10#1-12,Jerusalem_Talmud_Sanhedrin.10.1.12
ἡ,Greek,"Greek ὑπατεία, ἡ, “consulate”, for which years are counted.",https://chavrutai.com/yerushalmi/Sanhedrin/10#1-12,Jerusalem_Talmud_Sanhedrin.10.1.12
θησαυρός,Greek,Greek θησαυρός. In the Babli 110a Korah found Joseph’s treasures. In the Babli 110a he found the treasures of Joseph.,https://chavrutai.com/yerushalmi/Sanhedrin/10#1-16,Jerusalem_Talmud_Sanhedrin.10.1.16
poenariae,Latin,"Latin poenariae (scil., actiones)",https://chavrutai.com/yerushalmi/Sanhedrin/10#1-18,Jerusalem_Talmud_Sanhedrin.10.1.18
τόμος,Greek,"Greek τόμος, “piece, roll of papyrus, volume”.",https://chavrutai.com/yerushalmi/Sanhedrin/10#1-19,Jerusalem_Talmud_Sanhedrin.10.1.19
δημόσιος,Greek,"Greek δημόσιος, -α, -ον, adj. “belonging to the people”. Also used as noun.",https://chavrutai.com/yerushalmi/Sanhedrin/10#2-3,Jerusalem_Talmud_Sanhedrin.10.2.3
ον,Greek,"Greek δημόσιος, -α, -ον, adj. “belonging to the people”. Also used as noun.",https://chavrutai.com/yerushalmi/Sanhedrin/10#2-3,Jerusalem_Talmud_Sanhedrin.10.2.3
στρατηλάτης,Greek,The word probably represents Greek στρατηλάτης “army commander”.,https://chavrutai.com/yerushalmi/Sanhedrin/10#2-4,Jerusalem_Talmud_Sanhedrin.10.2.4
τίμησις,Greek,"Greek τίμησις “estimation, valuation”.",https://chavrutai.com/yerushalmi/Sanhedrin/10#2-4,Jerusalem_Talmud_Sanhedrin.10.2.4
παιδαγωγός,Greek,"Greek παιδαγωγός, the slave accompanying the child.",https://chavrutai.com/yerushalmi/Sanhedrin/10#2-6,Jerusalem_Talmud_Sanhedrin.10.2.6
ferus,Latin,This word may be read either as Aramaized פֶּרֶא “wild” or as Latin ferus,https://chavrutai.com/yerushalmi/Sanhedrin/10#2-13,Jerusalem_Talmud_Sanhedrin.10.2.13
χείρ,Greek,Literally “hand-handcuffs”; probably a hybrid from Greek χείρ “hand” and Latin manicae,https://chavrutai.com/yerushalmi/Sanhedrin/10#2-14,Jerusalem_Talmud_Sanhedrin.10.2.14
manicae,Latin,Literally “hand-handcuffs”; probably a hybrid from Greek χείρ “hand” and Latin manicae,https://chavrutai.com/yerushalmi/Sanhedrin/10#2-14,Jerusalem_Talmud_Sanhedrin.10.2.14
coenaculum,Latin,Latin coenaculum,https://chavrutai.com/yerushalmi/Sanhedrin/10#2-15,Jerusalem_Talmud_Sanhedrin.10.2.15
συνήγορος,Greek,"Elsewhere, סניגור is συνήγορος “advocate, intercessor”. In Sifry",https://chavrutai.com/yerushalmi/Sanhedrin/10#2-16,Jerusalem_Talmud_Sanhedrin.10.2.16
fascia,Latin,Latin fascia,https://chavrutai.com/yerushalmi/Sanhedrin/10#2-17,Jerusalem_Talmud_Sanhedrin.10.2.17
ζωνάριον,Greek,"Greek ζωνάριον, τό, “belt”.",https://chavrutai.com/yerushalmi/Sanhedrin/10#2-19,Jerusalem_Talmud_Sanhedrin.10.2.19
τό,Greek,"Greek ζωνάριον, τό, “belt”.",https://chavrutai.com/yerushalmi/Sanhedrin/10#2-19,Jerusalem_Talmud_Sanhedrin.10.2.19
θεμελίωσις,Greek,Greek θεμελίωσις; cf. Sotah,https://chavrutai.com/yerushalmi/Sanhedrin/10#2-20,Jerusalem_Talmud_Sanhedrin.10.2.20
παρρησία,Greek,"Greek παρρησία, as in the case of Batseba.",https://chavrutai.com/yerushalmi/Sanhedrin/10#2-21,Jerusalem_Talmud_Sanhedrin.10.2.21
ὄχλος,Greek,"Greek ὄχλος, “multitude”.",https://chavrutai.com/yerushalmi/Sanhedrin/10#2-22,Jerusalem_Talmud_Sanhedrin.10.2.22
vivarium,Latin,"Latin vivarium, -ii, n.",https://chavrutai.com/yerushalmi/Sanhedrin/10#6-2,Jerusalem_Talmud_Sanhedrin.10.6.2
πραγματεία,Greek,Greek πραγματεία.,https://chavrutai.com/yerushalmi/Sanhedrin/10#8-4,Jerusalem_Talmud_Sanhedrin.10.8.4
summa,Latin,Explaining סמא either from Arabic سما “to be high” or from Latin summa,https://chavrutai.com/yerushalmi/Sanhedrin/11#5-2,Jerusalem_Talmud_Sanhedrin.11.5.2
comes,Latin,Latin comes,https://chavrutai.com/yerushalmi/Sanhedrin/11#5-5,Jerusalem_Talmud_Sanhedrin.11.5.5
τρικλίνιον,Greek,"Greek τρικλίνιον, τó, Latin triclinium",https://chavrutai.com/yerushalmi/Sanhedrin/11#6-4,Jerusalem_Talmud_Sanhedrin.11.6.4
triclinium,Latin,"Greek τρικλίνιον, τó, Latin triclinium",https://chavrutai.com/yerushalmi/Sanhedrin/11#6-4,Jerusalem_Talmud_Sanhedrin.11.6.4
ὕπαρχος,Greek,"ὕπαρχος, lieutenant, proconsul",https://chavrutai.com/yerushalmi/Shevuot/1#1-5,Jerusalem_Talmud_Shevuot.1.1.5
ἀργαπέτης,Greek,"Probably the high Sassanid official mentioned in Greek sources as ἀργαπέτης, a Persion word “commander of a fort.”. The word is discussed at length by Geiger in Additamenta ad librum Aruch Completum",https://chavrutai.com/yerushalmi/Shevuot/1#1-5,Jerusalem_Talmud_Shevuot.1.1.5
sources,Greek,"Probably the high Sassanid official mentioned in Greek sources as ἀργαπέτης, a Persion word “commander of a fort.”. The word is discussed at length by Geiger in Additamenta ad librum Aruch Completum",https://chavrutai.com/yerushalmi/Shevuot/1#1-5,Jerusalem_Talmud_Shevuot.1.1.5
ἀσθενής,Greek,"Greek ἀσθενής. He is unable to eat an entire loaf during the day and he knows it. Therefore it is a false oath, not a blurted one.",https://chavrutai.com/yerushalmi/Shevuot/3#7-3,Jerusalem_Talmud_Shevuot.3.7.3
μεσοστύλιον,Greek,Greek μεσοστύλιον “space between columns.”,https://chavrutai.com/yerushalmi/Shevuot/3#8-3,Jerusalem_Talmud_Shevuot.3.8.3
carruca,Latin,Latin carruca,https://chavrutai.com/yerushalmi/Shevuot/3#8-3,Jerusalem_Talmud_Shevuot.3.8.3
Κῦρι,Greek,"O Lord, make it rain a lot (Musaphia). The invocation of the Lord is considered a violation of the Third Commandment. It is possible to read the first word as a contraction Κῦρι. The statement shows that Κύριος was accepted as a Divine Name.",https://chavrutai.com/yerushalmi/Shevuot/3#8-9,Jerusalem_Talmud_Shevuot.3.8.9
Κύριος,Greek,"O Lord, make it rain a lot (Musaphia). The invocation of the Lord is considered a violation of the Third Commandment. It is possible to read the first word as a contraction Κῦρι. The statement shows that Κύριος was accepted as a Divine Name.",https://chavrutai.com/yerushalmi/Shevuot/3#8-9,Jerusalem_Talmud_Shevuot.3.8.9
βουλή,Greek,Greek βουλή.,https://chavrutai.com/yerushalmi/Shevuot/3#8-9,Jerusalem_Talmud_Shevuot.3.8.9
ὠνή,Greek,Greek ὠνή “document of sale”.,https://chavrutai.com/yerushalmi/Shevuot/6#2-4,Jerusalem_Talmud_Shevuot.6.2.4
λίτρα,Greek,"Greek λίτρα, a Roman libra",https://chavrutai.com/yerushalmi/Shevuot/6#3-1,Jerusalem_Talmud_Shevuot.6.3.1
σάβανον,Greek,"Greek σάβανον, Latin sabanum",https://chavrutai.com/yerushalmi/Shevuot/6#8-3,Jerusalem_Talmud_Shevuot.6.8.3
sabanum,Latin,"Greek σάβανον, Latin sabanum",https://chavrutai.com/yerushalmi/Shevuot/6#8-3,Jerusalem_Talmud_Shevuot.6.8.3
πίναξ,Greek,"These will be explained in the following Mishnaiot.Probably one should vocalize פִּינַקְסוֹ, Greek πίναξ “wooden (wax covered) writing tablet.”",https://chavrutai.com/yerushalmi/Shevuot/7#1-1,Jerusalem_Talmud_Shevuot.7.1.1
ψῆφος,Greek,"Greek ψῆφος “pebble, cube; the stones used for mosaics and tokens used in elections.” Rashi defines as “marbles”.",https://chavrutai.com/yerushalmi/Shevuot/7#4-2,Jerusalem_Talmud_Shevuot.7.4.2
κάπηλος,Greek,Greek κάπηλος “(raw or cooked) food merchant; tavern keeper”.,https://chavrutai.com/yerushalmi/Shevuot/7#5-4,Jerusalem_Talmud_Shevuot.7.5.4
ἐμπίλιον,Greek,"According to Rashi “a wallet for coins.” No etymology for this word has been given. At other occurrences in the Talmudim, the word seems to stand for ἐμπίλιον, impilia",https://chavrutai.com/yerushalmi/Shevuot/7#6-1,Jerusalem_Talmud_Shevuot.7.6.1
ξένος,Greek,Greek ξένος.,https://chavrutai.com/yerushalmi/Shevuot/7#6-3,Jerusalem_Talmud_Shevuot.7.6.3
διαθήκη,Greek,"In the other two sources correctly: “R. Yose ben R. Abun said, here about an adult orphan, there about an underage orphan.” The sentence here intruded from Halakhah 10 where it belongs. The word used here is Greek, διαθήκη “written will”. Cf Mishnah Bava meṣi`a",https://chavrutai.com/yerushalmi/Shevuot/7#7-4,Jerusalem_Talmud_Shevuot.7.7.4
διατάγματα,Greek,Greek διατάγματα.,https://chavrutai.com/yerushalmi/Shevuot/7#7-6,Jerusalem_Talmud_Shevuot.7.7.6
ἐπίτροπος,Greek,Greek ἐπίτροπος. He administers the estate of another person and at the end of his tenure has to swear that he did not illegally take anything for himself.,https://chavrutai.com/yerushalmi/Shevuot/7#8-1,Jerusalem_Talmud_Shevuot.7.8.1
κράτησις,Greek,"Greek κράτησις, “might, power, accession to Empire”. Observed on the first of August, the day of capture of Alexandria by Augustus.",https://chavrutai.com/yerushalmi/Avodah_Zarah/1#2-1,Jerusalem_Talmud_Avodah_Zarah.1.2.1
καλόν,Greek,"“A beautiful day,” mixed Greek (καλόν “beautiful”, accusative) and Latin (dies",https://chavrutai.com/yerushalmi/Avodah_Zarah/1#2-3,Jerusalem_Talmud_Avodah_Zarah.1.2.3
πόλεμος,Greek,Greek πόλεμος.,https://chavrutai.com/yerushalmi/Avodah_Zarah/1#2-4,Jerusalem_Talmud_Avodah_Zarah.1.2.4
dux,Latin,Latin dux,https://chavrutai.com/yerushalmi/Avodah_Zarah/1#2-4,Jerusalem_Talmud_Avodah_Zarah.1.2.4
ἔπαρχος,Greek,"Greek ἔπαρχος “governor, prefect.”",https://chavrutai.com/yerushalmi/Avodah_Zarah/1#2-4,Jerusalem_Talmud_Avodah_Zarah.1.2.4
στρατηλάτης,Greek,Greek στρατηλάτης.,https://chavrutai.com/yerushalmi/Avodah_Zarah/1#2-4,Jerusalem_Talmud_Avodah_Zarah.1.2.4
μέλαινα,Greek,"Greek μέλαινα ἡμέρα, translation of Latin dies ater",https://chavrutai.com/yerushalmi/Avodah_Zarah/1#2-4,Jerusalem_Talmud_Avodah_Zarah.1.2.4
ἡμέρα,Greek,"Greek μέλαινα ἡμέρα, translation of Latin dies ater",https://chavrutai.com/yerushalmi/Avodah_Zarah/1#2-4,Jerusalem_Talmud_Avodah_Zarah.1.2.4
dies,Latin,"Greek μέλαινα ἡμέρα, translation of Latin dies ater",https://chavrutai.com/yerushalmi/Avodah_Zarah/1#2-4,Jerusalem_Talmud_Avodah_Zarah.1.2.4
πανδοκεῖον,Greek,"Greek πανδοκεῖον, πανδόκιον. Since the hostelry is a place for strangers, even at the time of a fair it is exempt of the rules restricting participation of Jews.",https://chavrutai.com/yerushalmi/Avodah_Zarah/1#4-2,Jerusalem_Talmud_Avodah_Zarah.1.4.2
πανδόκιον,Greek,"Greek πανδοκεῖον, πανδόκιον. Since the hostelry is a place for strangers, even at the time of a fair it is exempt of the rules restricting participation of Jews.",https://chavrutai.com/yerushalmi/Avodah_Zarah/1#4-2,Jerusalem_Talmud_Avodah_Zarah.1.4.2
πραγματεία,Greek,Greek πραγματεία.,https://chavrutai.com/yerushalmi/Avodah_Zarah/1#4-2,Jerusalem_Talmud_Avodah_Zarah.1.4.2
κόλλιξ,Greek,Greek κόλλιξ.,https://chavrutai.com/yerushalmi/Avodah_Zarah/1#4-4,Jerusalem_Talmud_Avodah_Zarah.1.4.4
ξένος,Greek,An Aramaic word formed from Greek ξένος “stranger.” The rule of the Mishnah was made for visitors.,https://chavrutai.com/yerushalmi/Avodah_Zarah/1#4-5,Jerusalem_Talmud_Avodah_Zarah.1.4.5
πρᾶξις,Greek,"Greek πρᾶξις, read פרקסיס for פרקסים. If the store expects to do more business because of the fair but outside the fairgrounds, this is not pagan worship.",https://chavrutai.com/yerushalmi/Avodah_Zarah/1#4-6,Jerusalem_Talmud_Avodah_Zarah.1.4.6
στρόβιλος,Greek,Greek στρόβιλος “cone”.,https://chavrutai.com/yerushalmi/Avodah_Zarah/1#5-1,Jerusalem_Talmud_Avodah_Zarah.1.5.1
καρυῶτις,Greek,"Greek καρυῶτις “nut shaped kind of dates,” Babli 14b. The word חצד may be Arabic خضد “curved, bent”. The reading of the Yerushalmi is preferable to that of the Babli and the independent Mishnah mss., חָצָב, which designates a plant or bush having nothing to do with date palms (Peah",https://chavrutai.com/yerushalmi/Avodah_Zarah/1#5-6,Jerusalem_Talmud_Avodah_Zarah.1.5.6
διπλῇ,Greek,"Greek διπλῇ. In פ the Hebrew/ Aramaic translation is used. In פ and the Babli, Bekhorot",https://chavrutai.com/yerushalmi/Avodah_Zarah/1#6-5,Jerusalem_Talmud_Avodah_Zarah.1.6.5
βασιλική,Greek,"Greek βασιλική “king’s palace”, a government building in the provinces, automatically dedicated to the worship of Rome and the Emperor.",https://chavrutai.com/yerushalmi/Avodah_Zarah/1#7-1,Jerusalem_Talmud_Avodah_Zarah.1.7.1
στάδιον,Greek,"Greek στάδιον, the place of gladiator’s combats, race courses, etc.",https://chavrutai.com/yerushalmi/Avodah_Zarah/1#7-1,Jerusalem_Talmud_Avodah_Zarah.1.7.1
tragedy,Greek,Probably meaning: amphitheater (E. G.). Both Greek tragedy and Comedy were religious ceremonies.,https://chavrutai.com/yerushalmi/Avodah_Zarah/1#7-2,Jerusalem_Talmud_Avodah_Zarah.1.7.2
κόλλιξ,Greek,Greek κόλλιξ.,https://chavrutai.com/yerushalmi/Avodah_Zarah/1#9-3,Jerusalem_Talmud_Avodah_Zarah.1.9.3
burgus,Latin,From Latin burgus,https://chavrutai.com/yerushalmi/Avodah_Zarah/1#9-3,Jerusalem_Talmud_Avodah_Zarah.1.9.3
ἐπίσυρμα,Greek,The word is unexplained; perhaps ἐπίσυρμα “trail or track made by something dragged.” (E. G.),https://chavrutai.com/yerushalmi/Avodah_Zarah/1#9-5,Jerusalem_Talmud_Avodah_Zarah.1.9.5
κιβωτός,Greek,"A hybrid of Greek κιβωτός “box, chest” (in LXX used to translate תֵּיבָה) and the Latin suffix -arius",https://chavrutai.com/yerushalmi/Avodah_Zarah/2#1-10,Jerusalem_Talmud_Avodah_Zarah.2.1.10
suffix,Latin,"A hybrid of Greek κιβωτός “box, chest” (in LXX used to translate תֵּיבָה) and the Latin suffix -arius",https://chavrutai.com/yerushalmi/Avodah_Zarah/2#1-10,Jerusalem_Talmud_Avodah_Zarah.2.1.10
splenium,Latin,Latin splenium,https://chavrutai.com/yerushalmi/Avodah_Zarah/2#2-2,Jerusalem_Talmud_Avodah_Zarah.2.2.2
κολλύρα,Greek,Greek κολλύρα “eye salve”.,https://chavrutai.com/yerushalmi/Avodah_Zarah/2#2-3,Jerusalem_Talmud_Avodah_Zarah.2.2.3
ὄπιον,Greek,Greek ὄπιον.,https://chavrutai.com/yerushalmi/Avodah_Zarah/2#2-3,Jerusalem_Talmud_Avodah_Zarah.2.2.3
θηριακή,Greek,"Greek θηριακή, scil.",https://chavrutai.com/yerushalmi/Avodah_Zarah/2#2-3,Jerusalem_Talmud_Avodah_Zarah.2.2.3
ranula,Latin,"“Frog” (Aramaic), Latin ranula,",https://chavrutai.com/yerushalmi/Avodah_Zarah/2#2-4,Jerusalem_Talmud_Avodah_Zarah.2.2.4
κῶλον,Greek,"Greek κῶλον, “gut, disease of the colon.”",https://chavrutai.com/yerushalmi/Avodah_Zarah/2#2-6,Jerusalem_Talmud_Avodah_Zarah.2.2.6
κόμη,Greek,Greek κόμη.,https://chavrutai.com/yerushalmi/Avodah_Zarah/2#2-12,Jerusalem_Talmud_Avodah_Zarah.2.2.12
language,Greek,"Not simply the Greek language which every trader had to master but Greek education, literature, and philosophy, which are intrinsically pagan. Babli Soṭah",https://chavrutai.com/yerushalmi/Avodah_Zarah/2#2-12,Jerusalem_Talmud_Avodah_Zarah.2.2.12
education,Greek,"Not simply the Greek language which every trader had to master but Greek education, literature, and philosophy, which are intrinsically pagan. Babli Soṭah",https://chavrutai.com/yerushalmi/Avodah_Zarah/2#2-12,Jerusalem_Talmud_Avodah_Zarah.2.2.12
ἀστρόλογος,Greek,"Greek ἀστρόλογος, ἀστρολογία.",https://chavrutai.com/yerushalmi/Avodah_Zarah/2#2-13,Jerusalem_Talmud_Avodah_Zarah.2.2.13
ἀστρολογία,Greek,"Greek ἀστρόλογος, ἀστρολογία.",https://chavrutai.com/yerushalmi/Avodah_Zarah/2#2-13,Jerusalem_Talmud_Avodah_Zarah.2.2.13
ἀψίνθιον,Greek,"Greek ἀψίνθιον, “wormwood, Artemisia Absinthium.”",https://chavrutai.com/yerushalmi/Avodah_Zarah/2#3-2,Jerusalem_Talmud_Avodah_Zarah.2.3.2
carenum,Latin,Latin carenum,https://chavrutai.com/yerushalmi/Avodah_Zarah/2#3-5,Jerusalem_Talmud_Avodah_Zarah.2.3.5
ludi,Latin,Latin ludi,https://chavrutai.com/yerushalmi/Avodah_Zarah/2#3-14,Jerusalem_Talmud_Avodah_Zarah.2.3.14
muries,Latin,Latin muries,https://chavrutai.com/yerushalmi/Avodah_Zarah/2#3-18,Jerusalem_Talmud_Avodah_Zarah.2.3.18
κιγκλίς,Greek,"Greek κιγκλίς, mostly used in the plural Greek κιγκλίδες, Latin cancelli",https://chavrutai.com/yerushalmi/Avodah_Zarah/2#3-23,Jerusalem_Talmud_Avodah_Zarah.2.3.23
κιγκλίδες,Greek,"Greek κιγκλίς, mostly used in the plural Greek κιγκλίδες, Latin cancelli",https://chavrutai.com/yerushalmi/Avodah_Zarah/2#3-23,Jerusalem_Talmud_Avodah_Zarah.2.3.23
cancelli,Latin,"Greek κιγκλίς, mostly used in the plural Greek κιγκλίδες, Latin cancelli",https://chavrutai.com/yerushalmi/Avodah_Zarah/2#3-23,Jerusalem_Talmud_Avodah_Zarah.2.3.23
muries,Latin,Latin muries,https://chavrutai.com/yerushalmi/Avodah_Zarah/2#4-6,Jerusalem_Talmud_Avodah_Zarah.2.4.6
ἀπαντάω,Greek,Greek ἀπαντάω “to meet” with Atamaic prefix ל.,https://chavrutai.com/yerushalmi/Avodah_Zarah/2#4-7,Jerusalem_Talmud_Avodah_Zarah.2.4.7
patera,Latin,Latin patera,https://chavrutai.com/yerushalmi/Avodah_Zarah/2#4-9,Jerusalem_Talmud_Avodah_Zarah.2.4.9
muries,Latin,Latin muries,https://chavrutai.com/yerushalmi/Avodah_Zarah/2#6-1,Jerusalem_Talmud_Avodah_Zarah.2.6.1
θηριακή,Greek,"Greek θηριακή, scil",https://chavrutai.com/yerushalmi/Avodah_Zarah/2#6-1,Jerusalem_Talmud_Avodah_Zarah.2.6.1
name,Latin,The Latin name of a kind of sea fish mentioned by Pliny; in Greek it is the name of sea gods. Since the fish is cut in little pieces one cannot ascertain that no forbidden fish (without fins and scales) was used.,https://chavrutai.com/yerushalmi/Avodah_Zarah/2#8-1,Jerusalem_Talmud_Avodah_Zarah.2.8.1
πρατήρ,Greek,"Greek πρατήρ “seller”. Lieberman reads πωλητήριον “retail store”, Kohut Latin panetarius",https://chavrutai.com/yerushalmi/Avodah_Zarah/2#8-4,Jerusalem_Talmud_Avodah_Zarah.2.8.4
πωλητήριον,Greek,"Greek πρατήρ “seller”. Lieberman reads πωλητήριον “retail store”, Kohut Latin panetarius",https://chavrutai.com/yerushalmi/Avodah_Zarah/2#8-4,Jerusalem_Talmud_Avodah_Zarah.2.8.4
panetarius,Latin,"Greek πρατήρ “seller”. Lieberman reads πωλητήριον “retail store”, Kohut Latin panetarius",https://chavrutai.com/yerushalmi/Avodah_Zarah/2#8-4,Jerusalem_Talmud_Avodah_Zarah.2.8.4
φάσηλος,Greek,"The list also appears in Tosephta 4:11. In the Babli 38b the word is explained as meaning either φάσηλος or שעועית, both meaning “bean”.",https://chavrutai.com/yerushalmi/Avodah_Zarah/2#8-5,Jerusalem_Talmud_Avodah_Zarah.2.8.5
name,Latin,The Latin name of a kind of sea fish mentioned by Pliny; in Greek it is the name of sea gods. Since the fish is cut in little pieces one cannot ascertain that no forbidden fish (without fins and scales) was used.,https://chavrutai.com/yerushalmi/Avodah_Zarah/2#9-1,Jerusalem_Talmud_Avodah_Zarah.2.9.1
names,Greek,"Divorce documents can only be signed by Jews. In the diaspora, one must accept also Jewish witnesses with Latin and Greek names; therefore the appearance of foreign names on documents is no reason for attacking the genuineness of a document under any circumstance. This is a subterfuge.",https://chavrutai.com/yerushalmi/Avodah_Zarah/2#9-4,Jerusalem_Talmud_Avodah_Zarah.2.9.4
σάλπη,Greek,"Greek σάλπη, Latin salpa",https://chavrutai.com/yerushalmi/Avodah_Zarah/2#9-5,Jerusalem_Talmud_Avodah_Zarah.2.9.5
salpa,Latin,"Greek σάλπη, Latin salpa",https://chavrutai.com/yerushalmi/Avodah_Zarah/2#9-5,Jerusalem_Talmud_Avodah_Zarah.2.9.5
εἰκόνιον,Greek,"Flat pictures of pagan deities or pagan subjects, since the Second Commandment forbids only three-dimensional forms. Greek εἰκόνιον, “portrait”.",https://chavrutai.com/yerushalmi/Avodah_Zarah/3#1-4,Jerusalem_Talmud_Avodah_Zarah.3.1.4
καλῶς,Greek,"קִילוּס “praise” is derived from Greek καλῶς! “beautiful, excellent”. For the use as “eulogy” compare καλολογέω, same as ἐυλογέω (E. G.).",https://chavrutai.com/yerushalmi/Avodah_Zarah/3#1-5,Jerusalem_Talmud_Avodah_Zarah.3.1.5
καλολογέω,Greek,"קִילוּס “praise” is derived from Greek καλῶς! “beautiful, excellent”. For the use as “eulogy” compare καλολογέω, same as ἐυλογέω (E. G.).",https://chavrutai.com/yerushalmi/Avodah_Zarah/3#1-5,Jerusalem_Talmud_Avodah_Zarah.3.1.5
ἐυλογέω,Greek,"קִילוּס “praise” is derived from Greek καλῶς! “beautiful, excellent”. For the use as “eulogy” compare καλολογέω, same as ἐυλογέω (E. G.).",https://chavrutai.com/yerushalmi/Avodah_Zarah/3#1-5,Jerusalem_Talmud_Avodah_Zarah.3.1.5
καλός,Greek,Arabic قلس “to dance while singing”. This קלס is not the verb קלס derived from Greek καλός “beautiful”.,https://chavrutai.com/yerushalmi/Avodah_Zarah/3#1-7,Jerusalem_Talmud_Avodah_Zarah.3.1.7
castellum,Latin,The usual interpretation as Latin castellum,https://chavrutai.com/yerushalmi/Avodah_Zarah/3#1-13,Jerusalem_Talmud_Avodah_Zarah.3.1.13
patronus,Latin,Latin patronus,https://chavrutai.com/yerushalmi/Avodah_Zarah/3#1-18,Jerusalem_Talmud_Avodah_Zarah.3.1.18
ἐπαρχία,Greek,Greek ἐπαρχία.,https://chavrutai.com/yerushalmi/Avodah_Zarah/3#1-18,Jerusalem_Talmud_Avodah_Zarah.3.1.18
κοσμοκράτωρ,Greek,"Greek κοσμοκράτωρ, the Roman Emperor. A king in the Roman principate was a local ruler subject to orders from Rome.",https://chavrutai.com/yerushalmi/Avodah_Zarah/3#1-18,Jerusalem_Talmud_Avodah_Zarah.3.1.18
πρόσωπον,Greek,"Greek πρόσωπον, τό “face”.",https://chavrutai.com/yerushalmi/Avodah_Zarah/3#1-20,Jerusalem_Talmud_Avodah_Zarah.3.1.20
τό,Greek,"Greek πρόσωπον, τό “face”.",https://chavrutai.com/yerushalmi/Avodah_Zarah/3#1-20,Jerusalem_Talmud_Avodah_Zarah.3.1.20
καλαμάριον,Greek,"Greek καλαμάριον, τό.",https://chavrutai.com/yerushalmi/Avodah_Zarah/3#1-21,Jerusalem_Talmud_Avodah_Zarah.3.1.21
τό,Greek,"Greek καλαμάριον, τό.",https://chavrutai.com/yerushalmi/Avodah_Zarah/3#1-21,Jerusalem_Talmud_Avodah_Zarah.3.1.21
δέλφιξ,Greek,"Greek δέλφιξ, -ικος, a (Delphian) tripod or small three-legged table. In this case the possibility of case (2) is remote.",https://chavrutai.com/yerushalmi/Avodah_Zarah/3#2-2,Jerusalem_Talmud_Avodah_Zarah.3.2.2
ικος,Greek,"Greek δέλφιξ, -ικος, a (Delphian) tripod or small three-legged table. In this case the possibility of case (2) is remote.",https://chavrutai.com/yerushalmi/Avodah_Zarah/3#2-2,Jerusalem_Talmud_Avodah_Zarah.3.2.2
ταώς,Greek,"Greek ταώς, ὁ. In Latin, taos",https://chavrutai.com/yerushalmi/Avodah_Zarah/3#2-3,Jerusalem_Talmud_Avodah_Zarah.3.2.3
ὁ,Greek,"Greek ταώς, ὁ. In Latin, taos",https://chavrutai.com/yerushalmi/Avodah_Zarah/3#2-3,Jerusalem_Talmud_Avodah_Zarah.3.2.3
phasianus,Latin,Latin phasianus,https://chavrutai.com/yerushalmi/Avodah_Zarah/3#2-3,Jerusalem_Talmud_Avodah_Zarah.3.2.3
δράκων,Greek,"Greek δράκων, -οντος, ὁ, also “dragon-shaped jewellery”.",https://chavrutai.com/yerushalmi/Avodah_Zarah/3#3-1,Jerusalem_Talmud_Avodah_Zarah.3.3.1
οντος,Greek,"Greek δράκων, -οντος, ὁ, also “dragon-shaped jewellery”.",https://chavrutai.com/yerushalmi/Avodah_Zarah/3#3-1,Jerusalem_Talmud_Avodah_Zarah.3.3.1
ὁ,Greek,"Greek δράκων, -οντος, ὁ, also “dragon-shaped jewellery”.",https://chavrutai.com/yerushalmi/Avodah_Zarah/3#3-1,Jerusalem_Talmud_Avodah_Zarah.3.3.1
τύχη,Greek,"The reading of G, τύχη “fortune, destiny” is preferable over the reading of L, τιμή “worth, value”.",https://chavrutai.com/yerushalmi/Avodah_Zarah/3#3-4,Jerusalem_Talmud_Avodah_Zarah.3.3.4
τιμή,Greek,"The reading of G, τύχη “fortune, destiny” is preferable over the reading of L, τιμή “worth, value”.",https://chavrutai.com/yerushalmi/Avodah_Zarah/3#3-4,Jerusalem_Talmud_Avodah_Zarah.3.3.4
κῶθων,Greek,"Greek κῶθων, “Laconian drinking vessel used by soldiers; drinking bout; religious banquet”.",https://chavrutai.com/yerushalmi/Avodah_Zarah/3#3-4,Jerusalem_Talmud_Avodah_Zarah.3.3.4
πρόσωπον,Greek,"Greek πρόσωπον, τό “face”.",https://chavrutai.com/yerushalmi/Avodah_Zarah/3#5-6,Jerusalem_Talmud_Avodah_Zarah.3.5.6
τό,Greek,"Greek πρόσωπον, τό “face”.",https://chavrutai.com/yerushalmi/Avodah_Zarah/3#5-6,Jerusalem_Talmud_Avodah_Zarah.3.5.6
βωμός,Greek,Greek βωμός. The expression is used exclusively for pedestals of idols (including statues of emperors). From the comparison with the next Mishnaiot one must assume that a pedestal in itself was an object of veneration.,https://chavrutai.com/yerushalmi/Avodah_Zarah/3#8-1,Jerusalem_Talmud_Avodah_Zarah.3.8.1
βουλή,Greek,Greek βουλή. In Tiberias this probably was a statue of divus,https://chavrutai.com/yerushalmi/Avodah_Zarah/3#11-4,Jerusalem_Talmud_Avodah_Zarah.3.11.4
κερκίς,Greek,"Reading with the Halakhah (and Maimonides’s autograph Mishnah) כרכד, Greek κερκίς, -ίδος.",https://chavrutai.com/yerushalmi/Avodah_Zarah/3#13-1,Jerusalem_Talmud_Avodah_Zarah.3.13.1
ίδος,Greek,"Reading with the Halakhah (and Maimonides’s autograph Mishnah) כרכד, Greek κερκίς, -ίδος.",https://chavrutai.com/yerushalmi/Avodah_Zarah/3#13-1,Jerusalem_Talmud_Avodah_Zarah.3.13.1
ἄρχων,Greek,Greek ἄρχων.,https://chavrutai.com/yerushalmi/Avodah_Zarah/4#1-9,Jerusalem_Talmud_Avodah_Zarah.4.1.9
φραγέλλιον,Greek,Greek φραγέλλιον “twig”.,https://chavrutai.com/yerushalmi/Avodah_Zarah/4#2-1,Jerusalem_Talmud_Avodah_Zarah.4.2.1
δημόσιον,Greek,Greek δημόσιον (βαλανεῖον) public (government run) bath.,https://chavrutai.com/yerushalmi/Avodah_Zarah/4#4-5,Jerusalem_Talmud_Avodah_Zarah.4.4.5
βαλανεῖον,Greek,Greek δημόσιον (βαλανεῖον) public (government run) bath.,https://chavrutai.com/yerushalmi/Avodah_Zarah/4#4-5,Jerusalem_Talmud_Avodah_Zarah.4.4.5
παρά,Greek,"Greek παρά. For this use of the word cf. E. and H. Guggenheimer, On the Talmudic Vocabulary",https://chavrutai.com/yerushalmi/Avodah_Zarah/4#4-5,Jerusalem_Talmud_Avodah_Zarah.4.4.5
ἀγορανόμος,Greek,This should read אגרנימוס Greek ἀγορανόμος “market supervisor”.,https://chavrutai.com/yerushalmi/Avodah_Zarah/4#8-7,Jerusalem_Talmud_Avodah_Zarah.4.8.7
πρατήρ,Greek,Greek πρατήρ (Buxtorf) or πωλητήρ (Krauss) “seller”.,https://chavrutai.com/yerushalmi/Avodah_Zarah/4#10-1,Jerusalem_Talmud_Avodah_Zarah.4.10.1
πωλητήρ,Greek,Greek πρατήρ (Buxtorf) or πωλητήρ (Krauss) “seller”.,https://chavrutai.com/yerushalmi/Avodah_Zarah/4#10-1,Jerusalem_Talmud_Avodah_Zarah.4.10.1
δήλωμα,Greek,Greek δήλωμα.,https://chavrutai.com/yerushalmi/Avodah_Zarah/4#10-4,Jerusalem_Talmud_Avodah_Zarah.4.10.4
ζημία,Greek,Greek ζημία.,https://chavrutai.com/yerushalmi/Avodah_Zarah/4#10-4,Jerusalem_Talmud_Avodah_Zarah.4.10.4
περιοχή,Greek,"According to H. L. Fleischer this is derived from Greek περιοχή in its meaning “circumference”. In the Tosephta, the corresponding word is (Persian) פַּרוָר “suburb”. This is translated here.",https://chavrutai.com/yerushalmi/Avodah_Zarah/4#12-3,Jerusalem_Talmud_Avodah_Zarah.4.12.3
λάγυνος,Greek,"Greek λάγυνος, λάγηνος, Latin lagena",https://chavrutai.com/yerushalmi/Avodah_Zarah/5#2-1,Jerusalem_Talmud_Avodah_Zarah.5.2.1
λάγηνος,Greek,"Greek λάγυνος, λάγηνος, Latin lagena",https://chavrutai.com/yerushalmi/Avodah_Zarah/5#2-1,Jerusalem_Talmud_Avodah_Zarah.5.2.1
lagena,Latin,"Greek λάγυνος, λάγηνος, Latin lagena",https://chavrutai.com/yerushalmi/Avodah_Zarah/5#2-1,Jerusalem_Talmud_Avodah_Zarah.5.2.1
carrum,Latin,Latin carrum,https://chavrutai.com/yerushalmi/Avodah_Zarah/5#5-1,Jerusalem_Talmud_Avodah_Zarah.5.5.1
compendiarium,Latin,Latin compendiarium,https://chavrutai.com/yerushalmi/Avodah_Zarah/5#5-1,Jerusalem_Talmud_Avodah_Zarah.5.5.1
ψῆφος,Greek,"The explanation is Rashi’s (70b, Bava batra 2b). The etymology is unknown; the word certainly is different from פְּסֵיפָס ψῆφος “pebble”.",https://chavrutai.com/yerushalmi/Avodah_Zarah/5#6-2,Jerusalem_Talmud_Avodah_Zarah.5.6.2
lagena,Latin,Latin lagena,https://chavrutai.com/yerushalmi/Avodah_Zarah/5#7-1,Jerusalem_Talmud_Avodah_Zarah.5.7.1
delphica,Latin,Latin delphica,https://chavrutai.com/yerushalmi/Avodah_Zarah/5#7-1,Jerusalem_Talmud_Avodah_Zarah.5.7.1
ἐσχάρα,Greek,"Greek ἐσχάρα, with change of the liquid.",https://chavrutai.com/yerushalmi/Avodah_Zarah/5#15-1,Jerusalem_Talmud_Avodah_Zarah.5.15.1
cucuma,Latin,Latin cucuma.,https://chavrutai.com/yerushalmi/Avodah_Zarah/5#15-2,Jerusalem_Talmud_Avodah_Zarah.5.15.2
εἰκόνιον,Greek,Greek εἰκόνιον. It would not be impossible to vocalize אֵיקוֹנִיֹן. In B: “The picture of our father Jacob; immediately he cooled down.”,https://chavrutai.com/yerushalmi/Horayot/2#5-5,Jerusalem_Talmud_Horayot.2.5.5
pars,Latin,פְּרַס is the technical term for half a loaf of bread. (The punctuation פְּרָסִים is the ms.’s. The term is derived either from Hebrew פרס “to break bread” or Latin pars,https://chavrutai.com/yerushalmi/Horayot/3#2-12,Jerusalem_Talmud_Horayot.3.2.12
root,Greek,Hebrew verb built on a Greek root; cf. Berakhot,https://chavrutai.com/yerushalmi/Horayot/3#2-32,Jerusalem_Talmud_Horayot.3.2.32
τῖμος,Greek,"Greek τῖμος, an old poetic form of τιμή “esteem, value, honor” appearing also in late prose texts. The talmudic form supports late classical Greek lexicography; cf. also E. and H. Guggenheimer, Talmudic Evidence for Greek Spelling",https://chavrutai.com/yerushalmi/Horayot/3#4-3,Jerusalem_Talmud_Horayot.3.4.3
τιμή,Greek,"Greek τῖμος, an old poetic form of τιμή “esteem, value, honor” appearing also in late prose texts. The talmudic form supports late classical Greek lexicography; cf. also E. and H. Guggenheimer, Talmudic Evidence for Greek Spelling",https://chavrutai.com/yerushalmi/Horayot/3#4-3,Jerusalem_Talmud_Horayot.3.4.3
lexicography,Greek,"Greek τῖμος, an old poetic form of τιμή “esteem, value, honor” appearing also in late prose texts. The talmudic form supports late classical Greek lexicography; cf. also E. and H. Guggenheimer, Talmudic Evidence for Greek Spelling",https://chavrutai.com/yerushalmi/Horayot/3#4-3,Jerusalem_Talmud_Horayot.3.4.3
Spelling,Greek,"Greek τῖμος, an old poetic form of τιμή “esteem, value, honor” appearing also in late prose texts. The talmudic form supports late classical Greek lexicography; cf. also E. and H. Guggenheimer, Talmudic Evidence for Greek Spelling",https://chavrutai.com/yerushalmi/Horayot/3#4-3,Jerusalem_Talmud_Horayot.3.4.3
βουλευταί,Greek,Greek βουλευταί.,https://chavrutai.com/yerushalmi/Horayot/3#5-16,Jerusalem_Talmud_Horayot.3.5.16
pagani,Latin,Latin pagani,https://chavrutai.com/yerushalmi/Horayot/3#5-16,Jerusalem_Talmud_Horayot.3.5.16
svetum,Latin,Latin svetum,https://chavrutai.com/yerushalmi/Niddah/1#1-1,Jerusalem_Talmud_Niddah.1.1.1
εὐθέως,Greek,Greek εὐθέως “immediately”.,https://chavrutai.com/yerushalmi/Niddah/2#2-1,Jerusalem_Talmud_Niddah.2.2.1
πρόθυρον,Greek,"The vagina. The Babli version is פְּרוֹזְדּוֹר. Cf. Greek πρόθυρον “front door; porch”, also πρόσοδος “approach, onset; sexual intercourse”.",https://chavrutai.com/yerushalmi/Niddah/2#5-1,Jerusalem_Talmud_Niddah.2.5.1
πρόσοδος,Greek,"The vagina. The Babli version is פְּרוֹזְדּוֹר. Cf. Greek πρόθυρον “front door; porch”, also πρόσοδος “approach, onset; sexual intercourse”.",https://chavrutai.com/yerushalmi/Niddah/2#5-1,Jerusalem_Talmud_Niddah.2.5.1
φιάλη,Greek,"Diminutive of פִייַלֵי, Greek φιάλη, Latin phiala",https://chavrutai.com/yerushalmi/Niddah/2#7-6,Jerusalem_Talmud_Niddah.2.7.6
phiala,Latin,"Diminutive of פִייַלֵי, Greek φιάλη, Latin phiala",https://chavrutai.com/yerushalmi/Niddah/2#7-6,Jerusalem_Talmud_Niddah.2.7.6
decisio,Latin,"His iron knife is sharp; i. e., he has no difficulty to decide. The Hebrew word for “judicial decision” is פְּסָק “what is cut off”, a translation of Latin decisio",https://chavrutai.com/yerushalmi/Niddah/2#7-6,Jerusalem_Talmud_Niddah.2.7.6
σάνδαλον,Greek,Greek σάνδαλον “sandal; a flat fish (solea,https://chavrutai.com/yerushalmi/Niddah/3#4-1,Jerusalem_Talmud_Niddah.3.4.1
